scale,segment,start,end,n,specification,test,trend,null,adf_max_lags,lag_rule,small_sample,status,statistic,pvalue,critical_1,critical_5,critical_10,lags,nobs,reject_5pct,warning
30min,2024-01-02,2024-01-02,2024-01-02,18,main,ADF,c,unit_root,2.0,bic,True,ok,-4.086021958110434,0.0010213531977833325,-3.889265672705068,-3.0543579727254224,-2.66698384083045,0,17,True,
30min,2024-01-02,2024-01-02,2024-01-02,18,main,PP,c,unit_root,,Bartlett_short_bandwidth,True,ok,-4.085999610233545,0.0010214397775033647,-3.889265672705068,-3.0543579727254224,-2.66698384083045,2,17,True,
30min,2024-01-02,2024-01-02,2024-01-02,18,main,KPSS,c,level_or_trend_stationarity,,Bartlett_short_bandwidth,True,ok,0.09448797647300755,0.6130601176349623,0.7428,0.4614,0.3475,2,18,False,
30min,2024-01-02,2024-01-02,2024-01-02,18,lag_sensitivity,ADF,c,unit_root,2.0,aic,True,ok,-4.086021958110434,0.0010213531977833325,-3.889265672705068,-3.0543579727254224,-2.66698384083045,0,17,True,
30min,2024-01-02,2024-01-02,2024-01-02,18,lag_sensitivity,PP,c,unit_root,,Bartlett_short_bandwidth,True,ok,-4.153669104971469,0.0007885367765304398,-3.889265672705068,-3.0543579727254224,-2.66698384083045,4,17,True,
30min,2024-01-02,2024-01-02,2024-01-02,18,lag_sensitivity,KPSS,c,level_or_trend_stationarity,,Bartlett_short_bandwidth,True,ok,0.14242011710975733,0.41416629131488036,0.7428,0.4614,0.3475,4,18,False,
30min,2024-01-03,2024-01-03,2024-01-03,18,main,ADF,c,unit_root,2.0,bic,True,ok,-5.055156819639055,1.724136737828112e-05,-3.889265672705068,-3.0543579727254224,-2.66698384083045,0,17,True,
30min,2024-01-03,2024-01-03,2024-01-03,18,main,PP,c,unit_root,,Bartlett_short_bandwidth,True,ok,-5.170274047340911,1.0107523627459624e-05,-3.889265672705068,-3.0543579727254224,-2.66698384083045,2,17,True,
30min,2024-01-03,2024-01-03,2024-01-03,18,main,KPSS,c,level_or_trend_stationarity,,Bartlett_short_bandwidth,True,ok,0.3631117845651766,0.09074035369817436,0.7428,0.4614,0.3475,2,18,False,
30min,2024-01-03,2024-01-03,2024-01-03,18,lag_sensitivity,ADF,c,unit_root,2.0,aic,True,ok,-5.055156819639055,1.724136737828112e-05,-3.889265672705068,-3.0543579727254224,-2.66698384083045,0,17,True,
30min,2024-01-03,2024-01-03,2024-01-03,18,lag_sensitivity,PP,c,unit_root,,Bartlett_short_bandwidth,True,ok,-5.134526832738523,1.19427729377705e-05,-3.889265672705068,-3.0543579727254224,-2.66698384083045,4,17,True,
30min,2024-01-03,2024-01-03,2024-01-03,18,lag_sensitivity,KPSS,c,level_or_trend_stationarity,,Bartlett_short_bandwidth,True,ok,0.3671242143223176,0.08851944873787085,0.7428,0.4614,0.3475,4,18,False,
30min,2024-01-04,2024-01-04,2024-01-04,18,main,ADF,c,unit_root,2.0,bic,True,ok,-4.684045720152327,9.015595778480338e-05,-3.889265672705068,-3.0543579727254224,-2.66698384083045,0,17,True,
30min,2024-01-04,2024-01-04,2024-01-04,18,main,PP,c,unit_root,,Bartlett_short_bandwidth,True,ok,-4.683151535748872,9.050426519095969e-05,-3.889265672705068,-3.0543579727254224,-2.66698384083045,2,17,True,
30min,2024-01-04,2024-01-04,2024-01-04,18,main,KPSS,c,level_or_trend_stationarity,,Bartlett_short_bandwidth,True,ok,0.234439388445335,0.20980640493703476,0.7428,0.4614,0.3475,2,18,False,
30min,2024-01-04,2024-01-04,2024-01-04,18,lag_sensitivity,ADF,c,unit_root,2.0,aic,True,ok,-4.684045720152327,9.015595778480338e-05,-3.889265672705068,-3.0543579727254224,-2.66698384083045,0,17,True,
30min,2024-01-04,2024-01-04,2024-01-04,18,lag_sensitivity,PP,c,unit_root,,Bartlett_short_bandwidth,True,ok,-4.707358339435362,8.151475324675485e-05,-3.889265672705068,-3.0543579727254224,-2.66698384083045,4,17,True,
30min,2024-01-04,2024-01-04,2024-01-04,18,lag_sensitivity,KPSS,c,level_or_trend_stationarity,,Bartlett_short_bandwidth,True,ok,0.27818172473912345,0.15626903673007975,0.7428,0.4614,0.3475,4,18,False,
30min,2024-01-05,2024-01-05,2024-01-05,18,main,ADF,c,unit_root,2.0,bic,True,ok,-3.034823557598864,0.03176782808352558,-3.889265672705068,-3.0543579727254224,-2.66698384083045,0,17,False,
30min,2024-01-05,2024-01-05,2024-01-05,18,main,PP,c,unit_root,,Bartlett_short_bandwidth,True,ok,-3.0196668828173334,0.03309813402352699,-3.889265672705068,-3.0543579727254224,-2.66698384083045,2,17,False,
30min,2024-01-05,2024-01-05,2024-01-05,18,main,KPSS,c,level_or_trend_stationarity,,Bartlett_short_bandwidth,True,ok,0.1346657036821451,0.4403229325953935,0.7428,0.4614,0.3475,2,18,False,
30min,2024-01-05,2024-01-05,2024-01-05,18,lag_sensitivity,ADF,c,unit_root,2.0,aic,True,ok,-3.034823557598864,0.03176782808352558,-3.889265672705068,-3.0543579727254224,-2.66698384083045,0,17,False,
30min,2024-01-05,2024-01-05,2024-01-05,18,lag_sensitivity,PP,c,unit_root,,Bartlett_short_bandwidth,True,ok,-2.992418152868424,0.035608541549977085,-3.889265672705068,-3.0543579727254224,-2.66698384083045,4,17,False,
30min,2024-01-05,2024-01-05,2024-01-05,18,lag_sensitivity,KPSS,c,level_or_trend_stationarity,,Bartlett_short_bandwidth,True,ok,0.1436135825444711,0.4103410815882336,0.7428,0.4614,0.3475,4,18,False,
30min,2024-01-08,2024-01-08,2024-01-08,18,main,ADF,c,unit_root,2.0,bic,True,ok,-7.5265819796511355,3.671159467574211e-11,-3.889265672705068,-3.0543579727254224,-2.66698384083045,0,17,True,
30min,2024-01-08,2024-01-08,2024-01-08,18,main,PP,c,unit_root,,Bartlett_short_bandwidth,True,ok,-7.462143065798508,5.319325551605977e-11,-3.889265672705068,-3.0543579727254224,-2.66698384083045,2,17,True,
30min,2024-01-08,2024-01-08,2024-01-08,18,main,KPSS,c,level_or_trend_stationarity,,Bartlett_short_bandwidth,True,ok,0.10387269975119276,0.5668620204269579,0.7428,0.4614,0.3475,2,18,False,
30min,2024-01-08,2024-01-08,2024-01-08,18,lag_sensitivity,ADF,c,unit_root,2.0,aic,True,ok,-7.5265819796511355,3.671159467574211e-11,-3.889265672705068,-3.0543579727254224,-2.66698384083045,0,17,True,
30min,2024-01-08,2024-01-08,2024-01-08,18,lag_sensitivity,PP,c,unit_root,,Bartlett_short_bandwidth,True,ok,-7.916832929745417,3.8162563614800456e-12,-3.889265672705068,-3.0543579727254224,-2.66698384083045,4,17,True,
30min,2024-01-08,2024-01-08,2024-01-08,18,lag_sensitivity,KPSS,c,level_or_trend_stationarity,,Bartlett_short_bandwidth,True,ok,0.14431744148180692,0.40808512345574705,0.7428,0.4614,0.3475,4,18,False,
30min,2024-01-09,2024-01-09,2024-01-09,18,main,ADF,c,unit_root,2.0,bic,True,ok,-6.135235857722009,8.217416767181071e-08,-3.889265672705068,-3.0543579727254224,-2.66698384083045,0,17,True,
30min,2024-01-09,2024-01-09,2024-01-09,18,main,PP,c,unit_root,,Bartlett_short_bandwidth,True,ok,-6.854202488053117,1.6644717457201767e-09,-3.889265672705068,-3.0543579727254224,-2.66698384083045,2,17,True,
30min,2024-01-09,2024-01-09,2024-01-09,18,main,KPSS,c,level_or_trend_stationarity,,Bartlett_short_bandwidth,True,ok,0.24886682136995325,0.19017074183339325,0.7428,0.4614,0.3475,2,18,False,
30min,2024-01-09,2024-01-09,2024-01-09,18,lag_sensitivity,ADF,c,unit_root,2.0,aic,True,ok,-6.135235857722009,8.217416767181071e-08,-3.889265672705068,-3.0543579727254224,-2.66698384083045,0,17,True,
30min,2024-01-09,2024-01-09,2024-01-09,18,lag_sensitivity,PP,c,unit_root,,Bartlett_short_bandwidth,True,ok,-7.116622217592871,3.8161416004400773e-10,-3.889265672705068,-3.0543579727254224,-2.66698384083045,4,17,True,
30min,2024-01-09,2024-01-09,2024-01-09,18,lag_sensitivity,KPSS,c,level_or_trend_stationarity,,Bartlett_short_bandwidth,True,ok,0.2949719478251447,0.1397724285982053,0.7428,0.4614,0.3475,4,18,False,
30min,2024-01-10,2024-01-10,2024-01-10,18,main,ADF,c,unit_root,2.0,bic,True,ok,-1.6416912352151845,0.4613772104147832,-3.9240193847656246,-3.0684982031250003,-2.67389265625,1,16,False,
30min,2024-01-10,2024-01-10,2024-01-10,18,main,PP,c,unit_root,,Bartlett_short_bandwidth,True,ok,-4.156001300177867,0.0007814763313266672,-3.889265672705068,-3.0543579727254224,-2.66698384083045,2,17,True,
30min,2024-01-10,2024-01-10,2024-01-10,18,main,KPSS,c,level_or_trend_stationarity,,Bartlett_short_bandwidth,True,ok,0.27251835141039926,0.16216838394750077,0.7428,0.4614,0.3475,2,18,False,
30min,2024-01-10,2024-01-10,2024-01-10,18,lag_sensitivity,ADF,c,unit_root,2.0,aic,True,ok,-1.6416912352151845,0.4613772104147832,-3.9240193847656246,-3.0684982031250003,-2.67389265625,1,16,False,
30min,2024-01-10,2024-01-10,2024-01-10,18,lag_sensitivity,PP,c,unit_root,,Bartlett_short_bandwidth,True,ok,-4.216258349730442,0.0006183671396654701,-3.889265672705068,-3.0543579727254224,-2.66698384083045,4,17,True,
30min,2024-01-10,2024-01-10,2024-01-10,18,lag_sensitivity,KPSS,c,level_or_trend_stationarity,,Bartlett_short_bandwidth,True,ok,0.24761127207362518,0.19178042041842924,0.7428,0.4614,0.3475,4,18,False,
30min,2024-01-11,2024-01-11,2024-01-11,18,main,ADF,c,unit_root,2.0,bic,True,ok,-4.964356901346689,2.60948850059838e-05,-3.889265672705068,-3.0543579727254224,-2.66698384083045,0,17,True,
30min,2024-01-11,2024-01-11,2024-01-11,18,main,PP,c,unit_root,,Bartlett_short_bandwidth,True,ok,-5.078306026918426,1.5497628861420265e-05,-3.889265672705068,-3.0543579727254224,-2.66698384083045,2,17,True,
30min,2024-01-11,2024-01-11,2024-01-11,18,main,KPSS,c,level_or_trend_stationarity,,Bartlett_short_bandwidth,True,ok,0.11156568886924037,0.5315195960489074,0.7428,0.4614,0.3475,2,18,False,
30min,2024-01-11,2024-01-11,2024-01-11,18,lag_sensitivity,ADF,c,unit_root,2.0,aic,True,ok,-4.964356901346689,2.60948850059838e-05,-3.889265672705068,-3.0543579727254224,-2.66698384083045,0,17,True,
30min,2024-01-11,2024-01-11,2024-01-11,18,lag_sensitivity,PP,c,unit_root,,Bartlett_short_bandwidth,True,ok,-5.152932487786005,1.0960883551717747e-05,-3.889265672705068,-3.0543579727254224,-2.66698384083045,4,17,True,
30min,2024-01-11,2024-01-11,2024-01-11,18,lag_sensitivity,KPSS,c,level_or_trend_stationarity,,Bartlett_short_bandwidth,True,ok,0.12356616494318116,0.48197566469796904,0.7428,0.4614,0.3475,4,18,False,
30min,2024-01-12,2024-01-12,2024-01-12,18,main,ADF,c,unit_root,2.0,bic,True,ok,-2.801452915232378,0.0580665289957762,-3.889265672705068,-3.0543579727254224,-2.66698384083045,0,17,False,
30min,2024-01-12,2024-01-12,2024-01-12,18,main,PP,c,unit_root,,Bartlett_short_bandwidth,True,ok,-2.7750474084771057,0.0619274150685804,-3.889265672705068,-3.0543579727254224,-2.66698384083045,2,17,False,
30min,2024-01-12,2024-01-12,2024-01-12,18,main,KPSS,c,level_or_trend_stationarity,,Bartlett_short_bandwidth,True,ok,0.14553781777766486,0.4041736609690229,0.7428,0.4614,0.3475,2,18,False,
30min,2024-01-12,2024-01-12,2024-01-12,18,lag_sensitivity,ADF,c,unit_root,2.0,aic,True,ok,-3.2272903040641965,0.01845836601491825,-3.9240193847656246,-3.0684982031250003,-2.67389265625,1,16,True,
30min,2024-01-12,2024-01-12,2024-01-12,18,lag_sensitivity,PP,c,unit_root,,Bartlett_short_bandwidth,True,ok,-2.58423481803389,0.09629958293575347,-3.889265672705068,-3.0543579727254224,-2.66698384083045,4,17,False,
30min,2024-01-12,2024-01-12,2024-01-12,18,lag_sensitivity,KPSS,c,level_or_trend_stationarity,,Bartlett_short_bandwidth,True,ok,0.2142761157860254,0.24182836466781177,0.7428,0.4614,0.3475,4,18,False,
30min,2024-01-15,2024-01-15,2024-01-15,18,main,ADF,c,unit_root,2.0,bic,True,ok,-4.1695441680661505,0.0007416356056018689,-3.889265672705068,-3.0543579727254224,-2.66698384083045,0,17,True,
30min,2024-01-15,2024-01-15,2024-01-15,18,main,PP,c,unit_root,,Bartlett_short_bandwidth,True,ok,-4.569495631093892,0.0001469664041633038,-3.889265672705068,-3.0543579727254224,-2.66698384083045,2,17,True,
30min,2024-01-15,2024-01-15,2024-01-15,18,main,KPSS,c,level_or_trend_stationarity,,Bartlett_short_bandwidth,True,ok,0.25746715500278056,0.17923020576602242,0.7428,0.4614,0.3475,2,18,False,
30min,2024-01-15,2024-01-15,2024-01-15,18,lag_sensitivity,ADF,c,unit_root,2.0,aic,True,ok,-4.1695441680661505,0.0007416356056018689,-3.889265672705068,-3.0543579727254224,-2.66698384083045,0,17,True,
30min,2024-01-15,2024-01-15,2024-01-15,18,lag_sensitivity,PP,c,unit_root,,Bartlett_short_bandwidth,True,ok,-5.017936463193056,2.0448872055716225e-05,-3.889265672705068,-3.0543579727254224,-2.66698384083045,4,17,True,
30min,2024-01-15,2024-01-15,2024-01-15,18,lag_sensitivity,KPSS,c,level_or_trend_stationarity,,Bartlett_short_bandwidth,True,ok,0.28819131773661893,0.14619874501274388,0.7428,0.4614,0.3475,4,18,False,
30min,2024-01-16,2024-01-16,2024-01-16,18,main,ADF,c,unit_root,2.0,bic,True,ok,-5.498534685252056,2.096614144518842e-06,-3.889265672705068,-3.0543579727254224,-2.66698384083045,0,17,True,
30min,2024-01-16,2024-01-16,2024-01-16,18,main,PP,c,unit_root,,Bartlett_short_bandwidth,True,ok,-5.579679193221202,1.4058827837509426e-06,-3.889265672705068,-3.0543579727254224,-2.66698384083045,2,17,True,
30min,2024-01-16,2024-01-16,2024-01-16,18,main,KPSS,c,level_or_trend_stationarity,,Bartlett_short_bandwidth,True,ok,0.28064501154239363,0.1537031129766733,0.7428,0.4614,0.3475,2,18,False,
30min,2024-01-16,2024-01-16,2024-01-16,18,lag_sensitivity,ADF,c,unit_root,2.0,aic,True,ok,-1.3929672340802732,0.5856430322186598,-3.9644434814814815,-3.0849081481481484,-2.6818144444444445,2,15,False,
30min,2024-01-16,2024-01-16,2024-01-16,18,lag_sensitivity,PP,c,unit_root,,Bartlett_short_bandwidth,True,ok,-5.4844427431259035,2.246352154573848e-06,-3.889265672705068,-3.0543579727254224,-2.66698384083045,4,17,True,
30min,2024-01-16,2024-01-16,2024-01-16,18,lag_sensitivity,KPSS,c,level_or_trend_stationarity,,Bartlett_short_bandwidth,True,ok,0.24912626274818775,0.18983812468181058,0.7428,0.4614,0.3475,4,18,False,
30min,2024-01-17,2024-01-17,2024-01-17,18,main,ADF,c,unit_root,2.0,bic,True,ok,-8.974791472418847,7.583163137625662e-15,-3.889265672705068,-3.0543579727254224,-2.66698384083045,0,17,True,
30min,2024-01-17,2024-01-17,2024-01-17,18,main,PP,c,unit_root,,Bartlett_short_bandwidth,True,ok,-10.47633874427222,1.2462257172820324e-18,-3.889265672705068,-3.0543579727254224,-2.66698384083045,2,17,True,
30min,2024-01-17,2024-01-17,2024-01-17,18,main,KPSS,c,level_or_trend_stationarity,,Bartlett_short_bandwidth,True,ok,0.2088372016309858,0.2515407113732397,0.7428,0.4614,0.3475,2,18,False,
30min,2024-01-17,2024-01-17,2024-01-17,18,lag_sensitivity,ADF,c,unit_root,2.0,aic,True,ok,-8.974791472418847,7.583163137625662e-15,-3.889265672705068,-3.0543579727254224,-2.66698384083045,0,17,True,
30min,2024-01-17,2024-01-17,2024-01-17,18,lag_sensitivity,PP,c,unit_root,,Bartlett_short_bandwidth,True,ok,-10.878715716980384,1.311382712918519e-19,-3.889265672705068,-3.0543579727254224,-2.66698384083045,4,17,True,
30min,2024-01-17,2024-01-17,2024-01-17,18,lag_sensitivity,KPSS,c,level_or_trend_stationarity,,Bartlett_short_bandwidth,True,ok,0.2376840263311346,0.20529996342897971,0.7428,0.4614,0.3475,4,18,False,
30min,2024-01-18,2024-01-18,2024-01-18,18,main,ADF,c,unit_root,2.0,bic,True,ok,-1.870939300707462,0.34585321185507484,-3.9240193847656246,-3.0684982031250003,-2.67389265625,1,16,False,
30min,2024-01-18,2024-01-18,2024-01-18,18,main,PP,c,unit_root,,Bartlett_short_bandwidth,True,ok,-3.884066174437095,0.0021552914114653086,-3.889265672705068,-3.0543579727254224,-2.66698384083045,2,17,True,
30min,2024-01-18,2024-01-18,2024-01-18,18,main,KPSS,c,level_or_trend_stationarity,,Bartlett_short_bandwidth,True,ok,0.2148343064156214,0.24083159568639034,0.7428,0.4614,0.3475,2,18,False,
30min,2024-01-18,2024-01-18,2024-01-18,18,lag_sensitivity,ADF,c,unit_root,2.0,aic,True,ok,-1.870939300707462,0.34585321185507484,-3.9240193847656246,-3.0684982031250003,-2.67389265625,1,16,False,
30min,2024-01-18,2024-01-18,2024-01-18,18,lag_sensitivity,PP,c,unit_root,,Bartlett_short_bandwidth,True,ok,-3.9759393470515256,0.0015418747440970007,-3.889265672705068,-3.0543579727254224,-2.66698384083045,4,17,True,
30min,2024-01-18,2024-01-18,2024-01-18,18,lag_sensitivity,KPSS,c,level_or_trend_stationarity,,Bartlett_short_bandwidth,True,ok,0.1988631967354177,0.2702682416952594,0.7428,0.4614,0.3475,4,18,False,
30min,2024-01-19,2024-01-19,2024-01-19,18,main,ADF,c,unit_root,2.0,bic,True,ok,-3.272170575091995,0.016169214227615764,-3.889265672705068,-3.0543579727254224,-2.66698384083045,0,17,True,
30min,2024-01-19,2024-01-19,2024-01-19,18,main,PP,c,unit_root,,Bartlett_short_bandwidth,True,ok,-3.3091611152391267,0.014473905815631051,-3.889265672705068,-3.0543579727254224,-2.66698384083045,2,17,True,
30min,2024-01-19,2024-01-19,2024-01-19,18,main,KPSS,c,level_or_trend_stationarity,,Bartlett_short_bandwidth,True,ok,0.45001202727052486,0.05355874147796098,0.7428,0.4614,0.3475,2,18,False,
30min,2024-01-19,2024-01-19,2024-01-19,18,lag_sensitivity,ADF,c,unit_root,2.0,aic,True,ok,-3.272170575091995,0.016169214227615764,-3.889265672705068,-3.0543579727254224,-2.66698384083045,0,17,True,
30min,2024-01-19,2024-01-19,2024-01-19,18,lag_sensitivity,PP,c,unit_root,,Bartlett_short_bandwidth,True,ok,-3.4399706208787872,0.009669441439270196,-3.889265672705068,-3.0543579727254224,-2.66698384083045,4,17,True,
30min,2024-01-19,2024-01-19,2024-01-19,18,lag_sensitivity,KPSS,c,level_or_trend_stationarity,,Bartlett_short_bandwidth,True,ok,0.34194944252731074,0.1038412162440756,0.7428,0.4614,0.3475,4,18,False,
30min,2024-01-22,2024-01-22,2024-01-22,18,main,ADF,c,unit_root,2.0,bic,True,ok,-4.811137603211554,5.1779722377200416e-05,-3.889265672705068,-3.0543579727254224,-2.66698384083045,0,17,True,
30min,2024-01-22,2024-01-22,2024-01-22,18,main,PP,c,unit_root,,Bartlett_short_bandwidth,True,ok,-4.942547275357606,2.879985008172163e-05,-3.889265672705068,-3.0543579727254224,-2.66698384083045,2,17,True,
30min,2024-01-22,2024-01-22,2024-01-22,18,main,KPSS,c,level_or_trend_stationarity,,Bartlett_short_bandwidth,True,ok,0.12626390516683714,0.471326690130906,0.7428,0.4614,0.3475,2,18,False,
30min,2024-01-22,2024-01-22,2024-01-22,18,lag_sensitivity,ADF,c,unit_root,2.0,aic,True,ok,-4.811137603211554,5.1779722377200416e-05,-3.889265672705068,-3.0543579727254224,-2.66698384083045,0,17,True,
30min,2024-01-22,2024-01-22,2024-01-22,18,lag_sensitivity,PP,c,unit_root,,Bartlett_short_bandwidth,True,ok,-5.106709993360777,1.3589937911152101e-05,-3.889265672705068,-3.0543579727254224,-2.66698384083045,4,17,True,
30min,2024-01-22,2024-01-22,2024-01-22,18,lag_sensitivity,KPSS,c,level_or_trend_stationarity,,Bartlett_short_bandwidth,True,ok,0.15902657093132627,0.36388304689196077,0.7428,0.4614,0.3475,4,18,False,
30min,2024-01-23,2024-01-23,2024-01-23,18,main,ADF,c,unit_root,2.0,bic,True,ok,-5.649496153534273,9.93561094003936e-07,-3.889265672705068,-3.0543579727254224,-2.66698384083045,0,17,True,
30min,2024-01-23,2024-01-23,2024-01-23,18,main,PP,c,unit_root,,Bartlett_short_bandwidth,True,ok,-5.69793902377766,7.795448424411473e-07,-3.889265672705068,-3.0543579727254224,-2.66698384083045,2,17,True,
30min,2024-01-23,2024-01-23,2024-01-23,18,main,KPSS,c,level_or_trend_stationarity,,Bartlett_short_bandwidth,True,ok,0.06448550902993531,0.7867222236480705,0.7428,0.4614,0.3475,2,18,False,
30min,2024-01-23,2024-01-23,2024-01-23,18,lag_sensitivity,ADF,c,unit_root,2.0,aic,True,ok,-5.649496153534273,9.93561094003936e-07,-3.889265672705068,-3.0543579727254224,-2.66698384083045,0,17,True,
30min,2024-01-23,2024-01-23,2024-01-23,18,lag_sensitivity,PP,c,unit_root,,Bartlett_short_bandwidth,True,ok,-6.617340671863049,6.159831831673302e-09,-3.889265672705068,-3.0543579727254224,-2.66698384083045,4,17,True,
30min,2024-01-23,2024-01-23,2024-01-23,18,lag_sensitivity,KPSS,c,level_or_trend_stationarity,,Bartlett_short_bandwidth,True,ok,0.11365516621547939,0.5225838047233266,0.7428,0.4614,0.3475,4,18,False,
30min,2024-01-24,2024-01-24,2024-01-24,18,main,ADF,c,unit_root,2.0,bic,True,ok,-3.455322062501396,0.009211450359260276,-3.889265672705068,-3.0543579727254224,-2.66698384083045,0,17,True,
30min,2024-01-24,2024-01-24,2024-01-24,18,main,PP,c,unit_root,,Bartlett_short_bandwidth,True,ok,-3.4187124373158793,0.010337267907506465,-3.889265672705068,-3.0543579727254224,-2.66698384083045,2,17,True,
30min,2024-01-24,2024-01-24,2024-01-24,18,main,KPSS,c,level_or_trend_stationarity,,Bartlett_short_bandwidth,True,ok,0.06379822820006135,0.7909954723312247,0.7428,0.4614,0.3475,2,18,False,
30min,2024-01-24,2024-01-24,2024-01-24,18,lag_sensitivity,ADF,c,unit_root,2.0,aic,True,ok,-3.455322062501396,0.009211450359260276,-3.889265672705068,-3.0543579727254224,-2.66698384083045,0,17,True,
30min,2024-01-24,2024-01-24,2024-01-24,18,lag_sensitivity,PP,c,unit_root,,Bartlett_short_bandwidth,True,ok,-3.44441522327618,0.009534791129372205,-3.889265672705068,-3.0543579727254224,-2.66698384083045,4,17,True,
30min,2024-01-24,2024-01-24,2024-01-24,18,lag_sensitivity,KPSS,c,level_or_trend_stationarity,,Bartlett_short_bandwidth,True,ok,0.10977338034861328,0.5396664529608487,0.7428,0.4614,0.3475,4,18,False,
30min,2024-01-25,2024-01-25,2024-01-25,18,main,ADF,c,unit_root,2.0,bic,True,ok,-4.762348096871548,6.41610720442343e-05,-3.9240193847656246,-3.0684982031250003,-2.67389265625,1,16,True,
30min,2024-01-25,2024-01-25,2024-01-25,18,main,PP,c,unit_root,,Bartlett_short_bandwidth,True,ok,-7.4071751890030315,7.292963444010285e-11,-3.889265672705068,-3.0543579727254224,-2.66698384083045,2,17,True,
30min,2024-01-25,2024-01-25,2024-01-25,18,main,KPSS,c,level_or_trend_stationarity,,Bartlett_short_bandwidth,True,ok,0.12140844565110401,0.4904929776930105,0.7428,0.4614,0.3475,2,18,False,
30min,2024-01-25,2024-01-25,2024-01-25,18,lag_sensitivity,ADF,c,unit_root,2.0,aic,True,ok,-4.762348096871548,6.41610720442343e-05,-3.9240193847656246,-3.0684982031250003,-2.67389265625,1,16,True,
30min,2024-01-25,2024-01-25,2024-01-25,18,lag_sensitivity,PP,c,unit_root,,Bartlett_short_bandwidth,True,ok,-7.606041133947066,2.3209080906478177e-11,-3.889265672705068,-3.0543579727254224,-2.66698384083045,4,17,True,
30min,2024-01-25,2024-01-25,2024-01-25,18,lag_sensitivity,KPSS,c,level_or_trend_stationarity,,Bartlett_short_bandwidth,True,ok,0.1300851500803575,0.4569957086553824,0.7428,0.4614,0.3475,4,18,False,
30min,2024-01-26,2024-01-26,2024-01-26,18,main,ADF,c,unit_root,2.0,bic,True,ok,-5.666954457913992,9.105347746098547e-07,-3.889265672705068,-3.0543579727254224,-2.66698384083045,0,17,True,
30min,2024-01-26,2024-01-26,2024-01-26,18,main,PP,c,unit_root,,Bartlett_short_bandwidth,True,ok,-5.903440399937082,2.7436435809594894e-07,-3.889265672705068,-3.0543579727254224,-2.66698384083045,2,17,True,
30min,2024-01-26,2024-01-26,2024-01-26,18,main,KPSS,c,level_or_trend_stationarity,,Bartlett_short_bandwidth,True,ok,0.12632160221262712,0.4710989386343666,0.7428,0.4614,0.3475,2,18,False,
30min,2024-01-26,2024-01-26,2024-01-26,18,lag_sensitivity,ADF,c,unit_root,2.0,aic,True,ok,-5.666954457913992,9.105347746098547e-07,-3.889265672705068,-3.0543579727254224,-2.66698384083045,0,17,True,
30min,2024-01-26,2024-01-26,2024-01-26,18,lag_sensitivity,PP,c,unit_root,,Bartlett_short_bandwidth,True,ok,-6.3637430646919455,2.4384906155152616e-08,-3.889265672705068,-3.0543579727254224,-2.66698384083045,4,17,True,
30min,2024-01-26,2024-01-26,2024-01-26,18,lag_sensitivity,KPSS,c,level_or_trend_stationarity,,Bartlett_short_bandwidth,True,ok,0.17249576687420673,0.32834402304493254,0.7428,0.4614,0.3475,4,18,False,
30min,2024-01-29,2024-01-29,2024-01-29,18,main,ADF,c,unit_root,2.0,bic,True,ok,-3.833155128293811,0.002585739509569263,-3.889265672705068,-3.0543579727254224,-2.66698384083045,0,17,True,
30min,2024-01-29,2024-01-29,2024-01-29,18,main,PP,c,unit_root,,Bartlett_short_bandwidth,True,ok,-3.8230417144503184,0.0026801731570183095,-3.889265672705068,-3.0543579727254224,-2.66698384083045,2,17,True,
30min,2024-01-29,2024-01-29,2024-01-29,18,main,KPSS,c,level_or_trend_stationarity,,Bartlett_short_bandwidth,True,ok,0.4270208185581278,0.06145833888792189,0.7428,0.4614,0.3475,2,18,False,
30min,2024-01-29,2024-01-29,2024-01-29,18,lag_sensitivity,ADF,c,unit_root,2.0,aic,True,ok,-1.2778357046861846,0.6392505269660267,-3.9644434814814815,-3.0849081481481484,-2.6818144444444445,2,15,False,
30min,2024-01-29,2024-01-29,2024-01-29,18,lag_sensitivity,PP,c,unit_root,,Bartlett_short_bandwidth,True,ok,-3.8241191210640437,0.0026699636810137706,-3.889265672705068,-3.0543579727254224,-2.66698384083045,4,17,True,
30min,2024-01-29,2024-01-29,2024-01-29,18,lag_sensitivity,KPSS,c,level_or_trend_stationarity,,Bartlett_short_bandwidth,True,ok,0.3592232452545848,0.09297514640541102,0.7428,0.4614,0.3475,4,18,False,
30min,2024-01-30,2024-01-30,2024-01-30,18,main,ADF,c,unit_root,2.0,bic,True,ok,-3.4580586734331855,0.009131878702313865,-3.889265672705068,-3.0543579727254224,-2.66698384083045,0,17,True,
30min,2024-01-30,2024-01-30,2024-01-30,18,main,PP,c,unit_root,,Bartlett_short_bandwidth,True,ok,-3.5249669673858843,0.007368569167897336,-3.889265672705068,-3.0543579727254224,-2.66698384083045,2,17,True,
30min,2024-01-30,2024-01-30,2024-01-30,18,main,KPSS,c,level_or_trend_stationarity,,Bartlett_short_bandwidth,True,ok,0.2496518463244664,0.18916429958401743,0.7428,0.4614,0.3475,2,18,False,
30min,2024-01-30,2024-01-30,2024-01-30,18,lag_sensitivity,ADF,c,unit_root,2.0,aic,True,ok,-3.4580586734331855,0.009131878702313865,-3.889265672705068,-3.0543579727254224,-2.66698384083045,0,17,True,
30min,2024-01-30,2024-01-30,2024-01-30,18,lag_sensitivity,PP,c,unit_root,,Bartlett_short_bandwidth,True,ok,-3.5322902838359216,0.007195518991603837,-3.889265672705068,-3.0543579727254224,-2.66698384083045,4,17,True,
30min,2024-01-30,2024-01-30,2024-01-30,18,lag_sensitivity,KPSS,c,level_or_trend_stationarity,,Bartlett_short_bandwidth,True,ok,0.25921488660014047,0.17721359238445328,0.7428,0.4614,0.3475,4,18,False,
30min,2024-01-31,2024-01-31,2024-01-31,18,main,ADF,c,unit_root,2.0,bic,True,ok,-3.2525455348202117,0.01713761176776281,-3.889265672705068,-3.0543579727254224,-2.66698384083045,0,17,True,
30min,2024-01-31,2024-01-31,2024-01-31,18,main,PP,c,unit_root,,Bartlett_short_bandwidth,True,ok,-3.285615328135925,0.015533842491192133,-3.889265672705068,-3.0543579727254224,-2.66698384083045,2,17,True,
30min,2024-01-31,2024-01-31,2024-01-31,18,main,KPSS,c,level_or_trend_stationarity,,Bartlett_short_bandwidth,True,ok,0.4247454932223935,0.06231372435248365,0.7428,0.4614,0.3475,2,18,False,
30min,2024-01-31,2024-01-31,2024-01-31,18,lag_sensitivity,ADF,c,unit_root,2.0,aic,True,ok,-3.2525455348202117,0.01713761176776281,-3.889265672705068,-3.0543579727254224,-2.66698384083045,0,17,True,
30min,2024-01-31,2024-01-31,2024-01-31,18,lag_sensitivity,PP,c,unit_root,,Bartlett_short_bandwidth,True,ok,-3.241812390220928,0.0176884474063518,-3.889265672705068,-3.0543579727254224,-2.66698384083045,4,17,True,
30min,2024-01-31,2024-01-31,2024-01-31,18,lag_sensitivity,KPSS,c,level_or_trend_stationarity,,Bartlett_short_bandwidth,True,ok,0.4164049808674641,0.06548578013517721,0.7428,0.4614,0.3475,4,18,False,
30min,2024-02-01,2024-02-01,2024-02-01,18,main,ADF,c,unit_root,2.0,bic,True,ok,-5.012541129746094,2.095914862495212e-05,-3.9240193847656246,-3.0684982031250003,-2.67389265625,1,16,True,
30min,2024-02-01,2024-02-01,2024-02-01,18,main,PP,c,unit_root,,Bartlett_short_bandwidth,True,ok,-6.599167086965876,6.804277530237341e-09,-3.889265672705068,-3.0543579727254224,-2.66698384083045,2,17,True,
30min,2024-02-01,2024-02-01,2024-02-01,18,main,KPSS,c,level_or_trend_stationarity,,Bartlett_short_bandwidth,True,ok,0.22463979609309853,0.22463667258621434,0.7428,0.4614,0.3475,2,18,False,
30min,2024-02-01,2024-02-01,2024-02-01,18,lag_sensitivity,ADF,c,unit_root,2.0,aic,True,ok,-5.012541129746094,2.095914862495212e-05,-3.9240193847656246,-3.0684982031250003,-2.67389265625,1,16,True,
30min,2024-02-01,2024-02-01,2024-02-01,18,lag_sensitivity,PP,c,unit_root,,Bartlett_short_bandwidth,True,ok,-6.540147117670813,9.391079397263374e-09,-3.889265672705068,-3.0543579727254224,-2.66698384083045,4,17,True,
30min,2024-02-01,2024-02-01,2024-02-01,18,lag_sensitivity,KPSS,c,level_or_trend_stationarity,,Bartlett_short_bandwidth,True,ok,0.2158213509828123,0.23914063024811155,0.7428,0.4614,0.3475,4,18,False,
30min,2024-02-02,2024-02-02,2024-02-02,18,main,ADF,c,unit_root,2.0,bic,True,ok,-1.949765889606599,0.3090236739555658,-3.9240193847656246,-3.0684982031250003,-2.67389265625,1,16,False,
30min,2024-02-02,2024-02-02,2024-02-02,18,main,PP,c,unit_root,,Bartlett_short_bandwidth,True,ok,-2.7018664144987388,0.0737158543086728,-3.889265672705068,-3.0543579727254224,-2.66698384083045,2,17,False,
30min,2024-02-02,2024-02-02,2024-02-02,18,main,KPSS,c,level_or_trend_stationarity,,Bartlett_short_bandwidth,True,ok,0.3118958803151813,0.1256101419956642,0.7428,0.4614,0.3475,2,18,False,
30min,2024-02-02,2024-02-02,2024-02-02,18,lag_sensitivity,ADF,c,unit_root,2.0,aic,True,ok,-3.508942856185438,0.007760371039653951,-3.9644434814814815,-3.0849081481481484,-2.6818144444444445,2,15,True,
30min,2024-02-02,2024-02-02,2024-02-02,18,lag_sensitivity,PP,c,unit_root,,Bartlett_short_bandwidth,True,ok,-2.7741451533156556,0.0620629106129556,-3.889265672705068,-3.0543579727254224,-2.66698384083045,4,17,False,
30min,2024-02-02,2024-02-02,2024-02-02,18,lag_sensitivity,KPSS,c,level_or_trend_stationarity,,Bartlett_short_bandwidth,True,ok,0.2708154855102628,0.16394220259347622,0.7428,0.4614,0.3475,4,18,False,
30min,2024-02-05,2024-02-05,2024-02-05,18,main,ADF,c,unit_root,2.0,bic,True,ok,-3.058535593546948,0.029777836262634992,-3.9644434814814815,-3.0849081481481484,-2.6818144444444445,2,15,False,
30min,2024-02-05,2024-02-05,2024-02-05,18,main,PP,c,unit_root,,Bartlett_short_bandwidth,True,ok,-2.4933921176056995,0.1170903835032654,-3.889265672705068,-3.0543579727254224,-2.66698384083045,2,17,False,
30min,2024-02-05,2024-02-05,2024-02-05,18,main,KPSS,c,level_or_trend_stationarity,,Bartlett_short_bandwidth,True,ok,0.10315340603642743,0.5703201632864066,0.7428,0.4614,0.3475,2,18,False,
30min,2024-02-05,2024-02-05,2024-02-05,18,lag_sensitivity,ADF,c,unit_root,2.0,aic,True,ok,-3.058535593546948,0.029777836262634992,-3.9644434814814815,-3.0849081481481484,-2.6818144444444445,2,15,False,
30min,2024-02-05,2024-02-05,2024-02-05,18,lag_sensitivity,PP,c,unit_root,,Bartlett_short_bandwidth,True,ok,-2.299309573497391,0.17219074449543725,-3.889265672705068,-3.0543579727254224,-2.66698384083045,4,17,False,
30min,2024-02-05,2024-02-05,2024-02-05,18,lag_sensitivity,KPSS,c,level_or_trend_stationarity,,Bartlett_short_bandwidth,True,ok,0.1158368478625195,0.513365431566819,0.7428,0.4614,0.3475,4,18,False,
30min,2024-02-07,2024-02-07,2024-02-07,18,main,ADF,c,unit_root,2.0,bic,True,ok,-3.4028083106815945,0.010863508226322765,-3.889265672705068,-3.0543579727254224,-2.66698384083045,0,17,True,
30min,2024-02-07,2024-02-07,2024-02-07,18,main,PP,c,unit_root,,Bartlett_short_bandwidth,True,ok,-3.3790802786952714,0.011693035037016332,-3.889265672705068,-3.0543579727254224,-2.66698384083045,2,17,True,
30min,2024-02-07,2024-02-07,2024-02-07,18,main,KPSS,c,level_or_trend_stationarity,,Bartlett_short_bandwidth,True,ok,0.3152922880468719,0.12276795979341262,0.7428,0.4614,0.3475,2,18,False,
30min,2024-02-07,2024-02-07,2024-02-07,18,lag_sensitivity,ADF,c,unit_root,2.0,aic,True,ok,-3.4028083106815945,0.010863508226322765,-3.889265672705068,-3.0543579727254224,-2.66698384083045,0,17,True,
30min,2024-02-07,2024-02-07,2024-02-07,18,lag_sensitivity,PP,c,unit_root,,Bartlett_short_bandwidth,True,ok,-3.364418179699398,0.012233336573749627,-3.889265672705068,-3.0543579727254224,-2.66698384083045,4,17,True,
30min,2024-02-07,2024-02-07,2024-02-07,18,lag_sensitivity,KPSS,c,level_or_trend_stationarity,,Bartlett_short_bandwidth,True,ok,0.33057323342330647,0.11171402531259067,0.7428,0.4614,0.3475,4,18,False,
30min,2024-02-08,2024-02-08,2024-02-08,18,main,ADF,c,unit_root,2.0,bic,True,ok,-2.6280512304093318,0.08733712256496856,-3.889265672705068,-3.0543579727254224,-2.66698384083045,0,17,False,
30min,2024-02-08,2024-02-08,2024-02-08,18,main,PP,c,unit_root,,Bartlett_short_bandwidth,True,ok,-2.5919608348217777,0.09467020888194955,-3.889265672705068,-3.0543579727254224,-2.66698384083045,2,17,False,
30min,2024-02-08,2024-02-08,2024-02-08,18,main,KPSS,c,level_or_trend_stationarity,,Bartlett_short_bandwidth,True,ok,0.1340982361286182,0.44226631462801985,0.7428,0.4614,0.3475,2,18,False,
30min,2024-02-08,2024-02-08,2024-02-08,18,lag_sensitivity,ADF,c,unit_root,2.0,aic,True,ok,-2.6280512304093318,0.08733712256496856,-3.889265672705068,-3.0543579727254224,-2.66698384083045,0,17,False,
30min,2024-02-08,2024-02-08,2024-02-08,18,lag_sensitivity,PP,c,unit_root,,Bartlett_short_bandwidth,True,ok,-2.559128779978468,0.10174211263329708,-3.889265672705068,-3.0543579727254224,-2.66698384083045,4,17,False,
30min,2024-02-08,2024-02-08,2024-02-08,18,lag_sensitivity,KPSS,c,level_or_trend_stationarity,,Bartlett_short_bandwidth,True,ok,0.13641501155768346,0.43433215219971416,0.7428,0.4614,0.3475,4,18,False,
30min,2024-02-09,2024-02-09,2024-02-09,18,main,ADF,c,unit_root,2.0,bic,True,ok,-4.585209358189387,0.00013752538113043987,-3.9240193847656246,-3.0684982031250003,-2.67389265625,1,16,True,
30min,2024-02-09,2024-02-09,2024-02-09,18,main,PP,c,unit_root,,Bartlett_short_bandwidth,True,ok,-4.287189293172713,0.00046745859166564825,-3.889265672705068,-3.0543579727254224,-2.66698384083045,2,17,True,
30min,2024-02-09,2024-02-09,2024-02-09,18,main,KPSS,c,level_or_trend_stationarity,,Bartlett_short_bandwidth,True,ok,0.11594590903672798,0.5129046097039662,0.7428,0.4614,0.3475,2,18,False,
30min,2024-02-09,2024-02-09,2024-02-09,18,lag_sensitivity,ADF,c,unit_root,2.0,aic,True,ok,-4.585209358189387,0.00013752538113043987,-3.9240193847656246,-3.0684982031250003,-2.67389265625,1,16,True,
30min,2024-02-09,2024-02-09,2024-02-09,18,lag_sensitivity,PP,c,unit_root,,Bartlett_short_bandwidth,True,ok,-4.373729096994313,0.00033027396743211664,-3.889265672705068,-3.0543579727254224,-2.66698384083045,4,17,True,
30min,2024-02-09,2024-02-09,2024-02-09,18,lag_sensitivity,KPSS,c,level_or_trend_stationarity,,Bartlett_short_bandwidth,True,ok,0.13313287568974191,0.4456235981726048,0.7428,0.4614,0.3475,4,18,False,
30min,2024-02-15,2024-02-15,2024-02-15,18,main,ADF,c,unit_root,2.0,bic,True,ok,-5.558308013166355,1.562556331917956e-06,-3.889265672705068,-3.0543579727254224,-2.66698384083045,0,17,True,
30min,2024-02-15,2024-02-15,2024-02-15,18,main,PP,c,unit_root,,Bartlett_short_bandwidth,True,ok,-5.5699898008399655,1.4749206898431426e-06,-3.889265672705068,-3.0543579727254224,-2.66698384083045,2,17,True,
30min,2024-02-15,2024-02-15,2024-02-15,18,main,KPSS,c,level_or_trend_stationarity,,Bartlett_short_bandwidth,True,ok,0.15052368417688117,0.3886795113783299,0.7428,0.4614,0.3475,2,18,False,
30min,2024-02-15,2024-02-15,2024-02-15,18,lag_sensitivity,ADF,c,unit_root,2.0,aic,True,ok,-5.558308013166355,1.562556331917956e-06,-3.889265672705068,-3.0543579727254224,-2.66698384083045,0,17,True,
30min,2024-02-15,2024-02-15,2024-02-15,18,lag_sensitivity,PP,c,unit_root,,Bartlett_short_bandwidth,True,ok,-5.4797503704083805,2.298484543868975e-06,-3.889265672705068,-3.0543579727254224,-2.66698384083045,4,17,True,
30min,2024-02-15,2024-02-15,2024-02-15,18,lag_sensitivity,KPSS,c,level_or_trend_stationarity,,Bartlett_short_bandwidth,True,ok,0.1867398322850516,0.2952343993935072,0.7428,0.4614,0.3475,4,18,False,
30min,2024-02-16,2024-02-16,2024-02-16,18,main,ADF,c,unit_root,2.0,bic,True,ok,-4.60061981132194,0.00012883028416745988,-3.9644434814814815,-3.0849081481481484,-2.6818144444444445,2,15,True,
30min,2024-02-16,2024-02-16,2024-02-16,18,main,PP,c,unit_root,,Bartlett_short_bandwidth,True,ok,-3.573425109380788,0.006289885460573161,-3.889265672705068,-3.0543579727254224,-2.66698384083045,2,17,True,
30min,2024-02-16,2024-02-16,2024-02-16,18,main,KPSS,c,level_or_trend_stationarity,,Bartlett_short_bandwidth,True,ok,0.0896221408648557,0.6388183996550229,0.7428,0.4614,0.3475,2,18,False,
30min,2024-02-16,2024-02-16,2024-02-16,18,lag_sensitivity,ADF,c,unit_root,2.0,aic,True,ok,-4.60061981132194,0.00012883028416745988,-3.9644434814814815,-3.0849081481481484,-2.6818144444444445,2,15,True,
30min,2024-02-16,2024-02-16,2024-02-16,18,lag_sensitivity,PP,c,unit_root,,Bartlett_short_bandwidth,True,ok,-3.6255171260483605,0.005291521117873472,-3.889265672705068,-3.0543579727254224,-2.66698384083045,4,17,True,
30min,2024-02-16,2024-02-16,2024-02-16,18,lag_sensitivity,KPSS,c,level_or_trend_stationarity,,Bartlett_short_bandwidth,True,ok,0.1953902378375972,0.2770779650243192,0.7428,0.4614,0.3475,4,18,False,
30min,2024-02-19,2024-02-19,2024-02-19,18,main,ADF,c,unit_root,2.0,bic,True,ok,-4.084647012864162,0.0010266927849167582,-3.889265672705068,-3.0543579727254224,-2.66698384083045,0,17,True,
30min,2024-02-19,2024-02-19,2024-02-19,18,main,PP,c,unit_root,,Bartlett_short_bandwidth,True,ok,-4.103818464859881,0.0009545441662866986,-3.889265672705068,-3.0543579727254224,-2.66698384083045,2,17,True,
30min,2024-02-19,2024-02-19,2024-02-19,18,main,KPSS,c,level_or_trend_stationarity,,Bartlett_short_bandwidth,True,ok,0.1374513671380159,0.4307829892533702,0.7428,0.4614,0.3475,2,18,False,
30min,2024-02-19,2024-02-19,2024-02-19,18,lag_sensitivity,ADF,c,unit_root,2.0,aic,True,ok,-4.084647012864162,0.0010266927849167582,-3.889265672705068,-3.0543579727254224,-2.66698384083045,0,17,True,
30min,2024-02-19,2024-02-19,2024-02-19,18,lag_sensitivity,PP,c,unit_root,,Bartlett_short_bandwidth,True,ok,-4.293031097453146,0.00045671916426407306,-3.889265672705068,-3.0543579727254224,-2.66698384083045,4,17,True,
30min,2024-02-19,2024-02-19,2024-02-19,18,lag_sensitivity,KPSS,c,level_or_trend_stationarity,,Bartlett_short_bandwidth,True,ok,0.21827850102981114,0.2350903829178937,0.7428,0.4614,0.3475,4,18,False,
30min,2024-02-20,2024-02-20,2024-02-20,18,main,ADF,c,unit_root,2.0,bic,True,ok,-2.3913795885236873,0.14418425289654851,-3.889265672705068,-3.0543579727254224,-2.66698384083045,0,17,False,
30min,2024-02-20,2024-02-20,2024-02-20,18,main,PP,c,unit_root,,Bartlett_short_bandwidth,True,ok,-2.483922143331481,0.11943540935365721,-3.889265672705068,-3.0543579727254224,-2.66698384083045,2,17,False,
30min,2024-02-20,2024-02-20,2024-02-20,18,main,KPSS,c,level_or_trend_stationarity,,Bartlett_short_bandwidth,True,ok,0.17570376717305874,0.3202430121892456,0.7428,0.4614,0.3475,2,18,False,
30min,2024-02-20,2024-02-20,2024-02-20,18,lag_sensitivity,ADF,c,unit_root,2.0,aic,True,ok,-2.3913795885236873,0.14418425289654851,-3.889265672705068,-3.0543579727254224,-2.66698384083045,0,17,False,
30min,2024-02-20,2024-02-20,2024-02-20,18,lag_sensitivity,PP,c,unit_root,,Bartlett_short_bandwidth,True,ok,-2.5016902636083005,0.1150636068586598,-3.889265672705068,-3.0543579727254224,-2.66698384083045,4,17,False,
30min,2024-02-20,2024-02-20,2024-02-20,18,lag_sensitivity,KPSS,c,level_or_trend_stationarity,,Bartlett_short_bandwidth,True,ok,0.17856582225459142,0.31364178792047953,0.7428,0.4614,0.3475,4,18,False,
30min,2024-02-21,2024-02-21,2024-02-21,18,main,ADF,c,unit_root,2.0,bic,True,ok,-4.762834650114858,6.402462892840717e-05,-3.889265672705068,-3.0543579727254224,-2.66698384083045,0,17,True,
30min,2024-02-21,2024-02-21,2024-02-21,18,main,PP,c,unit_root,,Bartlett_short_bandwidth,True,ok,-4.897314458009141,3.529656435051634e-05,-3.889265672705068,-3.0543579727254224,-2.66698384083045,2,17,True,
30min,2024-02-21,2024-02-21,2024-02-21,18,main,KPSS,c,level_or_trend_stationarity,,Bartlett_short_bandwidth,True,ok,0.16696323968989896,0.34231505128813394,0.7428,0.4614,0.3475,2,18,False,
30min,2024-02-21,2024-02-21,2024-02-21,18,lag_sensitivity,ADF,c,unit_root,2.0,aic,True,ok,-3.431639141930825,0.009926435377947926,-3.9644434814814815,-3.0849081481481484,-2.6818144444444445,2,15,True,
30min,2024-02-21,2024-02-21,2024-02-21,18,lag_sensitivity,PP,c,unit_root,,Bartlett_short_bandwidth,True,ok,-5.046961505793066,1.790294989807989e-05,-3.889265672705068,-3.0543579727254224,-2.66698384083045,4,17,True,
30min,2024-02-21,2024-02-21,2024-02-21,18,lag_sensitivity,KPSS,c,level_or_trend_stationarity,,Bartlett_short_bandwidth,True,ok,0.20955930074375462,0.25025124867186677,0.7428,0.4614,0.3475,4,18,False,
30min,2024-02-22,2024-02-22,2024-02-22,18,main,ADF,c,unit_root,2.0,bic,True,ok,-3.4000807794317476,0.010956118151529071,-3.889265672705068,-3.0543579727254224,-2.66698384083045,0,17,True,
30min,2024-02-22,2024-02-22,2024-02-22,18,main,PP,c,unit_root,,Bartlett_short_bandwidth,True,ok,-3.3559677479804026,0.012554703915226222,-3.889265672705068,-3.0543579727254224,-2.66698384083045,2,17,True,
30min,2024-02-22,2024-02-22,2024-02-22,18,main,KPSS,c,level_or_trend_stationarity,,Bartlett_short_bandwidth,True,ok,0.17237648290112678,0.3286452451991748,0.7428,0.4614,0.3475,2,18,False,
30min,2024-02-22,2024-02-22,2024-02-22,18,lag_sensitivity,ADF,c,unit_root,2.0,aic,True,ok,-3.4000807794317476,0.010956118151529071,-3.889265672705068,-3.0543579727254224,-2.66698384083045,0,17,True,
30min,2024-02-22,2024-02-22,2024-02-22,18,lag_sensitivity,PP,c,unit_root,,Bartlett_short_bandwidth,True,ok,-3.350683605046818,0.012759442316999133,-3.889265672705068,-3.0543579727254224,-2.66698384083045,4,17,True,
30min,2024-02-22,2024-02-22,2024-02-22,18,lag_sensitivity,KPSS,c,level_or_trend_stationarity,,Bartlett_short_bandwidth,True,ok,0.2178733525664767,0.23575821005525818,0.7428,0.4614,0.3475,4,18,False,
30min,2024-02-23,2024-02-23,2024-02-23,18,main,ADF,c,unit_root,2.0,bic,True,ok,-3.862367594093151,0.0023299351754238642,-3.889265672705068,-3.0543579727254224,-2.66698384083045,0,17,True,
30min,2024-02-23,2024-02-23,2024-02-23,18,main,PP,c,unit_root,,Bartlett_short_bandwidth,True,ok,-3.865304739713081,0.002305553124717638,-3.889265672705068,-3.0543579727254224,-2.66698384083045,2,17,True,
30min,2024-02-23,2024-02-23,2024-02-23,18,main,KPSS,c,level_or_trend_stationarity,,Bartlett_short_bandwidth,True,ok,0.14765356458709009,0.3973924211952241,0.7428,0.4614,0.3475,2,18,False,
30min,2024-02-23,2024-02-23,2024-02-23,18,lag_sensitivity,ADF,c,unit_root,2.0,aic,True,ok,-3.862367594093151,0.0023299351754238642,-3.889265672705068,-3.0543579727254224,-2.66698384083045,0,17,True,
30min,2024-02-23,2024-02-23,2024-02-23,18,lag_sensitivity,PP,c,unit_root,,Bartlett_short_bandwidth,True,ok,-3.8710169003925476,0.002258808874137221,-3.889265672705068,-3.0543579727254224,-2.66698384083045,4,17,True,
30min,2024-02-23,2024-02-23,2024-02-23,18,lag_sensitivity,KPSS,c,level_or_trend_stationarity,,Bartlett_short_bandwidth,True,ok,0.17473433574573344,0.322691071349158,0.7428,0.4614,0.3475,4,18,False,
30min,2024-02-26,2024-02-26,2024-02-26,18,main,ADF,c,unit_root,2.0,bic,True,ok,-3.9638398255219074,0.0016121530893030674,-3.889265672705068,-3.0543579727254224,-2.66698384083045,0,17,True,
30min,2024-02-26,2024-02-26,2024-02-26,18,main,PP,c,unit_root,,Bartlett_short_bandwidth,True,ok,-3.9632983346820163,0.0016153668163568472,-3.889265672705068,-3.0543579727254224,-2.66698384083045,2,17,True,
30min,2024-02-26,2024-02-26,2024-02-26,18,main,KPSS,c,level_or_trend_stationarity,,Bartlett_short_bandwidth,True,ok,0.059023085220747694,0.8206854804927605,0.7428,0.4614,0.3475,2,18,False,
30min,2024-02-26,2024-02-26,2024-02-26,18,lag_sensitivity,ADF,c,unit_root,2.0,aic,True,ok,-3.9638398255219074,0.0016121530893030674,-3.889265672705068,-3.0543579727254224,-2.66698384083045,0,17,True,
30min,2024-02-26,2024-02-26,2024-02-26,18,lag_sensitivity,PP,c,unit_root,,Bartlett_short_bandwidth,True,ok,-4.10148183864203,0.0009630765219060043,-3.889265672705068,-3.0543579727254224,-2.66698384083045,4,17,True,
30min,2024-02-26,2024-02-26,2024-02-26,18,lag_sensitivity,KPSS,c,level_or_trend_stationarity,,Bartlett_short_bandwidth,True,ok,0.11022998298702602,0.537590986422609,0.7428,0.4614,0.3475,4,18,False,
30min,2024-02-27,2024-02-27,2024-02-27,18,main,ADF,c,unit_root,2.0,bic,True,ok,-5.976834093938848,1.8787764777728325e-07,-3.889265672705068,-3.0543579727254224,-2.66698384083045,0,17,True,
30min,2024-02-27,2024-02-27,2024-02-27,18,main,PP,c,unit_root,,Bartlett_short_bandwidth,True,ok,-6.189957719316004,6.157139171087041e-08,-3.889265672705068,-3.0543579727254224,-2.66698384083045,2,17,True,
30min,2024-02-27,2024-02-27,2024-02-27,18,main,KPSS,c,level_or_trend_stationarity,,Bartlett_short_bandwidth,True,ok,0.2944473321969232,0.1402406360029303,0.7428,0.4614,0.3475,2,18,False,
30min,2024-02-27,2024-02-27,2024-02-27,18,lag_sensitivity,ADF,c,unit_root,2.0,aic,True,ok,-5.976834093938848,1.8787764777728325e-07,-3.889265672705068,-3.0543579727254224,-2.66698384083045,0,17,True,
30min,2024-02-27,2024-02-27,2024-02-27,18,lag_sensitivity,PP,c,unit_root,,Bartlett_short_bandwidth,True,ok,-6.031428312734504,1.4149273371060463e-07,-3.889265672705068,-3.0543579727254224,-2.66698384083045,4,17,True,
30min,2024-02-27,2024-02-27,2024-02-27,18,lag_sensitivity,KPSS,c,level_or_trend_stationarity,,Bartlett_short_bandwidth,True,ok,0.26932700462611653,0.16554576389294243,0.7428,0.4614,0.3475,4,18,False,
30min,2024-02-28,2024-02-28,2024-02-28,18,main,ADF,c,unit_root,2.0,bic,True,ok,-4.663300464939044,9.857653307074697e-05,-3.889265672705068,-3.0543579727254224,-2.66698384083045,0,17,True,
30min,2024-02-28,2024-02-28,2024-02-28,18,main,PP,c,unit_root,,Bartlett_short_bandwidth,True,ok,-4.77138742025095,6.167113704539237e-05,-3.889265672705068,-3.0543579727254224,-2.66698384083045,2,17,True,
30min,2024-02-28,2024-02-28,2024-02-28,18,main,KPSS,c,level_or_trend_stationarity,,Bartlett_short_bandwidth,True,ok,0.10005531677397929,0.5852234161301035,0.7428,0.4614,0.3475,2,18,False,
30min,2024-02-28,2024-02-28,2024-02-28,18,lag_sensitivity,ADF,c,unit_root,2.0,aic,True,ok,-4.663300464939044,9.857653307074697e-05,-3.889265672705068,-3.0543579727254224,-2.66698384083045,0,17,True,
30min,2024-02-28,2024-02-28,2024-02-28,18,lag_sensitivity,PP,c,unit_root,,Bartlett_short_bandwidth,True,ok,-4.91028564981827,3.330181056441596e-05,-3.889265672705068,-3.0543579727254224,-2.66698384083045,4,17,True,
30min,2024-02-28,2024-02-28,2024-02-28,18,lag_sensitivity,KPSS,c,level_or_trend_stationarity,,Bartlett_short_bandwidth,True,ok,0.12515743392959974,0.47569433975157993,0.7428,0.4614,0.3475,4,18,False,
30min,2024-02-29,2024-02-29,2024-02-29,18,main,ADF,c,unit_root,2.0,bic,True,ok,-4.1196400719201485,0.0008986062895175251,-3.889265672705068,-3.0543579727254224,-2.66698384083045,0,17,True,
30min,2024-02-29,2024-02-29,2024-02-29,18,main,PP,c,unit_root,,Bartlett_short_bandwidth,True,ok,-4.141044862678433,0.0008278055448386159,-3.889265672705068,-3.0543579727254224,-2.66698384083045,2,17,True,
30min,2024-02-29,2024-02-29,2024-02-29,18,main,KPSS,c,level_or_trend_stationarity,,Bartlett_short_bandwidth,True,ok,0.4986639750723175,0.040159006231920626,0.7428,0.4614,0.3475,2,18,True,
30min,2024-02-29,2024-02-29,2024-02-29,18,lag_sensitivity,ADF,c,unit_root,2.0,aic,True,ok,-4.1196400719201485,0.0008986062895175251,-3.889265672705068,-3.0543579727254224,-2.66698384083045,0,17,True,
30min,2024-02-29,2024-02-29,2024-02-29,18,lag_sensitivity,PP,c,unit_root,,Bartlett_short_bandwidth,True,ok,-4.128137304685463,0.0008698465440805363,-3.889265672705068,-3.0543579727254224,-2.66698384083045,4,17,True,
30min,2024-02-29,2024-02-29,2024-02-29,18,lag_sensitivity,KPSS,c,level_or_trend_stationarity,,Bartlett_short_bandwidth,True,ok,0.4158576242262765,0.06570828283484696,0.7428,0.4614,0.3475,4,18,False,
30min,2024-03-01,2024-03-01,2024-03-01,18,main,ADF,c,unit_root,2.0,bic,True,ok,-6.37832921450565,2.2546621694796968e-08,-3.889265672705068,-3.0543579727254224,-2.66698384083045,0,17,True,
30min,2024-03-01,2024-03-01,2024-03-01,18,main,PP,c,unit_root,,Bartlett_short_bandwidth,True,ok,-6.440218257764574,1.615069895452021e-08,-3.889265672705068,-3.0543579727254224,-2.66698384083045,2,17,True,
30min,2024-03-01,2024-03-01,2024-03-01,18,main,KPSS,c,level_or_trend_stationarity,,Bartlett_short_bandwidth,True,ok,0.07225623938038492,0.7384537278769875,0.7428,0.4614,0.3475,2,18,False,
30min,2024-03-01,2024-03-01,2024-03-01,18,lag_sensitivity,ADF,c,unit_root,2.0,aic,True,ok,-6.37832921450565,2.2546621694796968e-08,-3.889265672705068,-3.0543579727254224,-2.66698384083045,0,17,True,
30min,2024-03-01,2024-03-01,2024-03-01,18,lag_sensitivity,PP,c,unit_root,,Bartlett_short_bandwidth,True,ok,-6.676541673439751,4.450444720838864e-09,-3.889265672705068,-3.0543579727254224,-2.66698384083045,4,17,True,
30min,2024-03-01,2024-03-01,2024-03-01,18,lag_sensitivity,KPSS,c,level_or_trend_stationarity,,Bartlett_short_bandwidth,True,ok,0.09194736911590859,0.626450164277082,0.7428,0.4614,0.3475,4,18,False,
30min,2024-03-04,2024-03-04,2024-03-04,18,main,ADF,c,unit_root,2.0,bic,True,ok,-3.307265704929482,0.014556804732898785,-3.889265672705068,-3.0543579727254224,-2.66698384083045,0,17,True,
30min,2024-03-04,2024-03-04,2024-03-04,18,main,PP,c,unit_root,,Bartlett_short_bandwidth,True,ok,-3.3144517313195827,0.014244711688540199,-3.889265672705068,-3.0543579727254224,-2.66698384083045,2,17,True,
30min,2024-03-04,2024-03-04,2024-03-04,18,main,KPSS,c,level_or_trend_stationarity,,Bartlett_short_bandwidth,True,ok,0.11829413994613881,0.502982507269836,0.7428,0.4614,0.3475,2,18,False,
30min,2024-03-04,2024-03-04,2024-03-04,18,lag_sensitivity,ADF,c,unit_root,2.0,aic,True,ok,-3.307265704929482,0.014556804732898785,-3.889265672705068,-3.0543579727254224,-2.66698384083045,0,17,True,
30min,2024-03-04,2024-03-04,2024-03-04,18,lag_sensitivity,PP,c,unit_root,,Bartlett_short_bandwidth,True,ok,-3.228288235760678,0.018404536908270857,-3.889265672705068,-3.0543579727254224,-2.66698384083045,4,17,True,
30min,2024-03-04,2024-03-04,2024-03-04,18,lag_sensitivity,KPSS,c,level_or_trend_stationarity,,Bartlett_short_bandwidth,True,ok,0.16098888036949874,0.3584920868969814,0.7428,0.4614,0.3475,4,18,False,
30min,2024-03-05,2024-03-05,2024-03-05,18,main,ADF,c,unit_root,2.0,bic,True,ok,-5.628464585935253,1.1034264179068732e-06,-3.889265672705068,-3.0543579727254224,-2.66698384083045,0,17,True,
30min,2024-03-05,2024-03-05,2024-03-05,18,main,PP,c,unit_root,,Bartlett_short_bandwidth,True,ok,-5.5745913650388275,1.4417317118680589e-06,-3.889265672705068,-3.0543579727254224,-2.66698384083045,2,17,True,
30min,2024-03-05,2024-03-05,2024-03-05,18,main,KPSS,c,level_or_trend_stationarity,,Bartlett_short_bandwidth,True,ok,0.12492615217076913,0.4766072940627534,0.7428,0.4614,0.3475,2,18,False,
30min,2024-03-05,2024-03-05,2024-03-05,18,lag_sensitivity,ADF,c,unit_root,2.0,aic,True,ok,-5.628464585935253,1.1034264179068732e-06,-3.889265672705068,-3.0543579727254224,-2.66698384083045,0,17,True,
30min,2024-03-05,2024-03-05,2024-03-05,18,lag_sensitivity,PP,c,unit_root,,Bartlett_short_bandwidth,True,ok,-5.63873198132702,1.0483865453047722e-06,-3.889265672705068,-3.0543579727254224,-2.66698384083045,4,17,True,
30min,2024-03-05,2024-03-05,2024-03-05,18,lag_sensitivity,KPSS,c,level_or_trend_stationarity,,Bartlett_short_bandwidth,True,ok,0.15324975755277742,0.380566197759591,0.7428,0.4614,0.3475,4,18,False,
30min,2024-03-06,2024-03-06,2024-03-06,18,main,ADF,c,unit_root,2.0,bic,True,ok,-3.908273971795708,0.00197479203125064,-3.9240193847656246,-3.0684982031250003,-2.67389265625,1,16,True,
30min,2024-03-06,2024-03-06,2024-03-06,18,main,PP,c,unit_root,,Bartlett_short_bandwidth,True,ok,-2.948905843049971,0.03994935090526899,-3.889265672705068,-3.0543579727254224,-2.66698384083045,2,17,False,
30min,2024-03-06,2024-03-06,2024-03-06,18,main,KPSS,c,level_or_trend_stationarity,,Bartlett_short_bandwidth,True,ok,0.06788175529799773,0.7656056665409467,0.7428,0.4614,0.3475,2,18,False,
30min,2024-03-06,2024-03-06,2024-03-06,18,lag_sensitivity,ADF,c,unit_root,2.0,aic,True,ok,-3.908273971795708,0.00197479203125064,-3.9240193847656246,-3.0684982031250003,-2.67389265625,1,16,True,
30min,2024-03-06,2024-03-06,2024-03-06,18,lag_sensitivity,PP,c,unit_root,,Bartlett_short_bandwidth,True,ok,-2.94109581076147,0.040773585244399606,-3.889265672705068,-3.0543579727254224,-2.66698384083045,4,17,False,
30min,2024-03-06,2024-03-06,2024-03-06,18,lag_sensitivity,KPSS,c,level_or_trend_stationarity,,Bartlett_short_bandwidth,True,ok,0.156152773362757,0.37192626975369936,0.7428,0.4614,0.3475,4,18,False,
30min,2024-03-07,2024-03-07,2024-03-07,18,main,ADF,c,unit_root,2.0,bic,True,ok,-4.9989388075084635,2.2300729293269187e-05,-3.889265672705068,-3.0543579727254224,-2.66698384083045,0,17,True,
30min,2024-03-07,2024-03-07,2024-03-07,18,main,PP,c,unit_root,,Bartlett_short_bandwidth,True,ok,-4.970565190483808,2.5370779496945994e-05,-3.889265672705068,-3.0543579727254224,-2.66698384083045,2,17,True,
30min,2024-03-07,2024-03-07,2024-03-07,18,main,KPSS,c,level_or_trend_stationarity,,Bartlett_short_bandwidth,True,ok,0.2508861645926793,0.18758184026579575,0.7428,0.4614,0.3475,2,18,False,
30min,2024-03-07,2024-03-07,2024-03-07,18,lag_sensitivity,ADF,c,unit_root,2.0,aic,True,ok,-4.9989388075084635,2.2300729293269187e-05,-3.889265672705068,-3.0543579727254224,-2.66698384083045,0,17,True,
30min,2024-03-07,2024-03-07,2024-03-07,18,lag_sensitivity,PP,c,unit_root,,Bartlett_short_bandwidth,True,ok,-5.011566189776054,2.105265689904445e-05,-3.889265672705068,-3.0543579727254224,-2.66698384083045,4,17,True,
30min,2024-03-07,2024-03-07,2024-03-07,18,lag_sensitivity,KPSS,c,level_or_trend_stationarity,,Bartlett_short_bandwidth,True,ok,0.29381015010038947,0.1408474760948672,0.7428,0.4614,0.3475,4,18,False,
30min,2024-03-11,2024-03-11,2024-03-11,18,main,ADF,c,unit_root,2.0,bic,True,ok,-4.549136816033201,0.00016011964419245019,-3.889265672705068,-3.0543579727254224,-2.66698384083045,0,17,True,
30min,2024-03-11,2024-03-11,2024-03-11,18,main,PP,c,unit_root,,Bartlett_short_bandwidth,True,ok,-4.731304736835039,7.346683148982704e-05,-3.889265672705068,-3.0543579727254224,-2.66698384083045,2,17,True,
30min,2024-03-11,2024-03-11,2024-03-11,18,main,KPSS,c,level_or_trend_stationarity,,Bartlett_short_bandwidth,True,ok,0.09276791326201303,0.6220855677552498,0.7428,0.4614,0.3475,2,18,False,
30min,2024-03-11,2024-03-11,2024-03-11,18,lag_sensitivity,ADF,c,unit_root,2.0,aic,True,ok,-4.549136816033201,0.00016011964419245019,-3.889265672705068,-3.0543579727254224,-2.66698384083045,0,17,True,
30min,2024-03-11,2024-03-11,2024-03-11,18,lag_sensitivity,PP,c,unit_root,,Bartlett_short_bandwidth,True,ok,-5.23463732733401,7.467865909632058e-06,-3.889265672705068,-3.0543579727254224,-2.66698384083045,4,17,True,
30min,2024-03-11,2024-03-11,2024-03-11,18,lag_sensitivity,KPSS,c,level_or_trend_stationarity,,Bartlett_short_bandwidth,True,ok,0.18313253688299758,0.30314359337241936,0.7428,0.4614,0.3475,4,18,False,
30min,2024-03-12,2024-03-12,2024-03-12,18,main,ADF,c,unit_root,2.0,bic,True,ok,-4.041157447759379,0.0012096880123089768,-3.889265672705068,-3.0543579727254224,-2.66698384083045,0,17,True,
30min,2024-03-12,2024-03-12,2024-03-12,18,main,PP,c,unit_root,,Bartlett_short_bandwidth,True,ok,-4.018087388989571,0.0013187061980123103,-3.889265672705068,-3.0543579727254224,-2.66698384083045,2,17,True,
30min,2024-03-12,2024-03-12,2024-03-12,18,main,KPSS,c,level_or_trend_stationarity,,Bartlett_short_bandwidth,True,ok,0.09013237339670022,0.6361043968260627,0.7428,0.4614,0.3475,2,18,False,
30min,2024-03-12,2024-03-12,2024-03-12,18,lag_sensitivity,ADF,c,unit_root,2.0,aic,True,ok,-4.041157447759379,0.0012096880123089768,-3.889265672705068,-3.0543579727254224,-2.66698384083045,0,17,True,
30min,2024-03-12,2024-03-12,2024-03-12,18,lag_sensitivity,PP,c,unit_root,,Bartlett_short_bandwidth,True,ok,-4.031895269969789,0.001252405154160743,-3.889265672705068,-3.0543579727254224,-2.66698384083045,4,17,True,
30min,2024-03-12,2024-03-12,2024-03-12,18,lag_sensitivity,KPSS,c,level_or_trend_stationarity,,Bartlett_short_bandwidth,True,ok,0.14432346583161582,0.408065814642257,0.7428,0.4614,0.3475,4,18,False,
30min,2024-03-13,2024-03-13,2024-03-13,18,main,ADF,c,unit_root,2.0,bic,True,ok,-3.5701849651890227,0.006357286685976793,-3.9240193847656246,-3.0684982031250003,-2.67389265625,1,16,True,
30min,2024-03-13,2024-03-13,2024-03-13,18,main,PP,c,unit_root,,Bartlett_short_bandwidth,True,ok,-3.4568231959661295,0.009167725754695231,-3.889265672705068,-3.0543579727254224,-2.66698384083045,2,17,True,
30min,2024-03-13,2024-03-13,2024-03-13,18,main,KPSS,c,level_or_trend_stationarity,,Bartlett_short_bandwidth,True,ok,0.22177296788875084,0.22933027271085024,0.7428,0.4614,0.3475,2,18,False,
30min,2024-03-13,2024-03-13,2024-03-13,18,lag_sensitivity,ADF,c,unit_root,2.0,aic,True,ok,-3.5701849651890227,0.006357286685976793,-3.9240193847656246,-3.0684982031250003,-2.67389265625,1,16,True,
30min,2024-03-13,2024-03-13,2024-03-13,18,lag_sensitivity,PP,c,unit_root,,Bartlett_short_bandwidth,True,ok,-3.46244667544779,0.009005574981055822,-3.889265672705068,-3.0543579727254224,-2.66698384083045,4,17,True,
30min,2024-03-13,2024-03-13,2024-03-13,18,lag_sensitivity,KPSS,c,level_or_trend_stationarity,,Bartlett_short_bandwidth,True,ok,0.2869060946092738,0.14742276703878687,0.7428,0.4614,0.3475,4,18,False,
30min,2024-03-14,2024-03-14,2024-03-14,18,main,ADF,c,unit_root,2.0,bic,True,ok,-4.169305802414517,0.0007423200389789632,-3.9644434814814815,-3.0849081481481484,-2.6818144444444445,2,15,True,
30min,2024-03-14,2024-03-14,2024-03-14,18,main,PP,c,unit_root,,Bartlett_short_bandwidth,True,ok,-5.3156355678384815,5.081740135333117e-06,-3.889265672705068,-3.0543579727254224,-2.66698384083045,2,17,True,
30min,2024-03-14,2024-03-14,2024-03-14,18,main,KPSS,c,level_or_trend_stationarity,,Bartlett_short_bandwidth,True,ok,0.17062078636693057,0.33307882230573094,0.7428,0.4614,0.3475,2,18,False,
30min,2024-03-14,2024-03-14,2024-03-14,18,lag_sensitivity,ADF,c,unit_root,2.0,aic,True,ok,-4.169305802414517,0.0007423200389789632,-3.9644434814814815,-3.0849081481481484,-2.6818144444444445,2,15,True,
30min,2024-03-14,2024-03-14,2024-03-14,18,lag_sensitivity,PP,c,unit_root,,Bartlett_short_bandwidth,True,ok,-5.599193392655421,1.276270454112235e-06,-3.889265672705068,-3.0543579727254224,-2.66698384083045,4,17,True,
30min,2024-03-14,2024-03-14,2024-03-14,18,lag_sensitivity,KPSS,c,level_or_trend_stationarity,,Bartlett_short_bandwidth,True,ok,0.23018080133393085,0.21624121010010477,0.7428,0.4614,0.3475,4,18,False,
30min,2024-03-15,2024-03-15,2024-03-15,18,main,ADF,c,unit_root,2.0,bic,True,ok,-2.7792789479523377,0.061295125335746686,-3.889265672705068,-3.0543579727254224,-2.66698384083045,0,17,False,
30min,2024-03-15,2024-03-15,2024-03-15,18,main,PP,c,unit_root,,Bartlett_short_bandwidth,True,ok,-2.8370907478218244,0.05316782294784102,-3.889265672705068,-3.0543579727254224,-2.66698384083045,2,17,False,
30min,2024-03-15,2024-03-15,2024-03-15,18,main,KPSS,c,level_or_trend_stationarity,,Bartlett_short_bandwidth,True,ok,0.34887929447913624,0.09915896678101448,0.7428,0.4614,0.3475,2,18,False,
30min,2024-03-15,2024-03-15,2024-03-15,18,lag_sensitivity,ADF,c,unit_root,2.0,aic,True,ok,-2.7792789479523377,0.061295125335746686,-3.889265672705068,-3.0543579727254224,-2.66698384083045,0,17,False,
30min,2024-03-15,2024-03-15,2024-03-15,18,lag_sensitivity,PP,c,unit_root,,Bartlett_short_bandwidth,True,ok,-2.849418828665313,0.051554000897636953,-3.889265672705068,-3.0543579727254224,-2.66698384083045,4,17,False,
30min,2024-03-15,2024-03-15,2024-03-15,18,lag_sensitivity,KPSS,c,level_or_trend_stationarity,,Bartlett_short_bandwidth,True,ok,0.3197102707838362,0.11923164651637634,0.7428,0.4614,0.3475,4,18,False,
30min,2024-03-18,2024-03-18,2024-03-18,18,main,ADF,c,unit_root,2.0,bic,True,ok,-6.064392778356499,1.1913847928221799e-07,-3.889265672705068,-3.0543579727254224,-2.66698384083045,0,17,True,
30min,2024-03-18,2024-03-18,2024-03-18,18,main,PP,c,unit_root,,Bartlett_short_bandwidth,True,ok,-5.852736396142613,3.5578797935518284e-07,-3.889265672705068,-3.0543579727254224,-2.66698384083045,2,17,True,
30min,2024-03-18,2024-03-18,2024-03-18,18,main,KPSS,c,level_or_trend_stationarity,,Bartlett_short_bandwidth,True,ok,0.3149939080714534,0.12301765014941139,0.7428,0.4614,0.3475,2,18,False,
30min,2024-03-18,2024-03-18,2024-03-18,18,lag_sensitivity,ADF,c,unit_root,2.0,aic,True,ok,-6.064392778356499,1.1913847928221799e-07,-3.889265672705068,-3.0543579727254224,-2.66698384083045,0,17,True,
30min,2024-03-18,2024-03-18,2024-03-18,18,lag_sensitivity,PP,c,unit_root,,Bartlett_short_bandwidth,True,ok,-5.824791504988325,4.1032517966588694e-07,-3.889265672705068,-3.0543579727254224,-2.66698384083045,4,17,True,
30min,2024-03-18,2024-03-18,2024-03-18,18,lag_sensitivity,KPSS,c,level_or_trend_stationarity,,Bartlett_short_bandwidth,True,ok,0.3065674399831105,0.1300690878802423,0.7428,0.4614,0.3475,4,18,False,
30min,2024-03-19,2024-03-19,2024-03-19,18,main,ADF,c,unit_root,2.0,bic,True,ok,-3.901028481112641,0.0020272910759811186,-3.889265672705068,-3.0543579727254224,-2.66698384083045,0,17,True,
30min,2024-03-19,2024-03-19,2024-03-19,18,main,PP,c,unit_root,,Bartlett_short_bandwidth,True,ok,-3.9315997201370028,0.0018142142256729699,-3.889265672705068,-3.0543579727254224,-2.66698384083045,2,17,True,
30min,2024-03-19,2024-03-19,2024-03-19,18,main,KPSS,c,level_or_trend_stationarity,,Bartlett_short_bandwidth,True,ok,0.2962088564636852,0.13873735860779482,0.7428,0.4614,0.3475,2,18,False,
30min,2024-03-19,2024-03-19,2024-03-19,18,lag_sensitivity,ADF,c,unit_root,2.0,aic,True,ok,-3.901028481112641,0.0020272910759811186,-3.889265672705068,-3.0543579727254224,-2.66698384083045,0,17,True,
30min,2024-03-19,2024-03-19,2024-03-19,18,lag_sensitivity,PP,c,unit_root,,Bartlett_short_bandwidth,True,ok,-3.9929361884602335,0.0014479544731124082,-3.889265672705068,-3.0543579727254224,-2.66698384083045,4,17,True,
30min,2024-03-19,2024-03-19,2024-03-19,18,lag_sensitivity,KPSS,c,level_or_trend_stationarity,,Bartlett_short_bandwidth,True,ok,0.3379324135413901,0.106621167099384,0.7428,0.4614,0.3475,4,18,False,
30min,2024-03-20,2024-03-20,2024-03-20,18,main,ADF,c,unit_root,2.0,bic,True,ok,-6.268254220287183,4.0636310507601514e-08,-3.889265672705068,-3.0543579727254224,-2.66698384083045,0,17,True,
30min,2024-03-20,2024-03-20,2024-03-20,18,main,PP,c,unit_root,,Bartlett_short_bandwidth,True,ok,-6.151877962096425,7.528006764928754e-08,-3.889265672705068,-3.0543579727254224,-2.66698384083045,2,17,True,
30min,2024-03-20,2024-03-20,2024-03-20,18,main,KPSS,c,level_or_trend_stationarity,,Bartlett_short_bandwidth,True,ok,0.18358342397213276,0.30210707132843045,0.7428,0.4614,0.3475,2,18,False,
30min,2024-03-20,2024-03-20,2024-03-20,18,lag_sensitivity,ADF,c,unit_root,2.0,aic,True,ok,-6.268254220287183,4.0636310507601514e-08,-3.889265672705068,-3.0543579727254224,-2.66698384083045,0,17,True,
30min,2024-03-20,2024-03-20,2024-03-20,18,lag_sensitivity,PP,c,unit_root,,Bartlett_short_bandwidth,True,ok,-6.071087989406995,1.1504135500720954e-07,-3.889265672705068,-3.0543579727254224,-2.66698384083045,4,17,True,
30min,2024-03-20,2024-03-20,2024-03-20,18,lag_sensitivity,KPSS,c,level_or_trend_stationarity,,Bartlett_short_bandwidth,True,ok,0.21012816612358542,0.2492354176364546,0.7428,0.4614,0.3475,4,18,False,
30min,2024-03-21,2024-03-21,2024-03-21,18,main,ADF,c,unit_root,2.0,bic,True,ok,-4.2816383327236185,0.00047788379706672666,-3.889265672705068,-3.0543579727254224,-2.66698384083045,0,17,True,
30min,2024-03-21,2024-03-21,2024-03-21,18,main,PP,c,unit_root,,Bartlett_short_bandwidth,True,ok,-4.281652007537668,0.00047785784705622864,-3.889265672705068,-3.0543579727254224,-2.66698384083045,2,17,True,
30min,2024-03-21,2024-03-21,2024-03-21,18,main,KPSS,c,level_or_trend_stationarity,,Bartlett_short_bandwidth,True,ok,0.2308671807519845,0.21520124128487197,0.7428,0.4614,0.3475,2,18,False,
30min,2024-03-21,2024-03-21,2024-03-21,18,lag_sensitivity,ADF,c,unit_root,2.0,aic,True,ok,-2.7525445653343374,0.06537867397826835,-3.9240193847656246,-3.0684982031250003,-2.67389265625,1,16,False,
30min,2024-03-21,2024-03-21,2024-03-21,18,lag_sensitivity,PP,c,unit_root,,Bartlett_short_bandwidth,True,ok,-4.315028299199825,0.00041833372670644123,-3.889265672705068,-3.0543579727254224,-2.66698384083045,4,17,True,
30min,2024-03-21,2024-03-21,2024-03-21,18,lag_sensitivity,KPSS,c,level_or_trend_stationarity,,Bartlett_short_bandwidth,True,ok,0.2442833231452896,0.19613427340932,0.7428,0.4614,0.3475,4,18,False,
30min,2024-03-22,2024-03-22,2024-03-22,18,main,ADF,c,unit_root,2.0,bic,True,ok,-6.9650304068314846,8.960553219407211e-10,-3.889265672705068,-3.0543579727254224,-2.66698384083045,0,17,True,
30min,2024-03-22,2024-03-22,2024-03-22,18,main,PP,c,unit_root,,Bartlett_short_bandwidth,True,ok,-7.371766369842196,8.933388499759976e-11,-3.889265672705068,-3.0543579727254224,-2.66698384083045,2,17,True,
30min,2024-03-22,2024-03-22,2024-03-22,18,main,KPSS,c,level_or_trend_stationarity,,Bartlett_short_bandwidth,True,ok,0.1046399467344654,0.5631733330073778,0.7428,0.4614,0.3475,2,18,False,
30min,2024-03-22,2024-03-22,2024-03-22,18,lag_sensitivity,ADF,c,unit_root,2.0,aic,True,ok,-6.9650304068314846,8.960553219407211e-10,-3.889265672705068,-3.0543579727254224,-2.66698384083045,0,17,True,
30min,2024-03-22,2024-03-22,2024-03-22,18,lag_sensitivity,PP,c,unit_root,,Bartlett_short_bandwidth,True,ok,-7.752696043055953,9.922823700961906e-12,-3.889265672705068,-3.0543579727254224,-2.66698384083045,4,17,True,
30min,2024-03-22,2024-03-22,2024-03-22,18,lag_sensitivity,KPSS,c,level_or_trend_stationarity,,Bartlett_short_bandwidth,True,ok,0.14120968920518476,0.41804586793210013,0.7428,0.4614,0.3475,4,18,False,
30min,2024-03-25,2024-03-25,2024-03-25,18,main,ADF,c,unit_root,2.0,bic,True,ok,-5.76844224973155,5.463043810831167e-07,-3.889265672705068,-3.0543579727254224,-2.66698384083045,0,17,True,
30min,2024-03-25,2024-03-25,2024-03-25,18,main,PP,c,unit_root,,Bartlett_short_bandwidth,True,ok,-6.093626910633243,1.0223919484756968e-07,-3.889265672705068,-3.0543579727254224,-2.66698384083045,2,17,True,
30min,2024-03-25,2024-03-25,2024-03-25,18,main,KPSS,c,level_or_trend_stationarity,,Bartlett_short_bandwidth,True,ok,0.16781199921760745,0.340171719147456,0.7428,0.4614,0.3475,2,18,False,
30min,2024-03-25,2024-03-25,2024-03-25,18,lag_sensitivity,ADF,c,unit_root,2.0,aic,True,ok,-5.76844224973155,5.463043810831167e-07,-3.889265672705068,-3.0543579727254224,-2.66698384083045,0,17,True,
30min,2024-03-25,2024-03-25,2024-03-25,18,lag_sensitivity,PP,c,unit_root,,Bartlett_short_bandwidth,True,ok,-7.418722654208733,6.825585177558591e-11,-3.889265672705068,-3.0543579727254224,-2.66698384083045,4,17,True,
30min,2024-03-25,2024-03-25,2024-03-25,18,lag_sensitivity,KPSS,c,level_or_trend_stationarity,,Bartlett_short_bandwidth,True,ok,0.2551294365704079,0.18214174798665653,0.7428,0.4614,0.3475,4,18,False,
30min,2024-03-26,2024-03-26,2024-03-26,18,main,ADF,c,unit_root,2.0,bic,True,ok,-6.23631199242371,4.8160637245515653e-08,-3.889265672705068,-3.0543579727254224,-2.66698384083045,0,17,True,
30min,2024-03-26,2024-03-26,2024-03-26,18,main,PP,c,unit_root,,Bartlett_short_bandwidth,True,ok,-5.944161318199915,2.2245445696281896e-07,-3.889265672705068,-3.0543579727254224,-2.66698384083045,2,17,True,
30min,2024-03-26,2024-03-26,2024-03-26,18,main,KPSS,c,level_or_trend_stationarity,,Bartlett_short_bandwidth,True,ok,0.1863118853717604,0.2961449247409353,0.7428,0.4614,0.3475,2,18,False,
30min,2024-03-26,2024-03-26,2024-03-26,18,lag_sensitivity,ADF,c,unit_root,2.0,aic,True,ok,-2.685023675754543,0.07666587436829864,-3.9644434814814815,-3.0849081481481484,-2.6818144444444445,2,15,False,
30min,2024-03-26,2024-03-26,2024-03-26,18,lag_sensitivity,PP,c,unit_root,,Bartlett_short_bandwidth,True,ok,-5.830176446404225,3.992159455516955e-07,-3.889265672705068,-3.0543579727254224,-2.66698384083045,4,17,True,
30min,2024-03-26,2024-03-26,2024-03-26,18,lag_sensitivity,KPSS,c,level_or_trend_stationarity,,Bartlett_short_bandwidth,True,ok,0.236467013369741,0.20699025920869307,0.7428,0.4614,0.3475,4,18,False,
30min,2024-03-27,2024-03-27,2024-03-27,18,main,ADF,c,unit_root,2.0,bic,True,ok,-4.475899648303706,0.00021732610133814342,-3.889265672705068,-3.0543579727254224,-2.66698384083045,0,17,True,
30min,2024-03-27,2024-03-27,2024-03-27,18,main,PP,c,unit_root,,Bartlett_short_bandwidth,True,ok,-4.494400850144324,0.0002012718442321758,-3.889265672705068,-3.0543579727254224,-2.66698384083045,2,17,True,
30min,2024-03-27,2024-03-27,2024-03-27,18,main,KPSS,c,level_or_trend_stationarity,,Bartlett_short_bandwidth,True,ok,0.1324454170800729,0.44818874223853394,0.7428,0.4614,0.3475,2,18,False,
30min,2024-03-27,2024-03-27,2024-03-27,18,lag_sensitivity,ADF,c,unit_root,2.0,aic,True,ok,-4.475899648303706,0.00021732610133814342,-3.889265672705068,-3.0543579727254224,-2.66698384083045,0,17,True,
30min,2024-03-27,2024-03-27,2024-03-27,18,lag_sensitivity,PP,c,unit_root,,Bartlett_short_bandwidth,True,ok,-4.638382417198332,0.00010968628543300146,-3.889265672705068,-3.0543579727254224,-2.66698384083045,4,17,True,
30min,2024-03-27,2024-03-27,2024-03-27,18,lag_sensitivity,KPSS,c,level_or_trend_stationarity,,Bartlett_short_bandwidth,True,ok,0.17497165061437744,0.3220917913778348,0.7428,0.4614,0.3475,4,18,False,
30min,2024-03-28,2024-03-28,2024-03-28,18,main,ADF,c,unit_root,2.0,bic,True,ok,-3.3706720929885368,0.01200022496191468,-3.889265672705068,-3.0543579727254224,-2.66698384083045,0,17,True,
30min,2024-03-28,2024-03-28,2024-03-28,18,main,PP,c,unit_root,,Bartlett_short_bandwidth,True,ok,-3.379190390897468,0.01168905893031832,-3.889265672705068,-3.0543579727254224,-2.66698384083045,2,17,True,
30min,2024-03-28,2024-03-28,2024-03-28,18,main,KPSS,c,level_or_trend_stationarity,,Bartlett_short_bandwidth,True,ok,0.29997112026998035,0.13558902069457712,0.7428,0.4614,0.3475,2,18,False,
30min,2024-03-28,2024-03-28,2024-03-28,18,lag_sensitivity,ADF,c,unit_root,2.0,aic,True,ok,-3.3706720929885368,0.01200022496191468,-3.889265672705068,-3.0543579727254224,-2.66698384083045,0,17,True,
30min,2024-03-28,2024-03-28,2024-03-28,18,lag_sensitivity,PP,c,unit_root,,Bartlett_short_bandwidth,True,ok,-3.4681163707792058,0.008844698893476076,-3.889265672705068,-3.0543579727254224,-2.66698384083045,4,17,True,
30min,2024-03-28,2024-03-28,2024-03-28,18,lag_sensitivity,KPSS,c,level_or_trend_stationarity,,Bartlett_short_bandwidth,True,ok,0.24256837979091778,0.19851613917928088,0.7428,0.4614,0.3475,4,18,False,
30min,2024-04-01,2024-04-01,2024-04-01,18,main,ADF,c,unit_root,2.0,bic,True,ok,-3.483273343609871,0.008427206054752612,-3.889265672705068,-3.0543579727254224,-2.66698384083045,0,17,True,
30min,2024-04-01,2024-04-01,2024-04-01,18,main,PP,c,unit_root,,Bartlett_short_bandwidth,True,ok,-3.4499175360417773,0.009370423015005683,-3.889265672705068,-3.0543579727254224,-2.66698384083045,2,17,True,
30min,2024-04-01,2024-04-01,2024-04-01,18,main,KPSS,c,level_or_trend_stationarity,,Bartlett_short_bandwidth,True,ok,0.30996454692038794,0.12722632056871302,0.7428,0.4614,0.3475,2,18,False,
30min,2024-04-01,2024-04-01,2024-04-01,18,lag_sensitivity,ADF,c,unit_root,2.0,aic,True,ok,-3.483273343609871,0.008427206054752612,-3.889265672705068,-3.0543579727254224,-2.66698384083045,0,17,True,
30min,2024-04-01,2024-04-01,2024-04-01,18,lag_sensitivity,PP,c,unit_root,,Bartlett_short_bandwidth,True,ok,-3.4452143446111108,0.009510760292651148,-3.889265672705068,-3.0543579727254224,-2.66698384083045,4,17,True,
30min,2024-04-01,2024-04-01,2024-04-01,18,lag_sensitivity,KPSS,c,level_or_trend_stationarity,,Bartlett_short_bandwidth,True,ok,0.3033794804285528,0.13273683646146212,0.7428,0.4614,0.3475,4,18,False,
30min,2024-04-02,2024-04-02,2024-04-02,18,main,ADF,c,unit_root,2.0,bic,True,ok,-4.07693086963628,0.001057145954194791,-3.889265672705068,-3.0543579727254224,-2.66698384083045,0,17,True,
30min,2024-04-02,2024-04-02,2024-04-02,18,main,PP,c,unit_root,,Bartlett_short_bandwidth,True,ok,-4.007284660434841,0.0013728433290934334,-3.889265672705068,-3.0543579727254224,-2.66698384083045,2,17,True,
30min,2024-04-02,2024-04-02,2024-04-02,18,main,KPSS,c,level_or_trend_stationarity,,Bartlett_short_bandwidth,True,ok,0.20349629922467186,0.26118372701044734,0.7428,0.4614,0.3475,2,18,False,
30min,2024-04-02,2024-04-02,2024-04-02,18,lag_sensitivity,ADF,c,unit_root,2.0,aic,True,ok,-4.07693086963628,0.001057145954194791,-3.889265672705068,-3.0543579727254224,-2.66698384083045,0,17,True,
30min,2024-04-02,2024-04-02,2024-04-02,18,lag_sensitivity,PP,c,unit_root,,Bartlett_short_bandwidth,True,ok,-4.035315599207864,0.0012364693143628834,-3.889265672705068,-3.0543579727254224,-2.66698384083045,4,17,True,
30min,2024-04-02,2024-04-02,2024-04-02,18,lag_sensitivity,KPSS,c,level_or_trend_stationarity,,Bartlett_short_bandwidth,True,ok,0.24398301116146043,0.19655137338686055,0.7428,0.4614,0.3475,4,18,False,
30min,2024-04-03,2024-04-03,2024-04-03,18,main,ADF,c,unit_root,2.0,bic,True,ok,-3.065502566390718,0.0292137412175722,-3.889265672705068,-3.0543579727254224,-2.66698384083045,0,17,True,
30min,2024-04-03,2024-04-03,2024-04-03,18,main,PP,c,unit_root,,Bartlett_short_bandwidth,True,ok,-3.068504505745932,0.028973509879294656,-3.889265672705068,-3.0543579727254224,-2.66698384083045,2,17,True,
30min,2024-04-03,2024-04-03,2024-04-03,18,main,KPSS,c,level_or_trend_stationarity,,Bartlett_short_bandwidth,True,ok,0.10126012701903171,0.5794224662546552,0.7428,0.4614,0.3475,2,18,False,
30min,2024-04-03,2024-04-03,2024-04-03,18,lag_sensitivity,ADF,c,unit_root,2.0,aic,True,ok,-3.065502566390718,0.0292137412175722,-3.889265672705068,-3.0543579727254224,-2.66698384083045,0,17,True,
30min,2024-04-03,2024-04-03,2024-04-03,18,lag_sensitivity,PP,c,unit_root,,Bartlett_short_bandwidth,True,ok,-3.0372637734635313,0.03155795195829463,-3.889265672705068,-3.0543579727254224,-2.66698384083045,4,17,False,
30min,2024-04-03,2024-04-03,2024-04-03,18,lag_sensitivity,KPSS,c,level_or_trend_stationarity,,Bartlett_short_bandwidth,True,ok,0.11566372590098985,0.514096932812719,0.7428,0.4614,0.3475,4,18,False,
30min,2024-04-04,2024-04-04,2024-04-04,18,main,ADF,c,unit_root,2.0,bic,True,ok,-2.5417500331534977,0.10564364914721197,-3.889265672705068,-3.0543579727254224,-2.66698384083045,0,17,False,
30min,2024-04-04,2024-04-04,2024-04-04,18,main,PP,c,unit_root,,Bartlett_short_bandwidth,True,ok,-2.4866377747325497,0.11875944175523917,-3.889265672705068,-3.0543579727254224,-2.66698384083045,2,17,False,
30min,2024-04-04,2024-04-04,2024-04-04,18,main,KPSS,c,level_or_trend_stationarity,,Bartlett_short_bandwidth,True,ok,0.36910441065560345,0.08744325507847638,0.7428,0.4614,0.3475,2,18,False,
30min,2024-04-04,2024-04-04,2024-04-04,18,lag_sensitivity,ADF,c,unit_root,2.0,aic,True,ok,-2.8299962311140607,0.054115119512665844,-3.9240193847656246,-3.0684982031250003,-2.67389265625,1,16,False,
30min,2024-04-04,2024-04-04,2024-04-04,18,lag_sensitivity,PP,c,unit_root,,Bartlett_short_bandwidth,True,ok,-2.4092918423898686,0.13913101114883347,-3.889265672705068,-3.0543579727254224,-2.66698384083045,4,17,False,
30min,2024-04-04,2024-04-04,2024-04-04,18,lag_sensitivity,KPSS,c,level_or_trend_stationarity,,Bartlett_short_bandwidth,True,ok,0.34153918357377555,0.1041251324748958,0.7428,0.4614,0.3475,4,18,False,
30min,2024-04-05,2024-04-05,2024-04-05,18,main,ADF,c,unit_root,2.0,bic,True,ok,-3.4775922613375525,0.008581569808977367,-3.889265672705068,-3.0543579727254224,-2.66698384083045,0,17,True,
30min,2024-04-05,2024-04-05,2024-04-05,18,main,PP,c,unit_root,,Bartlett_short_bandwidth,True,ok,-3.496525722999755,0.008076770454182631,-3.889265672705068,-3.0543579727254224,-2.66698384083045,2,17,True,
30min,2024-04-05,2024-04-05,2024-04-05,18,main,KPSS,c,level_or_trend_stationarity,,Bartlett_short_bandwidth,True,ok,0.13615884822917868,0.4352094238726758,0.7428,0.4614,0.3475,2,18,False,
30min,2024-04-05,2024-04-05,2024-04-05,18,lag_sensitivity,ADF,c,unit_root,2.0,aic,True,ok,-3.4775922613375525,0.008581569808977367,-3.889265672705068,-3.0543579727254224,-2.66698384083045,0,17,True,
30min,2024-04-05,2024-04-05,2024-04-05,18,lag_sensitivity,PP,c,unit_root,,Bartlett_short_bandwidth,True,ok,-3.4186455895285017,0.01033943131773422,-3.889265672705068,-3.0543579727254224,-2.66698384083045,4,17,True,
30min,2024-04-05,2024-04-05,2024-04-05,18,lag_sensitivity,KPSS,c,level_or_trend_stationarity,,Bartlett_short_bandwidth,True,ok,0.19162446220254647,0.28484156978181596,0.7428,0.4614,0.3475,4,18,False,
30min,2024-04-08,2024-04-08,2024-04-08,18,main,ADF,c,unit_root,2.0,bic,True,ok,-3.8618472457222017,0.00233427949599318,-3.889265672705068,-3.0543579727254224,-2.66698384083045,0,17,True,
30min,2024-04-08,2024-04-08,2024-04-08,18,main,PP,c,unit_root,,Bartlett_short_bandwidth,True,ok,-3.881443601107189,0.0021757365753384966,-3.889265672705068,-3.0543579727254224,-2.66698384083045,2,17,True,
30min,2024-04-08,2024-04-08,2024-04-08,18,main,KPSS,c,level_or_trend_stationarity,,Bartlett_short_bandwidth,True,ok,0.3074226310830497,0.12935344679242705,0.7428,0.4614,0.3475,2,18,False,
30min,2024-04-08,2024-04-08,2024-04-08,18,lag_sensitivity,ADF,c,unit_root,2.0,aic,True,ok,-3.8618472457222017,0.00233427949599318,-3.889265672705068,-3.0543579727254224,-2.66698384083045,0,17,True,
30min,2024-04-08,2024-04-08,2024-04-08,18,lag_sensitivity,PP,c,unit_root,,Bartlett_short_bandwidth,True,ok,-3.9378237104931433,0.001773462969078735,-3.889265672705068,-3.0543579727254224,-2.66698384083045,4,17,True,
30min,2024-04-08,2024-04-08,2024-04-08,18,lag_sensitivity,KPSS,c,level_or_trend_stationarity,,Bartlett_short_bandwidth,True,ok,0.28643061418751203,0.14787560553570284,0.7428,0.4614,0.3475,4,18,False,
30min,2024-04-09,2024-04-09,2024-04-09,18,main,ADF,c,unit_root,2.0,bic,True,ok,-4.8409882998974165,4.537253517580965e-05,-3.889265672705068,-3.0543579727254224,-2.66698384083045,0,17,True,
30min,2024-04-09,2024-04-09,2024-04-09,18,main,PP,c,unit_root,,Bartlett_short_bandwidth,True,ok,-4.9621788796562685,2.635360634166708e-05,-3.889265672705068,-3.0543579727254224,-2.66698384083045,2,17,True,
30min,2024-04-09,2024-04-09,2024-04-09,18,main,KPSS,c,level_or_trend_stationarity,,Bartlett_short_bandwidth,True,ok,0.13162294569914587,0.4512576653016945,0.7428,0.4614,0.3475,2,18,False,
30min,2024-04-09,2024-04-09,2024-04-09,18,lag_sensitivity,ADF,c,unit_root,2.0,aic,True,ok,-4.8409882998974165,4.537253517580965e-05,-3.889265672705068,-3.0543579727254224,-2.66698384083045,0,17,True,
30min,2024-04-09,2024-04-09,2024-04-09,18,lag_sensitivity,PP,c,unit_root,,Bartlett_short_bandwidth,True,ok,-4.943983932302147,2.8613656302061107e-05,-3.889265672705068,-3.0543579727254224,-2.66698384083045,4,17,True,
30min,2024-04-09,2024-04-09,2024-04-09,18,lag_sensitivity,KPSS,c,level_or_trend_stationarity,,Bartlett_short_bandwidth,True,ok,0.12500670893294868,0.4762893068436236,0.7428,0.4614,0.3475,4,18,False,
30min,2024-04-10,2024-04-10,2024-04-10,18,main,ADF,c,unit_root,2.0,bic,True,ok,-6.717017384564172,3.560784508884396e-09,-3.889265672705068,-3.0543579727254224,-2.66698384083045,0,17,True,
30min,2024-04-10,2024-04-10,2024-04-10,18,main,PP,c,unit_root,,Bartlett_short_bandwidth,True,ok,-7.270157671485983,1.5961898587593326e-10,-3.889265672705068,-3.0543579727254224,-2.66698384083045,2,17,True,
30min,2024-04-10,2024-04-10,2024-04-10,18,main,KPSS,c,level_or_trend_stationarity,,Bartlett_short_bandwidth,True,ok,0.5172975961159754,0.036070393861140755,0.7428,0.4614,0.3475,2,18,True,
30min,2024-04-10,2024-04-10,2024-04-10,18,lag_sensitivity,ADF,c,unit_root,2.0,aic,True,ok,-6.717017384564172,3.560784508884396e-09,-3.889265672705068,-3.0543579727254224,-2.66698384083045,0,17,True,
30min,2024-04-10,2024-04-10,2024-04-10,18,lag_sensitivity,PP,c,unit_root,,Bartlett_short_bandwidth,True,ok,-7.408411191484488,7.241456000134026e-11,-3.889265672705068,-3.0543579727254224,-2.66698384083045,4,17,True,
30min,2024-04-10,2024-04-10,2024-04-10,18,lag_sensitivity,KPSS,c,level_or_trend_stationarity,,Bartlett_short_bandwidth,True,ok,0.4637838326448965,0.04933412495952612,0.7428,0.4614,0.3475,4,18,True,
30min,2024-04-11,2024-04-11,2024-04-11,18,main,ADF,c,unit_root,2.0,bic,True,ok,-4.046236516854527,0.0011868445451962638,-3.889265672705068,-3.0543579727254224,-2.66698384083045,0,17,True,
30min,2024-04-11,2024-04-11,2024-04-11,18,main,PP,c,unit_root,,Bartlett_short_bandwidth,True,ok,-4.046200374119297,0.0011870056674613775,-3.889265672705068,-3.0543579727254224,-2.66698384083045,2,17,True,
30min,2024-04-11,2024-04-11,2024-04-11,18,main,KPSS,c,level_or_trend_stationarity,,Bartlett_short_bandwidth,True,ok,0.082887662900094,0.6758084915568376,0.7428,0.4614,0.3475,2,18,False,
30min,2024-04-11,2024-04-11,2024-04-11,18,lag_sensitivity,ADF,c,unit_root,2.0,aic,True,ok,-3.223872707498527,0.018643756806934114,-3.9644434814814815,-3.0849081481481484,-2.6818144444444445,2,15,True,
30min,2024-04-11,2024-04-11,2024-04-11,18,lag_sensitivity,PP,c,unit_root,,Bartlett_short_bandwidth,True,ok,-4.102593772378806,0.000959007352512141,-3.889265672705068,-3.0543579727254224,-2.66698384083045,4,17,True,
30min,2024-04-11,2024-04-11,2024-04-11,18,lag_sensitivity,KPSS,c,level_or_trend_stationarity,,Bartlett_short_bandwidth,True,ok,0.13527241377259416,0.43824515831303373,0.7428,0.4614,0.3475,4,18,False,
30min,2024-04-12,2024-04-12,2024-04-12,18,main,ADF,c,unit_root,2.0,bic,True,ok,-3.347722514037904,0.012875461271121094,-3.889265672705068,-3.0543579727254224,-2.66698384083045,0,17,True,
30min,2024-04-12,2024-04-12,2024-04-12,18,main,PP,c,unit_root,,Bartlett_short_bandwidth,True,ok,-3.332469471844633,0.013488022788468097,-3.889265672705068,-3.0543579727254224,-2.66698384083045,2,17,True,
30min,2024-04-12,2024-04-12,2024-04-12,18,main,KPSS,c,level_or_trend_stationarity,,Bartlett_short_bandwidth,True,ok,0.14063992966199396,0.41987202031412196,0.7428,0.4614,0.3475,2,18,False,
30min,2024-04-12,2024-04-12,2024-04-12,18,lag_sensitivity,ADF,c,unit_root,2.0,aic,True,ok,-3.347722514037904,0.012875461271121094,-3.889265672705068,-3.0543579727254224,-2.66698384083045,0,17,True,
30min,2024-04-12,2024-04-12,2024-04-12,18,lag_sensitivity,PP,c,unit_root,,Bartlett_short_bandwidth,True,ok,-3.285767452078365,0.015526780900213144,-3.889265672705068,-3.0543579727254224,-2.66698384083045,4,17,True,
30min,2024-04-12,2024-04-12,2024-04-12,18,lag_sensitivity,KPSS,c,level_or_trend_stationarity,,Bartlett_short_bandwidth,True,ok,0.1639743748216322,0.35029017906144994,0.7428,0.4614,0.3475,4,18,False,
30min,2024-04-15,2024-04-15,2024-04-15,18,main,ADF,c,unit_root,2.0,bic,True,ok,-5.572416091381466,1.4573292283024987e-06,-3.889265672705068,-3.0543579727254224,-2.66698384083045,0,17,True,
30min,2024-04-15,2024-04-15,2024-04-15,18,main,PP,c,unit_root,,Bartlett_short_bandwidth,True,ok,-5.798062189558987,4.7010117944340046e-07,-3.889265672705068,-3.0543579727254224,-2.66698384083045,2,17,True,
30min,2024-04-15,2024-04-15,2024-04-15,18,main,KPSS,c,level_or_trend_stationarity,,Bartlett_short_bandwidth,True,ok,0.09835867455993152,0.5937066272003423,0.7428,0.4614,0.3475,2,18,False,
30min,2024-04-15,2024-04-15,2024-04-15,18,lag_sensitivity,ADF,c,unit_root,2.0,aic,True,ok,-5.572416091381466,1.4573292283024987e-06,-3.889265672705068,-3.0543579727254224,-2.66698384083045,0,17,True,
30min,2024-04-15,2024-04-15,2024-04-15,18,lag_sensitivity,PP,c,unit_root,,Bartlett_short_bandwidth,True,ok,-6.214366267682285,5.4107545284085766e-08,-3.889265672705068,-3.0543579727254224,-2.66698384083045,4,17,True,
30min,2024-04-15,2024-04-15,2024-04-15,18,lag_sensitivity,KPSS,c,level_or_trend_stationarity,,Bartlett_short_bandwidth,True,ok,0.1298339488077395,0.45793302683679293,0.7428,0.4614,0.3475,4,18,False,
30min,2024-04-17,2024-04-17,2024-04-17,18,main,ADF,c,unit_root,2.0,bic,True,ok,-6.194174203083595,6.021341708701539e-08,-3.889265672705068,-3.0543579727254224,-2.66698384083045,0,17,True,
30min,2024-04-17,2024-04-17,2024-04-17,18,main,PP,c,unit_root,,Bartlett_short_bandwidth,True,ok,-6.890158037841951,1.3621536301758896e-09,-3.889265672705068,-3.0543579727254224,-2.66698384083045,2,17,True,
30min,2024-04-17,2024-04-17,2024-04-17,18,main,KPSS,c,level_or_trend_stationarity,,Bartlett_short_bandwidth,True,ok,0.25408117807391195,0.1834856691360103,0.7428,0.4614,0.3475,2,18,False,
30min,2024-04-17,2024-04-17,2024-04-17,18,lag_sensitivity,ADF,c,unit_root,2.0,aic,True,ok,-6.194174203083595,6.021341708701539e-08,-3.889265672705068,-3.0543579727254224,-2.66698384083045,0,17,True,
30min,2024-04-17,2024-04-17,2024-04-17,18,lag_sensitivity,PP,c,unit_root,,Bartlett_short_bandwidth,True,ok,-7.881346826568311,4.693750565596724e-12,-3.889265672705068,-3.0543579727254224,-2.66698384083045,4,17,True,
30min,2024-04-17,2024-04-17,2024-04-17,18,lag_sensitivity,KPSS,c,level_or_trend_stationarity,,Bartlett_short_bandwidth,True,ok,0.29769359139843843,0.13749490259544903,0.7428,0.4614,0.3475,4,18,False,
30min,2024-04-18,2024-04-18,2024-04-18,18,main,ADF,c,unit_root,2.0,bic,True,ok,-4.879656893519481,3.819753695716513e-05,-3.889265672705068,-3.0543579727254224,-2.66698384083045,0,17,True,
30min,2024-04-18,2024-04-18,2024-04-18,18,main,PP,c,unit_root,,Bartlett_short_bandwidth,True,ok,-4.675258885126043,9.363498004718253e-05,-3.889265672705068,-3.0543579727254224,-2.66698384083045,2,17,True,
30min,2024-04-18,2024-04-18,2024-04-18,18,main,KPSS,c,level_or_trend_stationarity,,Bartlett_short_bandwidth,True,ok,0.10578800434363328,0.5577817984380306,0.7428,0.4614,0.3475,2,18,False,
30min,2024-04-18,2024-04-18,2024-04-18,18,lag_sensitivity,ADF,c,unit_root,2.0,aic,True,ok,-4.879656893519481,3.819753695716513e-05,-3.889265672705068,-3.0543579727254224,-2.66698384083045,0,17,True,
30min,2024-04-18,2024-04-18,2024-04-18,18,lag_sensitivity,PP,c,unit_root,,Bartlett_short_bandwidth,True,ok,-4.673354095853366,9.440590766731727e-05,-3.889265672705068,-3.0543579727254224,-2.66698384083045,4,17,True,
30min,2024-04-18,2024-04-18,2024-04-18,18,lag_sensitivity,KPSS,c,level_or_trend_stationarity,,Bartlett_short_bandwidth,True,ok,0.11285387407392962,0.5259695461664946,0.7428,0.4614,0.3475,4,18,False,
30min,2024-04-19,2024-04-19,2024-04-19,18,main,ADF,c,unit_root,2.0,bic,True,ok,-5.077893590661252,1.5527150011375943e-05,-3.889265672705068,-3.0543579727254224,-2.66698384083045,0,17,True,
30min,2024-04-19,2024-04-19,2024-04-19,18,main,PP,c,unit_root,,Bartlett_short_bandwidth,True,ok,-4.9013586319802895,3.466261909941308e-05,-3.889265672705068,-3.0543579727254224,-2.66698384083045,2,17,True,
30min,2024-04-19,2024-04-19,2024-04-19,18,main,KPSS,c,level_or_trend_stationarity,,Bartlett_short_bandwidth,True,ok,0.34836825887037715,0.09947057385952611,0.7428,0.4614,0.3475,2,18,False,
30min,2024-04-19,2024-04-19,2024-04-19,18,lag_sensitivity,ADF,c,unit_root,2.0,aic,True,ok,-5.077893590661252,1.5527150011375943e-05,-3.889265672705068,-3.0543579727254224,-2.66698384083045,0,17,True,
30min,2024-04-19,2024-04-19,2024-04-19,18,lag_sensitivity,PP,c,unit_root,,Bartlett_short_bandwidth,True,ok,-4.975206942787942,2.4842078965395685e-05,-3.889265672705068,-3.0543579727254224,-2.66698384083045,4,17,True,
30min,2024-04-19,2024-04-19,2024-04-19,18,lag_sensitivity,KPSS,c,level_or_trend_stationarity,,Bartlett_short_bandwidth,True,ok,0.3062451504164388,0.1303387862623943,0.7428,0.4614,0.3475,4,18,False,
30min,2024-04-22,2024-04-22,2024-04-22,18,main,ADF,c,unit_root,2.0,bic,True,ok,-3.5948416271793207,0.005860413994399052,-3.889265672705068,-3.0543579727254224,-2.66698384083045,0,17,True,
30min,2024-04-22,2024-04-22,2024-04-22,18,main,PP,c,unit_root,,Bartlett_short_bandwidth,True,ok,-3.561557881523856,0.00653994535935612,-3.889265672705068,-3.0543579727254224,-2.66698384083045,2,17,True,
30min,2024-04-22,2024-04-22,2024-04-22,18,main,KPSS,c,level_or_trend_stationarity,,Bartlett_short_bandwidth,True,ok,0.10646724303036473,0.5546943498619785,0.7428,0.4614,0.3475,2,18,False,
30min,2024-04-22,2024-04-22,2024-04-22,18,lag_sensitivity,ADF,c,unit_root,2.0,aic,True,ok,-3.590538546201394,0.005944508086664423,-3.9240193847656246,-3.0684982031250003,-2.67389265625,1,16,True,
30min,2024-04-22,2024-04-22,2024-04-22,18,lag_sensitivity,PP,c,unit_root,,Bartlett_short_bandwidth,True,ok,-3.5565087733437815,0.0066490376507303845,-3.889265672705068,-3.0543579727254224,-2.66698384083045,4,17,True,
30min,2024-04-22,2024-04-22,2024-04-22,18,lag_sensitivity,KPSS,c,level_or_trend_stationarity,,Bartlett_short_bandwidth,True,ok,0.11843226342714076,0.5023988869275742,0.7428,0.4614,0.3475,4,18,False,
30min,2024-04-23,2024-04-23,2024-04-23,18,main,ADF,c,unit_root,2.0,bic,True,ok,-3.6029004028622156,0.005705819756730391,-3.889265672705068,-3.0543579727254224,-2.66698384083045,0,17,True,
30min,2024-04-23,2024-04-23,2024-04-23,18,main,PP,c,unit_root,,Bartlett_short_bandwidth,True,ok,-3.613224396519877,0.005513180840997763,-3.889265672705068,-3.0543579727254224,-2.66698384083045,2,17,True,
30min,2024-04-23,2024-04-23,2024-04-23,18,main,KPSS,c,level_or_trend_stationarity,,Bartlett_short_bandwidth,True,ok,0.1327506310496261,0.4470498841431862,0.7428,0.4614,0.3475,2,18,False,
30min,2024-04-23,2024-04-23,2024-04-23,18,lag_sensitivity,ADF,c,unit_root,2.0,aic,True,ok,-3.6029004028622156,0.005705819756730391,-3.889265672705068,-3.0543579727254224,-2.66698384083045,0,17,True,
30min,2024-04-23,2024-04-23,2024-04-23,18,lag_sensitivity,PP,c,unit_root,,Bartlett_short_bandwidth,True,ok,-3.6233627520237923,0.00532977310461919,-3.889265672705068,-3.0543579727254224,-2.66698384083045,4,17,True,
30min,2024-04-23,2024-04-23,2024-04-23,18,lag_sensitivity,KPSS,c,level_or_trend_stationarity,,Bartlett_short_bandwidth,True,ok,0.1378324122058454,0.4294780403909404,0.7428,0.4614,0.3475,4,18,False,
30min,2024-04-24,2024-04-24,2024-04-24,18,main,ADF,c,unit_root,2.0,bic,True,ok,-3.4656844369167614,0.00891338602190018,-3.889265672705068,-3.0543579727254224,-2.66698384083045,0,17,True,
30min,2024-04-24,2024-04-24,2024-04-24,18,main,PP,c,unit_root,,Bartlett_short_bandwidth,True,ok,-3.4457548814962666,0.00949453624263223,-3.889265672705068,-3.0543579727254224,-2.66698384083045,2,17,True,
30min,2024-04-24,2024-04-24,2024-04-24,18,main,KPSS,c,level_or_trend_stationarity,,Bartlett_short_bandwidth,True,ok,0.3253388529445431,0.11533643394841306,0.7428,0.4614,0.3475,2,18,False,
30min,2024-04-24,2024-04-24,2024-04-24,18,lag_sensitivity,ADF,c,unit_root,2.0,aic,True,ok,-3.4656844369167614,0.00891338602190018,-3.889265672705068,-3.0543579727254224,-2.66698384083045,0,17,True,
30min,2024-04-24,2024-04-24,2024-04-24,18,lag_sensitivity,PP,c,unit_root,,Bartlett_short_bandwidth,True,ok,-3.441736519127011,0.009615740792550882,-3.889265672705068,-3.0543579727254224,-2.66698384083045,4,17,True,
30min,2024-04-24,2024-04-24,2024-04-24,18,lag_sensitivity,KPSS,c,level_or_trend_stationarity,,Bartlett_short_bandwidth,True,ok,0.2897544631748591,0.1447100350715628,0.7428,0.4614,0.3475,4,18,False,
30min,2024-04-25,2024-04-25,2024-04-25,18,main,ADF,c,unit_root,2.0,bic,True,ok,-5.546726092666358,1.654443774604982e-06,-3.9644434814814815,-3.0849081481481484,-2.6818144444444445,2,15,True,
30min,2024-04-25,2024-04-25,2024-04-25,18,main,PP,c,unit_root,,Bartlett_short_bandwidth,True,ok,-3.2413422581862683,0.017712925325130493,-3.889265672705068,-3.0543579727254224,-2.66698384083045,2,17,True,
30min,2024-04-25,2024-04-25,2024-04-25,18,main,KPSS,c,level_or_trend_stationarity,,Bartlett_short_bandwidth,True,ok,0.10270567745558498,0.5724727045404568,0.7428,0.4614,0.3475,2,18,False,
30min,2024-04-25,2024-04-25,2024-04-25,18,lag_sensitivity,ADF,c,unit_root,2.0,aic,True,ok,-5.546726092666358,1.654443774604982e-06,-3.9644434814814815,-3.0849081481481484,-2.6818144444444445,2,15,True,
30min,2024-04-25,2024-04-25,2024-04-25,18,lag_sensitivity,PP,c,unit_root,,Bartlett_short_bandwidth,True,ok,-3.121295712929046,0.02501682729988629,-3.889265672705068,-3.0543579727254224,-2.66698384083045,4,17,True,
30min,2024-04-25,2024-04-25,2024-04-25,18,lag_sensitivity,KPSS,c,level_or_trend_stationarity,,Bartlett_short_bandwidth,True,ok,0.15627496818138334,0.37156259469826386,0.7428,0.4614,0.3475,4,18,False,
30min,2024-04-26,2024-04-26,2024-04-26,18,main,ADF,c,unit_root,2.0,bic,True,ok,-3.3440960615364737,0.013018822483341633,-3.9240193847656246,-3.0684982031250003,-2.67389265625,1,16,True,
30min,2024-04-26,2024-04-26,2024-04-26,18,main,PP,c,unit_root,,Bartlett_short_bandwidth,True,ok,-3.1048461563248755,0.026196623731358094,-3.889265672705068,-3.0543579727254224,-2.66698384083045,2,17,True,
30min,2024-04-26,2024-04-26,2024-04-26,18,main,KPSS,c,level_or_trend_stationarity,,Bartlett_short_bandwidth,True,ok,0.23808781676150917,0.20473914338679283,0.7428,0.4614,0.3475,2,18,False,
30min,2024-04-26,2024-04-26,2024-04-26,18,lag_sensitivity,ADF,c,unit_root,2.0,aic,True,ok,-3.3440960615364737,0.013018822483341633,-3.9240193847656246,-3.0684982031250003,-2.67389265625,1,16,True,
30min,2024-04-26,2024-04-26,2024-04-26,18,lag_sensitivity,PP,c,unit_root,,Bartlett_short_bandwidth,True,ok,-3.041163199674073,0.031225019581952073,-3.889265672705068,-3.0543579727254224,-2.66698384083045,4,17,False,
30min,2024-04-26,2024-04-26,2024-04-26,18,lag_sensitivity,KPSS,c,level_or_trend_stationarity,,Bartlett_short_bandwidth,True,ok,0.2915892303858277,0.14296263772778317,0.7428,0.4614,0.3475,4,18,False,
30min,2024-04-29,2024-04-29,2024-04-29,18,main,ADF,c,unit_root,2.0,bic,True,ok,-6.0329199716252875,1.403977145475045e-07,-3.889265672705068,-3.0543579727254224,-2.66698384083045,0,17,True,
30min,2024-04-29,2024-04-29,2024-04-29,18,main,PP,c,unit_root,,Bartlett_short_bandwidth,True,ok,-6.555790252203724,8.62357243149031e-09,-3.889265672705068,-3.0543579727254224,-2.66698384083045,2,17,True,
30min,2024-04-29,2024-04-29,2024-04-29,18,main,KPSS,c,level_or_trend_stationarity,,Bartlett_short_bandwidth,True,ok,0.07329737507823138,0.7321710124589486,0.7428,0.4614,0.3475,2,18,False,
30min,2024-04-29,2024-04-29,2024-04-29,18,lag_sensitivity,ADF,c,unit_root,2.0,aic,True,ok,-6.0329199716252875,1.403977145475045e-07,-3.889265672705068,-3.0543579727254224,-2.66698384083045,0,17,True,
30min,2024-04-29,2024-04-29,2024-04-29,18,lag_sensitivity,PP,c,unit_root,,Bartlett_short_bandwidth,True,ok,-8.086320967753672,1.4166916342492598e-12,-3.889265672705068,-3.0543579727254224,-2.66698384083045,4,17,True,
30min,2024-04-29,2024-04-29,2024-04-29,18,lag_sensitivity,KPSS,c,level_or_trend_stationarity,,Bartlett_short_bandwidth,True,ok,0.1406146671103105,0.4199529900310561,0.7428,0.4614,0.3475,4,18,False,
30min,2024-04-30,2024-04-30,2024-04-30,18,main,ADF,c,unit_root,2.0,bic,True,ok,-4.443396368976843,0.00024851822243050976,-3.889265672705068,-3.0543579727254224,-2.66698384083045,0,17,True,
30min,2024-04-30,2024-04-30,2024-04-30,18,main,PP,c,unit_root,,Bartlett_short_bandwidth,True,ok,-4.38209302947548,0.00031925815153472216,-3.889265672705068,-3.0543579727254224,-2.66698384083045,2,17,True,
30min,2024-04-30,2024-04-30,2024-04-30,18,main,KPSS,c,level_or_trend_stationarity,,Bartlett_short_bandwidth,True,ok,0.5325194339834757,0.03306025677002336,0.7428,0.4614,0.3475,2,18,True,
30min,2024-04-30,2024-04-30,2024-04-30,18,lag_sensitivity,ADF,c,unit_root,2.0,aic,True,ok,-4.443396368976843,0.00024851822243050976,-3.889265672705068,-3.0543579727254224,-2.66698384083045,0,17,True,
30min,2024-04-30,2024-04-30,2024-04-30,18,lag_sensitivity,PP,c,unit_root,,Bartlett_short_bandwidth,True,ok,-4.385914213011382,0.00031434207221374486,-3.889265672705068,-3.0543579727254224,-2.66698384083045,4,17,True,
30min,2024-04-30,2024-04-30,2024-04-30,18,lag_sensitivity,KPSS,c,level_or_trend_stationarity,,Bartlett_short_bandwidth,True,ok,0.41174621741156747,0.067379586418062,0.7428,0.4614,0.3475,4,18,False,
30min,2024-05-02,2024-05-02,2024-05-02,18,main,ADF,c,unit_root,2.0,bic,True,ok,-3.8223475965967237,0.002686769647136373,-3.889265672705068,-3.0543579727254224,-2.66698384083045,0,17,True,
30min,2024-05-02,2024-05-02,2024-05-02,18,main,PP,c,unit_root,,Bartlett_short_bandwidth,True,ok,-3.8150283558163536,0.002757244079052956,-3.889265672705068,-3.0543579727254224,-2.66698384083045,2,17,True,
30min,2024-05-02,2024-05-02,2024-05-02,18,main,KPSS,c,level_or_trend_stationarity,,Bartlett_short_bandwidth,True,ok,0.09296608421859857,0.621031466922348,0.7428,0.4614,0.3475,2,18,False,
30min,2024-05-02,2024-05-02,2024-05-02,18,lag_sensitivity,ADF,c,unit_root,2.0,aic,True,ok,-3.8223475965967237,0.002686769647136373,-3.889265672705068,-3.0543579727254224,-2.66698384083045,0,17,True,
30min,2024-05-02,2024-05-02,2024-05-02,18,lag_sensitivity,PP,c,unit_root,,Bartlett_short_bandwidth,True,ok,-3.8180570815459656,0.0027278774507356056,-3.889265672705068,-3.0543579727254224,-2.66698384083045,4,17,True,
30min,2024-05-02,2024-05-02,2024-05-02,18,lag_sensitivity,KPSS,c,level_or_trend_stationarity,,Bartlett_short_bandwidth,True,ok,0.1073088361492449,0.5508689265943414,0.7428,0.4614,0.3475,4,18,False,
30min,2024-05-03,2024-05-03,2024-05-03,18,main,ADF,c,unit_root,2.0,bic,True,ok,-10.01282839430867,1.760168477513066e-17,-3.889265672705068,-3.0543579727254224,-2.66698384083045,0,17,True,
30min,2024-05-03,2024-05-03,2024-05-03,18,main,PP,c,unit_root,,Bartlett_short_bandwidth,True,ok,-13.468320014949258,3.4215250060964914e-25,-3.889265672705068,-3.0543579727254224,-2.66698384083045,2,17,True,
30min,2024-05-03,2024-05-03,2024-05-03,18,main,KPSS,c,level_or_trend_stationarity,,Bartlett_short_bandwidth,True,ok,0.2521641842757464,0.18594335349263283,0.7428,0.4614,0.3475,2,18,False,
30min,2024-05-03,2024-05-03,2024-05-03,18,lag_sensitivity,ADF,c,unit_root,2.0,aic,True,ok,-4.3717333776137774,0.0003329551382693,-3.9644434814814815,-3.0849081481481484,-2.6818144444444445,2,15,True,
30min,2024-05-03,2024-05-03,2024-05-03,18,lag_sensitivity,PP,c,unit_root,,Bartlett_short_bandwidth,True,ok,-17.259165040478077,5.956386211718929e-30,-3.889265672705068,-3.0543579727254224,-2.66698384083045,4,17,True,
30min,2024-05-03,2024-05-03,2024-05-03,18,lag_sensitivity,KPSS,c,level_or_trend_stationarity,,Bartlett_short_bandwidth,True,ok,0.30692521999069466,0.12976969038435593,0.7428,0.4614,0.3475,4,18,False,
30min,2024-05-06,2024-05-06,2024-05-06,18,main,ADF,c,unit_root,2.0,bic,True,ok,-3.729139691647685,0.0037214555610296076,-3.889265672705068,-3.0543579727254224,-2.66698384083045,0,17,True,
30min,2024-05-06,2024-05-06,2024-05-06,18,main,PP,c,unit_root,,Bartlett_short_bandwidth,True,ok,-3.72486263000083,0.003776723703404467,-3.889265672705068,-3.0543579727254224,-2.66698384083045,2,17,True,
30min,2024-05-06,2024-05-06,2024-05-06,18,main,KPSS,c,level_or_trend_stationarity,,Bartlett_short_bandwidth,True,ok,0.0954318397682254,0.608340801158873,0.7428,0.4614,0.3475,2,18,False,
30min,2024-05-06,2024-05-06,2024-05-06,18,lag_sensitivity,ADF,c,unit_root,2.0,aic,True,ok,-3.729139691647685,0.0037214555610296076,-3.889265672705068,-3.0543579727254224,-2.66698384083045,0,17,True,
30min,2024-05-06,2024-05-06,2024-05-06,18,lag_sensitivity,PP,c,unit_root,,Bartlett_short_bandwidth,True,ok,-3.7240045657674443,0.00378790172891094,-3.889265672705068,-3.0543579727254224,-2.66698384083045,4,17,True,
30min,2024-05-06,2024-05-06,2024-05-06,18,lag_sensitivity,KPSS,c,level_or_trend_stationarity,,Bartlett_short_bandwidth,True,ok,0.13587972091117786,0.4361653393452813,0.7428,0.4614,0.3475,4,18,False,
30min,2024-05-07,2024-05-07,2024-05-07,18,main,ADF,c,unit_root,2.0,bic,True,ok,-4.975988041804156,2.475416116596211e-05,-3.889265672705068,-3.0543579727254224,-2.66698384083045,0,17,True,
30min,2024-05-07,2024-05-07,2024-05-07,18,main,PP,c,unit_root,,Bartlett_short_bandwidth,True,ok,-4.907867090455685,3.3665324077362565e-05,-3.889265672705068,-3.0543579727254224,-2.66698384083045,2,17,True,
30min,2024-05-07,2024-05-07,2024-05-07,18,main,KPSS,c,level_or_trend_stationarity,,Bartlett_short_bandwidth,True,ok,0.3245893645651986,0.11585511102754423,0.7428,0.4614,0.3475,2,18,False,
30min,2024-05-07,2024-05-07,2024-05-07,18,lag_sensitivity,ADF,c,unit_root,2.0,aic,True,ok,-1.3945496469881622,0.5848862789598466,-3.9644434814814815,-3.0849081481481484,-2.6818144444444445,2,15,False,
30min,2024-05-07,2024-05-07,2024-05-07,18,lag_sensitivity,PP,c,unit_root,,Bartlett_short_bandwidth,True,ok,-4.85574027742026,4.2494445573618126e-05,-3.889265672705068,-3.0543579727254224,-2.66698384083045,4,17,True,
30min,2024-05-07,2024-05-07,2024-05-07,18,lag_sensitivity,KPSS,c,level_or_trend_stationarity,,Bartlett_short_bandwidth,True,ok,0.2681322500283092,0.16692432689041245,0.7428,0.4614,0.3475,4,18,False,
30min,2024-05-08,2024-05-08,2024-05-08,18,main,ADF,c,unit_root,2.0,bic,True,ok,-4.240529667567751,0.0005621998684013375,-3.889265672705068,-3.0543579727254224,-2.66698384083045,0,17,True,
30min,2024-05-08,2024-05-08,2024-05-08,18,main,PP,c,unit_root,,Bartlett_short_bandwidth,True,ok,-4.378890362773508,0.0003234344988346176,-3.889265672705068,-3.0543579727254224,-2.66698384083045,2,17,True,
30min,2024-05-08,2024-05-08,2024-05-08,18,main,KPSS,c,level_or_trend_stationarity,,Bartlett_short_bandwidth,True,ok,0.0744875837084961,0.7249887190004545,0.7428,0.4614,0.3475,2,18,False,
30min,2024-05-08,2024-05-08,2024-05-08,18,lag_sensitivity,ADF,c,unit_root,2.0,aic,True,ok,-4.240529667567751,0.0005621998684013375,-3.889265672705068,-3.0543579727254224,-2.66698384083045,0,17,True,
30min,2024-05-08,2024-05-08,2024-05-08,18,lag_sensitivity,PP,c,unit_root,,Bartlett_short_bandwidth,True,ok,-4.446739640839047,0.0002451236067289573,-3.889265672705068,-3.0543579727254224,-2.66698384083045,4,17,True,
30min,2024-05-08,2024-05-08,2024-05-08,18,lag_sensitivity,KPSS,c,level_or_trend_stationarity,,Bartlett_short_bandwidth,True,ok,0.11042771513022577,0.5366922039535192,0.7428,0.4614,0.3475,4,18,False,
30min,2024-05-09,2024-05-09,2024-05-09,18,main,ADF,c,unit_root,2.0,bic,True,ok,-3.0413476776506454,0.0312093431548019,-3.889265672705068,-3.0543579727254224,-2.66698384083045,0,17,False,
30min,2024-05-09,2024-05-09,2024-05-09,18,main,PP,c,unit_root,,Bartlett_short_bandwidth,True,ok,-3.0054933653163434,0.03438456402101904,-3.889265672705068,-3.0543579727254224,-2.66698384083045,2,17,False,
30min,2024-05-09,2024-05-09,2024-05-09,18,main,KPSS,c,level_or_trend_stationarity,,Bartlett_short_bandwidth,True,ok,0.3683236801185584,0.08786756515295738,0.7428,0.4614,0.3475,2,18,False,
30min,2024-05-09,2024-05-09,2024-05-09,18,lag_sensitivity,ADF,c,unit_root,2.0,aic,True,ok,-2.2645271095847397,0.183663961157622,-3.9240193847656246,-3.0684982031250003,-2.67389265625,1,16,False,
30min,2024-05-09,2024-05-09,2024-05-09,18,lag_sensitivity,PP,c,unit_root,,Bartlett_short_bandwidth,True,ok,-3.0034635339119857,0.0345722133291362,-3.889265672705068,-3.0543579727254224,-2.66698384083045,4,17,False,
30min,2024-05-09,2024-05-09,2024-05-09,18,lag_sensitivity,KPSS,c,level_or_trend_stationarity,,Bartlett_short_bandwidth,True,ok,0.38118616001291605,0.0811295101974918,0.7428,0.4614,0.3475,4,18,False,
30min,2024-05-10,2024-05-10,2024-05-10,18,main,ADF,c,unit_root,2.0,bic,True,ok,-4.111360497956798,0.000927484299617979,-3.889265672705068,-3.0543579727254224,-2.66698384083045,0,17,True,
30min,2024-05-10,2024-05-10,2024-05-10,18,main,PP,c,unit_root,,Bartlett_short_bandwidth,True,ok,-4.122930743802744,0.0008873645603791428,-3.889265672705068,-3.0543579727254224,-2.66698384083045,2,17,True,
30min,2024-05-10,2024-05-10,2024-05-10,18,main,KPSS,c,level_or_trend_stationarity,,Bartlett_short_bandwidth,True,ok,0.23443701550911383,0.20980970068178637,0.7428,0.4614,0.3475,2,18,False,
30min,2024-05-10,2024-05-10,2024-05-10,18,lag_sensitivity,ADF,c,unit_root,2.0,aic,True,ok,-4.111360497956798,0.000927484299617979,-3.889265672705068,-3.0543579727254224,-2.66698384083045,0,17,True,
30min,2024-05-10,2024-05-10,2024-05-10,18,lag_sensitivity,PP,c,unit_root,,Bartlett_short_bandwidth,True,ok,-4.116263848863213,0.0009102788630614898,-3.889265672705068,-3.0543579727254224,-2.66698384083045,4,17,True,
30min,2024-05-10,2024-05-10,2024-05-10,18,lag_sensitivity,KPSS,c,level_or_trend_stationarity,,Bartlett_short_bandwidth,True,ok,0.25062949497479725,0.18791090387846507,0.7428,0.4614,0.3475,4,18,False,
30min,2024-05-13,2024-05-13,2024-05-13,18,main,ADF,c,unit_root,2.0,bic,True,ok,-4.100943173645714,0.0009650535957996541,-3.889265672705068,-3.0543579727254224,-2.66698384083045,0,17,True,
30min,2024-05-13,2024-05-13,2024-05-13,18,main,PP,c,unit_root,,Bartlett_short_bandwidth,True,ok,-4.060611332017609,0.0011243567772581543,-3.889265672705068,-3.0543579727254224,-2.66698384083045,2,17,True,
30min,2024-05-13,2024-05-13,2024-05-13,18,main,KPSS,c,level_or_trend_stationarity,,Bartlett_short_bandwidth,True,ok,0.06688318023644757,0.7718144234003259,0.7428,0.4614,0.3475,2,18,False,
30min,2024-05-13,2024-05-13,2024-05-13,18,lag_sensitivity,ADF,c,unit_root,2.0,aic,True,ok,-4.100943173645714,0.0009650535957996541,-3.889265672705068,-3.0543579727254224,-2.66698384083045,0,17,True,
30min,2024-05-13,2024-05-13,2024-05-13,18,lag_sensitivity,PP,c,unit_root,,Bartlett_short_bandwidth,True,ok,-4.0817656137349525,0.0010379674734302333,-3.889265672705068,-3.0543579727254224,-2.66698384083045,4,17,True,
30min,2024-05-13,2024-05-13,2024-05-13,18,lag_sensitivity,KPSS,c,level_or_trend_stationarity,,Bartlett_short_bandwidth,True,ok,0.12549683240404635,0.4743546089313959,0.7428,0.4614,0.3475,4,18,False,
30min,2024-05-14,2024-05-14,2024-05-14,18,main,ADF,c,unit_root,2.0,bic,True,ok,-4.191834206983234,0.0006801882381943091,-3.889265672705068,-3.0543579727254224,-2.66698384083045,0,17,True,
30min,2024-05-14,2024-05-14,2024-05-14,18,main,PP,c,unit_root,,Bartlett_short_bandwidth,True,ok,-4.189862764368587,0.0006854237628232336,-3.889265672705068,-3.0543579727254224,-2.66698384083045,2,17,True,
30min,2024-05-14,2024-05-14,2024-05-14,18,main,KPSS,c,level_or_trend_stationarity,,Bartlett_short_bandwidth,True,ok,0.12588654156573298,0.4728162832931593,0.7428,0.4614,0.3475,2,18,False,
30min,2024-05-14,2024-05-14,2024-05-14,18,lag_sensitivity,ADF,c,unit_root,2.0,aic,True,ok,-4.191834206983234,0.0006801882381943091,-3.889265672705068,-3.0543579727254224,-2.66698384083045,0,17,True,
30min,2024-05-14,2024-05-14,2024-05-14,18,lag_sensitivity,PP,c,unit_root,,Bartlett_short_bandwidth,True,ok,-4.189671401117347,0.0006859339745193569,-3.889265672705068,-3.0543579727254224,-2.66698384083045,4,17,True,
30min,2024-05-14,2024-05-14,2024-05-14,18,lag_sensitivity,KPSS,c,level_or_trend_stationarity,,Bartlett_short_bandwidth,True,ok,0.1428136128126973,0.4129050871387907,0.7428,0.4614,0.3475,4,18,False,
30min,2024-05-15,2024-05-15,2024-05-15,18,main,ADF,c,unit_root,2.0,bic,True,ok,-4.21962588414958,0.0006102703582260092,-3.889265672705068,-3.0543579727254224,-2.66698384083045,0,17,True,
30min,2024-05-15,2024-05-15,2024-05-15,18,main,PP,c,unit_root,,Bartlett_short_bandwidth,True,ok,-4.274609620427707,0.0004913992524978956,-3.889265672705068,-3.0543579727254224,-2.66698384083045,2,17,True,
30min,2024-05-15,2024-05-15,2024-05-15,18,main,KPSS,c,level_or_trend_stationarity,,Bartlett_short_bandwidth,True,ok,0.07235920402614363,0.737832389497409,0.7428,0.4614,0.3475,2,18,False,
30min,2024-05-15,2024-05-15,2024-05-15,18,lag_sensitivity,ADF,c,unit_root,2.0,aic,True,ok,-4.21962588414958,0.0006102703582260092,-3.889265672705068,-3.0543579727254224,-2.66698384083045,0,17,True,
30min,2024-05-15,2024-05-15,2024-05-15,18,lag_sensitivity,PP,c,unit_root,,Bartlett_short_bandwidth,True,ok,-4.5347380408617,0.00017009141184383224,-3.889265672705068,-3.0543579727254224,-2.66698384083045,4,17,True,
30min,2024-05-15,2024-05-15,2024-05-15,18,lag_sensitivity,KPSS,c,level_or_trend_stationarity,,Bartlett_short_bandwidth,True,ok,0.11233517964198173,0.528161212780359,0.7428,0.4614,0.3475,4,18,False,
30min,2024-05-16,2024-05-16,2024-05-16,18,main,ADF,c,unit_root,2.0,bic,True,ok,-5.111384977713629,1.3298537169552028e-05,-3.9644434814814815,-3.0849081481481484,-2.6818144444444445,2,15,True,
30min,2024-05-16,2024-05-16,2024-05-16,18,main,PP,c,unit_root,,Bartlett_short_bandwidth,True,ok,-4.97505809369617,2.4858867008639275e-05,-3.889265672705068,-3.0543579727254224,-2.66698384083045,2,17,True,
30min,2024-05-16,2024-05-16,2024-05-16,18,main,KPSS,c,level_or_trend_stationarity,,Bartlett_short_bandwidth,True,ok,0.06651638689582101,0.7740950037565533,0.7428,0.4614,0.3475,2,18,False,
30min,2024-05-16,2024-05-16,2024-05-16,18,lag_sensitivity,ADF,c,unit_root,2.0,aic,True,ok,-5.111384977713629,1.3298537169552028e-05,-3.9644434814814815,-3.0849081481481484,-2.6818144444444445,2,15,True,
30min,2024-05-16,2024-05-16,2024-05-16,18,lag_sensitivity,PP,c,unit_root,,Bartlett_short_bandwidth,True,ok,-5.134698164707816,1.1933252229951473e-05,-3.889265672705068,-3.0543579727254224,-2.66698384083045,4,17,True,
30min,2024-05-16,2024-05-16,2024-05-16,18,lag_sensitivity,KPSS,c,level_or_trend_stationarity,,Bartlett_short_bandwidth,True,ok,0.14344405464573065,0.41088444023804277,0.7428,0.4614,0.3475,4,18,False,
30min,2024-05-17,2024-05-17,2024-05-17,18,main,ADF,c,unit_root,2.0,bic,True,ok,-7.544574737043775,3.309488053437857e-11,-3.889265672705068,-3.0543579727254224,-2.66698384083045,0,17,True,
30min,2024-05-17,2024-05-17,2024-05-17,18,main,PP,c,unit_root,,Bartlett_short_bandwidth,True,ok,-8.385796004743272,2.4404796959365066e-13,-3.889265672705068,-3.0543579727254224,-2.66698384083045,2,17,True,
30min,2024-05-17,2024-05-17,2024-05-17,18,main,KPSS,c,level_or_trend_stationarity,,Bartlett_short_bandwidth,True,ok,0.31943875885855294,0.1194195440425239,0.7428,0.4614,0.3475,2,18,False,
30min,2024-05-17,2024-05-17,2024-05-17,18,lag_sensitivity,ADF,c,unit_root,2.0,aic,True,ok,-7.544574737043775,3.309488053437857e-11,-3.889265672705068,-3.0543579727254224,-2.66698384083045,0,17,True,
30min,2024-05-17,2024-05-17,2024-05-17,18,lag_sensitivity,PP,c,unit_root,,Bartlett_short_bandwidth,True,ok,-9.340128124372693,8.842855191722e-16,-3.889265672705068,-3.0543579727254224,-2.66698384083045,4,17,True,
30min,2024-05-17,2024-05-17,2024-05-17,18,lag_sensitivity,KPSS,c,level_or_trend_stationarity,,Bartlett_short_bandwidth,True,ok,0.3401762201265069,0.10506835977404366,0.7428,0.4614,0.3475,4,18,False,
30min,2024-05-20,2024-05-20,2024-05-20,18,main,ADF,c,unit_root,2.0,bic,True,ok,-4.665152315138786,9.779531002682089e-05,-3.889265672705068,-3.0543579727254224,-2.66698384083045,0,17,True,
30min,2024-05-20,2024-05-20,2024-05-20,18,main,PP,c,unit_root,,Bartlett_short_bandwidth,True,ok,-4.615939881209833,0.00012070775003537858,-3.889265672705068,-3.0543579727254224,-2.66698384083045,2,17,True,
30min,2024-05-20,2024-05-20,2024-05-20,18,main,KPSS,c,level_or_trend_stationarity,,Bartlett_short_bandwidth,True,ok,0.09950026111541437,0.5879986944229282,0.7428,0.4614,0.3475,2,18,False,
30min,2024-05-20,2024-05-20,2024-05-20,18,lag_sensitivity,ADF,c,unit_root,2.0,aic,True,ok,-4.665152315138786,9.779531002682089e-05,-3.889265672705068,-3.0543579727254224,-2.66698384083045,0,17,True,
30min,2024-05-20,2024-05-20,2024-05-20,18,lag_sensitivity,PP,c,unit_root,,Bartlett_short_bandwidth,True,ok,-4.6136580259985855,0.0001218857866968072,-3.889265672705068,-3.0543579727254224,-2.66698384083045,4,17,True,
30min,2024-05-20,2024-05-20,2024-05-20,18,lag_sensitivity,KPSS,c,level_or_trend_stationarity,,Bartlett_short_bandwidth,True,ok,0.10423700088958016,0.5651105726462492,0.7428,0.4614,0.3475,4,18,False,
30min,2024-05-21,2024-05-21,2024-05-21,18,main,ADF,c,unit_root,2.0,bic,True,ok,-5.589439646554595,1.3395268293349194e-06,-3.889265672705068,-3.0543579727254224,-2.66698384083045,0,17,True,
30min,2024-05-21,2024-05-21,2024-05-21,18,main,PP,c,unit_root,,Bartlett_short_bandwidth,True,ok,-5.840921123047281,3.7792172874027604e-07,-3.889265672705068,-3.0543579727254224,-2.66698384083045,2,17,True,
30min,2024-05-21,2024-05-21,2024-05-21,18,main,KPSS,c,level_or_trend_stationarity,,Bartlett_short_bandwidth,True,ok,0.10264752678626582,0.5727522750660298,0.7428,0.4614,0.3475,2,18,False,
30min,2024-05-21,2024-05-21,2024-05-21,18,lag_sensitivity,ADF,c,unit_root,2.0,aic,True,ok,-5.589439646554595,1.3395268293349194e-06,-3.889265672705068,-3.0543579727254224,-2.66698384083045,0,17,True,
30min,2024-05-21,2024-05-21,2024-05-21,18,lag_sensitivity,PP,c,unit_root,,Bartlett_short_bandwidth,True,ok,-6.379811922322415,2.236757768155237e-08,-3.889265672705068,-3.0543579727254224,-2.66698384083045,4,17,True,
30min,2024-05-21,2024-05-21,2024-05-21,18,lag_sensitivity,KPSS,c,level_or_trend_stationarity,,Bartlett_short_bandwidth,True,ok,0.15889888884602257,0.3642338218515863,0.7428,0.4614,0.3475,4,18,False,
30min,2024-05-22,2024-05-22,2024-05-22,18,main,ADF,c,unit_root,2.0,bic,True,ok,-4.074344771779345,0.0010675400108640417,-3.889265672705068,-3.0543579727254224,-2.66698384083045,0,17,True,
30min,2024-05-22,2024-05-22,2024-05-22,18,main,PP,c,unit_root,,Bartlett_short_bandwidth,True,ok,-4.073377926214042,0.0010714504385157546,-3.889265672705068,-3.0543579727254224,-2.66698384083045,2,17,True,
30min,2024-05-22,2024-05-22,2024-05-22,18,main,KPSS,c,level_or_trend_stationarity,,Bartlett_short_bandwidth,True,ok,0.09172840324170078,0.627614876373932,0.7428,0.4614,0.3475,2,18,False,
30min,2024-05-22,2024-05-22,2024-05-22,18,lag_sensitivity,ADF,c,unit_root,2.0,aic,True,ok,-4.074344771779345,0.0010675400108640417,-3.889265672705068,-3.0543579727254224,-2.66698384083045,0,17,True,
30min,2024-05-22,2024-05-22,2024-05-22,18,lag_sensitivity,PP,c,unit_root,,Bartlett_short_bandwidth,True,ok,-4.2432735264561074,0.0005561616227676449,-3.889265672705068,-3.0543579727254224,-2.66698384083045,4,17,True,
30min,2024-05-22,2024-05-22,2024-05-22,18,lag_sensitivity,KPSS,c,level_or_trend_stationarity,,Bartlett_short_bandwidth,True,ok,0.14377409466293267,0.4098266196700876,0.7428,0.4614,0.3475,4,18,False,
30min,2024-05-23,2024-05-23,2024-05-23,18,main,ADF,c,unit_root,2.0,bic,True,ok,-3.585759256118115,0.006039189663441843,-3.889265672705068,-3.0543579727254224,-2.66698384083045,0,17,True,
30min,2024-05-23,2024-05-23,2024-05-23,18,main,PP,c,unit_root,,Bartlett_short_bandwidth,True,ok,-3.585173647799135,0.006050884535532763,-3.889265672705068,-3.0543579727254224,-2.66698384083045,2,17,True,
30min,2024-05-23,2024-05-23,2024-05-23,18,main,KPSS,c,level_or_trend_stationarity,,Bartlett_short_bandwidth,True,ok,0.26973719590566614,0.1650724662626929,0.7428,0.4614,0.3475,2,18,False,
30min,2024-05-23,2024-05-23,2024-05-23,18,lag_sensitivity,ADF,c,unit_root,2.0,aic,True,ok,-3.585759256118115,0.006039189663441843,-3.889265672705068,-3.0543579727254224,-2.66698384083045,0,17,True,
30min,2024-05-23,2024-05-23,2024-05-23,18,lag_sensitivity,PP,c,unit_root,,Bartlett_short_bandwidth,True,ok,-3.560053003406556,0.006572289581461595,-3.889265672705068,-3.0543579727254224,-2.66698384083045,4,17,True,
30min,2024-05-23,2024-05-23,2024-05-23,18,lag_sensitivity,KPSS,c,level_or_trend_stationarity,,Bartlett_short_bandwidth,True,ok,0.29122709927845036,0.14330752449671397,0.7428,0.4614,0.3475,4,18,False,
30min,2024-05-24,2024-05-24,2024-05-24,18,main,ADF,c,unit_root,2.0,bic,True,ok,-4.5020413751263195,0.00019497651674081195,-3.889265672705068,-3.0543579727254224,-2.66698384083045,0,17,True,
30min,2024-05-24,2024-05-24,2024-05-24,18,main,PP,c,unit_root,,Bartlett_short_bandwidth,True,ok,-4.57873625663608,0.00014134224437806886,-3.889265672705068,-3.0543579727254224,-2.66698384083045,2,17,True,
30min,2024-05-24,2024-05-24,2024-05-24,18,main,KPSS,c,level_or_trend_stationarity,,Bartlett_short_bandwidth,True,ok,0.23441263260622905,0.2098435658246819,0.7428,0.4614,0.3475,2,18,False,
30min,2024-05-24,2024-05-24,2024-05-24,18,lag_sensitivity,ADF,c,unit_root,2.0,aic,True,ok,-4.5020413751263195,0.00019497651674081195,-3.889265672705068,-3.0543579727254224,-2.66698384083045,0,17,True,
30min,2024-05-24,2024-05-24,2024-05-24,18,lag_sensitivity,PP,c,unit_root,,Bartlett_short_bandwidth,True,ok,-4.679367562676584,9.199251904928482e-05,-3.889265672705068,-3.0543579727254224,-2.66698384083045,4,17,True,
30min,2024-05-24,2024-05-24,2024-05-24,18,lag_sensitivity,KPSS,c,level_or_trend_stationarity,,Bartlett_short_bandwidth,True,ok,0.28368939639726976,0.15053187875284402,0.7428,0.4614,0.3475,4,18,False,
30min,2024-05-27,2024-05-27,2024-05-27,18,main,ADF,c,unit_root,2.0,bic,True,ok,-5.556012590282355,1.5803632401699428e-06,-3.889265672705068,-3.0543579727254224,-2.66698384083045,0,17,True,
30min,2024-05-27,2024-05-27,2024-05-27,18,main,PP,c,unit_root,,Bartlett_short_bandwidth,True,ok,-5.84961564692715,3.615076883129087e-07,-3.889265672705068,-3.0543579727254224,-2.66698384083045,2,17,True,
30min,2024-05-27,2024-05-27,2024-05-27,18,main,KPSS,c,level_or_trend_stationarity,,Bartlett_short_bandwidth,True,ok,0.0674664193975284,0.7681880659221032,0.7428,0.4614,0.3475,2,18,False,
30min,2024-05-27,2024-05-27,2024-05-27,18,lag_sensitivity,ADF,c,unit_root,2.0,aic,True,ok,-5.556012590282355,1.5803632401699428e-06,-3.889265672705068,-3.0543579727254224,-2.66698384083045,0,17,True,
30min,2024-05-27,2024-05-27,2024-05-27,18,lag_sensitivity,PP,c,unit_root,,Bartlett_short_bandwidth,True,ok,-6.538408757877367,9.480420169805268e-09,-3.889265672705068,-3.0543579727254224,-2.66698384083045,4,17,True,
30min,2024-05-27,2024-05-27,2024-05-27,18,lag_sensitivity,KPSS,c,level_or_trend_stationarity,,Bartlett_short_bandwidth,True,ok,0.11345330490663326,0.523436739831127,0.7428,0.4614,0.3475,4,18,False,
30min,2024-05-28,2024-05-28,2024-05-28,18,main,ADF,c,unit_root,2.0,bic,True,ok,-4.598223440309808,0.00013014706559277072,-3.889265672705068,-3.0543579727254224,-2.66698384083045,0,17,True,
30min,2024-05-28,2024-05-28,2024-05-28,18,main,PP,c,unit_root,,Bartlett_short_bandwidth,True,ok,-4.752418785930541,6.700718656929463e-05,-3.889265672705068,-3.0543579727254224,-2.66698384083045,2,17,True,
30min,2024-05-28,2024-05-28,2024-05-28,18,main,KPSS,c,level_or_trend_stationarity,,Bartlett_short_bandwidth,True,ok,0.08582717081667579,0.6594881591817685,0.7428,0.4614,0.3475,2,18,False,
30min,2024-05-28,2024-05-28,2024-05-28,18,lag_sensitivity,ADF,c,unit_root,2.0,aic,True,ok,-4.598223440309808,0.00013014706559277072,-3.889265672705068,-3.0543579727254224,-2.66698384083045,0,17,True,
30min,2024-05-28,2024-05-28,2024-05-28,18,lag_sensitivity,PP,c,unit_root,,Bartlett_short_bandwidth,True,ok,-5.302138667256161,5.420073827230867e-06,-3.889265672705068,-3.0543579727254224,-2.66698384083045,4,17,True,
30min,2024-05-28,2024-05-28,2024-05-28,18,lag_sensitivity,KPSS,c,level_or_trend_stationarity,,Bartlett_short_bandwidth,True,ok,0.16252449283855425,0.35427337132265313,0.7428,0.4614,0.3475,4,18,False,
30min,2024-05-29,2024-05-29,2024-05-29,18,main,ADF,c,unit_root,2.0,bic,True,ok,-5.766128578262484,5.527410656680801e-07,-3.9644434814814815,-3.0849081481481484,-2.6818144444444445,2,15,True,
30min,2024-05-29,2024-05-29,2024-05-29,18,main,PP,c,unit_root,,Bartlett_short_bandwidth,True,ok,-4.812017436699745,5.1579030143047104e-05,-3.889265672705068,-3.0543579727254224,-2.66698384083045,2,17,True,
30min,2024-05-29,2024-05-29,2024-05-29,18,main,KPSS,c,level_or_trend_stationarity,,Bartlett_short_bandwidth,True,ok,0.10264458064904546,0.5727664391872814,0.7428,0.4614,0.3475,2,18,False,
30min,2024-05-29,2024-05-29,2024-05-29,18,lag_sensitivity,ADF,c,unit_root,2.0,aic,True,ok,-5.766128578262484,5.527410656680801e-07,-3.9644434814814815,-3.0849081481481484,-2.6818144444444445,2,15,True,
30min,2024-05-29,2024-05-29,2024-05-29,18,lag_sensitivity,PP,c,unit_root,,Bartlett_short_bandwidth,True,ok,-5.217084146510757,8.112773903414903e-06,-3.889265672705068,-3.0543579727254224,-2.66698384083045,4,17,True,
30min,2024-05-29,2024-05-29,2024-05-29,18,lag_sensitivity,KPSS,c,level_or_trend_stationarity,,Bartlett_short_bandwidth,True,ok,0.1662712718828118,0.34406244474037423,0.7428,0.4614,0.3475,4,18,False,
30min,2024-05-31,2024-05-31,2024-05-31,18,main,ADF,c,unit_root,2.0,bic,True,ok,-3.656992857444291,0.004760404849291646,-3.889265672705068,-3.0543579727254224,-2.66698384083045,0,17,True,
30min,2024-05-31,2024-05-31,2024-05-31,18,main,PP,c,unit_root,,Bartlett_short_bandwidth,True,ok,-3.667341344407127,0.004596696429852101,-3.889265672705068,-3.0543579727254224,-2.66698384083045,2,17,True,
30min,2024-05-31,2024-05-31,2024-05-31,18,main,KPSS,c,level_or_trend_stationarity,,Bartlett_short_bandwidth,True,ok,0.47977745926130433,0.04488063518467392,0.7428,0.4614,0.3475,2,18,True,
30min,2024-05-31,2024-05-31,2024-05-31,18,lag_sensitivity,ADF,c,unit_root,2.0,aic,True,ok,-3.656992857444291,0.004760404849291646,-3.889265672705068,-3.0543579727254224,-2.66698384083045,0,17,True,
30min,2024-05-31,2024-05-31,2024-05-31,18,lag_sensitivity,PP,c,unit_root,,Bartlett_short_bandwidth,True,ok,-3.7416059105968213,0.0035645672424150818,-3.889265672705068,-3.0543579727254224,-2.66698384083045,4,17,True,
30min,2024-05-31,2024-05-31,2024-05-31,18,lag_sensitivity,KPSS,c,level_or_trend_stationarity,,Bartlett_short_bandwidth,True,ok,0.39497156844281334,0.07457010245893216,0.7428,0.4614,0.3475,4,18,False,
30min,2024-06-03,2024-06-03,2024-06-03,18,main,ADF,c,unit_root,2.0,bic,True,ok,-4.617585302628314,0.00011986503394054312,-3.889265672705068,-3.0543579727254224,-2.66698384083045,0,17,True,
30min,2024-06-03,2024-06-03,2024-06-03,18,main,PP,c,unit_root,,Bartlett_short_bandwidth,True,ok,-4.746816336935229,6.866605305603924e-05,-3.889265672705068,-3.0543579727254224,-2.66698384083045,2,17,True,
30min,2024-06-03,2024-06-03,2024-06-03,18,main,KPSS,c,level_or_trend_stationarity,,Bartlett_short_bandwidth,True,ok,0.08538546410295945,0.6618974685293121,0.7428,0.4614,0.3475,2,18,False,
30min,2024-06-03,2024-06-03,2024-06-03,18,lag_sensitivity,ADF,c,unit_root,2.0,aic,True,ok,-4.617585302628314,0.00011986503394054312,-3.889265672705068,-3.0543579727254224,-2.66698384083045,0,17,True,
30min,2024-06-03,2024-06-03,2024-06-03,18,lag_sensitivity,PP,c,unit_root,,Bartlett_short_bandwidth,True,ok,-5.195557948433828,8.977543617353715e-06,-3.889265672705068,-3.0543579727254224,-2.66698384083045,4,17,True,
30min,2024-06-03,2024-06-03,2024-06-03,18,lag_sensitivity,KPSS,c,level_or_trend_stationarity,,Bartlett_short_bandwidth,True,ok,0.14649893104214937,0.4010931697367008,0.7428,0.4614,0.3475,4,18,False,
30min,2024-06-04,2024-06-04,2024-06-04,18,main,ADF,c,unit_root,2.0,bic,True,ok,-5.090320410979074,1.4661076395211684e-05,-3.889265672705068,-3.0543579727254224,-2.66698384083045,0,17,True,
30min,2024-06-04,2024-06-04,2024-06-04,18,main,PP,c,unit_root,,Bartlett_short_bandwidth,True,ok,-5.006068245341005,2.1587555139106042e-05,-3.889265672705068,-3.0543579727254224,-2.66698384083045,2,17,True,
30min,2024-06-04,2024-06-04,2024-06-04,18,main,KPSS,c,level_or_trend_stationarity,,Bartlett_short_bandwidth,True,ok,0.15071674032713606,0.38810493950257124,0.7428,0.4614,0.3475,2,18,False,
30min,2024-06-04,2024-06-04,2024-06-04,18,lag_sensitivity,ADF,c,unit_root,2.0,aic,True,ok,-5.090320410979074,1.4661076395211684e-05,-3.889265672705068,-3.0543579727254224,-2.66698384083045,0,17,True,
30min,2024-06-04,2024-06-04,2024-06-04,18,lag_sensitivity,PP,c,unit_root,,Bartlett_short_bandwidth,True,ok,-4.986714049073435,2.3576799863727474e-05,-3.889265672705068,-3.0543579727254224,-2.66698384083045,4,17,True,
30min,2024-06-04,2024-06-04,2024-06-04,18,lag_sensitivity,KPSS,c,level_or_trend_stationarity,,Bartlett_short_bandwidth,True,ok,0.19354023594952802,0.28076545542653614,0.7428,0.4614,0.3475,4,18,False,
30min,2024-06-05,2024-06-05,2024-06-05,18,main,ADF,c,unit_root,2.0,bic,True,ok,-3.6418197114626674,0.005010055234031393,-3.889265672705068,-3.0543579727254224,-2.66698384083045,0,17,True,
30min,2024-06-05,2024-06-05,2024-06-05,18,main,PP,c,unit_root,,Bartlett_short_bandwidth,True,ok,-3.6273776892675196,0.005258686913751631,-3.889265672705068,-3.0543579727254224,-2.66698384083045,2,17,True,
30min,2024-06-05,2024-06-05,2024-06-05,18,main,KPSS,c,level_or_trend_stationarity,,Bartlett_short_bandwidth,True,ok,0.08351137676275414,0.6722298054596074,0.7428,0.4614,0.3475,2,18,False,
30min,2024-06-05,2024-06-05,2024-06-05,18,lag_sensitivity,ADF,c,unit_root,2.0,aic,True,ok,-3.6418197114626674,0.005010055234031393,-3.889265672705068,-3.0543579727254224,-2.66698384083045,0,17,True,
30min,2024-06-05,2024-06-05,2024-06-05,18,lag_sensitivity,PP,c,unit_root,,Bartlett_short_bandwidth,True,ok,-3.6384777369534707,0.00506661933063513,-3.889265672705068,-3.0543579727254224,-2.66698384083045,4,17,True,
30min,2024-06-05,2024-06-05,2024-06-05,18,lag_sensitivity,KPSS,c,level_or_trend_stationarity,,Bartlett_short_bandwidth,True,ok,0.11000095993294891,0.5386320003047778,0.7428,0.4614,0.3475,4,18,False,
30min,2024-06-06,2024-06-06,2024-06-06,18,main,ADF,c,unit_root,2.0,bic,True,ok,-4.5742224143725645,0.00014406338599240765,-3.889265672705068,-3.0543579727254224,-2.66698384083045,0,17,True,
30min,2024-06-06,2024-06-06,2024-06-06,18,main,PP,c,unit_root,,Bartlett_short_bandwidth,True,ok,-4.56978584101617,0.0001467865726122868,-3.889265672705068,-3.0543579727254224,-2.66698384083045,2,17,True,
30min,2024-06-06,2024-06-06,2024-06-06,18,main,KPSS,c,level_or_trend_stationarity,,Bartlett_short_bandwidth,True,ok,0.29079759299007624,0.14371657810468932,0.7428,0.4614,0.3475,2,18,False,
30min,2024-06-06,2024-06-06,2024-06-06,18,lag_sensitivity,ADF,c,unit_root,2.0,aic,True,ok,-4.5742224143725645,0.00014406338599240765,-3.889265672705068,-3.0543579727254224,-2.66698384083045,0,17,True,
30min,2024-06-06,2024-06-06,2024-06-06,18,lag_sensitivity,PP,c,unit_root,,Bartlett_short_bandwidth,True,ok,-4.54294753101147,0.0001643357684015853,-3.889265672705068,-3.0543579727254224,-2.66698384083045,4,17,True,
30min,2024-06-06,2024-06-06,2024-06-06,18,lag_sensitivity,KPSS,c,level_or_trend_stationarity,,Bartlett_short_bandwidth,True,ok,0.2784796877997944,0.15595865854188085,0.7428,0.4614,0.3475,4,18,False,
30min,2024-06-10,2024-06-10,2024-06-10,18,main,ADF,c,unit_root,2.0,bic,True,ok,-4.507988141205639,0.00019020683487733583,-3.9240193847656246,-3.0684982031250003,-2.67389265625,1,16,True,
30min,2024-06-10,2024-06-10,2024-06-10,18,main,PP,c,unit_root,,Bartlett_short_bandwidth,True,ok,-3.7046843081283765,0.0040477455359399055,-3.889265672705068,-3.0543579727254224,-2.66698384083045,2,17,True,
30min,2024-06-10,2024-06-10,2024-06-10,18,main,KPSS,c,level_or_trend_stationarity,,Bartlett_short_bandwidth,True,ok,0.13407956402963214,0.44233026017249266,0.7428,0.4614,0.3475,2,18,False,
30min,2024-06-10,2024-06-10,2024-06-10,18,lag_sensitivity,ADF,c,unit_root,2.0,aic,True,ok,-4.507988141205639,0.00019020683487733583,-3.9240193847656246,-3.0684982031250003,-2.67389265625,1,16,True,
30min,2024-06-10,2024-06-10,2024-06-10,18,lag_sensitivity,PP,c,unit_root,,Bartlett_short_bandwidth,True,ok,-3.945204273971523,0.001726240686865777,-3.889265672705068,-3.0543579727254224,-2.66698384083045,4,17,True,
30min,2024-06-10,2024-06-10,2024-06-10,18,lag_sensitivity,KPSS,c,level_or_trend_stationarity,,Bartlett_short_bandwidth,True,ok,0.21283443347802194,0.2444027973606751,0.7428,0.4614,0.3475,4,18,False,
30min,2024-06-11,2024-06-11,2024-06-11,18,main,ADF,c,unit_root,2.0,bic,True,ok,-5.9739699932940225,1.906849136574638e-07,-3.889265672705068,-3.0543579727254224,-2.66698384083045,0,17,True,
30min,2024-06-11,2024-06-11,2024-06-11,18,main,PP,c,unit_root,,Bartlett_short_bandwidth,True,ok,-6.2993730991797285,3.4422010213836226e-08,-3.889265672705068,-3.0543579727254224,-2.66698384083045,2,17,True,
30min,2024-06-11,2024-06-11,2024-06-11,18,main,KPSS,c,level_or_trend_stationarity,,Bartlett_short_bandwidth,True,ok,0.32196086270553803,0.11767414345637507,0.7428,0.4614,0.3475,2,18,False,
30min,2024-06-11,2024-06-11,2024-06-11,18,lag_sensitivity,ADF,c,unit_root,2.0,aic,True,ok,-5.9739699932940225,1.906849136574638e-07,-3.889265672705068,-3.0543579727254224,-2.66698384083045,0,17,True,
30min,2024-06-11,2024-06-11,2024-06-11,18,lag_sensitivity,PP,c,unit_root,,Bartlett_short_bandwidth,True,ok,-6.1689386583146035,6.88026832474677e-08,-3.889265672705068,-3.0543579727254224,-2.66698384083045,4,17,True,
30min,2024-06-11,2024-06-11,2024-06-11,18,lag_sensitivity,KPSS,c,level_or_trend_stationarity,,Bartlett_short_bandwidth,True,ok,0.3097352241343539,0.12741822248171222,0.7428,0.4614,0.3475,4,18,False,
30min,2024-06-12,2024-06-12,2024-06-12,18,main,ADF,c,unit_root,2.0,bic,True,ok,-4.100988634487998,0.00096488659320434,-3.889265672705068,-3.0543579727254224,-2.66698384083045,0,17,True,
30min,2024-06-12,2024-06-12,2024-06-12,18,main,PP,c,unit_root,,Bartlett_short_bandwidth,True,ok,-4.098286984809411,0.0009748583409727366,-3.889265672705068,-3.0543579727254224,-2.66698384083045,2,17,True,
30min,2024-06-12,2024-06-12,2024-06-12,18,main,KPSS,c,level_or_trend_stationarity,,Bartlett_short_bandwidth,True,ok,0.06513980426015903,0.7826540667762133,0.7428,0.4614,0.3475,2,18,False,
30min,2024-06-12,2024-06-12,2024-06-12,18,lag_sensitivity,ADF,c,unit_root,2.0,aic,True,ok,-4.100988634487998,0.00096488659320434,-3.889265672705068,-3.0543579727254224,-2.66698384083045,0,17,True,
30min,2024-06-12,2024-06-12,2024-06-12,18,lag_sensitivity,PP,c,unit_root,,Bartlett_short_bandwidth,True,ok,-4.116126610984425,0.0009107563247356383,-3.889265672705068,-3.0543579727254224,-2.66698384083045,4,17,True,
30min,2024-06-12,2024-06-12,2024-06-12,18,lag_sensitivity,KPSS,c,level_or_trend_stationarity,,Bartlett_short_bandwidth,True,ok,0.10919775712551706,0.5422829221567407,0.7428,0.4614,0.3475,4,18,False,
30min,2024-06-13,2024-06-13,2024-06-13,18,main,ADF,c,unit_root,2.0,bic,True,ok,-4.495155307302629,0.00020064171903775552,-3.9240193847656246,-3.0684982031250003,-2.67389265625,1,16,True,
30min,2024-06-13,2024-06-13,2024-06-13,18,main,PP,c,unit_root,,Bartlett_short_bandwidth,True,ok,-3.6718655425857634,0.00452675208740359,-3.889265672705068,-3.0543579727254224,-2.66698384083045,2,17,True,
30min,2024-06-13,2024-06-13,2024-06-13,18,main,KPSS,c,level_or_trend_stationarity,,Bartlett_short_bandwidth,True,ok,0.08854040225975843,0.6446887149467722,0.7428,0.4614,0.3475,2,18,False,
30min,2024-06-13,2024-06-13,2024-06-13,18,lag_sensitivity,ADF,c,unit_root,2.0,aic,True,ok,-4.495155307302629,0.00020064171903775552,-3.9240193847656246,-3.0684982031250003,-2.67389265625,1,16,True,
30min,2024-06-13,2024-06-13,2024-06-13,18,lag_sensitivity,PP,c,unit_root,,Bartlett_short_bandwidth,True,ok,-3.9007481886537425,0.0020293477443939115,-3.889265672705068,-3.0543579727254224,-2.66698384083045,4,17,True,
30min,2024-06-13,2024-06-13,2024-06-13,18,lag_sensitivity,KPSS,c,level_or_trend_stationarity,,Bartlett_short_bandwidth,True,ok,0.13942394202592434,0.424027595801629,0.7428,0.4614,0.3475,4,18,False,
30min,2024-06-14,2024-06-14,2024-06-14,18,main,ADF,c,unit_root,2.0,bic,True,ok,-3.802596113638627,0.0028808647620422543,-3.889265672705068,-3.0543579727254224,-2.66698384083045,0,17,True,
30min,2024-06-14,2024-06-14,2024-06-14,18,main,PP,c,unit_root,,Bartlett_short_bandwidth,True,ok,-3.8036823844959047,0.0028698632903120555,-3.889265672705068,-3.0543579727254224,-2.66698384083045,2,17,True,
30min,2024-06-14,2024-06-14,2024-06-14,18,main,KPSS,c,level_or_trend_stationarity,,Bartlett_short_bandwidth,True,ok,0.05829090599814242,0.8252378901669901,0.7428,0.4614,0.3475,2,18,False,
30min,2024-06-14,2024-06-14,2024-06-14,18,lag_sensitivity,ADF,c,unit_root,2.0,aic,True,ok,-3.802596113638627,0.0028808647620422543,-3.889265672705068,-3.0543579727254224,-2.66698384083045,0,17,True,
30min,2024-06-14,2024-06-14,2024-06-14,18,lag_sensitivity,PP,c,unit_root,,Bartlett_short_bandwidth,True,ok,-3.875321955395253,0.0022241601175216575,-3.889265672705068,-3.0543579727254224,-2.66698384083045,4,17,True,
30min,2024-06-14,2024-06-14,2024-06-14,18,lag_sensitivity,KPSS,c,level_or_trend_stationarity,,Bartlett_short_bandwidth,True,ok,0.11672695996698967,0.5096043945056774,0.7428,0.4614,0.3475,4,18,False,
30min,2024-06-17,2024-06-17,2024-06-17,18,main,ADF,c,unit_root,2.0,bic,True,ok,-2.785204028275961,0.060418546936279016,-3.889265672705068,-3.0543579727254224,-2.66698384083045,0,17,False,
30min,2024-06-17,2024-06-17,2024-06-17,18,main,PP,c,unit_root,,Bartlett_short_bandwidth,True,ok,-2.780427944563631,0.06112434097557958,-3.889265672705068,-3.0543579727254224,-2.66698384083045,2,17,False,
30min,2024-06-17,2024-06-17,2024-06-17,18,main,KPSS,c,level_or_trend_stationarity,,Bartlett_short_bandwidth,True,ok,0.10261215894512184,0.5729223127638373,0.7428,0.4614,0.3475,2,18,False,
30min,2024-06-17,2024-06-17,2024-06-17,18,lag_sensitivity,ADF,c,unit_root,2.0,aic,True,ok,-2.785204028275961,0.060418546936279016,-3.889265672705068,-3.0543579727254224,-2.66698384083045,0,17,False,
30min,2024-06-17,2024-06-17,2024-06-17,18,lag_sensitivity,PP,c,unit_root,,Bartlett_short_bandwidth,True,ok,-2.7034690401815684,0.07343989494141442,-3.889265672705068,-3.0543579727254224,-2.66698384083045,4,17,False,
30min,2024-06-17,2024-06-17,2024-06-17,18,lag_sensitivity,KPSS,c,level_or_trend_stationarity,,Bartlett_short_bandwidth,True,ok,0.10636718399865397,0.555149163642482,0.7428,0.4614,0.3475,4,18,False,
30min,2024-06-18,2024-06-18,2024-06-18,18,main,ADF,c,unit_root,2.0,bic,True,ok,-5.207924084539223,8.470417545209319e-06,-3.889265672705068,-3.0543579727254224,-2.66698384083045,0,17,True,
30min,2024-06-18,2024-06-18,2024-06-18,18,main,PP,c,unit_root,,Bartlett_short_bandwidth,True,ok,-5.384979008174749,3.64215352631817e-06,-3.889265672705068,-3.0543579727254224,-2.66698384083045,2,17,True,
30min,2024-06-18,2024-06-18,2024-06-18,18,main,KPSS,c,level_or_trend_stationarity,,Bartlett_short_bandwidth,True,ok,0.35019428902015043,0.09835714084137168,0.7428,0.4614,0.3475,2,18,False,
30min,2024-06-18,2024-06-18,2024-06-18,18,lag_sensitivity,ADF,c,unit_root,2.0,aic,True,ok,-5.207924084539223,8.470417545209319e-06,-3.889265672705068,-3.0543579727254224,-2.66698384083045,0,17,True,
30min,2024-06-18,2024-06-18,2024-06-18,18,lag_sensitivity,PP,c,unit_root,,Bartlett_short_bandwidth,True,ok,-5.496850230134767,2.1139880661298253e-06,-3.889265672705068,-3.0543579727254224,-2.66698384083045,4,17,True,
30min,2024-06-18,2024-06-18,2024-06-18,18,lag_sensitivity,KPSS,c,level_or_trend_stationarity,,Bartlett_short_bandwidth,True,ok,0.30948399996679443,0.12762845191063227,0.7428,0.4614,0.3475,4,18,False,
30min,2024-06-19,2024-06-19,2024-06-19,18,main,ADF,c,unit_root,2.0,bic,True,ok,-2.953066789156646,0.03951594644229962,-3.889265672705068,-3.0543579727254224,-2.66698384083045,0,17,False,
30min,2024-06-19,2024-06-19,2024-06-19,18,main,PP,c,unit_root,,Bartlett_short_bandwidth,True,ok,-2.941434205609987,0.04073758039324724,-3.889265672705068,-3.0543579727254224,-2.66698384083045,2,17,False,
30min,2024-06-19,2024-06-19,2024-06-19,18,main,KPSS,c,level_or_trend_stationarity,,Bartlett_short_bandwidth,True,ok,0.41362052790747694,0.06661767158232645,0.7428,0.4614,0.3475,2,18,False,
30min,2024-06-19,2024-06-19,2024-06-19,18,lag_sensitivity,ADF,c,unit_root,2.0,aic,True,ok,-2.953066789156646,0.03951594644229962,-3.889265672705068,-3.0543579727254224,-2.66698384083045,0,17,False,
30min,2024-06-19,2024-06-19,2024-06-19,18,lag_sensitivity,PP,c,unit_root,,Bartlett_short_bandwidth,True,ok,-2.9356603943845196,0.04135556026246673,-3.889265672705068,-3.0543579727254224,-2.66698384083045,4,17,False,
30min,2024-06-19,2024-06-19,2024-06-19,18,lag_sensitivity,KPSS,c,level_or_trend_stationarity,,Bartlett_short_bandwidth,True,ok,0.3743545603525961,0.08461502022826728,0.7428,0.4614,0.3475,4,18,False,
30min,2024-06-20,2024-06-20,2024-06-20,18,main,ADF,c,unit_root,2.0,bic,True,ok,-4.252033386854592,0.0005372906495252207,-3.889265672705068,-3.0543579727254224,-2.66698384083045,0,17,True,
30min,2024-06-20,2024-06-20,2024-06-20,18,main,PP,c,unit_root,,Bartlett_short_bandwidth,True,ok,-4.298279497679498,0.0004472696497783504,-3.889265672705068,-3.0543579727254224,-2.66698384083045,2,17,True,
30min,2024-06-20,2024-06-20,2024-06-20,18,main,KPSS,c,level_or_trend_stationarity,,Bartlett_short_bandwidth,True,ok,0.17826489629263073,0.3143335717410788,0.7428,0.4614,0.3475,2,18,False,
30min,2024-06-20,2024-06-20,2024-06-20,18,lag_sensitivity,ADF,c,unit_root,2.0,aic,True,ok,-4.252033386854592,0.0005372906495252207,-3.889265672705068,-3.0543579727254224,-2.66698384083045,0,17,True,
30min,2024-06-20,2024-06-20,2024-06-20,18,lag_sensitivity,PP,c,unit_root,,Bartlett_short_bandwidth,True,ok,-4.29817472303547,0.0004474564727654862,-3.889265672705068,-3.0543579727254224,-2.66698384083045,4,17,True,
30min,2024-06-20,2024-06-20,2024-06-20,18,lag_sensitivity,KPSS,c,level_or_trend_stationarity,,Bartlett_short_bandwidth,True,ok,0.17374304230015158,0.32519433762587985,0.7428,0.4614,0.3475,4,18,False,
30min,2024-06-21,2024-06-21,2024-06-21,18,main,ADF,c,unit_root,2.0,bic,True,ok,-3.9898701499935836,0.0014644929138539508,-3.9240193847656246,-3.0684982031250003,-2.67389265625,1,16,True,
30min,2024-06-21,2024-06-21,2024-06-21,18,main,PP,c,unit_root,,Bartlett_short_bandwidth,True,ok,-3.4506272157196696,0.009349408821790478,-3.889265672705068,-3.0543579727254224,-2.66698384083045,2,17,True,
30min,2024-06-21,2024-06-21,2024-06-21,18,main,KPSS,c,level_or_trend_stationarity,,Bartlett_short_bandwidth,True,ok,0.0798161592188709,0.6934318733343473,0.7428,0.4614,0.3475,2,18,False,
30min,2024-06-21,2024-06-21,2024-06-21,18,lag_sensitivity,ADF,c,unit_root,2.0,aic,True,ok,-3.9898701499935836,0.0014644929138539508,-3.9240193847656246,-3.0684982031250003,-2.67389265625,1,16,True,
30min,2024-06-21,2024-06-21,2024-06-21,18,lag_sensitivity,PP,c,unit_root,,Bartlett_short_bandwidth,True,ok,-3.5430269419534244,0.006948435368312988,-3.889265672705068,-3.0543579727254224,-2.66698384083045,4,17,True,
30min,2024-06-21,2024-06-21,2024-06-21,18,lag_sensitivity,KPSS,c,level_or_trend_stationarity,,Bartlett_short_bandwidth,True,ok,0.16428990378364075,0.3494233412537342,0.7428,0.4614,0.3475,4,18,False,
30min,2024-06-24,2024-06-24,2024-06-24,18,main,ADF,c,unit_root,2.0,bic,True,ok,-3.1508306989262644,0.023013111448809912,-3.889265672705068,-3.0543579727254224,-2.66698384083045,0,17,True,
30min,2024-06-24,2024-06-24,2024-06-24,18,main,PP,c,unit_root,,Bartlett_short_bandwidth,True,ok,-3.124874733401739,0.024766279680397237,-3.889265672705068,-3.0543579727254224,-2.66698384083045,2,17,True,
30min,2024-06-24,2024-06-24,2024-06-24,18,main,KPSS,c,level_or_trend_stationarity,,Bartlett_short_bandwidth,True,ok,0.2503000586897893,0.18833325809001372,0.7428,0.4614,0.3475,2,18,False,
30min,2024-06-24,2024-06-24,2024-06-24,18,lag_sensitivity,ADF,c,unit_root,2.0,aic,True,ok,-3.1508306989262644,0.023013111448809912,-3.889265672705068,-3.0543579727254224,-2.66698384083045,0,17,True,
30min,2024-06-24,2024-06-24,2024-06-24,18,lag_sensitivity,PP,c,unit_root,,Bartlett_short_bandwidth,True,ok,-3.08225523025831,0.02789455652312279,-3.889265672705068,-3.0543579727254224,-2.66698384083045,4,17,True,
30min,2024-06-24,2024-06-24,2024-06-24,18,lag_sensitivity,KPSS,c,level_or_trend_stationarity,,Bartlett_short_bandwidth,True,ok,0.2619260570524824,0.17408531878559722,0.7428,0.4614,0.3475,4,18,False,
30min,2024-06-25,2024-06-25,2024-06-25,18,main,ADF,c,unit_root,2.0,bic,True,ok,-4.782759551235514,5.8670038045099696e-05,-3.889265672705068,-3.0543579727254224,-2.66698384083045,0,17,True,
30min,2024-06-25,2024-06-25,2024-06-25,18,main,PP,c,unit_root,,Bartlett_short_bandwidth,True,ok,-4.710374658732181,8.045641478278846e-05,-3.889265672705068,-3.0543579727254224,-2.66698384083045,2,17,True,
30min,2024-06-25,2024-06-25,2024-06-25,18,main,KPSS,c,level_or_trend_stationarity,,Bartlett_short_bandwidth,True,ok,0.15949518842938606,0.36259563618300533,0.7428,0.4614,0.3475,2,18,False,
30min,2024-06-25,2024-06-25,2024-06-25,18,lag_sensitivity,ADF,c,unit_root,2.0,aic,True,ok,-4.782759551235514,5.8670038045099696e-05,-3.889265672705068,-3.0543579727254224,-2.66698384083045,0,17,True,
30min,2024-06-25,2024-06-25,2024-06-25,18,lag_sensitivity,PP,c,unit_root,,Bartlett_short_bandwidth,True,ok,-4.723431038192273,7.602512642659221e-05,-3.889265672705068,-3.0543579727254224,-2.66698384083045,4,17,True,
30min,2024-06-25,2024-06-25,2024-06-25,18,lag_sensitivity,KPSS,c,level_or_trend_stationarity,,Bartlett_short_bandwidth,True,ok,0.18002518884568902,0.31028692219381837,0.7428,0.4614,0.3475,4,18,False,
30min,2024-06-26,2024-06-26,2024-06-26,18,main,ADF,c,unit_root,2.0,bic,True,ok,-4.940269280061826,2.9097477262244227e-05,-3.889265672705068,-3.0543579727254224,-2.66698384083045,0,17,True,
30min,2024-06-26,2024-06-26,2024-06-26,18,main,PP,c,unit_root,,Bartlett_short_bandwidth,True,ok,-5.535637301448178,1.7473408931559862e-06,-3.889265672705068,-3.0543579727254224,-2.66698384083045,2,17,True,
30min,2024-06-26,2024-06-26,2024-06-26,18,main,KPSS,c,level_or_trend_stationarity,,Bartlett_short_bandwidth,True,ok,0.3040228454863772,0.1321984556599354,0.7428,0.4614,0.3475,2,18,False,
30min,2024-06-26,2024-06-26,2024-06-26,18,lag_sensitivity,ADF,c,unit_root,2.0,aic,True,ok,-4.940269280061826,2.9097477262244227e-05,-3.889265672705068,-3.0543579727254224,-2.66698384083045,0,17,True,
30min,2024-06-26,2024-06-26,2024-06-26,18,lag_sensitivity,PP,c,unit_root,,Bartlett_short_bandwidth,True,ok,-5.727326789094539,6.724092799349214e-07,-3.889265672705068,-3.0543579727254224,-2.66698384083045,4,17,True,
30min,2024-06-26,2024-06-26,2024-06-26,18,lag_sensitivity,KPSS,c,level_or_trend_stationarity,,Bartlett_short_bandwidth,True,ok,0.27763648949226966,0.1568369901122191,0.7428,0.4614,0.3475,4,18,False,
30min,2024-06-27,2024-06-27,2024-06-27,18,main,ADF,c,unit_root,2.0,bic,True,ok,-4.517290827756752,0.00018296749431186263,-3.889265672705068,-3.0543579727254224,-2.66698384083045,0,17,True,
30min,2024-06-27,2024-06-27,2024-06-27,18,main,PP,c,unit_root,,Bartlett_short_bandwidth,True,ok,-4.649766938295189,0.00010446963762052054,-3.889265672705068,-3.0543579727254224,-2.66698384083045,2,17,True,
30min,2024-06-27,2024-06-27,2024-06-27,18,main,KPSS,c,level_or_trend_stationarity,,Bartlett_short_bandwidth,True,ok,0.162108100032766,0.35541730760229123,0.7428,0.4614,0.3475,2,18,False,
30min,2024-06-27,2024-06-27,2024-06-27,18,lag_sensitivity,ADF,c,unit_root,2.0,aic,True,ok,-4.024161541589923,0.0012891468108912093,-3.9240193847656246,-3.0684982031250003,-2.67389265625,1,16,True,
30min,2024-06-27,2024-06-27,2024-06-27,18,lag_sensitivity,PP,c,unit_root,,Bartlett_short_bandwidth,True,ok,-4.7123428058098815,7.977295501823743e-05,-3.889265672705068,-3.0543579727254224,-2.66698384083045,4,17,True,
30min,2024-06-27,2024-06-27,2024-06-27,18,lag_sensitivity,KPSS,c,level_or_trend_stationarity,,Bartlett_short_bandwidth,True,ok,0.181065860866268,0.307894572721223,0.7428,0.4614,0.3475,4,18,False,
30min,2024-06-28,2024-06-28,2024-06-28,18,main,ADF,c,unit_root,2.0,bic,True,ok,-4.346187441843661,0.00036914687509305866,-3.9644434814814815,-3.0849081481481484,-2.6818144444444445,2,15,True,
30min,2024-06-28,2024-06-28,2024-06-28,18,main,PP,c,unit_root,,Bartlett_short_bandwidth,True,ok,-4.907908165713115,3.3659118644992516e-05,-3.889265672705068,-3.0543579727254224,-2.66698384083045,2,17,True,
30min,2024-06-28,2024-06-28,2024-06-28,18,main,KPSS,c,level_or_trend_stationarity,,Bartlett_short_bandwidth,True,ok,0.05721612198391609,0.8319204850740968,0.7428,0.4614,0.3475,2,18,False,
30min,2024-06-28,2024-06-28,2024-06-28,18,lag_sensitivity,ADF,c,unit_root,2.0,aic,True,ok,-4.346187441843661,0.00036914687509305866,-3.9644434814814815,-3.0849081481481484,-2.6818144444444445,2,15,True,
30min,2024-06-28,2024-06-28,2024-06-28,18,lag_sensitivity,PP,c,unit_root,,Bartlett_short_bandwidth,True,ok,-5.886399103725781,2.9945353802904187e-07,-3.889265672705068,-3.0543579727254224,-2.66698384083045,4,17,True,
30min,2024-06-28,2024-06-28,2024-06-28,18,lag_sensitivity,KPSS,c,level_or_trend_stationarity,,Bartlett_short_bandwidth,True,ok,0.1875971746308114,0.29341026674295445,0.7428,0.4614,0.3475,4,18,False,
30min,2024-07-01,2024-07-01,2024-07-01,18,main,ADF,c,unit_root,2.0,bic,True,ok,-2.4942571660994384,0.11687787842542752,-3.9644434814814815,-3.0849081481481484,-2.6818144444444445,2,15,False,
30min,2024-07-01,2024-07-01,2024-07-01,18,main,PP,c,unit_root,,Bartlett_short_bandwidth,True,ok,-8.542527286953726,9.696240722400075e-14,-3.889265672705068,-3.0543579727254224,-2.66698384083045,2,17,True,
30min,2024-07-01,2024-07-01,2024-07-01,18,main,KPSS,c,level_or_trend_stationarity,,Bartlett_short_bandwidth,True,ok,0.34623415508068817,0.10087601724519848,0.7428,0.4614,0.3475,2,18,False,
30min,2024-07-01,2024-07-01,2024-07-01,18,lag_sensitivity,ADF,c,unit_root,2.0,aic,True,ok,-2.4942571660994384,0.11687787842542752,-3.9644434814814815,-3.0849081481481484,-2.6818144444444445,2,15,False,
30min,2024-07-01,2024-07-01,2024-07-01,18,lag_sensitivity,PP,c,unit_root,,Bartlett_short_bandwidth,True,ok,-7.843728967510509,5.843977800296135e-12,-3.889265672705068,-3.0543579727254224,-2.66698384083045,4,17,True,
30min,2024-07-01,2024-07-01,2024-07-01,18,lag_sensitivity,KPSS,c,level_or_trend_stationarity,,Bartlett_short_bandwidth,True,ok,0.28651752965957794,0.14779282889564008,0.7428,0.4614,0.3475,4,18,False,
30min,2024-07-02,2024-07-02,2024-07-02,18,main,ADF,c,unit_root,2.0,bic,True,ok,-5.2559011184040445,6.752981203397295e-06,-3.889265672705068,-3.0543579727254224,-2.66698384083045,0,17,True,
30min,2024-07-02,2024-07-02,2024-07-02,18,main,PP,c,unit_root,,Bartlett_short_bandwidth,True,ok,-5.135792434584833,1.187261792469001e-05,-3.889265672705068,-3.0543579727254224,-2.66698384083045,2,17,True,
30min,2024-07-02,2024-07-02,2024-07-02,18,main,KPSS,c,level_or_trend_stationarity,,Bartlett_short_bandwidth,True,ok,0.12737999538772296,0.4670895694487949,0.7428,0.4614,0.3475,2,18,False,
30min,2024-07-02,2024-07-02,2024-07-02,18,lag_sensitivity,ADF,c,unit_root,2.0,aic,True,ok,-5.2559011184040445,6.752981203397295e-06,-3.889265672705068,-3.0543579727254224,-2.66698384083045,0,17,True,
30min,2024-07-02,2024-07-02,2024-07-02,18,lag_sensitivity,PP,c,unit_root,,Bartlett_short_bandwidth,True,ok,-5.177357454857646,9.777774432457969e-06,-3.889265672705068,-3.0543579727254224,-2.66698384083045,4,17,True,
30min,2024-07-02,2024-07-02,2024-07-02,18,lag_sensitivity,KPSS,c,level_or_trend_stationarity,,Bartlett_short_bandwidth,True,ok,0.12817400503069967,0.4641268469003743,0.7428,0.4614,0.3475,4,18,False,
30min,2024-07-03,2024-07-03,2024-07-03,18,main,ADF,c,unit_root,2.0,bic,True,ok,-3.7142358625744887,0.0039173119828797825,-3.889265672705068,-3.0543579727254224,-2.66698384083045,0,17,True,
30min,2024-07-03,2024-07-03,2024-07-03,18,main,PP,c,unit_root,,Bartlett_short_bandwidth,True,ok,-3.707874643022109,0.00400374382055184,-3.889265672705068,-3.0543579727254224,-2.66698384083045,2,17,True,
30min,2024-07-03,2024-07-03,2024-07-03,18,main,KPSS,c,level_or_trend_stationarity,,Bartlett_short_bandwidth,True,ok,0.3167644079310512,0.12153606030874375,0.7428,0.4614,0.3475,2,18,False,
30min,2024-07-03,2024-07-03,2024-07-03,18,lag_sensitivity,ADF,c,unit_root,2.0,aic,True,ok,-3.7142358625744887,0.0039173119828797825,-3.889265672705068,-3.0543579727254224,-2.66698384083045,0,17,True,
30min,2024-07-03,2024-07-03,2024-07-03,18,lag_sensitivity,PP,c,unit_root,,Bartlett_short_bandwidth,True,ok,-3.69637701300781,0.004164404259570203,-3.889265672705068,-3.0543579727254224,-2.66698384083045,4,17,True,
30min,2024-07-03,2024-07-03,2024-07-03,18,lag_sensitivity,KPSS,c,level_or_trend_stationarity,,Bartlett_short_bandwidth,True,ok,0.3446794135130864,0.10195196296672221,0.7428,0.4614,0.3475,4,18,False,
30min,2024-07-04,2024-07-04,2024-07-04,18,main,ADF,c,unit_root,2.0,bic,True,ok,-4.434236291080339,0.00025804909382738146,-3.889265672705068,-3.0543579727254224,-2.66698384083045,0,17,True,
30min,2024-07-04,2024-07-04,2024-07-04,18,main,PP,c,unit_root,,Bartlett_short_bandwidth,True,ok,-4.533166484786519,0.00017121489650629622,-3.889265672705068,-3.0543579727254224,-2.66698384083045,2,17,True,
30min,2024-07-04,2024-07-04,2024-07-04,18,main,KPSS,c,level_or_trend_stationarity,,Bartlett_short_bandwidth,True,ok,0.28324918356467477,0.15099043378679713,0.7428,0.4614,0.3475,2,18,False,
30min,2024-07-04,2024-07-04,2024-07-04,18,lag_sensitivity,ADF,c,unit_root,2.0,aic,True,ok,-3.369023494761087,0.012061289598722286,-3.9240193847656246,-3.0684982031250003,-2.67389265625,1,16,True,
30min,2024-07-04,2024-07-04,2024-07-04,18,lag_sensitivity,PP,c,unit_root,,Bartlett_short_bandwidth,True,ok,-4.558682617529039,0.0001538185017643543,-3.889265672705068,-3.0543579727254224,-2.66698384083045,4,17,True,
30min,2024-07-04,2024-07-04,2024-07-04,18,lag_sensitivity,KPSS,c,level_or_trend_stationarity,,Bartlett_short_bandwidth,True,ok,0.2809595990692617,0.1533754176361857,0.7428,0.4614,0.3475,4,18,False,
30min,2024-07-05,2024-07-05,2024-07-05,18,main,ADF,c,unit_root,2.0,bic,True,ok,-5.9476989855401685,2.1842855122826343e-07,-3.889265672705068,-3.0543579727254224,-2.66698384083045,0,17,True,
30min,2024-07-05,2024-07-05,2024-07-05,18,main,PP,c,unit_root,,Bartlett_short_bandwidth,True,ok,-5.811513228171477,4.3902670060946183e-07,-3.889265672705068,-3.0543579727254224,-2.66698384083045,2,17,True,
30min,2024-07-05,2024-07-05,2024-07-05,18,main,KPSS,c,level_or_trend_stationarity,,Bartlett_short_bandwidth,True,ok,0.17942151185793476,0.311674685384058,0.7428,0.4614,0.3475,2,18,False,
30min,2024-07-05,2024-07-05,2024-07-05,18,lag_sensitivity,ADF,c,unit_root,2.0,aic,True,ok,-5.9476989855401685,2.1842855122826343e-07,-3.889265672705068,-3.0543579727254224,-2.66698384083045,0,17,True,
30min,2024-07-05,2024-07-05,2024-07-05,18,lag_sensitivity,PP,c,unit_root,,Bartlett_short_bandwidth,True,ok,-5.901280745291021,2.7742623196896287e-07,-3.889265672705068,-3.0543579727254224,-2.66698384083045,4,17,True,
30min,2024-07-05,2024-07-05,2024-07-05,18,lag_sensitivity,KPSS,c,level_or_trend_stationarity,,Bartlett_short_bandwidth,True,ok,0.2591029527670148,0.17734274680729062,0.7428,0.4614,0.3475,4,18,False,
30min,2024-07-08,2024-07-08,2024-07-08,18,main,ADF,c,unit_root,2.0,bic,True,ok,-4.547985004316805,0.00016089636922211986,-3.9240193847656246,-3.0684982031250003,-2.67389265625,1,16,True,
30min,2024-07-08,2024-07-08,2024-07-08,18,main,PP,c,unit_root,,Bartlett_short_bandwidth,True,ok,-5.846064111032309,3.6812644656657227e-07,-3.889265672705068,-3.0543579727254224,-2.66698384083045,2,17,True,
30min,2024-07-08,2024-07-08,2024-07-08,18,main,KPSS,c,level_or_trend_stationarity,,Bartlett_short_bandwidth,True,ok,0.11577788278178389,0.5136145797952794,0.7428,0.4614,0.3475,2,18,False,
30min,2024-07-08,2024-07-08,2024-07-08,18,lag_sensitivity,ADF,c,unit_root,2.0,aic,True,ok,-4.547985004316805,0.00016089636922211986,-3.9240193847656246,-3.0684982031250003,-2.67389265625,1,16,True,
30min,2024-07-08,2024-07-08,2024-07-08,18,lag_sensitivity,PP,c,unit_root,,Bartlett_short_bandwidth,True,ok,-6.207520561106322,5.61061502970176e-08,-3.889265672705068,-3.0543579727254224,-2.66698384083045,4,17,True,
30min,2024-07-08,2024-07-08,2024-07-08,18,lag_sensitivity,KPSS,c,level_or_trend_stationarity,,Bartlett_short_bandwidth,True,ok,0.15961256012354605,0.3622731864737746,0.7428,0.4614,0.3475,4,18,False,
30min,2024-07-09,2024-07-09,2024-07-09,18,main,ADF,c,unit_root,2.0,bic,True,ok,-5.535703076033603,1.7467751615808985e-06,-3.889265672705068,-3.0543579727254224,-2.66698384083045,0,17,True,
30min,2024-07-09,2024-07-09,2024-07-09,18,main,PP,c,unit_root,,Bartlett_short_bandwidth,True,ok,-5.806159753385504,4.51145859108094e-07,-3.889265672705068,-3.0543579727254224,-2.66698384083045,2,17,True,
30min,2024-07-09,2024-07-09,2024-07-09,18,main,KPSS,c,level_or_trend_stationarity,,Bartlett_short_bandwidth,True,ok,0.1514660895768576,0.3858747334022095,0.7428,0.4614,0.3475,2,18,False,
30min,2024-07-09,2024-07-09,2024-07-09,18,lag_sensitivity,ADF,c,unit_root,2.0,aic,True,ok,-5.535703076033603,1.7467751615808985e-06,-3.889265672705068,-3.0543579727254224,-2.66698384083045,0,17,True,
30min,2024-07-09,2024-07-09,2024-07-09,18,lag_sensitivity,PP,c,unit_root,,Bartlett_short_bandwidth,True,ok,-5.726505095507115,6.751992671242327e-07,-3.889265672705068,-3.0543579727254224,-2.66698384083045,4,17,True,
30min,2024-07-09,2024-07-09,2024-07-09,18,lag_sensitivity,KPSS,c,level_or_trend_stationarity,,Bartlett_short_bandwidth,True,ok,0.16328050245393913,0.35219642182983757,0.7428,0.4614,0.3475,4,18,False,
30min,2024-07-10,2024-07-10,2024-07-10,18,main,ADF,c,unit_root,2.0,bic,True,ok,-6.104361449168541,9.66441464702563e-08,-3.889265672705068,-3.0543579727254224,-2.66698384083045,0,17,True,
30min,2024-07-10,2024-07-10,2024-07-10,18,main,PP,c,unit_root,,Bartlett_short_bandwidth,True,ok,-5.881952624641039,3.0636105518514336e-07,-3.889265672705068,-3.0543579727254224,-2.66698384083045,2,17,True,
30min,2024-07-10,2024-07-10,2024-07-10,18,main,KPSS,c,level_or_trend_stationarity,,Bartlett_short_bandwidth,True,ok,0.13405166345917147,0.44242581007133064,0.7428,0.4614,0.3475,2,18,False,
30min,2024-07-10,2024-07-10,2024-07-10,18,lag_sensitivity,ADF,c,unit_root,2.0,aic,True,ok,-6.104361449168541,9.66441464702563e-08,-3.889265672705068,-3.0543579727254224,-2.66698384083045,0,17,True,
30min,2024-07-10,2024-07-10,2024-07-10,18,lag_sensitivity,PP,c,unit_root,,Bartlett_short_bandwidth,True,ok,-5.801590024102186,4.61749126173662e-07,-3.889265672705068,-3.0543579727254224,-2.66698384083045,4,17,True,
30min,2024-07-10,2024-07-10,2024-07-10,18,lag_sensitivity,KPSS,c,level_or_trend_stationarity,,Bartlett_short_bandwidth,True,ok,0.16479571690659214,0.34803374476210946,0.7428,0.4614,0.3475,4,18,False,
30min,2024-07-11,2024-07-11,2024-07-11,18,main,ADF,c,unit_root,2.0,bic,True,ok,-2.1557283395368185,0.22270386641400486,-3.9644434814814815,-3.0849081481481484,-2.6818144444444445,2,15,False,
30min,2024-07-11,2024-07-11,2024-07-11,18,main,PP,c,unit_root,,Bartlett_short_bandwidth,True,ok,-13.278837592339864,7.766275667351148e-25,-3.889265672705068,-3.0543579727254224,-2.66698384083045,2,17,True,
30min,2024-07-11,2024-07-11,2024-07-11,18,main,KPSS,c,level_or_trend_stationarity,,Bartlett_short_bandwidth,True,ok,0.3375185996989733,0.10690754346091812,0.7428,0.4614,0.3475,2,18,False,
30min,2024-07-11,2024-07-11,2024-07-11,18,lag_sensitivity,ADF,c,unit_root,2.0,aic,True,ok,-2.1557283395368185,0.22270386641400486,-3.9644434814814815,-3.0849081481481484,-2.6818144444444445,2,15,False,
30min,2024-07-11,2024-07-11,2024-07-11,18,lag_sensitivity,PP,c,unit_root,,Bartlett_short_bandwidth,True,ok,-16.44771449401763,2.3945648352037914e-29,-3.889265672705068,-3.0543579727254224,-2.66698384083045,4,17,True,
30min,2024-07-11,2024-07-11,2024-07-11,18,lag_sensitivity,KPSS,c,level_or_trend_stationarity,,Bartlett_short_bandwidth,True,ok,0.3205060407929424,0.1186809406277215,0.7428,0.4614,0.3475,4,18,False,
30min,2024-07-12,2024-07-12,2024-07-12,18,main,ADF,c,unit_root,2.0,bic,True,ok,-4.968213594027902,2.564275078861002e-05,-3.889265672705068,-3.0543579727254224,-2.66698384083045,0,17,True,
30min,2024-07-12,2024-07-12,2024-07-12,18,main,PP,c,unit_root,,Bartlett_short_bandwidth,True,ok,-5.2309383645637695,7.59949501131474e-06,-3.889265672705068,-3.0543579727254224,-2.66698384083045,2,17,True,
30min,2024-07-12,2024-07-12,2024-07-12,18,main,KPSS,c,level_or_trend_stationarity,,Bartlett_short_bandwidth,True,ok,0.0945930802533793,0.6125345987331035,0.7428,0.4614,0.3475,2,18,False,
30min,2024-07-12,2024-07-12,2024-07-12,18,lag_sensitivity,ADF,c,unit_root,2.0,aic,True,ok,-4.968213594027902,2.564275078861002e-05,-3.889265672705068,-3.0543579727254224,-2.66698384083045,0,17,True,
30min,2024-07-12,2024-07-12,2024-07-12,18,lag_sensitivity,PP,c,unit_root,,Bartlett_short_bandwidth,True,ok,-5.7774406605528466,5.21959975930125e-07,-3.889265672705068,-3.0543579727254224,-2.66698384083045,4,17,True,
30min,2024-07-12,2024-07-12,2024-07-12,18,lag_sensitivity,KPSS,c,level_or_trend_stationarity,,Bartlett_short_bandwidth,True,ok,0.14800952566499767,0.3962515203044946,0.7428,0.4614,0.3475,4,18,False,
30min,2024-07-15,2024-07-15,2024-07-15,18,main,ADF,c,unit_root,2.0,bic,True,ok,-5.487400140045894,2.2140885925019003e-06,-3.889265672705068,-3.0543579727254224,-2.66698384083045,0,17,True,
30min,2024-07-15,2024-07-15,2024-07-15,18,main,PP,c,unit_root,,Bartlett_short_bandwidth,True,ok,-5.890711228569167,2.929004691143221e-07,-3.889265672705068,-3.0543579727254224,-2.66698384083045,2,17,True,
30min,2024-07-15,2024-07-15,2024-07-15,18,main,KPSS,c,level_or_trend_stationarity,,Bartlett_short_bandwidth,True,ok,0.10287325759453055,0.5716670307955262,0.7428,0.4614,0.3475,2,18,False,
30min,2024-07-15,2024-07-15,2024-07-15,18,lag_sensitivity,ADF,c,unit_root,2.0,aic,True,ok,-5.487400140045894,2.2140885925019003e-06,-3.889265672705068,-3.0543579727254224,-2.66698384083045,0,17,True,
30min,2024-07-15,2024-07-15,2024-07-15,18,lag_sensitivity,PP,c,unit_root,,Bartlett_short_bandwidth,True,ok,-7.345093273501117,1.0406375722474035e-10,-3.889265672705068,-3.0543579727254224,-2.66698384083045,4,17,True,
30min,2024-07-15,2024-07-15,2024-07-15,18,lag_sensitivity,KPSS,c,level_or_trend_stationarity,,Bartlett_short_bandwidth,True,ok,0.21026656070095492,0.24898828446258048,0.7428,0.4614,0.3475,4,18,False,
30min,2024-07-16,2024-07-16,2024-07-16,18,main,ADF,c,unit_root,2.0,bic,True,ok,-4.900775300325208,3.475337850037699e-05,-3.889265672705068,-3.0543579727254224,-2.66698384083045,0,17,True,
30min,2024-07-16,2024-07-16,2024-07-16,18,main,PP,c,unit_root,,Bartlett_short_bandwidth,True,ok,-5.096274536786612,1.426283434876267e-05,-3.889265672705068,-3.0543579727254224,-2.66698384083045,2,17,True,
30min,2024-07-16,2024-07-16,2024-07-16,18,main,KPSS,c,level_or_trend_stationarity,,Bartlett_short_bandwidth,True,ok,0.10478861312749137,0.5624585907332146,0.7428,0.4614,0.3475,2,18,False,
30min,2024-07-16,2024-07-16,2024-07-16,18,lag_sensitivity,ADF,c,unit_root,2.0,aic,True,ok,-4.900775300325208,3.475337850037699e-05,-3.889265672705068,-3.0543579727254224,-2.66698384083045,0,17,True,
30min,2024-07-16,2024-07-16,2024-07-16,18,lag_sensitivity,PP,c,unit_root,,Bartlett_short_bandwidth,True,ok,-5.519736771465497,1.8894702171078012e-06,-3.889265672705068,-3.0543579727254224,-2.66698384083045,4,17,True,
30min,2024-07-16,2024-07-16,2024-07-16,18,lag_sensitivity,KPSS,c,level_or_trend_stationarity,,Bartlett_short_bandwidth,True,ok,0.18106013146986852,0.3079077437474287,0.7428,0.4614,0.3475,4,18,False,
30min,2024-07-17,2024-07-17,2024-07-17,18,main,ADF,c,unit_root,2.0,bic,True,ok,-4.632310808213482,0.0001125692630069991,-3.889265672705068,-3.0543579727254224,-2.66698384083045,0,17,True,
30min,2024-07-17,2024-07-17,2024-07-17,18,main,PP,c,unit_root,,Bartlett_short_bandwidth,True,ok,-4.634494811863299,0.00011152399718720662,-3.889265672705068,-3.0543579727254224,-2.66698384083045,2,17,True,
30min,2024-07-17,2024-07-17,2024-07-17,18,main,KPSS,c,level_or_trend_stationarity,,Bartlett_short_bandwidth,True,ok,0.13643121004563863,0.4342766779258951,0.7428,0.4614,0.3475,2,18,False,
30min,2024-07-17,2024-07-17,2024-07-17,18,lag_sensitivity,ADF,c,unit_root,2.0,aic,True,ok,-4.632310808213482,0.0001125692630069991,-3.889265672705068,-3.0543579727254224,-2.66698384083045,0,17,True,
30min,2024-07-17,2024-07-17,2024-07-17,18,lag_sensitivity,PP,c,unit_root,,Bartlett_short_bandwidth,True,ok,-4.787634125472996,5.7426990790626174e-05,-3.889265672705068,-3.0543579727254224,-2.66698384083045,4,17,True,
30min,2024-07-17,2024-07-17,2024-07-17,18,lag_sensitivity,KPSS,c,level_or_trend_stationarity,,Bartlett_short_bandwidth,True,ok,0.21299990866009563,0.24410730596411492,0.7428,0.4614,0.3475,4,18,False,
30min,2024-07-18,2024-07-18,2024-07-18,18,main,ADF,c,unit_root,2.0,bic,True,ok,-1.675250841791984,0.4439069702446097,-3.889265672705068,-3.0543579727254224,-2.66698384083045,0,17,False,
30min,2024-07-18,2024-07-18,2024-07-18,18,main,PP,c,unit_root,,Bartlett_short_bandwidth,True,ok,-1.3670690106848682,0.5979579135424326,-3.889265672705068,-3.0543579727254224,-2.66698384083045,2,17,False,
30min,2024-07-18,2024-07-18,2024-07-18,18,main,KPSS,c,level_or_trend_stationarity,,Bartlett_short_bandwidth,True,ok,0.5729281519781921,0.02618225443383036,0.7428,0.4614,0.3475,2,18,True,
30min,2024-07-18,2024-07-18,2024-07-18,18,lag_sensitivity,ADF,c,unit_root,2.0,aic,True,ok,-1.675250841791984,0.4439069702446097,-3.889265672705068,-3.0543579727254224,-2.66698384083045,0,17,False,
30min,2024-07-18,2024-07-18,2024-07-18,18,lag_sensitivity,PP,c,unit_root,,Bartlett_short_bandwidth,True,ok,-1.634492797053115,0.4651398910389321,-3.889265672705068,-3.0543579727254224,-2.66698384083045,4,17,False,
30min,2024-07-18,2024-07-18,2024-07-18,18,lag_sensitivity,KPSS,c,level_or_trend_stationarity,,Bartlett_short_bandwidth,True,ok,0.48069348022419106,0.044651629943952234,0.7428,0.4614,0.3475,4,18,True,
30min,2024-07-19,2024-07-19,2024-07-19,18,main,ADF,c,unit_root,2.0,bic,True,ok,-5.156770240026999,1.0766224805535322e-05,-3.9644434814814815,-3.0849081481481484,-2.6818144444444445,2,15,True,
30min,2024-07-19,2024-07-19,2024-07-19,18,main,PP,c,unit_root,,Bartlett_short_bandwidth,True,ok,-4.430692674578859,0.000261828388390688,-3.889265672705068,-3.0543579727254224,-2.66698384083045,2,17,True,
30min,2024-07-19,2024-07-19,2024-07-19,18,main,KPSS,c,level_or_trend_stationarity,,Bartlett_short_bandwidth,True,ok,0.05396610477792272,0.8521278459403768,0.7428,0.4614,0.3475,2,18,False,
30min,2024-07-19,2024-07-19,2024-07-19,18,lag_sensitivity,ADF,c,unit_root,2.0,aic,True,ok,-5.156770240026999,1.0766224805535322e-05,-3.9644434814814815,-3.0849081481481484,-2.6818144444444445,2,15,True,
30min,2024-07-19,2024-07-19,2024-07-19,18,lag_sensitivity,PP,c,unit_root,,Bartlett_short_bandwidth,True,ok,-4.945242337272925,2.8451517324832477e-05,-3.889265672705068,-3.0543579727254224,-2.66698384083045,4,17,True,
30min,2024-07-19,2024-07-19,2024-07-19,18,lag_sensitivity,KPSS,c,level_or_trend_stationarity,,Bartlett_short_bandwidth,True,ok,0.17497828740699273,0.32207503180052344,0.7428,0.4614,0.3475,4,18,False,
30min,2024-07-22,2024-07-22,2024-07-22,18,main,ADF,c,unit_root,2.0,bic,True,ok,-5.242638822106499,7.190644925911354e-06,-3.889265672705068,-3.0543579727254224,-2.66698384083045,0,17,True,
30min,2024-07-22,2024-07-22,2024-07-22,18,main,PP,c,unit_root,,Bartlett_short_bandwidth,True,ok,-5.333185867923838,4.672327354777896e-06,-3.889265672705068,-3.0543579727254224,-2.66698384083045,2,17,True,
30min,2024-07-22,2024-07-22,2024-07-22,18,main,KPSS,c,level_or_trend_stationarity,,Bartlett_short_bandwidth,True,ok,0.18733565452836592,0.29396669249283847,0.7428,0.4614,0.3475,2,18,False,
30min,2024-07-22,2024-07-22,2024-07-22,18,lag_sensitivity,ADF,c,unit_root,2.0,aic,True,ok,-5.242638822106499,7.190644925911354e-06,-3.889265672705068,-3.0543579727254224,-2.66698384083045,0,17,True,
30min,2024-07-22,2024-07-22,2024-07-22,18,lag_sensitivity,PP,c,unit_root,,Bartlett_short_bandwidth,True,ok,-5.342119179611551,4.4764165061971245e-06,-3.889265672705068,-3.0543579727254224,-2.66698384083045,4,17,True,
30min,2024-07-22,2024-07-22,2024-07-22,18,lag_sensitivity,KPSS,c,level_or_trend_stationarity,,Bartlett_short_bandwidth,True,ok,0.21968086172252427,0.23277879935847648,0.7428,0.4614,0.3475,4,18,False,
30min,2024-07-23,2024-07-23,2024-07-23,18,main,ADF,c,unit_root,2.0,bic,True,ok,-4.300777550654573,0.0004428371380638139,-3.9240193847656246,-3.0684982031250003,-2.67389265625,1,16,True,
30min,2024-07-23,2024-07-23,2024-07-23,18,main,PP,c,unit_root,,Bartlett_short_bandwidth,True,ok,-6.269480423297727,4.0371777446280316e-08,-3.889265672705068,-3.0543579727254224,-2.66698384083045,2,17,True,
30min,2024-07-23,2024-07-23,2024-07-23,18,main,KPSS,c,level_or_trend_stationarity,,Bartlett_short_bandwidth,True,ok,0.1109649085672595,0.5342504156033658,0.7428,0.4614,0.3475,2,18,False,
30min,2024-07-23,2024-07-23,2024-07-23,18,lag_sensitivity,ADF,c,unit_root,2.0,aic,True,ok,-4.300777550654573,0.0004428371380638139,-3.9240193847656246,-3.0684982031250003,-2.67389265625,1,16,True,
30min,2024-07-23,2024-07-23,2024-07-23,18,lag_sensitivity,PP,c,unit_root,,Bartlett_short_bandwidth,True,ok,-6.77055453219819,2.648595241389904e-09,-3.889265672705068,-3.0543579727254224,-2.66698384083045,4,17,True,
30min,2024-07-23,2024-07-23,2024-07-23,18,lag_sensitivity,KPSS,c,level_or_trend_stationarity,,Bartlett_short_bandwidth,True,ok,0.14788928174642016,0.3966369174794226,0.7428,0.4614,0.3475,4,18,False,
30min,2024-07-24,2024-07-24,2024-07-24,18,main,ADF,c,unit_root,2.0,bic,True,ok,-4.76669513733866,6.29518571002178e-05,-3.889265672705068,-3.0543579727254224,-2.66698384083045,0,17,True,
30min,2024-07-24,2024-07-24,2024-07-24,18,main,PP,c,unit_root,,Bartlett_short_bandwidth,True,ok,-4.80754242305552,5.260760901190219e-05,-3.889265672705068,-3.0543579727254224,-2.66698384083045,2,17,True,
30min,2024-07-24,2024-07-24,2024-07-24,18,main,KPSS,c,level_or_trend_stationarity,,Bartlett_short_bandwidth,True,ok,0.118090882682802,0.5038413407768929,0.7428,0.4614,0.3475,2,18,False,
30min,2024-07-24,2024-07-24,2024-07-24,18,lag_sensitivity,ADF,c,unit_root,2.0,aic,True,ok,-4.76669513733866,6.29518571002178e-05,-3.889265672705068,-3.0543579727254224,-2.66698384083045,0,17,True,
30min,2024-07-24,2024-07-24,2024-07-24,18,lag_sensitivity,PP,c,unit_root,,Bartlett_short_bandwidth,True,ok,-4.810754479213551,5.186734801114725e-05,-3.889265672705068,-3.0543579727254224,-2.66698384083045,4,17,True,
30min,2024-07-24,2024-07-24,2024-07-24,18,lag_sensitivity,KPSS,c,level_or_trend_stationarity,,Bartlett_short_bandwidth,True,ok,0.12894854133062988,0.4612367860797392,0.7428,0.4614,0.3475,4,18,False,
30min,2024-07-25,2024-07-25,2024-07-25,18,main,ADF,c,unit_root,2.0,bic,True,ok,-4.951938623563065,2.7603509551996578e-05,-3.9240193847656246,-3.0684982031250003,-2.67389265625,1,16,True,
30min,2024-07-25,2024-07-25,2024-07-25,18,main,PP,c,unit_root,,Bartlett_short_bandwidth,True,ok,-6.827578112472806,1.930222826410174e-09,-3.889265672705068,-3.0543579727254224,-2.66698384083045,2,17,True,
30min,2024-07-25,2024-07-25,2024-07-25,18,main,KPSS,c,level_or_trend_stationarity,,Bartlett_short_bandwidth,True,ok,0.11710248533148339,0.5080176676134505,0.7428,0.4614,0.3475,2,18,False,
30min,2024-07-25,2024-07-25,2024-07-25,18,lag_sensitivity,ADF,c,unit_root,2.0,aic,True,ok,-4.951938623563065,2.7603509551996578e-05,-3.9240193847656246,-3.0684982031250003,-2.67389265625,1,16,True,
30min,2024-07-25,2024-07-25,2024-07-25,18,lag_sensitivity,PP,c,unit_root,,Bartlett_short_bandwidth,True,ok,-7.35052615257765,1.0088000169183781e-10,-3.889265672705068,-3.0543579727254224,-2.66698384083045,4,17,True,
30min,2024-07-25,2024-07-25,2024-07-25,18,lag_sensitivity,KPSS,c,level_or_trend_stationarity,,Bartlett_short_bandwidth,True,ok,0.16610860102616903,0.34447322973189637,0.7428,0.4614,0.3475,4,18,False,
30min,2024-07-26,2024-07-26,2024-07-26,18,main,ADF,c,unit_root,2.0,bic,True,ok,-5.798769395275747,4.684151358501011e-07,-3.889265672705068,-3.0543579727254224,-2.66698384083045,0,17,True,
30min,2024-07-26,2024-07-26,2024-07-26,18,main,PP,c,unit_root,,Bartlett_short_bandwidth,True,ok,-6.046713925995791,1.3065756072566053e-07,-3.889265672705068,-3.0543579727254224,-2.66698384083045,2,17,True,
30min,2024-07-26,2024-07-26,2024-07-26,18,main,KPSS,c,level_or_trend_stationarity,,Bartlett_short_bandwidth,True,ok,0.15774379477442574,0.3674071572131161,0.7428,0.4614,0.3475,2,18,False,
30min,2024-07-26,2024-07-26,2024-07-26,18,lag_sensitivity,ADF,c,unit_root,2.0,aic,True,ok,-5.798769395275747,4.684151358501011e-07,-3.889265672705068,-3.0543579727254224,-2.66698384083045,0,17,True,
30min,2024-07-26,2024-07-26,2024-07-26,18,lag_sensitivity,PP,c,unit_root,,Bartlett_short_bandwidth,True,ok,-6.067454410803448,1.172474539500683e-07,-3.889265672705068,-3.0543579727254224,-2.66698384083045,4,17,True,
30min,2024-07-26,2024-07-26,2024-07-26,18,lag_sensitivity,KPSS,c,level_or_trend_stationarity,,Bartlett_short_bandwidth,True,ok,0.15334115752746008,0.3802941740254164,0.7428,0.4614,0.3475,4,18,False,
30min,2024-07-29,2024-07-29,2024-07-29,18,main,ADF,c,unit_root,2.0,bic,True,ok,-1.9594509948101928,0.30463038961166256,-3.9240193847656246,-3.0684982031250003,-2.67389265625,1,16,False,
30min,2024-07-29,2024-07-29,2024-07-29,18,main,PP,c,unit_root,,Bartlett_short_bandwidth,True,ok,-3.215565926125273,0.01910115859534987,-3.889265672705068,-3.0543579727254224,-2.66698384083045,2,17,True,
30min,2024-07-29,2024-07-29,2024-07-29,18,main,KPSS,c,level_or_trend_stationarity,,Bartlett_short_bandwidth,True,ok,0.3084787259119001,0.1284696854293723,0.7428,0.4614,0.3475,2,18,False,
30min,2024-07-29,2024-07-29,2024-07-29,18,lag_sensitivity,ADF,c,unit_root,2.0,aic,True,ok,-1.9594509948101928,0.30463038961166256,-3.9240193847656246,-3.0684982031250003,-2.67389265625,1,16,False,
30min,2024-07-29,2024-07-29,2024-07-29,18,lag_sensitivity,PP,c,unit_root,,Bartlett_short_bandwidth,True,ok,-3.332262249626165,0.013496519369524916,-3.889265672705068,-3.0543579727254224,-2.66698384083045,4,17,True,
30min,2024-07-29,2024-07-29,2024-07-29,18,lag_sensitivity,KPSS,c,level_or_trend_stationarity,,Bartlett_short_bandwidth,True,ok,0.2889817708074125,0.14544593256436905,0.7428,0.4614,0.3475,4,18,False,
30min,2024-07-30,2024-07-30,2024-07-30,18,main,ADF,c,unit_root,2.0,bic,True,ok,-3.645258946204035,0.004952445660051848,-3.889265672705068,-3.0543579727254224,-2.66698384083045,0,17,True,
30min,2024-07-30,2024-07-30,2024-07-30,18,main,PP,c,unit_root,,Bartlett_short_bandwidth,True,ok,-3.6803620688313092,0.004398013429838719,-3.889265672705068,-3.0543579727254224,-2.66698384083045,2,17,True,
30min,2024-07-30,2024-07-30,2024-07-30,18,main,KPSS,c,level_or_trend_stationarity,,Bartlett_short_bandwidth,True,ok,0.5053608776792753,0.038676664262166975,0.7428,0.4614,0.3475,2,18,True,
30min,2024-07-30,2024-07-30,2024-07-30,18,lag_sensitivity,ADF,c,unit_root,2.0,aic,True,ok,-3.645258946204035,0.004952445660051848,-3.889265672705068,-3.0543579727254224,-2.66698384083045,0,17,True,
30min,2024-07-30,2024-07-30,2024-07-30,18,lag_sensitivity,PP,c,unit_root,,Bartlett_short_bandwidth,True,ok,-3.6621681719894488,0.004677880865380358,-3.889265672705068,-3.0543579727254224,-2.66698384083045,4,17,True,
30min,2024-07-30,2024-07-30,2024-07-30,18,lag_sensitivity,KPSS,c,level_or_trend_stationarity,,Bartlett_short_bandwidth,True,ok,0.4406899108910512,0.056624168658258214,0.7428,0.4614,0.3475,4,18,False,
30min,2024-07-31,2024-07-31,2024-07-31,18,main,ADF,c,unit_root,2.0,bic,True,ok,-5.799851810648675,4.6584600329973046e-07,-3.889265672705068,-3.0543579727254224,-2.66698384083045,0,17,True,
30min,2024-07-31,2024-07-31,2024-07-31,18,main,PP,c,unit_root,,Bartlett_short_bandwidth,True,ok,-6.322646271573622,3.03949891496107e-08,-3.889265672705068,-3.0543579727254224,-2.66698384083045,2,17,True,
30min,2024-07-31,2024-07-31,2024-07-31,18,main,KPSS,c,level_or_trend_stationarity,,Bartlett_short_bandwidth,True,ok,0.07111904282322334,0.7454774539488704,0.7428,0.4614,0.3475,2,18,False,
30min,2024-07-31,2024-07-31,2024-07-31,18,lag_sensitivity,ADF,c,unit_root,2.0,aic,True,ok,-5.799851810648675,4.6584600329973046e-07,-3.889265672705068,-3.0543579727254224,-2.66698384083045,0,17,True,
30min,2024-07-31,2024-07-31,2024-07-31,18,lag_sensitivity,PP,c,unit_root,,Bartlett_short_bandwidth,True,ok,-7.386073406797076,8.230583048487945e-11,-3.889265672705068,-3.0543579727254224,-2.66698384083045,4,17,True,
30min,2024-07-31,2024-07-31,2024-07-31,18,lag_sensitivity,KPSS,c,level_or_trend_stationarity,,Bartlett_short_bandwidth,True,ok,0.14787234516300501,0.39669120140062497,0.7428,0.4614,0.3475,4,18,False,
30min,2024-08-01,2024-08-01,2024-08-01,18,main,ADF,c,unit_root,2.0,bic,True,ok,-3.1973628383073898,0.02013783686195052,-3.889265672705068,-3.0543579727254224,-2.66698384083045,0,17,True,
30min,2024-08-01,2024-08-01,2024-08-01,18,main,PP,c,unit_root,,Bartlett_short_bandwidth,True,ok,-3.3088133870600154,0.014489083017938786,-3.889265672705068,-3.0543579727254224,-2.66698384083045,2,17,True,
30min,2024-08-01,2024-08-01,2024-08-01,18,main,KPSS,c,level_or_trend_stationarity,,Bartlett_short_bandwidth,True,ok,0.2390583925566812,0.20339112144905389,0.7428,0.4614,0.3475,2,18,False,
30min,2024-08-01,2024-08-01,2024-08-01,18,lag_sensitivity,ADF,c,unit_root,2.0,aic,True,ok,-3.1973628383073898,0.02013783686195052,-3.889265672705068,-3.0543579727254224,-2.66698384083045,0,17,True,
30min,2024-08-01,2024-08-01,2024-08-01,18,lag_sensitivity,PP,c,unit_root,,Bartlett_short_bandwidth,True,ok,-3.37435810655364,0.011864686120709102,-3.889265672705068,-3.0543579727254224,-2.66698384083045,4,17,True,
30min,2024-08-01,2024-08-01,2024-08-01,18,lag_sensitivity,KPSS,c,level_or_trend_stationarity,,Bartlett_short_bandwidth,True,ok,0.22018440564204847,0.2319487819087113,0.7428,0.4614,0.3475,4,18,False,
30min,2024-08-02,2024-08-02,2024-08-02,18,main,ADF,c,unit_root,2.0,bic,True,ok,-5.032470494964915,1.9133204945761775e-05,-3.889265672705068,-3.0543579727254224,-2.66698384083045,0,17,True,
30min,2024-08-02,2024-08-02,2024-08-02,18,main,PP,c,unit_root,,Bartlett_short_bandwidth,True,ok,-4.987704931889429,2.347079945778525e-05,-3.889265672705068,-3.0543579727254224,-2.66698384083045,2,17,True,
30min,2024-08-02,2024-08-02,2024-08-02,18,main,KPSS,c,level_or_trend_stationarity,,Bartlett_short_bandwidth,True,ok,0.08969227447134459,0.6384453485566777,0.7428,0.4614,0.3475,2,18,False,
30min,2024-08-02,2024-08-02,2024-08-02,18,lag_sensitivity,ADF,c,unit_root,2.0,aic,True,ok,-5.032470494964915,1.9133204945761775e-05,-3.889265672705068,-3.0543579727254224,-2.66698384083045,0,17,True,
30min,2024-08-02,2024-08-02,2024-08-02,18,lag_sensitivity,PP,c,unit_root,,Bartlett_short_bandwidth,True,ok,-5.142949416828784,1.1483329368950237e-05,-3.889265672705068,-3.0543579727254224,-2.66698384083045,4,17,True,
30min,2024-08-02,2024-08-02,2024-08-02,18,lag_sensitivity,KPSS,c,level_or_trend_stationarity,,Bartlett_short_bandwidth,True,ok,0.12506772743084735,0.47604844435191834,0.7428,0.4614,0.3475,4,18,False,
30min,2024-08-05,2024-08-05,2024-08-05,18,main,ADF,c,unit_root,2.0,bic,True,ok,-4.723524132337191,7.59943861470678e-05,-3.889265672705068,-3.0543579727254224,-2.66698384083045,0,17,True,
30min,2024-08-05,2024-08-05,2024-08-05,18,main,PP,c,unit_root,,Bartlett_short_bandwidth,True,ok,-5.0133399828079455,2.088282792042711e-05,-3.889265672705068,-3.0543579727254224,-2.66698384083045,2,17,True,
30min,2024-08-05,2024-08-05,2024-08-05,18,main,KPSS,c,level_or_trend_stationarity,,Bartlett_short_bandwidth,True,ok,0.074419097434987,0.7254019982371475,0.7428,0.4614,0.3475,2,18,False,
30min,2024-08-05,2024-08-05,2024-08-05,18,lag_sensitivity,ADF,c,unit_root,2.0,aic,True,ok,-4.723524132337191,7.59943861470678e-05,-3.889265672705068,-3.0543579727254224,-2.66698384083045,0,17,True,
30min,2024-08-05,2024-08-05,2024-08-05,18,lag_sensitivity,PP,c,unit_root,,Bartlett_short_bandwidth,True,ok,-5.076936074043102,1.5595896245912953e-05,-3.889265672705068,-3.0543579727254224,-2.66698384083045,4,17,True,
30min,2024-08-05,2024-08-05,2024-08-05,18,lag_sensitivity,KPSS,c,level_or_trend_stationarity,,Bartlett_short_bandwidth,True,ok,0.12474597352428825,0.4773185255620201,0.7428,0.4614,0.3475,4,18,False,
30min,2024-08-06,2024-08-06,2024-08-06,18,main,ADF,c,unit_root,2.0,bic,True,ok,-1.5139449539133527,0.5266020372752329,-3.9240193847656246,-3.0684982031250003,-2.67389265625,1,16,False,
30min,2024-08-06,2024-08-06,2024-08-06,18,main,PP,c,unit_root,,Bartlett_short_bandwidth,True,ok,-4.574552738637477,0.00014386257004831248,-3.889265672705068,-3.0543579727254224,-2.66698384083045,2,17,True,
30min,2024-08-06,2024-08-06,2024-08-06,18,main,KPSS,c,level_or_trend_stationarity,,Bartlett_short_bandwidth,True,ok,0.18971126379222625,0.288912204697391,0.7428,0.4614,0.3475,2,18,False,
30min,2024-08-06,2024-08-06,2024-08-06,18,lag_sensitivity,ADF,c,unit_root,2.0,aic,True,ok,-1.5139449539133527,0.5266020372752329,-3.9240193847656246,-3.0684982031250003,-2.67389265625,1,16,False,
30min,2024-08-06,2024-08-06,2024-08-06,18,lag_sensitivity,PP,c,unit_root,,Bartlett_short_bandwidth,True,ok,-4.5917506759878055,0.00013376827895464504,-3.889265672705068,-3.0543579727254224,-2.66698384083045,4,17,True,
30min,2024-08-06,2024-08-06,2024-08-06,18,lag_sensitivity,KPSS,c,level_or_trend_stationarity,,Bartlett_short_bandwidth,True,ok,0.17634210266594408,0.31875378697484125,0.7428,0.4614,0.3475,4,18,False,
30min,2024-08-07,2024-08-07,2024-08-07,18,main,ADF,c,unit_root,2.0,bic,True,ok,-4.733782400854423,7.267900039474008e-05,-3.889265672705068,-3.0543579727254224,-2.66698384083045,0,17,True,
30min,2024-08-07,2024-08-07,2024-08-07,18,main,PP,c,unit_root,,Bartlett_short_bandwidth,True,ok,-4.6994124620496835,8.436690140837054e-05,-3.889265672705068,-3.0543579727254224,-2.66698384083045,2,17,True,
30min,2024-08-07,2024-08-07,2024-08-07,18,main,KPSS,c,level_or_trend_stationarity,,Bartlett_short_bandwidth,True,ok,0.1339014936762808,0.4429400901497233,0.7428,0.4614,0.3475,2,18,False,
30min,2024-08-07,2024-08-07,2024-08-07,18,lag_sensitivity,ADF,c,unit_root,2.0,aic,True,ok,-4.733782400854423,7.267900039474008e-05,-3.889265672705068,-3.0543579727254224,-2.66698384083045,0,17,True,
30min,2024-08-07,2024-08-07,2024-08-07,18,lag_sensitivity,PP,c,unit_root,,Bartlett_short_bandwidth,True,ok,-4.73136242950088,7.344839409089663e-05,-3.889265672705068,-3.0543579727254224,-2.66698384083045,4,17,True,
30min,2024-08-07,2024-08-07,2024-08-07,18,lag_sensitivity,KPSS,c,level_or_trend_stationarity,,Bartlett_short_bandwidth,True,ok,0.17340170269571697,0.32605630632394705,0.7428,0.4614,0.3475,4,18,False,
30min,2024-08-08,2024-08-08,2024-08-08,18,main,ADF,c,unit_root,2.0,bic,True,ok,-3.081682129524547,0.02793882846403532,-3.889265672705068,-3.0543579727254224,-2.66698384083045,0,17,True,
30min,2024-08-08,2024-08-08,2024-08-08,18,main,PP,c,unit_root,,Bartlett_short_bandwidth,True,ok,-3.062919480111991,0.029421812831249082,-3.889265672705068,-3.0543579727254224,-2.66698384083045,2,17,True,
30min,2024-08-08,2024-08-08,2024-08-08,18,main,KPSS,c,level_or_trend_stationarity,,Bartlett_short_bandwidth,True,ok,0.35538946122277754,0.09518935291294053,0.7428,0.4614,0.3475,2,18,False,
30min,2024-08-08,2024-08-08,2024-08-08,18,lag_sensitivity,ADF,c,unit_root,2.0,aic,True,ok,-3.081682129524547,0.02793882846403532,-3.889265672705068,-3.0543579727254224,-2.66698384083045,0,17,True,
30min,2024-08-08,2024-08-08,2024-08-08,18,lag_sensitivity,PP,c,unit_root,,Bartlett_short_bandwidth,True,ok,-3.050067193312391,0.03047598004134658,-3.889265672705068,-3.0543579727254224,-2.66698384083045,4,17,False,
30min,2024-08-08,2024-08-08,2024-08-08,18,lag_sensitivity,KPSS,c,level_or_trend_stationarity,,Bartlett_short_bandwidth,True,ok,0.2850982056776247,0.1491445660213098,0.7428,0.4614,0.3475,4,18,False,
30min,2024-08-09,2024-08-09,2024-08-09,18,main,ADF,c,unit_root,2.0,bic,True,ok,-4.9657661875807655,2.592878567429218e-05,-3.9644434814814815,-3.0849081481481484,-2.6818144444444445,2,15,True,
30min,2024-08-09,2024-08-09,2024-08-09,18,main,PP,c,unit_root,,Bartlett_short_bandwidth,True,ok,-4.269358895881754,0.0005017302524630432,-3.889265672705068,-3.0543579727254224,-2.66698384083045,2,17,True,
30min,2024-08-09,2024-08-09,2024-08-09,18,main,KPSS,c,level_or_trend_stationarity,,Bartlett_short_bandwidth,True,ok,0.18057474688302644,0.3090235703838473,0.7428,0.4614,0.3475,2,18,False,
30min,2024-08-09,2024-08-09,2024-08-09,18,lag_sensitivity,ADF,c,unit_root,2.0,aic,True,ok,-4.9657661875807655,2.592878567429218e-05,-3.9644434814814815,-3.0849081481481484,-2.6818144444444445,2,15,True,
30min,2024-08-09,2024-08-09,2024-08-09,18,lag_sensitivity,PP,c,unit_root,,Bartlett_short_bandwidth,True,ok,-5.17179393814406,1.0035874491917271e-05,-3.889265672705068,-3.0543579727254224,-2.66698384083045,4,17,True,
30min,2024-08-09,2024-08-09,2024-08-09,18,lag_sensitivity,KPSS,c,level_or_trend_stationarity,,Bartlett_short_bandwidth,True,ok,0.3066352018698276,0.13001238337252918,0.7428,0.4614,0.3475,4,18,False,
30min,2024-08-12,2024-08-12,2024-08-12,18,main,ADF,c,unit_root,2.0,bic,True,ok,-4.021542103825153,0.0013018175120887094,-3.9240193847656246,-3.0684982031250003,-2.67389265625,1,16,True,
30min,2024-08-12,2024-08-12,2024-08-12,18,main,PP,c,unit_root,,Bartlett_short_bandwidth,True,ok,-4.915483158267863,3.2533353992381505e-05,-3.889265672705068,-3.0543579727254224,-2.66698384083045,2,17,True,
30min,2024-08-12,2024-08-12,2024-08-12,18,main,KPSS,c,level_or_trend_stationarity,,Bartlett_short_bandwidth,True,ok,0.15478608979846176,0.375993780361721,0.7428,0.4614,0.3475,2,18,False,
30min,2024-08-12,2024-08-12,2024-08-12,18,lag_sensitivity,ADF,c,unit_root,2.0,aic,True,ok,-4.021542103825153,0.0013018175120887094,-3.9240193847656246,-3.0684982031250003,-2.67389265625,1,16,True,
30min,2024-08-12,2024-08-12,2024-08-12,18,lag_sensitivity,PP,c,unit_root,,Bartlett_short_bandwidth,True,ok,-5.255267054457319,6.773304668327466e-06,-3.889265672705068,-3.0543579727254224,-2.66698384083045,4,17,True,
30min,2024-08-12,2024-08-12,2024-08-12,18,lag_sensitivity,KPSS,c,level_or_trend_stationarity,,Bartlett_short_bandwidth,True,ok,0.2021913990373495,0.26374235482872643,0.7428,0.4614,0.3475,4,18,False,
30min,2024-08-13,2024-08-13,2024-08-13,18,main,ADF,c,unit_root,2.0,bic,True,ok,-6.3164274189402025,3.1423260104676484e-08,-3.889265672705068,-3.0543579727254224,-2.66698384083045,0,17,True,
30min,2024-08-13,2024-08-13,2024-08-13,18,main,PP,c,unit_root,,Bartlett_short_bandwidth,True,ok,-6.72667972166845,3.375852560939125e-09,-3.889265672705068,-3.0543579727254224,-2.66698384083045,2,17,True,
30min,2024-08-13,2024-08-13,2024-08-13,18,main,KPSS,c,level_or_trend_stationarity,,Bartlett_short_bandwidth,True,ok,0.1057621151335582,0.5578994766656445,0.7428,0.4614,0.3475,2,18,False,
30min,2024-08-13,2024-08-13,2024-08-13,18,lag_sensitivity,ADF,c,unit_root,2.0,aic,True,ok,-6.3164274189402025,3.1423260104676484e-08,-3.889265672705068,-3.0543579727254224,-2.66698384083045,0,17,True,
30min,2024-08-13,2024-08-13,2024-08-13,18,lag_sensitivity,PP,c,unit_root,,Bartlett_short_bandwidth,True,ok,-8.38415541717475,2.4641560692640904e-13,-3.889265672705068,-3.0543579727254224,-2.66698384083045,4,17,True,
30min,2024-08-13,2024-08-13,2024-08-13,18,lag_sensitivity,KPSS,c,level_or_trend_stationarity,,Bartlett_short_bandwidth,True,ok,0.17323289290060792,0.3264825936853335,0.7428,0.4614,0.3475,4,18,False,
30min,2024-08-14,2024-08-14,2024-08-14,18,main,ADF,c,unit_root,2.0,bic,True,ok,-3.8252601084309052,0.0026591908136916285,-3.889265672705068,-3.0543579727254224,-2.66698384083045,0,17,True,
30min,2024-08-14,2024-08-14,2024-08-14,18,main,PP,c,unit_root,,Bartlett_short_bandwidth,True,ok,-3.8286789368056255,0.002627150723667015,-3.889265672705068,-3.0543579727254224,-2.66698384083045,2,17,True,
30min,2024-08-14,2024-08-14,2024-08-14,18,main,KPSS,c,level_or_trend_stationarity,,Bartlett_short_bandwidth,True,ok,0.2663741015137705,0.16895295979180325,0.7428,0.4614,0.3475,2,18,False,
30min,2024-08-14,2024-08-14,2024-08-14,18,lag_sensitivity,ADF,c,unit_root,2.0,aic,True,ok,-3.8252601084309052,0.0026591908136916285,-3.889265672705068,-3.0543579727254224,-2.66698384083045,0,17,True,
30min,2024-08-14,2024-08-14,2024-08-14,18,lag_sensitivity,PP,c,unit_root,,Bartlett_short_bandwidth,True,ok,-3.8318106240454237,0.0025981144040389237,-3.889265672705068,-3.0543579727254224,-2.66698384083045,4,17,True,
30min,2024-08-14,2024-08-14,2024-08-14,18,lag_sensitivity,KPSS,c,level_or_trend_stationarity,,Bartlett_short_bandwidth,True,ok,0.2619806831080924,0.1740222887214318,0.7428,0.4614,0.3475,4,18,False,
30min,2024-08-15,2024-08-15,2024-08-15,18,main,ADF,c,unit_root,2.0,bic,True,ok,-3.3919823633050474,0.011235247798111742,-3.889265672705068,-3.0543579727254224,-2.66698384083045,0,17,True,
30min,2024-08-15,2024-08-15,2024-08-15,18,main,PP,c,unit_root,,Bartlett_short_bandwidth,True,ok,-3.4167730427748055,0.010400197421826116,-3.889265672705068,-3.0543579727254224,-2.66698384083045,2,17,True,
30min,2024-08-15,2024-08-15,2024-08-15,18,main,KPSS,c,level_or_trend_stationarity,,Bartlett_short_bandwidth,True,ok,0.38664027836185616,0.07847156681044522,0.7428,0.4614,0.3475,2,18,False,
30min,2024-08-15,2024-08-15,2024-08-15,18,lag_sensitivity,ADF,c,unit_root,2.0,aic,True,ok,-3.3919823633050474,0.011235247798111742,-3.889265672705068,-3.0543579727254224,-2.66698384083045,0,17,True,
30min,2024-08-15,2024-08-15,2024-08-15,18,lag_sensitivity,PP,c,unit_root,,Bartlett_short_bandwidth,True,ok,-3.5607233491863397,0.006557864070564031,-3.889265672705068,-3.0543579727254224,-2.66698384083045,4,17,True,
30min,2024-08-15,2024-08-15,2024-08-15,18,lag_sensitivity,KPSS,c,level_or_trend_stationarity,,Bartlett_short_bandwidth,True,ok,0.29574361026201,0.1391266859732134,0.7428,0.4614,0.3475,4,18,False,
30min,2024-08-16,2024-08-16,2024-08-16,18,main,ADF,c,unit_root,2.0,bic,True,ok,-4.159742633079394,0.000770273691095384,-3.889265672705068,-3.0543579727254224,-2.66698384083045,0,17,True,
30min,2024-08-16,2024-08-16,2024-08-16,18,main,PP,c,unit_root,,Bartlett_short_bandwidth,True,ok,-4.301852957074425,0.0004409417514903892,-3.889265672705068,-3.0543579727254224,-2.66698384083045,2,17,True,
30min,2024-08-16,2024-08-16,2024-08-16,18,main,KPSS,c,level_or_trend_stationarity,,Bartlett_short_bandwidth,True,ok,0.13086181562132626,0.454097702905499,0.7428,0.4614,0.3475,2,18,False,
30min,2024-08-16,2024-08-16,2024-08-16,18,lag_sensitivity,ADF,c,unit_root,2.0,aic,True,ok,-4.159742633079394,0.000770273691095384,-3.889265672705068,-3.0543579727254224,-2.66698384083045,0,17,True,
30min,2024-08-16,2024-08-16,2024-08-16,18,lag_sensitivity,PP,c,unit_root,,Bartlett_short_bandwidth,True,ok,-4.960116925711876,2.66008166025853e-05,-3.889265672705068,-3.0543579727254224,-2.66698384083045,4,17,True,
30min,2024-08-16,2024-08-16,2024-08-16,18,lag_sensitivity,KPSS,c,level_or_trend_stationarity,,Bartlett_short_bandwidth,True,ok,0.17037022819311093,0.3337115449668916,0.7428,0.4614,0.3475,4,18,False,
30min,2024-08-19,2024-08-19,2024-08-19,18,main,ADF,c,unit_root,2.0,bic,True,ok,-3.0043370353758108,0.034491356015415746,-3.889265672705068,-3.0543579727254224,-2.66698384083045,0,17,False,
30min,2024-08-19,2024-08-19,2024-08-19,18,main,PP,c,unit_root,,Bartlett_short_bandwidth,True,ok,-3.052941046417632,0.03023750978674321,-3.889265672705068,-3.0543579727254224,-2.66698384083045,2,17,False,
30min,2024-08-19,2024-08-19,2024-08-19,18,main,KPSS,c,level_or_trend_stationarity,,Bartlett_short_bandwidth,True,ok,0.291629915398953,0.14292389009623524,0.7428,0.4614,0.3475,2,18,False,
30min,2024-08-19,2024-08-19,2024-08-19,18,lag_sensitivity,ADF,c,unit_root,2.0,aic,True,ok,-3.0043370353758108,0.034491356015415746,-3.889265672705068,-3.0543579727254224,-2.66698384083045,0,17,False,
30min,2024-08-19,2024-08-19,2024-08-19,18,lag_sensitivity,PP,c,unit_root,,Bartlett_short_bandwidth,True,ok,-3.099104694075131,0.026619516116825247,-3.889265672705068,-3.0543579727254224,-2.66698384083045,4,17,True,
30min,2024-08-19,2024-08-19,2024-08-19,18,lag_sensitivity,KPSS,c,level_or_trend_stationarity,,Bartlett_short_bandwidth,True,ok,0.2779166929610663,0.15654511149888925,0.7428,0.4614,0.3475,4,18,False,
30min,2024-08-20,2024-08-20,2024-08-20,18,main,ADF,c,unit_root,2.0,bic,True,ok,-3.87928886147048,0.002192668693308815,-3.889265672705068,-3.0543579727254224,-2.66698384083045,0,17,True,
30min,2024-08-20,2024-08-20,2024-08-20,18,main,PP,c,unit_root,,Bartlett_short_bandwidth,True,ok,-3.884372708514386,0.0021529133589479926,-3.889265672705068,-3.0543579727254224,-2.66698384083045,2,17,True,
30min,2024-08-20,2024-08-20,2024-08-20,18,main,KPSS,c,level_or_trend_stationarity,,Bartlett_short_bandwidth,True,ok,0.09814781823415664,0.5947609088292168,0.7428,0.4614,0.3475,2,18,False,
30min,2024-08-20,2024-08-20,2024-08-20,18,lag_sensitivity,ADF,c,unit_root,2.0,aic,True,ok,-3.87928886147048,0.002192668693308815,-3.889265672705068,-3.0543579727254224,-2.66698384083045,0,17,True,
30min,2024-08-20,2024-08-20,2024-08-20,18,lag_sensitivity,PP,c,unit_root,,Bartlett_short_bandwidth,True,ok,-3.957045161703514,0.0016529130807969362,-3.889265672705068,-3.0543579727254224,-2.66698384083045,4,17,True,
30min,2024-08-20,2024-08-20,2024-08-20,18,lag_sensitivity,KPSS,c,level_or_trend_stationarity,,Bartlett_short_bandwidth,True,ok,0.16273586165156295,0.35369268777043145,0.7428,0.4614,0.3475,4,18,False,
30min,2024-08-21,2024-08-21,2024-08-21,18,main,ADF,c,unit_root,2.0,bic,True,ok,-5.236104247754062,7.416279118649014e-06,-3.889265672705068,-3.0543579727254224,-2.66698384083045,0,17,True,
30min,2024-08-21,2024-08-21,2024-08-21,18,main,PP,c,unit_root,,Bartlett_short_bandwidth,True,ok,-5.277537683561402,6.093827897722135e-06,-3.889265672705068,-3.0543579727254224,-2.66698384083045,2,17,True,
30min,2024-08-21,2024-08-21,2024-08-21,18,main,KPSS,c,level_or_trend_stationarity,,Bartlett_short_bandwidth,True,ok,0.15408211364791652,0.3780889474764389,0.7428,0.4614,0.3475,2,18,False,
30min,2024-08-21,2024-08-21,2024-08-21,18,lag_sensitivity,ADF,c,unit_root,2.0,aic,True,ok,-5.236104247754062,7.416279118649014e-06,-3.889265672705068,-3.0543579727254224,-2.66698384083045,0,17,True,
30min,2024-08-21,2024-08-21,2024-08-21,18,lag_sensitivity,PP,c,unit_root,,Bartlett_short_bandwidth,True,ok,-5.308763840062586,5.251352571527951e-06,-3.889265672705068,-3.0543579727254224,-2.66698384083045,4,17,True,
30min,2024-08-21,2024-08-21,2024-08-21,18,lag_sensitivity,KPSS,c,level_or_trend_stationarity,,Bartlett_short_bandwidth,True,ok,0.17004909066037066,0.33452249833239733,0.7428,0.4614,0.3475,4,18,False,
30min,2024-08-22,2024-08-22,2024-08-22,18,main,ADF,c,unit_root,2.0,bic,True,ok,-4.827319547901583,4.820574388557703e-05,-3.889265672705068,-3.0543579727254224,-2.66698384083045,0,17,True,
30min,2024-08-22,2024-08-22,2024-08-22,18,main,PP,c,unit_root,,Bartlett_short_bandwidth,True,ok,-4.764075976423237,6.367778539197958e-05,-3.889265672705068,-3.0543579727254224,-2.66698384083045,2,17,True,
30min,2024-08-22,2024-08-22,2024-08-22,18,main,KPSS,c,level_or_trend_stationarity,,Bartlett_short_bandwidth,True,ok,0.5242440742859473,0.03461577551016028,0.7428,0.4614,0.3475,2,18,True,
30min,2024-08-22,2024-08-22,2024-08-22,18,lag_sensitivity,ADF,c,unit_root,2.0,aic,True,ok,-4.827319547901583,4.820574388557703e-05,-3.889265672705068,-3.0543579727254224,-2.66698384083045,0,17,True,
30min,2024-08-22,2024-08-22,2024-08-22,18,lag_sensitivity,PP,c,unit_root,,Bartlett_short_bandwidth,True,ok,-4.756656474521288,6.577800765994387e-05,-3.889265672705068,-3.0543579727254224,-2.66698384083045,4,17,True,
30min,2024-08-22,2024-08-22,2024-08-22,18,lag_sensitivity,KPSS,c,level_or_trend_stationarity,,Bartlett_short_bandwidth,True,ok,0.40759080151237287,0.06906877987301915,0.7428,0.4614,0.3475,4,18,False,
30min,2024-08-23,2024-08-23,2024-08-23,18,main,ADF,c,unit_root,2.0,bic,True,ok,-3.14012453101314,0.02372280834798879,-3.889265672705068,-3.0543579727254224,-2.66698384083045,0,17,True,
30min,2024-08-23,2024-08-23,2024-08-23,18,main,PP,c,unit_root,,Bartlett_short_bandwidth,True,ok,-3.194755383814832,0.020290272356388125,-3.889265672705068,-3.0543579727254224,-2.66698384083045,2,17,True,
30min,2024-08-23,2024-08-23,2024-08-23,18,main,KPSS,c,level_or_trend_stationarity,,Bartlett_short_bandwidth,True,ok,0.309936116526809,0.12725011169304684,0.7428,0.4614,0.3475,2,18,False,
30min,2024-08-23,2024-08-23,2024-08-23,18,lag_sensitivity,ADF,c,unit_root,2.0,aic,True,ok,-3.14012453101314,0.02372280834798879,-3.889265672705068,-3.0543579727254224,-2.66698384083045,0,17,True,
30min,2024-08-23,2024-08-23,2024-08-23,18,lag_sensitivity,PP,c,unit_root,,Bartlett_short_bandwidth,True,ok,-3.215306461166059,0.019115601974147058,-3.889265672705068,-3.0543579727254224,-2.66698384083045,4,17,True,
30min,2024-08-23,2024-08-23,2024-08-23,18,lag_sensitivity,KPSS,c,level_or_trend_stationarity,,Bartlett_short_bandwidth,True,ok,0.30021954860005584,0.13538113087861436,0.7428,0.4614,0.3475,4,18,False,
30min,2024-08-26,2024-08-26,2024-08-26,18,main,ADF,c,unit_root,2.0,bic,True,ok,-5.176999035507965,9.794206590480706e-06,-3.9240193847656246,-3.0684982031250003,-2.67389265625,1,16,True,
30min,2024-08-26,2024-08-26,2024-08-26,18,main,PP,c,unit_root,,Bartlett_short_bandwidth,True,ok,-4.209450185651127,0.0006350461803228752,-3.889265672705068,-3.0543579727254224,-2.66698384083045,2,17,True,
30min,2024-08-26,2024-08-26,2024-08-26,18,main,KPSS,c,level_or_trend_stationarity,,Bartlett_short_bandwidth,True,ok,0.09487514670865524,0.6111242664567238,0.7428,0.4614,0.3475,2,18,False,
30min,2024-08-26,2024-08-26,2024-08-26,18,lag_sensitivity,ADF,c,unit_root,2.0,aic,True,ok,-4.3637652136779765,0.00034386684823078554,-3.9644434814814815,-3.0849081481481484,-2.6818144444444445,2,15,True,
30min,2024-08-26,2024-08-26,2024-08-26,18,lag_sensitivity,PP,c,unit_root,,Bartlett_short_bandwidth,True,ok,-5.150894079533716,1.1065656072710907e-05,-3.889265672705068,-3.0543579727254224,-2.66698384083045,4,17,True,
30min,2024-08-26,2024-08-26,2024-08-26,18,lag_sensitivity,KPSS,c,level_or_trend_stationarity,,Bartlett_short_bandwidth,True,ok,0.22876634154658276,0.2183843309900261,0.7428,0.4614,0.3475,4,18,False,
30min,2024-08-27,2024-08-27,2024-08-27,18,main,ADF,c,unit_root,2.0,bic,True,ok,-3.853660860293387,0.0024036191474062956,-3.889265672705068,-3.0543579727254224,-2.66698384083045,0,17,True,
30min,2024-08-27,2024-08-27,2024-08-27,18,main,PP,c,unit_root,,Bartlett_short_bandwidth,True,ok,-3.847307104531557,0.0024587420832911815,-3.889265672705068,-3.0543579727254224,-2.66698384083045,2,17,True,
30min,2024-08-27,2024-08-27,2024-08-27,18,main,KPSS,c,level_or_trend_stationarity,,Bartlett_short_bandwidth,True,ok,0.08514676136822238,0.6631994834460597,0.7428,0.4614,0.3475,2,18,False,
30min,2024-08-27,2024-08-27,2024-08-27,18,lag_sensitivity,ADF,c,unit_root,2.0,aic,True,ok,-3.853660860293387,0.0024036191474062956,-3.889265672705068,-3.0543579727254224,-2.66698384083045,0,17,True,
30min,2024-08-27,2024-08-27,2024-08-27,18,lag_sensitivity,PP,c,unit_root,,Bartlett_short_bandwidth,True,ok,-3.9638616587546975,0.0016120236346426175,-3.889265672705068,-3.0543579727254224,-2.66698384083045,4,17,True,
30min,2024-08-27,2024-08-27,2024-08-27,18,lag_sensitivity,KPSS,c,level_or_trend_stationarity,,Bartlett_short_bandwidth,True,ok,0.15032019080661083,0.3892851464088964,0.7428,0.4614,0.3475,4,18,False,
30min,2024-08-28,2024-08-28,2024-08-28,18,main,ADF,c,unit_root,2.0,bic,True,ok,-4.375398985352226,0.0003280462609822955,-3.9240193847656246,-3.0684982031250003,-2.67389265625,1,16,True,
30min,2024-08-28,2024-08-28,2024-08-28,18,main,PP,c,unit_root,,Bartlett_short_bandwidth,True,ok,-3.676523905854786,0.004455749356064337,-3.889265672705068,-3.0543579727254224,-2.66698384083045,2,17,True,
30min,2024-08-28,2024-08-28,2024-08-28,18,main,KPSS,c,level_or_trend_stationarity,,Bartlett_short_bandwidth,True,ok,0.10269507887727802,0.5725236592438556,0.7428,0.4614,0.3475,2,18,False,
30min,2024-08-28,2024-08-28,2024-08-28,18,lag_sensitivity,ADF,c,unit_root,2.0,aic,True,ok,-4.809164587823967,5.223250103630542e-05,-3.9644434814814815,-3.0849081481481484,-2.6818144444444445,2,15,True,
30min,2024-08-28,2024-08-28,2024-08-28,18,lag_sensitivity,PP,c,unit_root,,Bartlett_short_bandwidth,True,ok,-4.10175516475719,0.0009620747777306309,-3.889265672705068,-3.0543579727254224,-2.66698384083045,4,17,True,
30min,2024-08-28,2024-08-28,2024-08-28,18,lag_sensitivity,KPSS,c,level_or_trend_stationarity,,Bartlett_short_bandwidth,True,ok,0.18487193676129457,0.2992086451887349,0.7428,0.4614,0.3475,4,18,False,
30min,2024-08-29,2024-08-29,2024-08-29,18,main,ADF,c,unit_root,2.0,bic,True,ok,-1.6433638588524375,0.4605036245257684,-3.9240193847656246,-3.0684982031250003,-2.67389265625,1,16,False,
30min,2024-08-29,2024-08-29,2024-08-29,18,main,PP,c,unit_root,,Bartlett_short_bandwidth,True,ok,-3.4947690148452435,0.008122457533876295,-3.889265672705068,-3.0543579727254224,-2.66698384083045,2,17,True,
30min,2024-08-29,2024-08-29,2024-08-29,18,main,KPSS,c,level_or_trend_stationarity,,Bartlett_short_bandwidth,True,ok,0.31227916684083673,0.12528940013319104,0.7428,0.4614,0.3475,2,18,False,
30min,2024-08-29,2024-08-29,2024-08-29,18,lag_sensitivity,ADF,c,unit_root,2.0,aic,True,ok,-1.6433638588524375,0.4605036245257684,-3.9240193847656246,-3.0684982031250003,-2.67389265625,1,16,False,
30min,2024-08-29,2024-08-29,2024-08-29,18,lag_sensitivity,PP,c,unit_root,,Bartlett_short_bandwidth,True,ok,-3.5855372605000997,0.006043620607036746,-3.889265672705068,-3.0543579727254224,-2.66698384083045,4,17,True,
30min,2024-08-29,2024-08-29,2024-08-29,18,lag_sensitivity,KPSS,c,level_or_trend_stationarity,,Bartlett_short_bandwidth,True,ok,0.2517035216991932,0.1865339465394959,0.7428,0.4614,0.3475,4,18,False,
30min,2024-08-30,2024-08-30,2024-08-30,18,main,ADF,c,unit_root,2.0,bic,True,ok,-3.400820173376,0.010930943711258205,-3.889265672705068,-3.0543579727254224,-2.66698384083045,0,17,True,
30min,2024-08-30,2024-08-30,2024-08-30,18,main,PP,c,unit_root,,Bartlett_short_bandwidth,True,ok,-3.3629654958770585,0.01228805657178915,-3.889265672705068,-3.0543579727254224,-2.66698384083045,2,17,True,
30min,2024-08-30,2024-08-30,2024-08-30,18,main,KPSS,c,level_or_trend_stationarity,,Bartlett_short_bandwidth,True,ok,0.1877570665678205,0.29307007113229677,0.7428,0.4614,0.3475,2,18,False,
30min,2024-08-30,2024-08-30,2024-08-30,18,lag_sensitivity,ADF,c,unit_root,2.0,aic,True,ok,-3.400820173376,0.010930943711258205,-3.889265672705068,-3.0543579727254224,-2.66698384083045,0,17,True,
30min,2024-08-30,2024-08-30,2024-08-30,18,lag_sensitivity,PP,c,unit_root,,Bartlett_short_bandwidth,True,ok,-3.332772413662804,0.01347561000083243,-3.889265672705068,-3.0543579727254224,-2.66698384083045,4,17,True,
30min,2024-08-30,2024-08-30,2024-08-30,18,lag_sensitivity,KPSS,c,level_or_trend_stationarity,,Bartlett_short_bandwidth,True,ok,0.2434534796562609,0.19728683381074877,0.7428,0.4614,0.3475,4,18,False,
30min,2024-09-02,2024-09-02,2024-09-02,18,main,ADF,c,unit_root,2.0,bic,True,ok,-3.4011630712097722,0.010919286434555524,-3.889265672705068,-3.0543579727254224,-2.66698384083045,0,17,True,
30min,2024-09-02,2024-09-02,2024-09-02,18,main,PP,c,unit_root,,Bartlett_short_bandwidth,True,ok,-3.3833442592404612,0.011539939670888209,-3.889265672705068,-3.0543579727254224,-2.66698384083045,2,17,True,
30min,2024-09-02,2024-09-02,2024-09-02,18,main,KPSS,c,level_or_trend_stationarity,,Bartlett_short_bandwidth,True,ok,0.1322790047601344,0.4488096837308418,0.7428,0.4614,0.3475,2,18,False,
30min,2024-09-02,2024-09-02,2024-09-02,18,lag_sensitivity,ADF,c,unit_root,2.0,aic,True,ok,-3.4011630712097722,0.010919286434555524,-3.889265672705068,-3.0543579727254224,-2.66698384083045,0,17,True,
30min,2024-09-02,2024-09-02,2024-09-02,18,lag_sensitivity,PP,c,unit_root,,Bartlett_short_bandwidth,True,ok,-3.3477306180759694,0.012875142474204784,-3.889265672705068,-3.0543579727254224,-2.66698384083045,4,17,True,
30min,2024-09-02,2024-09-02,2024-09-02,18,lag_sensitivity,KPSS,c,level_or_trend_stationarity,,Bartlett_short_bandwidth,True,ok,0.17894511720059086,0.3127698455158831,0.7428,0.4614,0.3475,4,18,False,
30min,2024-09-03,2024-09-03,2024-09-03,18,main,ADF,c,unit_root,2.0,bic,True,ok,-5.260595032903989,6.604356506918378e-06,-3.9644434814814815,-3.0849081481481484,-2.6818144444444445,2,15,True,
30min,2024-09-03,2024-09-03,2024-09-03,18,main,PP,c,unit_root,,Bartlett_short_bandwidth,True,ok,-11.470750900776927,5.274456740264156e-21,-3.889265672705068,-3.0543579727254224,-2.66698384083045,2,17,True,
30min,2024-09-03,2024-09-03,2024-09-03,18,main,KPSS,c,level_or_trend_stationarity,,Bartlett_short_bandwidth,True,ok,0.08959038006402287,0.6389873400849847,0.7428,0.4614,0.3475,2,18,False,
30min,2024-09-03,2024-09-03,2024-09-03,18,lag_sensitivity,ADF,c,unit_root,2.0,aic,True,ok,-5.260595032903989,6.604356506918378e-06,-3.9644434814814815,-3.0849081481481484,-2.6818144444444445,2,15,True,
30min,2024-09-03,2024-09-03,2024-09-03,18,lag_sensitivity,PP,c,unit_root,,Bartlett_short_bandwidth,True,ok,-12.385942615475006,4.909337444953765e-23,-3.889265672705068,-3.0543579727254224,-2.66698384083045,4,17,True,
30min,2024-09-03,2024-09-03,2024-09-03,18,lag_sensitivity,KPSS,c,level_or_trend_stationarity,,Bartlett_short_bandwidth,True,ok,0.13123471157435718,0.45270630009568213,0.7428,0.4614,0.3475,4,18,False,
30min,2024-09-04,2024-09-04,2024-09-04,18,main,ADF,c,unit_root,2.0,bic,True,ok,-3.4790830568570574,0.008540818854499648,-3.889265672705068,-3.0543579727254224,-2.66698384083045,0,17,True,
30min,2024-09-04,2024-09-04,2024-09-04,18,main,PP,c,unit_root,,Bartlett_short_bandwidth,True,ok,-3.526318325320945,0.007336356961064129,-3.889265672705068,-3.0543579727254224,-2.66698384083045,2,17,True,
30min,2024-09-04,2024-09-04,2024-09-04,18,main,KPSS,c,level_or_trend_stationarity,,Bartlett_short_bandwidth,True,ok,0.32153660313108307,0.1179677486982124,0.7428,0.4614,0.3475,2,18,False,
30min,2024-09-04,2024-09-04,2024-09-04,18,lag_sensitivity,ADF,c,unit_root,2.0,aic,True,ok,-3.4790830568570574,0.008540818854499648,-3.889265672705068,-3.0543579727254224,-2.66698384083045,0,17,True,
30min,2024-09-04,2024-09-04,2024-09-04,18,lag_sensitivity,PP,c,unit_root,,Bartlett_short_bandwidth,True,ok,-3.5885329754001574,0.005984074981410089,-3.889265672705068,-3.0543579727254224,-2.66698384083045,4,17,True,
30min,2024-09-04,2024-09-04,2024-09-04,18,lag_sensitivity,KPSS,c,level_or_trend_stationarity,,Bartlett_short_bandwidth,True,ok,0.2724757179705892,0.16221279378063622,0.7428,0.4614,0.3475,4,18,False,
30min,2024-09-05,2024-09-05,2024-09-05,18,main,ADF,c,unit_root,2.0,bic,True,ok,-6.482820247145725,1.28241848705606e-08,-3.9644434814814815,-3.0849081481481484,-2.6818144444444445,2,15,True,
30min,2024-09-05,2024-09-05,2024-09-05,18,main,PP,c,unit_root,,Bartlett_short_bandwidth,True,ok,-5.392325624728398,3.5152133465984277e-06,-3.889265672705068,-3.0543579727254224,-2.66698384083045,2,17,True,
30min,2024-09-05,2024-09-05,2024-09-05,18,main,KPSS,c,level_or_trend_stationarity,,Bartlett_short_bandwidth,True,ok,0.23213453938657305,0.21328100092943475,0.7428,0.4614,0.3475,2,18,False,
30min,2024-09-05,2024-09-05,2024-09-05,18,lag_sensitivity,ADF,c,unit_root,2.0,aic,True,ok,-6.482820247145725,1.28241848705606e-08,-3.9644434814814815,-3.0849081481481484,-2.6818144444444445,2,15,True,
30min,2024-09-05,2024-09-05,2024-09-05,18,lag_sensitivity,PP,c,unit_root,,Bartlett_short_bandwidth,True,ok,-9.400143666608722,6.2192001259208e-16,-3.889265672705068,-3.0543579727254224,-2.66698384083045,4,17,True,
30min,2024-09-05,2024-09-05,2024-09-05,18,lag_sensitivity,KPSS,c,level_or_trend_stationarity,,Bartlett_short_bandwidth,True,ok,0.37378252319684413,0.08490687591997748,0.7428,0.4614,0.3475,4,18,False,
30min,2024-09-06,2024-09-06,2024-09-06,18,main,ADF,c,unit_root,2.0,bic,True,ok,-1.4341779340466012,0.5657855949746268,-3.9240193847656246,-3.0684982031250003,-2.67389265625,1,16,False,
30min,2024-09-06,2024-09-06,2024-09-06,18,main,PP,c,unit_root,,Bartlett_short_bandwidth,True,ok,-6.654780888722038,5.016054399863929e-09,-3.889265672705068,-3.0543579727254224,-2.66698384083045,2,17,True,
30min,2024-09-06,2024-09-06,2024-09-06,18,main,KPSS,c,level_or_trend_stationarity,,Bartlett_short_bandwidth,True,ok,0.17353704826710878,0.32571452457800815,0.7428,0.4614,0.3475,2,18,False,
30min,2024-09-06,2024-09-06,2024-09-06,18,lag_sensitivity,ADF,c,unit_root,2.0,aic,True,ok,-1.4341779340466012,0.5657855949746268,-3.9240193847656246,-3.0684982031250003,-2.67389265625,1,16,False,
30min,2024-09-06,2024-09-06,2024-09-06,18,lag_sensitivity,PP,c,unit_root,,Bartlett_short_bandwidth,True,ok,-6.279841569836244,3.820309897264956e-08,-3.889265672705068,-3.0543579727254224,-2.66698384083045,4,17,True,
30min,2024-09-06,2024-09-06,2024-09-06,18,lag_sensitivity,KPSS,c,level_or_trend_stationarity,,Bartlett_short_bandwidth,True,ok,0.17443065488640117,0.32345794220605767,0.7428,0.4614,0.3475,4,18,False,
30min,2024-09-09,2024-09-09,2024-09-09,18,main,ADF,c,unit_root,2.0,bic,True,ok,-6.276360568794083,3.8918607162020915e-08,-3.9644434814814815,-3.0849081481481484,-2.6818144444444445,2,15,True,
30min,2024-09-09,2024-09-09,2024-09-09,18,main,PP,c,unit_root,,Bartlett_short_bandwidth,True,ok,-4.631451304001596,0.00011298318287870759,-3.889265672705068,-3.0543579727254224,-2.66698384083045,2,17,True,
30min,2024-09-09,2024-09-09,2024-09-09,18,main,KPSS,c,level_or_trend_stationarity,,Bartlett_short_bandwidth,True,ok,0.081647832859902,0.6829222704759721,0.7428,0.4614,0.3475,2,18,False,
30min,2024-09-09,2024-09-09,2024-09-09,18,lag_sensitivity,ADF,c,unit_root,2.0,aic,True,ok,-6.276360568794083,3.8918607162020915e-08,-3.9644434814814815,-3.0849081481481484,-2.6818144444444445,2,15,True,
30min,2024-09-09,2024-09-09,2024-09-09,18,lag_sensitivity,PP,c,unit_root,,Bartlett_short_bandwidth,True,ok,-5.086209565038478,1.494227798075766e-05,-3.889265672705068,-3.0543579727254224,-2.66698384083045,4,17,True,
30min,2024-09-09,2024-09-09,2024-09-09,18,lag_sensitivity,KPSS,c,level_or_trend_stationarity,,Bartlett_short_bandwidth,True,ok,0.20335698290843157,0.2614568962579773,0.7428,0.4614,0.3475,4,18,False,
30min,2024-09-10,2024-09-10,2024-09-10,18,main,ADF,c,unit_root,2.0,bic,True,ok,-5.221180719400041,7.95760347814953e-06,-3.889265672705068,-3.0543579727254224,-2.66698384083045,0,17,True,
30min,2024-09-10,2024-09-10,2024-09-10,18,main,PP,c,unit_root,,Bartlett_short_bandwidth,True,ok,-5.655726090284377,9.631189311746649e-07,-3.889265672705068,-3.0543579727254224,-2.66698384083045,2,17,True,
30min,2024-09-10,2024-09-10,2024-09-10,18,main,KPSS,c,level_or_trend_stationarity,,Bartlett_short_bandwidth,True,ok,0.39236802381929864,0.0757698000852365,0.7428,0.4614,0.3475,2,18,False,
30min,2024-09-10,2024-09-10,2024-09-10,18,lag_sensitivity,ADF,c,unit_root,2.0,aic,True,ok,-4.661276002552706,9.943740000546933e-05,-3.9240193847656246,-3.0684982031250003,-2.67389265625,1,16,True,
30min,2024-09-10,2024-09-10,2024-09-10,18,lag_sensitivity,PP,c,unit_root,,Bartlett_short_bandwidth,True,ok,-6.220677604244351,5.232703059760668e-08,-3.889265672705068,-3.0543579727254224,-2.66698384083045,4,17,True,
30min,2024-09-10,2024-09-10,2024-09-10,18,lag_sensitivity,KPSS,c,level_or_trend_stationarity,,Bartlett_short_bandwidth,True,ok,0.35603921774807207,0.09480504727122296,0.7428,0.4614,0.3475,4,18,False,
30min,2024-09-11,2024-09-11,2024-09-11,18,main,ADF,c,unit_root,2.0,bic,True,ok,-2.2945613491239762,0.1737280449347241,-3.9240193847656246,-3.0684982031250003,-2.67389265625,1,16,False,
30min,2024-09-11,2024-09-11,2024-09-11,18,main,PP,c,unit_root,,Bartlett_short_bandwidth,True,ok,-4.640415656788396,0.00010873670956001023,-3.889265672705068,-3.0543579727254224,-2.66698384083045,2,17,True,
30min,2024-09-11,2024-09-11,2024-09-11,18,main,KPSS,c,level_or_trend_stationarity,,Bartlett_short_bandwidth,True,ok,0.10300601403825727,0.5710287786622247,0.7428,0.4614,0.3475,2,18,False,
30min,2024-09-11,2024-09-11,2024-09-11,18,lag_sensitivity,ADF,c,unit_root,2.0,aic,True,ok,-2.2945613491239762,0.1737280449347241,-3.9240193847656246,-3.0684982031250003,-2.67389265625,1,16,False,
30min,2024-09-11,2024-09-11,2024-09-11,18,lag_sensitivity,PP,c,unit_root,,Bartlett_short_bandwidth,True,ok,-4.650897987332976,0.00010396451233300597,-3.889265672705068,-3.0543579727254224,-2.66698384083045,4,17,True,
30min,2024-09-11,2024-09-11,2024-09-11,18,lag_sensitivity,KPSS,c,level_or_trend_stationarity,,Bartlett_short_bandwidth,True,ok,0.11584513486745657,0.5133304160530003,0.7428,0.4614,0.3475,4,18,False,
30min,2024-09-12,2024-09-12,2024-09-12,18,main,ADF,c,unit_root,2.0,bic,True,ok,-3.2644284729682806,0.016545354784817317,-3.889265672705068,-3.0543579727254224,-2.66698384083045,0,17,True,
30min,2024-09-12,2024-09-12,2024-09-12,18,main,PP,c,unit_root,,Bartlett_short_bandwidth,True,ok,-3.223916767728408,0.01864135641014087,-3.889265672705068,-3.0543579727254224,-2.66698384083045,2,17,True,
30min,2024-09-12,2024-09-12,2024-09-12,18,main,KPSS,c,level_or_trend_stationarity,,Bartlett_short_bandwidth,True,ok,0.28906803057773633,0.1453637804021559,0.7428,0.4614,0.3475,2,18,False,
30min,2024-09-12,2024-09-12,2024-09-12,18,lag_sensitivity,ADF,c,unit_root,2.0,aic,True,ok,-3.2644284729682806,0.016545354784817317,-3.889265672705068,-3.0543579727254224,-2.66698384083045,0,17,True,
30min,2024-09-12,2024-09-12,2024-09-12,18,lag_sensitivity,PP,c,unit_root,,Bartlett_short_bandwidth,True,ok,-3.232851696498841,0.01816012466551784,-3.889265672705068,-3.0543579727254224,-2.66698384083045,4,17,True,
30min,2024-09-12,2024-09-12,2024-09-12,18,lag_sensitivity,KPSS,c,level_or_trend_stationarity,,Bartlett_short_bandwidth,True,ok,0.2402302891003716,0.201763487360595,0.7428,0.4614,0.3475,4,18,False,
30min,2024-09-13,2024-09-13,2024-09-13,18,main,ADF,c,unit_root,2.0,bic,True,ok,-2.9253178271382585,0.04248209993205562,-3.889265672705068,-3.0543579727254224,-2.66698384083045,0,17,False,
30min,2024-09-13,2024-09-13,2024-09-13,18,main,PP,c,unit_root,,Bartlett_short_bandwidth,True,ok,-2.9597043393271543,0.03883273264499591,-3.889265672705068,-3.0543579727254224,-2.66698384083045,2,17,False,
30min,2024-09-13,2024-09-13,2024-09-13,18,main,KPSS,c,level_or_trend_stationarity,,Bartlett_short_bandwidth,True,ok,0.24783783769583462,0.19148995167200691,0.7428,0.4614,0.3475,2,18,False,
30min,2024-09-13,2024-09-13,2024-09-13,18,lag_sensitivity,ADF,c,unit_root,2.0,aic,True,ok,-1.9787918498188124,0.2959488458853906,-3.9240193847656246,-3.0684982031250003,-2.67389265625,1,16,False,
30min,2024-09-13,2024-09-13,2024-09-13,18,lag_sensitivity,PP,c,unit_root,,Bartlett_short_bandwidth,True,ok,-2.9784493281928457,0.03695656469296557,-3.889265672705068,-3.0543579727254224,-2.66698384083045,4,17,False,
30min,2024-09-13,2024-09-13,2024-09-13,18,lag_sensitivity,KPSS,c,level_or_trend_stationarity,,Bartlett_short_bandwidth,True,ok,0.2229291082733371,0.22742454680219157,0.7428,0.4614,0.3475,4,18,False,
30min,2024-09-16,2024-09-16,2024-09-16,18,main,ADF,c,unit_root,2.0,bic,True,ok,-3.0577072134478605,0.02984552161749096,-3.889265672705068,-3.0543579727254224,-2.66698384083045,0,17,True,
30min,2024-09-16,2024-09-16,2024-09-16,18,main,PP,c,unit_root,,Bartlett_short_bandwidth,True,ok,-3.006394275145734,0.03430155499151284,-3.889265672705068,-3.0543579727254224,-2.66698384083045,2,17,False,
30min,2024-09-16,2024-09-16,2024-09-16,18,main,KPSS,c,level_or_trend_stationarity,,Bartlett_short_bandwidth,True,ok,0.10980466535759455,0.5395242483745702,0.7428,0.4614,0.3475,2,18,False,
30min,2024-09-16,2024-09-16,2024-09-16,18,lag_sensitivity,ADF,c,unit_root,2.0,aic,True,ok,-3.0577072134478605,0.02984552161749096,-3.889265672705068,-3.0543579727254224,-2.66698384083045,0,17,True,
30min,2024-09-16,2024-09-16,2024-09-16,18,lag_sensitivity,PP,c,unit_root,,Bartlett_short_bandwidth,True,ok,-2.913234244695757,0.043830537306270415,-3.889265672705068,-3.0543579727254224,-2.66698384083045,4,17,False,
30min,2024-09-16,2024-09-16,2024-09-16,18,lag_sensitivity,KPSS,c,level_or_trend_stationarity,,Bartlett_short_bandwidth,True,ok,0.13702435421982856,0.4322453622608611,0.7428,0.4614,0.3475,4,18,False,
30min,2024-09-17,2024-09-17,2024-09-17,18,main,ADF,c,unit_root,2.0,bic,True,ok,-3.0968544205481963,0.026786852927251085,-3.889265672705068,-3.0543579727254224,-2.66698384083045,0,17,True,
30min,2024-09-17,2024-09-17,2024-09-17,18,main,PP,c,unit_root,,Bartlett_short_bandwidth,True,ok,-3.029348762640091,0.03224301739568693,-3.889265672705068,-3.0543579727254224,-2.66698384083045,2,17,False,
30min,2024-09-17,2024-09-17,2024-09-17,18,main,KPSS,c,level_or_trend_stationarity,,Bartlett_short_bandwidth,True,ok,0.3724452305213307,0.08562759210797243,0.7428,0.4614,0.3475,2,18,False,
30min,2024-09-17,2024-09-17,2024-09-17,18,lag_sensitivity,ADF,c,unit_root,2.0,aic,True,ok,-3.0968544205481963,0.026786852927251085,-3.889265672705068,-3.0543579727254224,-2.66698384083045,0,17,True,
30min,2024-09-17,2024-09-17,2024-09-17,18,lag_sensitivity,PP,c,unit_root,,Bartlett_short_bandwidth,True,ok,-3.0561599881238557,0.029972293799648112,-3.889265672705068,-3.0543579727254224,-2.66698384083045,4,17,True,
30min,2024-09-17,2024-09-17,2024-09-17,18,lag_sensitivity,KPSS,c,level_or_trend_stationarity,,Bartlett_short_bandwidth,True,ok,0.3866688493247856,0.07845808994113886,0.7428,0.4614,0.3475,4,18,False,
30min,2024-09-18,2024-09-18,2024-09-18,18,main,ADF,c,unit_root,2.0,bic,True,ok,-4.596573437841473,0.00013106117983604,-3.889265672705068,-3.0543579727254224,-2.66698384083045,0,17,True,
30min,2024-09-18,2024-09-18,2024-09-18,18,main,PP,c,unit_root,,Bartlett_short_bandwidth,True,ok,-4.664074587937494,9.824923788462372e-05,-3.889265672705068,-3.0543579727254224,-2.66698384083045,2,17,True,
30min,2024-09-18,2024-09-18,2024-09-18,18,main,KPSS,c,level_or_trend_stationarity,,Bartlett_short_bandwidth,True,ok,0.11070430577610166,0.5354349737449925,0.7428,0.4614,0.3475,2,18,False,
30min,2024-09-18,2024-09-18,2024-09-18,18,lag_sensitivity,ADF,c,unit_root,2.0,aic,True,ok,-4.596573437841473,0.00013106117983604,-3.889265672705068,-3.0543579727254224,-2.66698384083045,0,17,True,
30min,2024-09-18,2024-09-18,2024-09-18,18,lag_sensitivity,PP,c,unit_root,,Bartlett_short_bandwidth,True,ok,-4.743663689025749,6.961677184307457e-05,-3.889265672705068,-3.0543579727254224,-2.66698384083045,4,17,True,
30min,2024-09-18,2024-09-18,2024-09-18,18,lag_sensitivity,KPSS,c,level_or_trend_stationarity,,Bartlett_short_bandwidth,True,ok,0.12673604385076478,0.46949237369117613,0.7428,0.4614,0.3475,4,18,False,
30min,2024-09-19,2024-09-19,2024-09-19,18,main,ADF,c,unit_root,2.0,bic,True,ok,-4.346330579558887,0.00036893409373621255,-3.889265672705068,-3.0543579727254224,-2.66698384083045,0,17,True,
30min,2024-09-19,2024-09-19,2024-09-19,18,main,PP,c,unit_root,,Bartlett_short_bandwidth,True,ok,-4.350335209716191,0.0003630278281371956,-3.889265672705068,-3.0543579727254224,-2.66698384083045,2,17,True,
30min,2024-09-19,2024-09-19,2024-09-19,18,main,KPSS,c,level_or_trend_stationarity,,Bartlett_short_bandwidth,True,ok,0.15889817206500934,0.36423579103019416,0.7428,0.4614,0.3475,2,18,False,
30min,2024-09-19,2024-09-19,2024-09-19,18,lag_sensitivity,ADF,c,unit_root,2.0,aic,True,ok,-4.346330579558887,0.00036893409373621255,-3.889265672705068,-3.0543579727254224,-2.66698384083045,0,17,True,
30min,2024-09-19,2024-09-19,2024-09-19,18,lag_sensitivity,PP,c,unit_root,,Bartlett_short_bandwidth,True,ok,-4.428849007765318,0.000263815386340054,-3.889265672705068,-3.0543579727254224,-2.66698384083045,4,17,True,
30min,2024-09-19,2024-09-19,2024-09-19,18,lag_sensitivity,KPSS,c,level_or_trend_stationarity,,Bartlett_short_bandwidth,True,ok,0.17506850246031827,0.32184721600929733,0.7428,0.4614,0.3475,4,18,False,
30min,2024-09-20,2024-09-20,2024-09-20,18,main,ADF,c,unit_root,2.0,bic,True,ok,-2.699403745720403,0.07414150391459629,-3.889265672705068,-3.0543579727254224,-2.66698384083045,0,17,False,
30min,2024-09-20,2024-09-20,2024-09-20,18,main,PP,c,unit_root,,Bartlett_short_bandwidth,True,ok,-2.790869777981993,0.0595898372278397,-3.889265672705068,-3.0543579727254224,-2.66698384083045,2,17,False,
30min,2024-09-20,2024-09-20,2024-09-20,18,main,KPSS,c,level_or_trend_stationarity,,Bartlett_short_bandwidth,True,ok,0.2962637921797885,0.13869138729724814,0.7428,0.4614,0.3475,2,18,False,
30min,2024-09-20,2024-09-20,2024-09-20,18,lag_sensitivity,ADF,c,unit_root,2.0,aic,True,ok,-2.699403745720403,0.07414150391459629,-3.889265672705068,-3.0543579727254224,-2.66698384083045,0,17,False,
30min,2024-09-20,2024-09-20,2024-09-20,18,lag_sensitivity,PP,c,unit_root,,Bartlett_short_bandwidth,True,ok,-2.794097227313971,0.059121896618043304,-3.889265672705068,-3.0543579727254224,-2.66698384083045,4,17,False,
30min,2024-09-20,2024-09-20,2024-09-20,18,lag_sensitivity,KPSS,c,level_or_trend_stationarity,,Bartlett_short_bandwidth,True,ok,0.3004011068618067,0.13522919927882285,0.7428,0.4614,0.3475,4,18,False,
30min,2024-09-23,2024-09-23,2024-09-23,18,main,ADF,c,unit_root,2.0,bic,True,ok,-4.811186305304712,5.176859373620505e-05,-3.9644434814814815,-3.0849081481481484,-2.6818144444444445,2,15,True,
30min,2024-09-23,2024-09-23,2024-09-23,18,main,PP,c,unit_root,,Bartlett_short_bandwidth,True,ok,-6.8224413988422175,1.986123773478626e-09,-3.889265672705068,-3.0543579727254224,-2.66698384083045,2,17,True,
30min,2024-09-23,2024-09-23,2024-09-23,18,main,KPSS,c,level_or_trend_stationarity,,Bartlett_short_bandwidth,True,ok,0.15765418494092825,0.36765333807437295,0.7428,0.4614,0.3475,2,18,False,
30min,2024-09-23,2024-09-23,2024-09-23,18,lag_sensitivity,ADF,c,unit_root,2.0,aic,True,ok,-4.811186305304712,5.176859373620505e-05,-3.9644434814814815,-3.0849081481481484,-2.6818144444444445,2,15,True,
30min,2024-09-23,2024-09-23,2024-09-23,18,lag_sensitivity,PP,c,unit_root,,Bartlett_short_bandwidth,True,ok,-9.394494827369959,6.428579196373545e-16,-3.889265672705068,-3.0543579727254224,-2.66698384083045,4,17,True,
30min,2024-09-23,2024-09-23,2024-09-23,18,lag_sensitivity,KPSS,c,level_or_trend_stationarity,,Bartlett_short_bandwidth,True,ok,0.3496479023030682,0.0986903034737389,0.7428,0.4614,0.3475,4,18,False,
30min,2024-09-24,2024-09-24,2024-09-24,18,main,ADF,c,unit_root,2.0,bic,True,ok,-3.379580525420031,0.011674981003640096,-3.889265672705068,-3.0543579727254224,-2.66698384083045,0,17,True,
30min,2024-09-24,2024-09-24,2024-09-24,18,main,PP,c,unit_root,,Bartlett_short_bandwidth,True,ok,-3.3341808092743177,0.013418034759699216,-3.889265672705068,-3.0543579727254224,-2.66698384083045,2,17,True,
30min,2024-09-24,2024-09-24,2024-09-24,18,main,KPSS,c,level_or_trend_stationarity,,Bartlett_short_bandwidth,True,ok,0.06464764466474265,0.7857141264368331,0.7428,0.4614,0.3475,2,18,False,
30min,2024-09-24,2024-09-24,2024-09-24,18,lag_sensitivity,ADF,c,unit_root,2.0,aic,True,ok,-3.379580525420031,0.011674981003640096,-3.889265672705068,-3.0543579727254224,-2.66698384083045,0,17,True,
30min,2024-09-24,2024-09-24,2024-09-24,18,lag_sensitivity,PP,c,unit_root,,Bartlett_short_bandwidth,True,ok,-3.3426551535768736,0.013076175887201684,-3.889265672705068,-3.0543579727254224,-2.66698384083045,4,17,True,
30min,2024-09-24,2024-09-24,2024-09-24,18,lag_sensitivity,KPSS,c,level_or_trend_stationarity,,Bartlett_short_bandwidth,True,ok,0.1074256619231213,0.5503379003494486,0.7428,0.4614,0.3475,4,18,False,
30min,2024-09-25,2024-09-25,2024-09-25,18,main,ADF,c,unit_root,2.0,bic,True,ok,-5.8328641957296465,3.937816961130456e-07,-3.889265672705068,-3.0543579727254224,-2.66698384083045,0,17,True,
30min,2024-09-25,2024-09-25,2024-09-25,18,main,PP,c,unit_root,,Bartlett_short_bandwidth,True,ok,-6.485914676160781,1.2610757847481719e-08,-3.889265672705068,-3.0543579727254224,-2.66698384083045,2,17,True,
30min,2024-09-25,2024-09-25,2024-09-25,18,main,KPSS,c,level_or_trend_stationarity,,Bartlett_short_bandwidth,True,ok,0.4933076953853627,0.04149807615365933,0.7428,0.4614,0.3475,2,18,True,
30min,2024-09-25,2024-09-25,2024-09-25,18,lag_sensitivity,ADF,c,unit_root,2.0,aic,True,ok,-3.9511449326030657,0.0016890821662838543,-3.9240193847656246,-3.0684982031250003,-2.67389265625,1,16,True,
30min,2024-09-25,2024-09-25,2024-09-25,18,lag_sensitivity,PP,c,unit_root,,Bartlett_short_bandwidth,True,ok,-6.236658495448488,4.80720930925926e-08,-3.889265672705068,-3.0543579727254224,-2.66698384083045,4,17,True,
30min,2024-09-25,2024-09-25,2024-09-25,18,lag_sensitivity,KPSS,c,level_or_trend_stationarity,,Bartlett_short_bandwidth,True,ok,0.4283941329026779,0.06094205529974515,0.7428,0.4614,0.3475,4,18,False,
30min,2024-09-26,2024-09-26,2024-09-26,18,main,ADF,c,unit_root,2.0,bic,True,ok,-1.7275512791905774,0.41697603792579263,-3.9240193847656246,-3.0684982031250003,-2.67389265625,1,16,False,
30min,2024-09-26,2024-09-26,2024-09-26,18,main,PP,c,unit_root,,Bartlett_short_bandwidth,True,ok,-5.274785991331915,6.174058035899613e-06,-3.889265672705068,-3.0543579727254224,-2.66698384083045,2,17,True,
30min,2024-09-26,2024-09-26,2024-09-26,18,main,KPSS,c,level_or_trend_stationarity,,Bartlett_short_bandwidth,True,ok,0.0919174577213648,0.6266092674395489,0.7428,0.4614,0.3475,2,18,False,
30min,2024-09-26,2024-09-26,2024-09-26,18,lag_sensitivity,ADF,c,unit_root,2.0,aic,True,ok,-1.7275512791905774,0.41697603792579263,-3.9240193847656246,-3.0684982031250003,-2.67389265625,1,16,False,
30min,2024-09-26,2024-09-26,2024-09-26,18,lag_sensitivity,PP,c,unit_root,,Bartlett_short_bandwidth,True,ok,-5.234851363289584,7.460317356597648e-06,-3.889265672705068,-3.0543579727254224,-2.66698384083045,4,17,True,
30min,2024-09-26,2024-09-26,2024-09-26,18,lag_sensitivity,KPSS,c,level_or_trend_stationarity,,Bartlett_short_bandwidth,True,ok,0.0990564652580923,0.5902176737095385,0.7428,0.4614,0.3475,4,18,False,
30min,2024-09-27,2024-09-27,2024-09-27,18,main,ADF,c,unit_root,2.0,bic,True,ok,-4.199579661939585,0.0006599805458171905,-3.889265672705068,-3.0543579727254224,-2.66698384083045,0,17,True,
30min,2024-09-27,2024-09-27,2024-09-27,18,main,PP,c,unit_root,,Bartlett_short_bandwidth,True,ok,-4.200976250597497,0.0006563974898139921,-3.889265672705068,-3.0543579727254224,-2.66698384083045,2,17,True,
30min,2024-09-27,2024-09-27,2024-09-27,18,main,KPSS,c,level_or_trend_stationarity,,Bartlett_short_bandwidth,True,ok,0.2225366681054078,0.22807142619987725,0.7428,0.4614,0.3475,2,18,False,
30min,2024-09-27,2024-09-27,2024-09-27,18,lag_sensitivity,ADF,c,unit_root,2.0,aic,True,ok,-4.199579661939585,0.0006599805458171905,-3.889265672705068,-3.0543579727254224,-2.66698384083045,0,17,True,
30min,2024-09-27,2024-09-27,2024-09-27,18,lag_sensitivity,PP,c,unit_root,,Bartlett_short_bandwidth,True,ok,-4.210588862064207,0.0006322274242592664,-3.889265672705068,-3.0543579727254224,-2.66698384083045,4,17,True,
30min,2024-09-27,2024-09-27,2024-09-27,18,lag_sensitivity,KPSS,c,level_or_trend_stationarity,,Bartlett_short_bandwidth,True,ok,0.2157949602637507,0.23918413143337794,0.7428,0.4614,0.3475,4,18,False,
30min,2024-09-30,2024-09-30,2024-09-30,18,main,ADF,c,unit_root,2.0,bic,True,ok,-5.417396708926112,3.1135760174222276e-06,-3.889265672705068,-3.0543579727254224,-2.66698384083045,0,17,True,
30min,2024-09-30,2024-09-30,2024-09-30,18,main,PP,c,unit_root,,Bartlett_short_bandwidth,True,ok,-5.5927858797764065,1.3174883655352316e-06,-3.889265672705068,-3.0543579727254224,-2.66698384083045,2,17,True,
30min,2024-09-30,2024-09-30,2024-09-30,18,main,KPSS,c,level_or_trend_stationarity,,Bartlett_short_bandwidth,True,ok,0.12717226059593797,0.46786469926888813,0.7428,0.4614,0.3475,2,18,False,
30min,2024-09-30,2024-09-30,2024-09-30,18,lag_sensitivity,ADF,c,unit_root,2.0,aic,True,ok,-5.417396708926112,3.1135760174222276e-06,-3.889265672705068,-3.0543579727254224,-2.66698384083045,0,17,True,
30min,2024-09-30,2024-09-30,2024-09-30,18,lag_sensitivity,PP,c,unit_root,,Bartlett_short_bandwidth,True,ok,-6.474754196398058,1.3397385494310675e-08,-3.889265672705068,-3.0543579727254224,-2.66698384083045,4,17,True,
30min,2024-09-30,2024-09-30,2024-09-30,18,lag_sensitivity,KPSS,c,level_or_trend_stationarity,,Bartlett_short_bandwidth,True,ok,0.34967239370198067,0.09867536969391422,0.7428,0.4614,0.3475,4,18,False,
30min,2024-10-01,2024-10-01,2024-10-01,18,main,ADF,c,unit_root,2.0,bic,True,ok,-4.227824573426892,0.0005909729190934309,-3.889265672705068,-3.0543579727254224,-2.66698384083045,0,17,True,
30min,2024-10-01,2024-10-01,2024-10-01,18,main,PP,c,unit_root,,Bartlett_short_bandwidth,True,ok,-4.248188790582847,0.0005454973613850442,-3.889265672705068,-3.0543579727254224,-2.66698384083045,2,17,True,
30min,2024-10-01,2024-10-01,2024-10-01,18,main,KPSS,c,level_or_trend_stationarity,,Bartlett_short_bandwidth,True,ok,0.2642874848321609,0.17136059442442972,0.7428,0.4614,0.3475,2,18,False,
30min,2024-10-01,2024-10-01,2024-10-01,18,lag_sensitivity,ADF,c,unit_root,2.0,aic,True,ok,-4.227824573426892,0.0005909729190934309,-3.889265672705068,-3.0543579727254224,-2.66698384083045,0,17,True,
30min,2024-10-01,2024-10-01,2024-10-01,18,lag_sensitivity,PP,c,unit_root,,Bartlett_short_bandwidth,True,ok,-4.269576462177599,0.0005012981452490962,-3.889265672705068,-3.0543579727254224,-2.66698384083045,4,17,True,
30min,2024-10-01,2024-10-01,2024-10-01,18,lag_sensitivity,KPSS,c,level_or_trend_stationarity,,Bartlett_short_bandwidth,True,ok,0.2767360705021051,0.1577749265603072,0.7428,0.4614,0.3475,4,18,False,
30min,2024-10-02,2024-10-02,2024-10-02,18,main,ADF,c,unit_root,2.0,bic,True,ok,-2.8013567824524674,0.05808022256465826,-3.889265672705068,-3.0543579727254224,-2.66698384083045,0,17,False,
30min,2024-10-02,2024-10-02,2024-10-02,18,main,PP,c,unit_root,,Bartlett_short_bandwidth,True,ok,-2.7170024772973655,0.07114202609047823,-3.889265672705068,-3.0543579727254224,-2.66698384083045,2,17,False,
30min,2024-10-02,2024-10-02,2024-10-02,18,main,KPSS,c,level_or_trend_stationarity,,Bartlett_short_bandwidth,True,ok,0.2066517525266597,0.2554432990595362,0.7428,0.4614,0.3475,2,18,False,
30min,2024-10-02,2024-10-02,2024-10-02,18,lag_sensitivity,ADF,c,unit_root,2.0,aic,True,ok,-2.8013567824524674,0.05808022256465826,-3.889265672705068,-3.0543579727254224,-2.66698384083045,0,17,False,
30min,2024-10-02,2024-10-02,2024-10-02,18,lag_sensitivity,PP,c,unit_root,,Bartlett_short_bandwidth,True,ok,-2.709614003239003,0.07238935079898927,-3.889265672705068,-3.0543579727254224,-2.66698384083045,4,17,False,
30min,2024-10-02,2024-10-02,2024-10-02,18,lag_sensitivity,KPSS,c,level_or_trend_stationarity,,Bartlett_short_bandwidth,True,ok,0.24382430882462888,0.19677179329912659,0.7428,0.4614,0.3475,4,18,False,
30min,2024-10-03,2024-10-03,2024-10-03,18,main,ADF,c,unit_root,2.0,bic,True,ok,-2.1197010921632233,0.2366668354952316,-3.9240193847656246,-3.0684982031250003,-2.67389265625,1,16,False,
30min,2024-10-03,2024-10-03,2024-10-03,18,main,PP,c,unit_root,,Bartlett_short_bandwidth,True,ok,-5.214126921964038,8.226605523106066e-06,-3.889265672705068,-3.0543579727254224,-2.66698384083045,2,17,True,
30min,2024-10-03,2024-10-03,2024-10-03,18,main,KPSS,c,level_or_trend_stationarity,,Bartlett_short_bandwidth,True,ok,0.46842074061478495,0.04803889926961314,0.7428,0.4614,0.3475,2,18,True,
30min,2024-10-03,2024-10-03,2024-10-03,18,lag_sensitivity,ADF,c,unit_root,2.0,aic,True,ok,-2.1197010921632233,0.2366668354952316,-3.9240193847656246,-3.0684982031250003,-2.67389265625,1,16,False,
30min,2024-10-03,2024-10-03,2024-10-03,18,lag_sensitivity,PP,c,unit_root,,Bartlett_short_bandwidth,True,ok,-5.120583543073554,1.2742706661093707e-05,-3.889265672705068,-3.0543579727254224,-2.66698384083045,4,17,True,
30min,2024-10-03,2024-10-03,2024-10-03,18,lag_sensitivity,KPSS,c,level_or_trend_stationarity,,Bartlett_short_bandwidth,True,ok,0.38338179408859485,0.08000928873030876,0.7428,0.4614,0.3475,4,18,False,
30min,2024-10-04,2024-10-04,2024-10-04,18,main,ADF,c,unit_root,2.0,bic,True,ok,-4.924523219933217,3.1237251385059415e-05,-3.9644434814814815,-3.0849081481481484,-2.6818144444444445,2,15,True,
30min,2024-10-04,2024-10-04,2024-10-04,18,main,PP,c,unit_root,,Bartlett_short_bandwidth,True,ok,-4.778490759982267,5.977976868224356e-05,-3.889265672705068,-3.0543579727254224,-2.66698384083045,2,17,True,
30min,2024-10-04,2024-10-04,2024-10-04,18,main,KPSS,c,level_or_trend_stationarity,,Bartlett_short_bandwidth,True,ok,0.06887770632153534,0.7594132249438218,0.7428,0.4614,0.3475,2,18,False,
30min,2024-10-04,2024-10-04,2024-10-04,18,lag_sensitivity,ADF,c,unit_root,2.0,aic,True,ok,-4.924523219933217,3.1237251385059415e-05,-3.9644434814814815,-3.0849081481481484,-2.6818144444444445,2,15,True,
30min,2024-10-04,2024-10-04,2024-10-04,18,lag_sensitivity,PP,c,unit_root,,Bartlett_short_bandwidth,True,ok,-5.736965311963038,6.405117746294705e-07,-3.889265672705068,-3.0543579727254224,-2.66698384083045,4,17,True,
30min,2024-10-04,2024-10-04,2024-10-04,18,lag_sensitivity,KPSS,c,level_or_trend_stationarity,,Bartlett_short_bandwidth,True,ok,0.1672667971580969,0.34154849202500787,0.7428,0.4614,0.3475,4,18,False,
30min,2024-10-07,2024-10-07,2024-10-07,18,main,ADF,c,unit_root,2.0,bic,True,ok,-6.232421620318067,4.916583996334888e-08,-3.9240193847656246,-3.0684982031250003,-2.67389265625,1,16,True,
30min,2024-10-07,2024-10-07,2024-10-07,18,main,PP,c,unit_root,,Bartlett_short_bandwidth,True,ok,-8.269492524158501,4.836335226843685e-13,-3.889265672705068,-3.0543579727254224,-2.66698384083045,2,17,True,
30min,2024-10-07,2024-10-07,2024-10-07,18,main,KPSS,c,level_or_trend_stationarity,,Bartlett_short_bandwidth,True,ok,0.11223273867954779,0.5285940619174037,0.7428,0.4614,0.3475,2,18,False,
30min,2024-10-07,2024-10-07,2024-10-07,18,lag_sensitivity,ADF,c,unit_root,2.0,aic,True,ok,-6.232421620318067,4.916583996334888e-08,-3.9240193847656246,-3.0684982031250003,-2.67389265625,1,16,True,
30min,2024-10-07,2024-10-07,2024-10-07,18,lag_sensitivity,PP,c,unit_root,,Bartlett_short_bandwidth,True,ok,-10.281617669830501,3.766658275760923e-18,-3.889265672705068,-3.0543579727254224,-2.66698384083045,4,17,True,
30min,2024-10-07,2024-10-07,2024-10-07,18,lag_sensitivity,KPSS,c,level_or_trend_stationarity,,Bartlett_short_bandwidth,True,ok,0.1436630556510504,0.41018251393894106,0.7428,0.4614,0.3475,4,18,False,
30min,2024-10-08,2024-10-08,2024-10-08,18,main,ADF,c,unit_root,2.0,bic,True,ok,-7.149253488814378,3.172643012019092e-10,-3.889265672705068,-3.0543579727254224,-2.66698384083045,0,17,True,
30min,2024-10-08,2024-10-08,2024-10-08,18,main,PP,c,unit_root,,Bartlett_short_bandwidth,True,ok,-7.979479688281813,2.647051703496204e-12,-3.889265672705068,-3.0543579727254224,-2.66698384083045,2,17,True,
30min,2024-10-08,2024-10-08,2024-10-08,18,main,KPSS,c,level_or_trend_stationarity,,Bartlett_short_bandwidth,True,ok,0.24659174111800058,0.19308751138717872,0.7428,0.4614,0.3475,2,18,False,
30min,2024-10-08,2024-10-08,2024-10-08,18,lag_sensitivity,ADF,c,unit_root,2.0,aic,True,ok,-7.149253488814378,3.172643012019092e-10,-3.889265672705068,-3.0543579727254224,-2.66698384083045,0,17,True,
30min,2024-10-08,2024-10-08,2024-10-08,18,lag_sensitivity,PP,c,unit_root,,Bartlett_short_bandwidth,True,ok,-7.810881463218552,7.075289735710244e-12,-3.889265672705068,-3.0543579727254224,-2.66698384083045,4,17,True,
30min,2024-10-08,2024-10-08,2024-10-08,18,lag_sensitivity,KPSS,c,level_or_trend_stationarity,,Bartlett_short_bandwidth,True,ok,0.28838332789952564,0.14601587819092798,0.7428,0.4614,0.3475,4,18,False,
30min,2024-10-09,2024-10-09,2024-10-09,18,main,ADF,c,unit_root,2.0,bic,True,ok,-3.7165868229645103,0.0038858033040865465,-3.889265672705068,-3.0543579727254224,-2.66698384083045,0,17,True,
30min,2024-10-09,2024-10-09,2024-10-09,18,main,PP,c,unit_root,,Bartlett_short_bandwidth,True,ok,-3.7175464905141045,0.0038730081897864056,-3.889265672705068,-3.0543579727254224,-2.66698384083045,2,17,True,
30min,2024-10-09,2024-10-09,2024-10-09,18,main,KPSS,c,level_or_trend_stationarity,,Bartlett_short_bandwidth,True,ok,0.30262716891210234,0.13336638584761312,0.7428,0.4614,0.3475,2,18,False,
30min,2024-10-09,2024-10-09,2024-10-09,18,lag_sensitivity,ADF,c,unit_root,2.0,aic,True,ok,-3.7165868229645103,0.0038858033040865465,-3.889265672705068,-3.0543579727254224,-2.66698384083045,0,17,True,
30min,2024-10-09,2024-10-09,2024-10-09,18,lag_sensitivity,PP,c,unit_root,,Bartlett_short_bandwidth,True,ok,-3.7801915438099614,0.003116609240913834,-3.889265672705068,-3.0543579727254224,-2.66698384083045,4,17,True,
30min,2024-10-09,2024-10-09,2024-10-09,18,lag_sensitivity,KPSS,c,level_or_trend_stationarity,,Bartlett_short_bandwidth,True,ok,0.32928871490702866,0.1126029654622639,0.7428,0.4614,0.3475,4,18,False,
30min,2024-10-10,2024-10-10,2024-10-10,18,main,ADF,c,unit_root,2.0,bic,True,ok,-6.570661312812644,7.951436669956648e-09,-3.889265672705068,-3.0543579727254224,-2.66698384083045,0,17,True,
30min,2024-10-10,2024-10-10,2024-10-10,18,main,PP,c,unit_root,,Bartlett_short_bandwidth,True,ok,-7.000944286615214,7.324836663176236e-10,-3.889265672705068,-3.0543579727254224,-2.66698384083045,2,17,True,
30min,2024-10-10,2024-10-10,2024-10-10,18,main,KPSS,c,level_or_trend_stationarity,,Bartlett_short_bandwidth,True,ok,0.0974513696339546,0.598243151830227,0.7428,0.4614,0.3475,2,18,False,
30min,2024-10-10,2024-10-10,2024-10-10,18,lag_sensitivity,ADF,c,unit_root,2.0,aic,True,ok,-6.570661312812644,7.951436669956648e-09,-3.889265672705068,-3.0543579727254224,-2.66698384083045,0,17,True,
30min,2024-10-10,2024-10-10,2024-10-10,18,lag_sensitivity,PP,c,unit_root,,Bartlett_short_bandwidth,True,ok,-8.444889864580592,1.723437602763318e-13,-3.889265672705068,-3.0543579727254224,-2.66698384083045,4,17,True,
30min,2024-10-10,2024-10-10,2024-10-10,18,lag_sensitivity,KPSS,c,level_or_trend_stationarity,,Bartlett_short_bandwidth,True,ok,0.17400119391733854,0.3245424396026804,0.7428,0.4614,0.3475,4,18,False,
30min,2024-10-11,2024-10-11,2024-10-11,18,main,ADF,c,unit_root,2.0,bic,True,ok,-5.240647515064594,7.258688960967675e-06,-3.9644434814814815,-3.0849081481481484,-2.6818144444444445,2,15,True,
30min,2024-10-11,2024-10-11,2024-10-11,18,main,PP,c,unit_root,,Bartlett_short_bandwidth,True,ok,-2.6868151110428524,0.0763477520240845,-3.889265672705068,-3.0543579727254224,-2.66698384083045,2,17,False,
30min,2024-10-11,2024-10-11,2024-10-11,18,main,KPSS,c,level_or_trend_stationarity,,Bartlett_short_bandwidth,True,ok,0.2723500695898478,0.16234367751057519,0.7428,0.4614,0.3475,2,18,False,
30min,2024-10-11,2024-10-11,2024-10-11,18,lag_sensitivity,ADF,c,unit_root,2.0,aic,True,ok,-5.240647515064594,7.258688960967675e-06,-3.9644434814814815,-3.0849081481481484,-2.6818144444444445,2,15,True,
30min,2024-10-11,2024-10-11,2024-10-11,18,lag_sensitivity,PP,c,unit_root,,Bartlett_short_bandwidth,True,ok,-2.5536462125119668,0.10296100984115064,-3.889265672705068,-3.0543579727254224,-2.66698384083045,4,17,False,
30min,2024-10-11,2024-10-11,2024-10-11,18,lag_sensitivity,KPSS,c,level_or_trend_stationarity,,Bartlett_short_bandwidth,True,ok,0.36364583655036076,0.09043342726990762,0.7428,0.4614,0.3475,4,18,False,
30min,2024-10-14,2024-10-14,2024-10-14,18,main,ADF,c,unit_root,2.0,bic,True,ok,-8.37641672443002,2.578966652007738e-13,-3.889265672705068,-3.0543579727254224,-2.66698384083045,0,17,True,
30min,2024-10-14,2024-10-14,2024-10-14,18,main,PP,c,unit_root,,Bartlett_short_bandwidth,True,ok,-7.674251353043379,1.5640436526583527e-11,-3.889265672705068,-3.0543579727254224,-2.66698384083045,2,17,True,
30min,2024-10-14,2024-10-14,2024-10-14,18,main,KPSS,c,level_or_trend_stationarity,,Bartlett_short_bandwidth,True,ok,0.13773561930199016,0.42980952293838987,0.7428,0.4614,0.3475,2,18,False,
30min,2024-10-14,2024-10-14,2024-10-14,18,lag_sensitivity,ADF,c,unit_root,2.0,aic,True,ok,-8.37641672443002,2.578966652007738e-13,-3.889265672705068,-3.0543579727254224,-2.66698384083045,0,17,True,
30min,2024-10-14,2024-10-14,2024-10-14,18,lag_sensitivity,PP,c,unit_root,,Bartlett_short_bandwidth,True,ok,-7.4679126033249705,5.145808740029639e-11,-3.889265672705068,-3.0543579727254224,-2.66698384083045,4,17,True,
30min,2024-10-14,2024-10-14,2024-10-14,18,lag_sensitivity,KPSS,c,level_or_trend_stationarity,,Bartlett_short_bandwidth,True,ok,0.1453547307403318,0.4047604783963724,0.7428,0.4614,0.3475,4,18,False,
30min,2024-10-15,2024-10-15,2024-10-15,18,main,ADF,c,unit_root,2.0,bic,True,ok,-5.5114647267425445,1.9678011876184533e-06,-3.9644434814814815,-3.0849081481481484,-2.6818144444444445,2,15,True,
30min,2024-10-15,2024-10-15,2024-10-15,18,main,PP,c,unit_root,,Bartlett_short_bandwidth,True,ok,-5.325235872546924,4.853654512472095e-06,-3.889265672705068,-3.0543579727254224,-2.66698384083045,2,17,True,
30min,2024-10-15,2024-10-15,2024-10-15,18,main,KPSS,c,level_or_trend_stationarity,,Bartlett_short_bandwidth,True,ok,0.10177961097453556,0.5769249472378098,0.7428,0.4614,0.3475,2,18,False,
30min,2024-10-15,2024-10-15,2024-10-15,18,lag_sensitivity,ADF,c,unit_root,2.0,aic,True,ok,-5.5114647267425445,1.9678011876184533e-06,-3.9644434814814815,-3.0849081481481484,-2.6818144444444445,2,15,True,
30min,2024-10-15,2024-10-15,2024-10-15,18,lag_sensitivity,PP,c,unit_root,,Bartlett_short_bandwidth,True,ok,-7.597437777158161,2.4392059155587935e-11,-3.889265672705068,-3.0543579727254224,-2.66698384083045,4,17,True,
30min,2024-10-15,2024-10-15,2024-10-15,18,lag_sensitivity,KPSS,c,level_or_trend_stationarity,,Bartlett_short_bandwidth,True,ok,0.26356415898690627,0.1721952011689543,0.7428,0.4614,0.3475,4,18,False,
30min,2024-10-16,2024-10-16,2024-10-16,18,main,ADF,c,unit_root,2.0,bic,True,ok,-3.3823647895086477,0.011574948291745638,-3.889265672705068,-3.0543579727254224,-2.66698384083045,0,17,True,
30min,2024-10-16,2024-10-16,2024-10-16,18,main,PP,c,unit_root,,Bartlett_short_bandwidth,True,ok,-3.358516713479067,0.012456987851186497,-3.889265672705068,-3.0543579727254224,-2.66698384083045,2,17,True,
30min,2024-10-16,2024-10-16,2024-10-16,18,main,KPSS,c,level_or_trend_stationarity,,Bartlett_short_bandwidth,True,ok,0.14110762719996356,0.4183729897437065,0.7428,0.4614,0.3475,2,18,False,
30min,2024-10-16,2024-10-16,2024-10-16,18,lag_sensitivity,ADF,c,unit_root,2.0,aic,True,ok,-3.3823647895086477,0.011574948291745638,-3.889265672705068,-3.0543579727254224,-2.66698384083045,0,17,True,
30min,2024-10-16,2024-10-16,2024-10-16,18,lag_sensitivity,PP,c,unit_root,,Bartlett_short_bandwidth,True,ok,-3.3581768452755276,0.01246997779600591,-3.889265672705068,-3.0543579727254224,-2.66698384083045,4,17,True,
30min,2024-10-16,2024-10-16,2024-10-16,18,lag_sensitivity,KPSS,c,level_or_trend_stationarity,,Bartlett_short_bandwidth,True,ok,0.12682499049424595,0.46916048323042553,0.7428,0.4614,0.3475,4,18,False,
30min,2024-10-17,2024-10-17,2024-10-17,18,main,ADF,c,unit_root,2.0,bic,True,ok,-5.145311060458238,1.1357603883093946e-05,-3.9240193847656246,-3.0684982031250003,-2.67389265625,1,16,True,
30min,2024-10-17,2024-10-17,2024-10-17,18,main,PP,c,unit_root,,Bartlett_short_bandwidth,True,ok,-4.578200611736404,0.00014166257285678016,-3.889265672705068,-3.0543579727254224,-2.66698384083045,2,17,True,
30min,2024-10-17,2024-10-17,2024-10-17,18,main,KPSS,c,level_or_trend_stationarity,,Bartlett_short_bandwidth,True,ok,0.15125612153120305,0.38649963829999096,0.7428,0.4614,0.3475,2,18,False,
30min,2024-10-17,2024-10-17,2024-10-17,18,lag_sensitivity,ADF,c,unit_root,2.0,aic,True,ok,-5.145311060458238,1.1357603883093946e-05,-3.9240193847656246,-3.0684982031250003,-2.67389265625,1,16,True,
30min,2024-10-17,2024-10-17,2024-10-17,18,lag_sensitivity,PP,c,unit_root,,Bartlett_short_bandwidth,True,ok,-5.151724295069807,1.1022867242331875e-05,-3.889265672705068,-3.0543579727254224,-2.66698384083045,4,17,True,
30min,2024-10-17,2024-10-17,2024-10-17,18,lag_sensitivity,KPSS,c,level_or_trend_stationarity,,Bartlett_short_bandwidth,True,ok,0.21295753975861395,0.2441829647167608,0.7428,0.4614,0.3475,4,18,False,
30min,2024-10-18,2024-10-18,2024-10-18,18,main,ADF,c,unit_root,2.0,bic,True,ok,-3.979364589969318,0.0015225034855264063,-3.9240193847656246,-3.0684982031250003,-2.67389265625,1,16,True,
30min,2024-10-18,2024-10-18,2024-10-18,18,main,PP,c,unit_root,,Bartlett_short_bandwidth,True,ok,-3.3179344937179196,0.01409558957626342,-3.889265672705068,-3.0543579727254224,-2.66698384083045,2,17,True,
30min,2024-10-18,2024-10-18,2024-10-18,18,main,KPSS,c,level_or_trend_stationarity,,Bartlett_short_bandwidth,True,ok,0.20365705592799677,0.26086851778824166,0.7428,0.4614,0.3475,2,18,False,
30min,2024-10-18,2024-10-18,2024-10-18,18,lag_sensitivity,ADF,c,unit_root,2.0,aic,True,ok,-3.979364589969318,0.0015225034855264063,-3.9240193847656246,-3.0684982031250003,-2.67389265625,1,16,True,
30min,2024-10-18,2024-10-18,2024-10-18,18,lag_sensitivity,PP,c,unit_root,,Bartlett_short_bandwidth,True,ok,-3.301765039219438,0.014799761305302769,-3.889265672705068,-3.0543579727254224,-2.66698384083045,4,17,True,
30min,2024-10-18,2024-10-18,2024-10-18,18,lag_sensitivity,KPSS,c,level_or_trend_stationarity,,Bartlett_short_bandwidth,True,ok,0.23740487344760203,0.2056876757672194,0.7428,0.4614,0.3475,4,18,False,
30min,2024-10-21,2024-10-21,2024-10-21,18,main,ADF,c,unit_root,2.0,bic,True,ok,-2.623901539890911,0.0881572359058575,-3.9240193847656246,-3.0684982031250003,-2.67389265625,1,16,False,
30min,2024-10-21,2024-10-21,2024-10-21,18,main,PP,c,unit_root,,Bartlett_short_bandwidth,True,ok,-5.006561233883857,2.153906199298787e-05,-3.889265672705068,-3.0543579727254224,-2.66698384083045,2,17,True,
30min,2024-10-21,2024-10-21,2024-10-21,18,main,KPSS,c,level_or_trend_stationarity,,Bartlett_short_bandwidth,True,ok,0.09299847791701828,0.6208591600158602,0.7428,0.4614,0.3475,2,18,False,
30min,2024-10-21,2024-10-21,2024-10-21,18,lag_sensitivity,ADF,c,unit_root,2.0,aic,True,ok,-2.623901539890911,0.0881572359058575,-3.9240193847656246,-3.0684982031250003,-2.67389265625,1,16,False,
30min,2024-10-21,2024-10-21,2024-10-21,18,lag_sensitivity,PP,c,unit_root,,Bartlett_short_bandwidth,True,ok,-5.651300018464792,9.846513498513093e-07,-3.889265672705068,-3.0543579727254224,-2.66698384083045,4,17,True,
30min,2024-10-21,2024-10-21,2024-10-21,18,lag_sensitivity,KPSS,c,level_or_trend_stationarity,,Bartlett_short_bandwidth,True,ok,0.13506861791980768,0.4389430893157272,0.7428,0.4614,0.3475,4,18,False,
30min,2024-10-22,2024-10-22,2024-10-22,18,main,ADF,c,unit_root,2.0,bic,True,ok,-6.332126094042851,2.8890900818954048e-08,-3.889265672705068,-3.0543579727254224,-2.66698384083045,0,17,True,
30min,2024-10-22,2024-10-22,2024-10-22,18,main,PP,c,unit_root,,Bartlett_short_bandwidth,True,ok,-6.776166380940245,2.567532055883529e-09,-3.889265672705068,-3.0543579727254224,-2.66698384083045,2,17,True,
30min,2024-10-22,2024-10-22,2024-10-22,18,main,KPSS,c,level_or_trend_stationarity,,Bartlett_short_bandwidth,True,ok,0.10867237485560685,0.5446710233836053,0.7428,0.4614,0.3475,2,18,False,
30min,2024-10-22,2024-10-22,2024-10-22,18,lag_sensitivity,ADF,c,unit_root,2.0,aic,True,ok,-6.332126094042851,2.8890900818954048e-08,-3.889265672705068,-3.0543579727254224,-2.66698384083045,0,17,True,
30min,2024-10-22,2024-10-22,2024-10-22,18,lag_sensitivity,PP,c,unit_root,,Bartlett_short_bandwidth,True,ok,-8.119634088767766,1.165469438166337e-12,-3.889265672705068,-3.0543579727254224,-2.66698384083045,4,17,True,
30min,2024-10-22,2024-10-22,2024-10-22,18,lag_sensitivity,KPSS,c,level_or_trend_stationarity,,Bartlett_short_bandwidth,True,ok,0.19207454616937106,0.2838839443204871,0.7428,0.4614,0.3475,4,18,False,
30min,2024-10-23,2024-10-23,2024-10-23,18,main,ADF,c,unit_root,2.0,bic,True,ok,-5.934030605395125,2.3438975624740886e-07,-3.9644434814814815,-3.0849081481481484,-2.6818144444444445,2,15,True,
30min,2024-10-23,2024-10-23,2024-10-23,18,main,PP,c,unit_root,,Bartlett_short_bandwidth,True,ok,-5.41464356437473,3.1554006793220817e-06,-3.889265672705068,-3.0543579727254224,-2.66698384083045,2,17,True,
30min,2024-10-23,2024-10-23,2024-10-23,18,main,KPSS,c,level_or_trend_stationarity,,Bartlett_short_bandwidth,True,ok,0.08462827803022449,0.6660275743805937,0.7428,0.4614,0.3475,2,18,False,
30min,2024-10-23,2024-10-23,2024-10-23,18,lag_sensitivity,ADF,c,unit_root,2.0,aic,True,ok,-5.934030605395125,2.3438975624740886e-07,-3.9644434814814815,-3.0849081481481484,-2.6818144444444445,2,15,True,
30min,2024-10-23,2024-10-23,2024-10-23,18,lag_sensitivity,PP,c,unit_root,,Bartlett_short_bandwidth,True,ok,-6.892633568448232,1.343462278318856e-09,-3.889265672705068,-3.0543579727254224,-2.66698384083045,4,17,True,
30min,2024-10-23,2024-10-23,2024-10-23,18,lag_sensitivity,KPSS,c,level_or_trend_stationarity,,Bartlett_short_bandwidth,True,ok,0.1916956615922305,0.2846900817186585,0.7428,0.4614,0.3475,4,18,False,
30min,2024-10-24,2024-10-24,2024-10-24,18,main,ADF,c,unit_root,2.0,bic,True,ok,-4.3263799901939946,0.0003997376273133965,-3.9644434814814815,-3.0849081481481484,-2.6818144444444445,2,15,True,
30min,2024-10-24,2024-10-24,2024-10-24,18,main,PP,c,unit_root,,Bartlett_short_bandwidth,True,ok,-4.061635546629222,0.0011200238802764658,-3.889265672705068,-3.0543579727254224,-2.66698384083045,2,17,True,
30min,2024-10-24,2024-10-24,2024-10-24,18,main,KPSS,c,level_or_trend_stationarity,,Bartlett_short_bandwidth,True,ok,0.20620005456555646,0.2562499025615063,0.7428,0.4614,0.3475,2,18,False,
30min,2024-10-24,2024-10-24,2024-10-24,18,lag_sensitivity,ADF,c,unit_root,2.0,aic,True,ok,-4.3263799901939946,0.0003997376273133965,-3.9644434814814815,-3.0849081481481484,-2.6818144444444445,2,15,True,
30min,2024-10-24,2024-10-24,2024-10-24,18,lag_sensitivity,PP,c,unit_root,,Bartlett_short_bandwidth,True,ok,-4.944191907392478,2.858679854052241e-05,-3.889265672705068,-3.0543579727254224,-2.66698384083045,4,17,True,
30min,2024-10-24,2024-10-24,2024-10-24,18,lag_sensitivity,KPSS,c,level_or_trend_stationarity,,Bartlett_short_bandwidth,True,ok,0.3911716989235422,0.07633410428134803,0.7428,0.4614,0.3475,4,18,False,
30min,2024-10-25,2024-10-25,2024-10-25,18,main,ADF,c,unit_root,2.0,bic,True,ok,-5.001127101115624,2.2079446935432856e-05,-3.9644434814814815,-3.0849081481481484,-2.6818144444444445,2,15,True,
30min,2024-10-25,2024-10-25,2024-10-25,18,main,PP,c,unit_root,,Bartlett_short_bandwidth,True,ok,-10.6342371606143,5.121007497049231e-19,-3.889265672705068,-3.0543579727254224,-2.66698384083045,2,17,True,
30min,2024-10-25,2024-10-25,2024-10-25,18,main,KPSS,c,level_or_trend_stationarity,,Bartlett_short_bandwidth,True,ok,0.10920975638838663,0.5422283800527881,0.7428,0.4614,0.3475,2,18,False,
30min,2024-10-25,2024-10-25,2024-10-25,18,lag_sensitivity,ADF,c,unit_root,2.0,aic,True,ok,-5.001127101115624,2.2079446935432856e-05,-3.9644434814814815,-3.0849081481481484,-2.6818144444444445,2,15,True,
30min,2024-10-25,2024-10-25,2024-10-25,18,lag_sensitivity,PP,c,unit_root,,Bartlett_short_bandwidth,True,ok,-13.433226969457769,3.97575531028717e-25,-3.889265672705068,-3.0543579727254224,-2.66698384083045,4,17,True,
30min,2024-10-25,2024-10-25,2024-10-25,18,lag_sensitivity,KPSS,c,level_or_trend_stationarity,,Bartlett_short_bandwidth,True,ok,0.19153684791731396,0.28502798315465117,0.7428,0.4614,0.3475,4,18,False,
30min,2024-10-28,2024-10-28,2024-10-28,18,main,ADF,c,unit_root,2.0,bic,True,ok,-2.8536659061389047,0.051007422157629795,-3.889265672705068,-3.0543579727254224,-2.66698384083045,0,17,False,
30min,2024-10-28,2024-10-28,2024-10-28,18,main,PP,c,unit_root,,Bartlett_short_bandwidth,True,ok,-2.7126789508974,0.07186983711741696,-3.889265672705068,-3.0543579727254224,-2.66698384083045,2,17,False,
30min,2024-10-28,2024-10-28,2024-10-28,18,main,KPSS,c,level_or_trend_stationarity,,Bartlett_short_bandwidth,True,ok,0.2554350051136162,0.18174999344408174,0.7428,0.4614,0.3475,2,18,False,
30min,2024-10-28,2024-10-28,2024-10-28,18,lag_sensitivity,ADF,c,unit_root,2.0,aic,True,ok,-2.8536659061389047,0.051007422157629795,-3.889265672705068,-3.0543579727254224,-2.66698384083045,0,17,False,
30min,2024-10-28,2024-10-28,2024-10-28,18,lag_sensitivity,PP,c,unit_root,,Bartlett_short_bandwidth,True,ok,-2.6639793057635752,0.08048150315514158,-3.889265672705068,-3.0543579727254224,-2.66698384083045,4,17,False,
30min,2024-10-28,2024-10-28,2024-10-28,18,lag_sensitivity,KPSS,c,level_or_trend_stationarity,,Bartlett_short_bandwidth,True,ok,0.25378640413017634,0.18386358444849185,0.7428,0.4614,0.3475,4,18,False,
30min,2024-10-29,2024-10-29,2024-10-29,18,main,ADF,c,unit_root,2.0,bic,True,ok,-4.739975923180774,7.074487027163145e-05,-3.9240193847656246,-3.0684982031250003,-2.67389265625,1,16,True,
30min,2024-10-29,2024-10-29,2024-10-29,18,main,PP,c,unit_root,,Bartlett_short_bandwidth,True,ok,-5.51912040337205,1.895200572375521e-06,-3.889265672705068,-3.0543579727254224,-2.66698384083045,2,17,True,
30min,2024-10-29,2024-10-29,2024-10-29,18,main,KPSS,c,level_or_trend_stationarity,,Bartlett_short_bandwidth,True,ok,0.15720719143412296,0.3688813422139479,0.7428,0.4614,0.3475,2,18,False,
30min,2024-10-29,2024-10-29,2024-10-29,18,lag_sensitivity,ADF,c,unit_root,2.0,aic,True,ok,-4.739975923180774,7.074487027163145e-05,-3.9240193847656246,-3.0684982031250003,-2.67389265625,1,16,True,
30min,2024-10-29,2024-10-29,2024-10-29,18,lag_sensitivity,PP,c,unit_root,,Bartlett_short_bandwidth,True,ok,-5.798221408816103,4.697210691888951e-07,-3.889265672705068,-3.0543579727254224,-2.66698384083045,4,17,True,
30min,2024-10-29,2024-10-29,2024-10-29,18,lag_sensitivity,KPSS,c,level_or_trend_stationarity,,Bartlett_short_bandwidth,True,ok,0.1956296326056678,0.27660856351829843,0.7428,0.4614,0.3475,4,18,False,
30min,2024-10-30,2024-10-30,2024-10-30,18,main,ADF,c,unit_root,2.0,bic,True,ok,-4.745136850851267,6.917096282172304e-05,-3.889265672705068,-3.0543579727254224,-2.66698384083045,0,17,True,
30min,2024-10-30,2024-10-30,2024-10-30,18,main,PP,c,unit_root,,Bartlett_short_bandwidth,True,ok,-4.927593732400111,3.080844119437896e-05,-3.889265672705068,-3.0543579727254224,-2.66698384083045,2,17,True,
30min,2024-10-30,2024-10-30,2024-10-30,18,main,KPSS,c,level_or_trend_stationarity,,Bartlett_short_bandwidth,True,ok,0.3288101668178204,0.11293414061050491,0.7428,0.4614,0.3475,2,18,False,
30min,2024-10-30,2024-10-30,2024-10-30,18,lag_sensitivity,ADF,c,unit_root,2.0,aic,True,ok,-4.745136850851267,6.917096282172304e-05,-3.889265672705068,-3.0543579727254224,-2.66698384083045,0,17,True,
30min,2024-10-30,2024-10-30,2024-10-30,18,lag_sensitivity,PP,c,unit_root,,Bartlett_short_bandwidth,True,ok,-5.021432067348846,2.0124687621388895e-05,-3.889265672705068,-3.0543579727254224,-2.66698384083045,4,17,True,
30min,2024-10-30,2024-10-30,2024-10-30,18,lag_sensitivity,KPSS,c,level_or_trend_stationarity,,Bartlett_short_bandwidth,True,ok,0.33419278130598556,0.10920914788513109,0.7428,0.4614,0.3475,4,18,False,
30min,2024-10-31,2024-10-31,2024-10-31,18,main,ADF,c,unit_root,2.0,bic,True,ok,-6.6118003395992675,6.349635543465858e-09,-3.889265672705068,-3.0543579727254224,-2.66698384083045,0,17,True,
30min,2024-10-31,2024-10-31,2024-10-31,18,main,PP,c,unit_root,,Bartlett_short_bandwidth,True,ok,-8.130834005557936,1.0914083863004596e-12,-3.889265672705068,-3.0543579727254224,-2.66698384083045,2,17,True,
30min,2024-10-31,2024-10-31,2024-10-31,18,main,KPSS,c,level_or_trend_stationarity,,Bartlett_short_bandwidth,True,ok,0.07913720089338284,0.6973275358576394,0.7428,0.4614,0.3475,2,18,False,
30min,2024-10-31,2024-10-31,2024-10-31,18,lag_sensitivity,ADF,c,unit_root,2.0,aic,True,ok,-4.676891263441618,9.297909982911515e-05,-3.9240193847656246,-3.0684982031250003,-2.67389265625,1,16,True,
30min,2024-10-31,2024-10-31,2024-10-31,18,lag_sensitivity,PP,c,unit_root,,Bartlett_short_bandwidth,True,ok,-10.139420161505097,8.498000593923167e-18,-3.889265672705068,-3.0543579727254224,-2.66698384083045,4,17,True,
30min,2024-10-31,2024-10-31,2024-10-31,18,lag_sensitivity,KPSS,c,level_or_trend_stationarity,,Bartlett_short_bandwidth,True,ok,0.16567230229772303,0.3456255431381235,0.7428,0.4614,0.3475,4,18,False,
30min,2024-11-01,2024-11-01,2024-11-01,18,main,ADF,c,unit_root,2.0,bic,True,ok,-5.125901760653709,1.24316678886534e-05,-3.889265672705068,-3.0543579727254224,-2.66698384083045,0,17,True,
30min,2024-11-01,2024-11-01,2024-11-01,18,main,PP,c,unit_root,,Bartlett_short_bandwidth,True,ok,-5.323063263237157,4.904385225574711e-06,-3.889265672705068,-3.0543579727254224,-2.66698384083045,2,17,True,
30min,2024-11-01,2024-11-01,2024-11-01,18,main,KPSS,c,level_or_trend_stationarity,,Bartlett_short_bandwidth,True,ok,0.0922008564264635,0.6251018275188112,0.7428,0.4614,0.3475,2,18,False,
30min,2024-11-01,2024-11-01,2024-11-01,18,lag_sensitivity,ADF,c,unit_root,2.0,aic,True,ok,-5.125901760653709,1.24316678886534e-05,-3.889265672705068,-3.0543579727254224,-2.66698384083045,0,17,True,
30min,2024-11-01,2024-11-01,2024-11-01,18,lag_sensitivity,PP,c,unit_root,,Bartlett_short_bandwidth,True,ok,-5.432516685158438,2.8933137336710577e-06,-3.889265672705068,-3.0543579727254224,-2.66698384083045,4,17,True,
30min,2024-11-01,2024-11-01,2024-11-01,18,lag_sensitivity,KPSS,c,level_or_trend_stationarity,,Bartlett_short_bandwidth,True,ok,0.13849585420606034,0.42720597874636873,0.7428,0.4614,0.3475,4,18,False,
30min,2024-11-04,2024-11-04,2024-11-04,18,main,ADF,c,unit_root,2.0,bic,True,ok,-2.817475944215722,0.055820489529403376,-3.889265672705068,-3.0543579727254224,-2.66698384083045,0,17,False,
30min,2024-11-04,2024-11-04,2024-11-04,18,main,PP,c,unit_root,,Bartlett_short_bandwidth,True,ok,-2.786625414321098,0.06020977544416956,-3.889265672705068,-3.0543579727254224,-2.66698384083045,2,17,False,
30min,2024-11-04,2024-11-04,2024-11-04,18,main,KPSS,c,level_or_trend_stationarity,,Bartlett_short_bandwidth,True,ok,0.3106426519318587,0.12665886867626888,0.7428,0.4614,0.3475,2,18,False,
30min,2024-11-04,2024-11-04,2024-11-04,18,lag_sensitivity,ADF,c,unit_root,2.0,aic,True,ok,-2.817475944215722,0.055820489529403376,-3.889265672705068,-3.0543579727254224,-2.66698384083045,0,17,False,
30min,2024-11-04,2024-11-04,2024-11-04,18,lag_sensitivity,PP,c,unit_root,,Bartlett_short_bandwidth,True,ok,-2.8682266745531186,0.049169525421362596,-3.889265672705068,-3.0543579727254224,-2.66698384083045,4,17,False,
30min,2024-11-04,2024-11-04,2024-11-04,18,lag_sensitivity,KPSS,c,level_or_trend_stationarity,,Bartlett_short_bandwidth,True,ok,0.2426422426539381,0.1984135518695304,0.7428,0.4614,0.3475,4,18,False,
30min,2024-11-05,2024-11-05,2024-11-05,18,main,ADF,c,unit_root,2.0,bic,True,ok,-4.03464949755197,0.001239557872594631,-3.889265672705068,-3.0543579727254224,-2.66698384083045,0,17,True,
30min,2024-11-05,2024-11-05,2024-11-05,18,main,PP,c,unit_root,,Bartlett_short_bandwidth,True,ok,-4.04973646679018,0.0011713383283553794,-3.889265672705068,-3.0543579727254224,-2.66698384083045,2,17,True,
30min,2024-11-05,2024-11-05,2024-11-05,18,main,KPSS,c,level_or_trend_stationarity,,Bartlett_short_bandwidth,True,ok,0.20392947175009948,0.260334369117452,0.7428,0.4614,0.3475,2,18,False,
30min,2024-11-05,2024-11-05,2024-11-05,18,lag_sensitivity,ADF,c,unit_root,2.0,aic,True,ok,-4.03464949755197,0.001239557872594631,-3.889265672705068,-3.0543579727254224,-2.66698384083045,0,17,True,
30min,2024-11-05,2024-11-05,2024-11-05,18,lag_sensitivity,PP,c,unit_root,,Bartlett_short_bandwidth,True,ok,-4.054555393108393,0.001150297858316831,-3.889265672705068,-3.0543579727254224,-2.66698384083045,4,17,True,
30min,2024-11-05,2024-11-05,2024-11-05,18,lag_sensitivity,KPSS,c,level_or_trend_stationarity,,Bartlett_short_bandwidth,True,ok,0.19843076818268862,0.2711161408182576,0.7428,0.4614,0.3475,4,18,False,
30min,2024-11-06,2024-11-06,2024-11-06,18,main,ADF,c,unit_root,2.0,bic,True,ok,-7.813576413837711,6.965215791243387e-12,-3.9240193847656246,-3.0684982031250003,-2.67389265625,1,16,True,
30min,2024-11-06,2024-11-06,2024-11-06,18,main,PP,c,unit_root,,Bartlett_short_bandwidth,True,ok,-4.487265217514151,0.00020732534713388553,-3.889265672705068,-3.0543579727254224,-2.66698384083045,2,17,True,
30min,2024-11-06,2024-11-06,2024-11-06,18,main,KPSS,c,level_or_trend_stationarity,,Bartlett_short_bandwidth,True,ok,0.13517067222934334,0.43859358825567346,0.7428,0.4614,0.3475,2,18,False,
30min,2024-11-06,2024-11-06,2024-11-06,18,lag_sensitivity,ADF,c,unit_root,2.0,aic,True,ok,-7.813576413837711,6.965215791243387e-12,-3.9240193847656246,-3.0684982031250003,-2.67389265625,1,16,True,
30min,2024-11-06,2024-11-06,2024-11-06,18,lag_sensitivity,PP,c,unit_root,,Bartlett_short_bandwidth,True,ok,-4.685132000087294,8.973454928770845e-05,-3.889265672705068,-3.0543579727254224,-2.66698384083045,4,17,True,
30min,2024-11-06,2024-11-06,2024-11-06,18,lag_sensitivity,KPSS,c,level_or_trend_stationarity,,Bartlett_short_bandwidth,True,ok,0.1672454160996247,0.3416024845969073,0.7428,0.4614,0.3475,4,18,False,
30min,2024-11-07,2024-11-07,2024-11-07,18,main,ADF,c,unit_root,2.0,bic,True,ok,-3.034351820381854,0.03180853735209289,-3.889265672705068,-3.0543579727254224,-2.66698384083045,0,17,False,
30min,2024-11-07,2024-11-07,2024-11-07,18,main,PP,c,unit_root,,Bartlett_short_bandwidth,True,ok,-2.988558132860104,0.035976830876588387,-3.889265672705068,-3.0543579727254224,-2.66698384083045,2,17,False,
30min,2024-11-07,2024-11-07,2024-11-07,18,main,KPSS,c,level_or_trend_stationarity,,Bartlett_short_bandwidth,True,ok,0.13111757457906556,0.4531433784363225,0.7428,0.4614,0.3475,2,18,False,
30min,2024-11-07,2024-11-07,2024-11-07,18,lag_sensitivity,ADF,c,unit_root,2.0,aic,True,ok,-3.0442092699361667,0.03096702883312718,-3.9240193847656246,-3.0684982031250003,-2.67389265625,1,16,False,
30min,2024-11-07,2024-11-07,2024-11-07,18,lag_sensitivity,PP,c,unit_root,,Bartlett_short_bandwidth,True,ok,-2.9621383633234966,0.03858468895935563,-3.889265672705068,-3.0543579727254224,-2.66698384083045,4,17,False,
30min,2024-11-07,2024-11-07,2024-11-07,18,lag_sensitivity,KPSS,c,level_or_trend_stationarity,,Bartlett_short_bandwidth,True,ok,0.14085190550668222,0.4191926105555057,0.7428,0.4614,0.3475,4,18,False,
30min,2024-11-08,2024-11-08,2024-11-08,18,main,ADF,c,unit_root,2.0,bic,True,ok,-3.2813133536899493,0.015734713287989494,-3.889265672705068,-3.0543579727254224,-2.66698384083045,0,17,True,
30min,2024-11-08,2024-11-08,2024-11-08,18,main,PP,c,unit_root,,Bartlett_short_bandwidth,True,ok,-3.2575482274693104,0.01688604507390057,-3.889265672705068,-3.0543579727254224,-2.66698384083045,2,17,True,
30min,2024-11-08,2024-11-08,2024-11-08,18,main,KPSS,c,level_or_trend_stationarity,,Bartlett_short_bandwidth,True,ok,0.2878116889708888,0.14656029621820113,0.7428,0.4614,0.3475,2,18,False,
30min,2024-11-08,2024-11-08,2024-11-08,18,lag_sensitivity,ADF,c,unit_root,2.0,aic,True,ok,-3.2813133536899493,0.015734713287989494,-3.889265672705068,-3.0543579727254224,-2.66698384083045,0,17,True,
30min,2024-11-08,2024-11-08,2024-11-08,18,lag_sensitivity,PP,c,unit_root,,Bartlett_short_bandwidth,True,ok,-3.25574340348884,0.01697642708717609,-3.889265672705068,-3.0543579727254224,-2.66698384083045,4,17,True,
30min,2024-11-08,2024-11-08,2024-11-08,18,lag_sensitivity,KPSS,c,level_or_trend_stationarity,,Bartlett_short_bandwidth,True,ok,0.3016771685429507,0.13416136523602454,0.7428,0.4614,0.3475,4,18,False,
30min,2024-11-11,2024-11-11,2024-11-11,18,main,ADF,c,unit_root,2.0,bic,True,ok,-5.20547316530846,8.56867132541092e-06,-3.889265672705068,-3.0543579727254224,-2.66698384083045,0,17,True,
30min,2024-11-11,2024-11-11,2024-11-11,18,main,PP,c,unit_root,,Bartlett_short_bandwidth,True,ok,-5.188379400309281,9.285289573263094e-06,-3.889265672705068,-3.0543579727254224,-2.66698384083045,2,17,True,
30min,2024-11-11,2024-11-11,2024-11-11,18,main,KPSS,c,level_or_trend_stationarity,,Bartlett_short_bandwidth,True,ok,0.1109488610314489,0.5343233589479596,0.7428,0.4614,0.3475,2,18,False,
30min,2024-11-11,2024-11-11,2024-11-11,18,lag_sensitivity,ADF,c,unit_root,2.0,aic,True,ok,-5.20547316530846,8.56867132541092e-06,-3.889265672705068,-3.0543579727254224,-2.66698384083045,0,17,True,
30min,2024-11-11,2024-11-11,2024-11-11,18,lag_sensitivity,PP,c,unit_root,,Bartlett_short_bandwidth,True,ok,-5.2284901051345605,7.68785082466617e-06,-3.889265672705068,-3.0543579727254224,-2.66698384083045,4,17,True,
30min,2024-11-11,2024-11-11,2024-11-11,18,lag_sensitivity,KPSS,c,level_or_trend_stationarity,,Bartlett_short_bandwidth,True,ok,0.1302426128650009,0.4564081609514891,0.7428,0.4614,0.3475,4,18,False,
30min,2024-11-12,2024-11-12,2024-11-12,18,main,ADF,c,unit_root,2.0,bic,True,ok,-5.233712217435903,7.500577614452607e-06,-3.9240193847656246,-3.0684982031250003,-2.67389265625,1,16,True,
30min,2024-11-12,2024-11-12,2024-11-12,18,main,PP,c,unit_root,,Bartlett_short_bandwidth,True,ok,-5.29175360819754,5.695181188538554e-06,-3.889265672705068,-3.0543579727254224,-2.66698384083045,2,17,True,
30min,2024-11-12,2024-11-12,2024-11-12,18,main,KPSS,c,level_or_trend_stationarity,,Bartlett_short_bandwidth,True,ok,0.1559169452152739,0.37262813924025623,0.7428,0.4614,0.3475,2,18,False,
30min,2024-11-12,2024-11-12,2024-11-12,18,lag_sensitivity,ADF,c,unit_root,2.0,aic,True,ok,-5.233712217435903,7.500577614452607e-06,-3.9240193847656246,-3.0684982031250003,-2.67389265625,1,16,True,
30min,2024-11-12,2024-11-12,2024-11-12,18,lag_sensitivity,PP,c,unit_root,,Bartlett_short_bandwidth,True,ok,-5.5668840178419225,1.4977409654234956e-06,-3.889265672705068,-3.0543579727254224,-2.66698384083045,4,17,True,
30min,2024-11-12,2024-11-12,2024-11-12,18,lag_sensitivity,KPSS,c,level_or_trend_stationarity,,Bartlett_short_bandwidth,True,ok,0.18996808130710338,0.2883657844529715,0.7428,0.4614,0.3475,4,18,False,
30min,2024-11-13,2024-11-13,2024-11-13,18,main,ADF,c,unit_root,2.0,bic,True,ok,-3.758340869883357,0.0033634868702232153,-3.889265672705068,-3.0543579727254224,-2.66698384083045,0,17,True,
30min,2024-11-13,2024-11-13,2024-11-13,18,main,PP,c,unit_root,,Bartlett_short_bandwidth,True,ok,-3.761988969680162,0.0033210587203302343,-3.889265672705068,-3.0543579727254224,-2.66698384083045,2,17,True,
30min,2024-11-13,2024-11-13,2024-11-13,18,main,KPSS,c,level_or_trend_stationarity,,Bartlett_short_bandwidth,True,ok,0.3554730896584822,0.09513835996434014,0.7428,0.4614,0.3475,2,18,False,
30min,2024-11-13,2024-11-13,2024-11-13,18,lag_sensitivity,ADF,c,unit_root,2.0,aic,True,ok,-3.758340869883357,0.0033634868702232153,-3.889265672705068,-3.0543579727254224,-2.66698384083045,0,17,True,
30min,2024-11-13,2024-11-13,2024-11-13,18,lag_sensitivity,PP,c,unit_root,,Bartlett_short_bandwidth,True,ok,-3.793480819419358,0.0029747234472673615,-3.889265672705068,-3.0543579727254224,-2.66698384083045,4,17,True,
30min,2024-11-13,2024-11-13,2024-11-13,18,lag_sensitivity,KPSS,c,level_or_trend_stationarity,,Bartlett_short_bandwidth,True,ok,0.3661055238278443,0.08907308487617158,0.7428,0.4614,0.3475,4,18,False,
30min,2024-11-14,2024-11-14,2024-11-14,18,main,ADF,c,unit_root,2.0,bic,True,ok,-3.811212454981855,0.0027946578277558273,-3.889265672705068,-3.0543579727254224,-2.66698384083045,0,17,True,
30min,2024-11-14,2024-11-14,2024-11-14,18,main,PP,c,unit_root,,Bartlett_short_bandwidth,True,ok,-3.8016524975576065,0.0028904529615324977,-3.889265672705068,-3.0543579727254224,-2.66698384083045,2,17,True,
30min,2024-11-14,2024-11-14,2024-11-14,18,main,KPSS,c,level_or_trend_stationarity,,Bartlett_short_bandwidth,True,ok,0.15505182801785347,0.37520289280400754,0.7428,0.4614,0.3475,2,18,False,
30min,2024-11-14,2024-11-14,2024-11-14,18,lag_sensitivity,ADF,c,unit_root,2.0,aic,True,ok,-3.811212454981855,0.0027946578277558273,-3.889265672705068,-3.0543579727254224,-2.66698384083045,0,17,True,
30min,2024-11-14,2024-11-14,2024-11-14,18,lag_sensitivity,PP,c,unit_root,,Bartlett_short_bandwidth,True,ok,-3.875975051386538,0.002218946892432987,-3.889265672705068,-3.0543579727254224,-2.66698384083045,4,17,True,
30min,2024-11-14,2024-11-14,2024-11-14,18,lag_sensitivity,KPSS,c,level_or_trend_stationarity,,Bartlett_short_bandwidth,True,ok,0.23329046029656172,0.21152960561127013,0.7428,0.4614,0.3475,4,18,False,
30min,2024-11-18,2024-11-18,2024-11-18,18,main,ADF,c,unit_root,2.0,bic,True,ok,-5.222309949013181,7.915338439634309e-06,-3.9240193847656246,-3.0684982031250003,-2.67389265625,1,16,True,
30min,2024-11-18,2024-11-18,2024-11-18,18,main,PP,c,unit_root,,Bartlett_short_bandwidth,True,ok,-4.435269759615849,0.0002569566793690294,-3.889265672705068,-3.0543579727254224,-2.66698384083045,2,17,True,
30min,2024-11-18,2024-11-18,2024-11-18,18,main,KPSS,c,level_or_trend_stationarity,,Bartlett_short_bandwidth,True,ok,0.25594511008909987,0.18109601270628217,0.7428,0.4614,0.3475,2,18,False,
30min,2024-11-18,2024-11-18,2024-11-18,18,lag_sensitivity,ADF,c,unit_root,2.0,aic,True,ok,-5.222309949013181,7.915338439634309e-06,-3.9240193847656246,-3.0684982031250003,-2.67389265625,1,16,True,
30min,2024-11-18,2024-11-18,2024-11-18,18,lag_sensitivity,PP,c,unit_root,,Bartlett_short_bandwidth,True,ok,-4.548457733111615,0.00016057715093588203,-3.889265672705068,-3.0543579727254224,-2.66698384083045,4,17,True,
30min,2024-11-18,2024-11-18,2024-11-18,18,lag_sensitivity,KPSS,c,level_or_trend_stationarity,,Bartlett_short_bandwidth,True,ok,0.31089991259580946,0.1264435877859335,0.7428,0.4614,0.3475,4,18,False,
30min,2024-11-19,2024-11-19,2024-11-19,18,main,ADF,c,unit_root,2.0,bic,True,ok,-5.50942314298368,1.987614990146387e-06,-3.889265672705068,-3.0543579727254224,-2.66698384083045,0,17,True,
30min,2024-11-19,2024-11-19,2024-11-19,18,main,PP,c,unit_root,,Bartlett_short_bandwidth,True,ok,-5.645270969525004,1.0147394071759422e-06,-3.889265672705068,-3.0543579727254224,-2.66698384083045,2,17,True,
30min,2024-11-19,2024-11-19,2024-11-19,18,main,KPSS,c,level_or_trend_stationarity,,Bartlett_short_bandwidth,True,ok,0.12598812179460336,0.472415308705513,0.7428,0.4614,0.3475,2,18,False,
30min,2024-11-19,2024-11-19,2024-11-19,18,lag_sensitivity,ADF,c,unit_root,2.0,aic,True,ok,-4.490089149118355,0.00020490925635017722,-3.9240193847656246,-3.0684982031250003,-2.67389265625,1,16,True,
30min,2024-11-19,2024-11-19,2024-11-19,18,lag_sensitivity,PP,c,unit_root,,Bartlett_short_bandwidth,True,ok,-6.284107666068767,3.734384070253954e-08,-3.889265672705068,-3.0543579727254224,-2.66698384083045,4,17,True,
30min,2024-11-19,2024-11-19,2024-11-19,18,lag_sensitivity,KPSS,c,level_or_trend_stationarity,,Bartlett_short_bandwidth,True,ok,0.21212495619437383,0.2456697210814753,0.7428,0.4614,0.3475,4,18,False,
30min,2024-11-21,2024-11-21,2024-11-21,18,main,ADF,c,unit_root,2.0,bic,True,ok,-4.247300183823487,0.0005474109226127718,-3.889265672705068,-3.0543579727254224,-2.66698384083045,0,17,True,
30min,2024-11-21,2024-11-21,2024-11-21,18,main,PP,c,unit_root,,Bartlett_short_bandwidth,True,ok,-4.3420079172708315,0.0003754113737764528,-3.889265672705068,-3.0543579727254224,-2.66698384083045,2,17,True,
30min,2024-11-21,2024-11-21,2024-11-21,18,main,KPSS,c,level_or_trend_stationarity,,Bartlett_short_bandwidth,True,ok,0.32356891093779294,0.11656130730948584,0.7428,0.4614,0.3475,2,18,False,
30min,2024-11-21,2024-11-21,2024-11-21,18,lag_sensitivity,ADF,c,unit_root,2.0,aic,True,ok,-4.247300183823487,0.0005474109226127718,-3.889265672705068,-3.0543579727254224,-2.66698384083045,0,17,True,
30min,2024-11-21,2024-11-21,2024-11-21,18,lag_sensitivity,PP,c,unit_root,,Bartlett_short_bandwidth,True,ok,-4.385721852207637,0.00031458782689417115,-3.889265672705068,-3.0543579727254224,-2.66698384083045,4,17,True,
30min,2024-11-21,2024-11-21,2024-11-21,18,lag_sensitivity,KPSS,c,level_or_trend_stationarity,,Bartlett_short_bandwidth,True,ok,0.2837416242369024,0.15047747475322665,0.7428,0.4614,0.3475,4,18,False,
30min,2024-11-22,2024-11-22,2024-11-22,18,main,ADF,c,unit_root,2.0,bic,True,ok,-3.0469788080932925,0.030734035597893245,-3.889265672705068,-3.0543579727254224,-2.66698384083045,0,17,False,
30min,2024-11-22,2024-11-22,2024-11-22,18,main,PP,c,unit_root,,Bartlett_short_bandwidth,True,ok,-2.9120783843238343,0.04396136648025719,-3.889265672705068,-3.0543579727254224,-2.66698384083045,2,17,False,
30min,2024-11-22,2024-11-22,2024-11-22,18,main,KPSS,c,level_or_trend_stationarity,,Bartlett_short_bandwidth,True,ok,0.09860400056161629,0.5924799971919186,0.7428,0.4614,0.3475,2,18,False,
30min,2024-11-22,2024-11-22,2024-11-22,18,lag_sensitivity,ADF,c,unit_root,2.0,aic,True,ok,-3.0469788080932925,0.030734035597893245,-3.889265672705068,-3.0543579727254224,-2.66698384083045,0,17,False,
30min,2024-11-22,2024-11-22,2024-11-22,18,lag_sensitivity,PP,c,unit_root,,Bartlett_short_bandwidth,True,ok,-2.5989180159091876,0.09322109781266069,-3.889265672705068,-3.0543579727254224,-2.66698384083045,4,17,False,
30min,2024-11-22,2024-11-22,2024-11-22,18,lag_sensitivity,KPSS,c,level_or_trend_stationarity,,Bartlett_short_bandwidth,True,ok,0.1442001249795472,0.40846113788606664,0.7428,0.4614,0.3475,4,18,False,
30min,2024-11-25,2024-11-25,2024-11-25,18,main,ADF,c,unit_root,2.0,bic,True,ok,-6.306537367498682,3.312945717861307e-08,-3.889265672705068,-3.0543579727254224,-2.66698384083045,0,17,True,
30min,2024-11-25,2024-11-25,2024-11-25,18,main,PP,c,unit_root,,Bartlett_short_bandwidth,True,ok,-6.319657282390649,3.088501070891109e-08,-3.889265672705068,-3.0543579727254224,-2.66698384083045,2,17,True,
30min,2024-11-25,2024-11-25,2024-11-25,18,main,KPSS,c,level_or_trend_stationarity,,Bartlett_short_bandwidth,True,ok,0.10047317380498859,0.5832058951683241,0.7428,0.4614,0.3475,2,18,False,
30min,2024-11-25,2024-11-25,2024-11-25,18,lag_sensitivity,ADF,c,unit_root,2.0,aic,True,ok,-6.306537367498682,3.312945717861307e-08,-3.889265672705068,-3.0543579727254224,-2.66698384083045,0,17,True,
30min,2024-11-25,2024-11-25,2024-11-25,18,lag_sensitivity,PP,c,unit_root,,Bartlett_short_bandwidth,True,ok,-6.367766315845342,2.3863614681972064e-08,-3.889265672705068,-3.0543579727254224,-2.66698384083045,4,17,True,
30min,2024-11-25,2024-11-25,2024-11-25,18,lag_sensitivity,KPSS,c,level_or_trend_stationarity,,Bartlett_short_bandwidth,True,ok,0.11786571384700822,0.504792758392923,0.7428,0.4614,0.3475,4,18,False,
30min,2024-11-26,2024-11-26,2024-11-26,18,main,ADF,c,unit_root,2.0,bic,True,ok,-5.540538291485255,1.705672235066952e-06,-3.9644434814814815,-3.0849081481481484,-2.6818144444444445,2,15,True,
30min,2024-11-26,2024-11-26,2024-11-26,18,main,PP,c,unit_root,,Bartlett_short_bandwidth,True,ok,-5.71116603708418,7.294065017714228e-07,-3.889265672705068,-3.0543579727254224,-2.66698384083045,2,17,True,
30min,2024-11-26,2024-11-26,2024-11-26,18,main,KPSS,c,level_or_trend_stationarity,,Bartlett_short_bandwidth,True,ok,0.26691924599645095,0.16832394692717195,0.7428,0.4614,0.3475,2,18,False,
30min,2024-11-26,2024-11-26,2024-11-26,18,lag_sensitivity,ADF,c,unit_root,2.0,aic,True,ok,-5.540538291485255,1.705672235066952e-06,-3.9644434814814815,-3.0849081481481484,-2.6818144444444445,2,15,True,
30min,2024-11-26,2024-11-26,2024-11-26,18,lag_sensitivity,PP,c,unit_root,,Bartlett_short_bandwidth,True,ok,-6.500372899103365,1.1659041756741922e-08,-3.889265672705068,-3.0543579727254224,-2.66698384083045,4,17,True,
30min,2024-11-26,2024-11-26,2024-11-26,18,lag_sensitivity,KPSS,c,level_or_trend_stationarity,,Bartlett_short_bandwidth,True,ok,0.39077737445526034,0.07652010638902815,0.7428,0.4614,0.3475,4,18,False,
30min,2024-11-27,2024-11-27,2024-11-27,18,main,ADF,c,unit_root,2.0,bic,True,ok,-4.116895495772042,0.0009080843339701912,-3.889265672705068,-3.0543579727254224,-2.66698384083045,0,17,True,
30min,2024-11-27,2024-11-27,2024-11-27,18,main,PP,c,unit_root,,Bartlett_short_bandwidth,True,ok,-4.129410615858138,0.0008656119597658183,-3.889265672705068,-3.0543579727254224,-2.66698384083045,2,17,True,
30min,2024-11-27,2024-11-27,2024-11-27,18,main,KPSS,c,level_or_trend_stationarity,,Bartlett_short_bandwidth,True,ok,0.10213228471812931,0.5752294003936091,0.7428,0.4614,0.3475,2,18,False,
30min,2024-11-27,2024-11-27,2024-11-27,18,lag_sensitivity,ADF,c,unit_root,2.0,aic,True,ok,-4.116895495772042,0.0009080843339701912,-3.889265672705068,-3.0543579727254224,-2.66698384083045,0,17,True,
30min,2024-11-27,2024-11-27,2024-11-27,18,lag_sensitivity,PP,c,unit_root,,Bartlett_short_bandwidth,True,ok,-4.166816661168239,0.0007495027811349319,-3.889265672705068,-3.0543579727254224,-2.66698384083045,4,17,True,
30min,2024-11-27,2024-11-27,2024-11-27,18,lag_sensitivity,KPSS,c,level_or_trend_stationarity,,Bartlett_short_bandwidth,True,ok,0.11650364368433613,0.5105479844323826,0.7428,0.4614,0.3475,4,18,False,
30min,2024-11-28,2024-11-28,2024-11-28,18,main,ADF,c,unit_root,2.0,bic,True,ok,-3.6624441614512255,0.004673516869907179,-3.889265672705068,-3.0543579727254224,-2.66698384083045,0,17,True,
30min,2024-11-28,2024-11-28,2024-11-28,18,main,PP,c,unit_root,,Bartlett_short_bandwidth,True,ok,-3.678831378568043,0.00442095661592705,-3.889265672705068,-3.0543579727254224,-2.66698384083045,2,17,True,
30min,2024-11-28,2024-11-28,2024-11-28,18,main,KPSS,c,level_or_trend_stationarity,,Bartlett_short_bandwidth,True,ok,0.15316385830941248,0.38082185026960574,0.7428,0.4614,0.3475,2,18,False,
30min,2024-11-28,2024-11-28,2024-11-28,18,lag_sensitivity,ADF,c,unit_root,2.0,aic,True,ok,-3.6624441614512255,0.004673516869907179,-3.889265672705068,-3.0543579727254224,-2.66698384083045,0,17,True,
30min,2024-11-28,2024-11-28,2024-11-28,18,lag_sensitivity,PP,c,unit_root,,Bartlett_short_bandwidth,True,ok,-3.6979130812166976,0.004142604461594065,-3.889265672705068,-3.0543579727254224,-2.66698384083045,4,17,True,
30min,2024-11-28,2024-11-28,2024-11-28,18,lag_sensitivity,KPSS,c,level_or_trend_stationarity,,Bartlett_short_bandwidth,True,ok,0.15581874300291393,0.3729204077294228,0.7428,0.4614,0.3475,4,18,False,
30min,2024-11-29,2024-11-29,2024-11-29,18,main,ADF,c,unit_root,2.0,bic,True,ok,-3.186028870335557,0.020807760203829836,-3.889265672705068,-3.0543579727254224,-2.66698384083045,0,17,True,
30min,2024-11-29,2024-11-29,2024-11-29,18,main,PP,c,unit_root,,Bartlett_short_bandwidth,True,ok,-3.214382184677668,0.01916713018936659,-3.889265672705068,-3.0543579727254224,-2.66698384083045,2,17,True,
30min,2024-11-29,2024-11-29,2024-11-29,18,main,KPSS,c,level_or_trend_stationarity,,Bartlett_short_bandwidth,True,ok,0.1951292213793752,0.2775897620012251,0.7428,0.4614,0.3475,2,18,False,
30min,2024-11-29,2024-11-29,2024-11-29,18,lag_sensitivity,ADF,c,unit_root,2.0,aic,True,ok,-2.7851338103117036,0.06042887561232804,-3.9644434814814815,-3.0849081481481484,-2.6818144444444445,2,15,False,
30min,2024-11-29,2024-11-29,2024-11-29,18,lag_sensitivity,PP,c,unit_root,,Bartlett_short_bandwidth,True,ok,-3.123524702775969,0.024860532882678157,-3.889265672705068,-3.0543579727254224,-2.66698384083045,4,17,True,
30min,2024-11-29,2024-11-29,2024-11-29,18,lag_sensitivity,KPSS,c,level_or_trend_stationarity,,Bartlett_short_bandwidth,True,ok,0.2231177508297781,0.22711359753333277,0.7428,0.4614,0.3475,4,18,False,
30min,2024-12-02,2024-12-02,2024-12-02,18,main,ADF,c,unit_root,2.0,bic,True,ok,-5.29038973703576,5.732302395766167e-06,-3.889265672705068,-3.0543579727254224,-2.66698384083045,0,17,True,
30min,2024-12-02,2024-12-02,2024-12-02,18,main,PP,c,unit_root,,Bartlett_short_bandwidth,True,ok,-5.471858741641162,2.3888277458681843e-06,-3.889265672705068,-3.0543579727254224,-2.66698384083045,2,17,True,
30min,2024-12-02,2024-12-02,2024-12-02,18,main,KPSS,c,level_or_trend_stationarity,,Bartlett_short_bandwidth,True,ok,0.14057372330612825,0.42008998867764297,0.7428,0.4614,0.3475,2,18,False,
30min,2024-12-02,2024-12-02,2024-12-02,18,lag_sensitivity,ADF,c,unit_root,2.0,aic,True,ok,-5.29038973703576,5.732302395766167e-06,-3.889265672705068,-3.0543579727254224,-2.66698384083045,0,17,True,
30min,2024-12-02,2024-12-02,2024-12-02,18,lag_sensitivity,PP,c,unit_root,,Bartlett_short_bandwidth,True,ok,-5.771748780371897,5.372325452647916e-07,-3.889265672705068,-3.0543579727254224,-2.66698384083045,4,17,True,
30min,2024-12-02,2024-12-02,2024-12-02,18,lag_sensitivity,KPSS,c,level_or_trend_stationarity,,Bartlett_short_bandwidth,True,ok,0.18251964577329396,0.3045525384521978,0.7428,0.4614,0.3475,4,18,False,
30min,2024-12-03,2024-12-03,2024-12-03,18,main,ADF,c,unit_root,2.0,bic,True,ok,-4.388099169078351,0.0003115633703218656,-3.9644434814814815,-3.0849081481481484,-2.6818144444444445,2,15,True,
30min,2024-12-03,2024-12-03,2024-12-03,18,main,PP,c,unit_root,,Bartlett_short_bandwidth,True,ok,-5.008259188327749,2.1372844380461325e-05,-3.889265672705068,-3.0543579727254224,-2.66698384083045,2,17,True,
30min,2024-12-03,2024-12-03,2024-12-03,18,main,KPSS,c,level_or_trend_stationarity,,Bartlett_short_bandwidth,True,ok,0.10982434527035298,0.5394347942256682,0.7428,0.4614,0.3475,2,18,False,
30min,2024-12-03,2024-12-03,2024-12-03,18,lag_sensitivity,ADF,c,unit_root,2.0,aic,True,ok,-4.388099169078351,0.0003115633703218656,-3.9644434814814815,-3.0849081481481484,-2.6818144444444445,2,15,True,
30min,2024-12-03,2024-12-03,2024-12-03,18,lag_sensitivity,PP,c,unit_root,,Bartlett_short_bandwidth,True,ok,-6.7211054449229355,3.481351065045449e-09,-3.889265672705068,-3.0543579727254224,-2.66698384083045,4,17,True,
30min,2024-12-03,2024-12-03,2024-12-03,18,lag_sensitivity,KPSS,c,level_or_trend_stationarity,,Bartlett_short_bandwidth,True,ok,0.24373194228538517,0.19690008015918728,0.7428,0.4614,0.3475,4,18,False,
30min,2024-12-04,2024-12-04,2024-12-04,18,main,ADF,c,unit_root,2.0,bic,True,ok,-4.654138980936473,0.00010252998259944982,-3.889265672705068,-3.0543579727254224,-2.66698384083045,0,17,True,
30min,2024-12-04,2024-12-04,2024-12-04,18,main,PP,c,unit_root,,Bartlett_short_bandwidth,True,ok,-4.6794073114463455,9.197676471593646e-05,-3.889265672705068,-3.0543579727254224,-2.66698384083045,2,17,True,
30min,2024-12-04,2024-12-04,2024-12-04,18,main,KPSS,c,level_or_trend_stationarity,,Bartlett_short_bandwidth,True,ok,0.1475329753335751,0.39777892521290037,0.7428,0.4614,0.3475,2,18,False,
30min,2024-12-04,2024-12-04,2024-12-04,18,lag_sensitivity,ADF,c,unit_root,2.0,aic,True,ok,-4.654138980936473,0.00010252998259944982,-3.889265672705068,-3.0543579727254224,-2.66698384083045,0,17,True,
30min,2024-12-04,2024-12-04,2024-12-04,18,lag_sensitivity,PP,c,unit_root,,Bartlett_short_bandwidth,True,ok,-4.594710047326243,0.000132100877857918,-3.889265672705068,-3.0543579727254224,-2.66698384083045,4,17,True,
30min,2024-12-04,2024-12-04,2024-12-04,18,lag_sensitivity,KPSS,c,level_or_trend_stationarity,,Bartlett_short_bandwidth,True,ok,0.15230696291430876,0.38337213418360494,0.7428,0.4614,0.3475,4,18,False,
30min,2024-12-05,2024-12-05,2024-12-05,18,main,ADF,c,unit_root,2.0,bic,True,ok,-2.454687828419041,0.1268919933442738,-3.889265672705068,-3.0543579727254224,-2.66698384083045,0,17,False,
30min,2024-12-05,2024-12-05,2024-12-05,18,main,PP,c,unit_root,,Bartlett_short_bandwidth,True,ok,-2.3610473288655163,0.15303358386023613,-3.889265672705068,-3.0543579727254224,-2.66698384083045,2,17,False,
30min,2024-12-05,2024-12-05,2024-12-05,18,main,KPSS,c,level_or_trend_stationarity,,Bartlett_short_bandwidth,True,ok,0.37729989891809207,0.08311229647036118,0.7428,0.4614,0.3475,2,18,False,
30min,2024-12-05,2024-12-05,2024-12-05,18,lag_sensitivity,ADF,c,unit_root,2.0,aic,True,ok,-2.454687828419041,0.1268919933442738,-3.889265672705068,-3.0543579727254224,-2.66698384083045,0,17,False,
30min,2024-12-05,2024-12-05,2024-12-05,18,lag_sensitivity,PP,c,unit_root,,Bartlett_short_bandwidth,True,ok,-2.3539879651439843,0.15514612334485522,-3.889265672705068,-3.0543579727254224,-2.66698384083045,4,17,False,
30min,2024-12-05,2024-12-05,2024-12-05,18,lag_sensitivity,KPSS,c,level_or_trend_stationarity,,Bartlett_short_bandwidth,True,ok,0.32368011850100925,0.11648434705812509,0.7428,0.4614,0.3475,4,18,False,
30min,2024-12-06,2024-12-06,2024-12-06,18,main,ADF,c,unit_root,2.0,bic,True,ok,-4.226968854710516,0.0005929598650312256,-3.889265672705068,-3.0543579727254224,-2.66698384083045,0,17,True,
30min,2024-12-06,2024-12-06,2024-12-06,18,main,PP,c,unit_root,,Bartlett_short_bandwidth,True,ok,-4.225032479341551,0.0005974792953440166,-3.889265672705068,-3.0543579727254224,-2.66698384083045,2,17,True,
30min,2024-12-06,2024-12-06,2024-12-06,18,main,KPSS,c,level_or_trend_stationarity,,Bartlett_short_bandwidth,True,ok,0.14898145033732316,0.3932694930436811,0.7428,0.4614,0.3475,2,18,False,
30min,2024-12-06,2024-12-06,2024-12-06,18,lag_sensitivity,ADF,c,unit_root,2.0,aic,True,ok,-4.226968854710516,0.0005929598650312256,-3.889265672705068,-3.0543579727254224,-2.66698384083045,0,17,True,
30min,2024-12-06,2024-12-06,2024-12-06,18,lag_sensitivity,PP,c,unit_root,,Bartlett_short_bandwidth,True,ok,-4.225612976153392,0.0005961210447250439,-3.889265672705068,-3.0543579727254224,-2.66698384083045,4,17,True,
30min,2024-12-06,2024-12-06,2024-12-06,18,lag_sensitivity,KPSS,c,level_or_trend_stationarity,,Bartlett_short_bandwidth,True,ok,0.1903236138227646,0.2876093322919902,0.7428,0.4614,0.3475,4,18,False,
30min,2024-12-09,2024-12-09,2024-12-09,18,main,ADF,c,unit_root,2.0,bic,True,ok,-3.2269292797069387,0.01847787376089013,-3.889265672705068,-3.0543579727254224,-2.66698384083045,0,17,True,
30min,2024-12-09,2024-12-09,2024-12-09,18,main,PP,c,unit_root,,Bartlett_short_bandwidth,True,ok,-3.3010276992193366,0.014832598760398847,-3.889265672705068,-3.0543579727254224,-2.66698384083045,2,17,True,
30min,2024-12-09,2024-12-09,2024-12-09,18,main,KPSS,c,level_or_trend_stationarity,,Bartlett_short_bandwidth,True,ok,0.20109241793616153,0.2658972197330166,0.7428,0.4614,0.3475,2,18,False,
30min,2024-12-09,2024-12-09,2024-12-09,18,lag_sensitivity,ADF,c,unit_root,2.0,aic,True,ok,-2.970300539576609,0.037762588295478836,-3.9644434814814815,-3.0849081481481484,-2.6818144444444445,2,15,False,
30min,2024-12-09,2024-12-09,2024-12-09,18,lag_sensitivity,PP,c,unit_root,,Bartlett_short_bandwidth,True,ok,-3.2339600986813117,0.018101190280036556,-3.889265672705068,-3.0543579727254224,-2.66698384083045,4,17,True,
30min,2024-12-09,2024-12-09,2024-12-09,18,lag_sensitivity,KPSS,c,level_or_trend_stationarity,,Bartlett_short_bandwidth,True,ok,0.23720442245001863,0.2059660799305297,0.7428,0.4614,0.3475,4,18,False,
30min,2024-12-10,2024-12-10,2024-12-10,18,main,ADF,c,unit_root,2.0,bic,True,ok,-6.614726073067353,6.248696271325508e-09,-3.889265672705068,-3.0543579727254224,-2.66698384083045,0,17,True,
30min,2024-12-10,2024-12-10,2024-12-10,18,main,PP,c,unit_root,,Bartlett_short_bandwidth,True,ok,-6.310058090196103,3.251187686369002e-08,-3.889265672705068,-3.0543579727254224,-2.66698384083045,2,17,True,
30min,2024-12-10,2024-12-10,2024-12-10,18,main,KPSS,c,level_or_trend_stationarity,,Bartlett_short_bandwidth,True,ok,0.1638536110690842,0.35062194761240606,0.7428,0.4614,0.3475,2,18,False,
30min,2024-12-10,2024-12-10,2024-12-10,18,lag_sensitivity,ADF,c,unit_root,2.0,aic,True,ok,-6.614726073067353,6.248696271325508e-09,-3.889265672705068,-3.0543579727254224,-2.66698384083045,0,17,True,
30min,2024-12-10,2024-12-10,2024-12-10,18,lag_sensitivity,PP,c,unit_root,,Bartlett_short_bandwidth,True,ok,-6.4340923955342655,1.6694199398617273e-08,-3.889265672705068,-3.0543579727254224,-2.66698384083045,4,17,True,
30min,2024-12-10,2024-12-10,2024-12-10,18,lag_sensitivity,KPSS,c,level_or_trend_stationarity,,Bartlett_short_bandwidth,True,ok,0.25007884739741565,0.18861686231100555,0.7428,0.4614,0.3475,4,18,False,
30min,2024-12-11,2024-12-11,2024-12-11,18,main,ADF,c,unit_root,2.0,bic,True,ok,-3.508531245938789,0.007770677804095523,-3.889265672705068,-3.0543579727254224,-2.66698384083045,0,17,True,
30min,2024-12-11,2024-12-11,2024-12-11,18,main,PP,c,unit_root,,Bartlett_short_bandwidth,True,ok,-3.472478206532653,0.008722692312244292,-3.889265672705068,-3.0543579727254224,-2.66698384083045,2,17,True,
30min,2024-12-11,2024-12-11,2024-12-11,18,main,KPSS,c,level_or_trend_stationarity,,Bartlett_short_bandwidth,True,ok,0.18942884051511882,0.2895131052869812,0.7428,0.4614,0.3475,2,18,False,
30min,2024-12-11,2024-12-11,2024-12-11,18,lag_sensitivity,ADF,c,unit_root,2.0,aic,True,ok,-3.508531245938789,0.007770677804095523,-3.889265672705068,-3.0543579727254224,-2.66698384083045,0,17,True,
30min,2024-12-11,2024-12-11,2024-12-11,18,lag_sensitivity,PP,c,unit_root,,Bartlett_short_bandwidth,True,ok,-3.4587608729296613,0.00911156059252354,-3.889265672705068,-3.0543579727254224,-2.66698384083045,4,17,True,
30min,2024-12-11,2024-12-11,2024-12-11,18,lag_sensitivity,KPSS,c,level_or_trend_stationarity,,Bartlett_short_bandwidth,True,ok,0.2215196337563854,0.22974785644551857,0.7428,0.4614,0.3475,4,18,False,
30min,2024-12-12,2024-12-12,2024-12-12,18,main,ADF,c,unit_root,2.0,bic,True,ok,-3.407652503514622,0.010700748179280475,-3.889265672705068,-3.0543579727254224,-2.66698384083045,0,17,True,
30min,2024-12-12,2024-12-12,2024-12-12,18,main,PP,c,unit_root,,Bartlett_short_bandwidth,True,ok,-3.4431759326509312,0.009572166027205672,-3.889265672705068,-3.0543579727254224,-2.66698384083045,2,17,True,
30min,2024-12-12,2024-12-12,2024-12-12,18,main,KPSS,c,level_or_trend_stationarity,,Bartlett_short_bandwidth,True,ok,0.46232678696707336,0.049741120958918056,0.7428,0.4614,0.3475,2,18,True,
30min,2024-12-12,2024-12-12,2024-12-12,18,lag_sensitivity,ADF,c,unit_root,2.0,aic,True,ok,-3.407652503514622,0.010700748179280475,-3.889265672705068,-3.0543579727254224,-2.66698384083045,0,17,True,
30min,2024-12-12,2024-12-12,2024-12-12,18,lag_sensitivity,PP,c,unit_root,,Bartlett_short_bandwidth,True,ok,-3.4503061423582464,0.009358910833176639,-3.889265672705068,-3.0543579727254224,-2.66698384083045,4,17,True,
30min,2024-12-12,2024-12-12,2024-12-12,18,lag_sensitivity,KPSS,c,level_or_trend_stationarity,,Bartlett_short_bandwidth,True,ok,0.3805286052511287,0.08146499732085272,0.7428,0.4614,0.3475,4,18,False,
30min,2024-12-13,2024-12-13,2024-12-13,18,main,ADF,c,unit_root,2.0,bic,True,ok,-2.8753541776889864,0.04828995144851797,-3.889265672705068,-3.0543579727254224,-2.66698384083045,0,17,False,
30min,2024-12-13,2024-12-13,2024-12-13,18,main,PP,c,unit_root,,Bartlett_short_bandwidth,True,ok,-2.8545371554319856,0.05089588654404697,-3.889265672705068,-3.0543579727254224,-2.66698384083045,2,17,False,
30min,2024-12-13,2024-12-13,2024-12-13,18,main,KPSS,c,level_or_trend_stationarity,,Bartlett_short_bandwidth,True,ok,0.12009257636666458,0.49568719855263976,0.7428,0.4614,0.3475,2,18,False,
30min,2024-12-13,2024-12-13,2024-12-13,18,lag_sensitivity,ADF,c,unit_root,2.0,aic,True,ok,-2.8753541776889864,0.04828995144851797,-3.889265672705068,-3.0543579727254224,-2.66698384083045,0,17,False,
30min,2024-12-13,2024-12-13,2024-12-13,18,lag_sensitivity,PP,c,unit_root,,Bartlett_short_bandwidth,True,ok,-2.70157864152538,0.07376549326721238,-3.889265672705068,-3.0543579727254224,-2.66698384083045,4,17,False,
30min,2024-12-13,2024-12-13,2024-12-13,18,lag_sensitivity,KPSS,c,level_or_trend_stationarity,,Bartlett_short_bandwidth,True,ok,0.15724204140929499,0.36878560052391485,0.7428,0.4614,0.3475,4,18,False,
30min,2024-12-16,2024-12-16,2024-12-16,18,main,ADF,c,unit_root,2.0,bic,True,ok,-3.8994974243080374,0.002038548901508072,-3.889265672705068,-3.0543579727254224,-2.66698384083045,0,17,True,
30min,2024-12-16,2024-12-16,2024-12-16,18,main,PP,c,unit_root,,Bartlett_short_bandwidth,True,ok,-3.903304735994995,0.002010660234267121,-3.889265672705068,-3.0543579727254224,-2.66698384083045,2,17,True,
30min,2024-12-16,2024-12-16,2024-12-16,18,main,KPSS,c,level_or_trend_stationarity,,Bartlett_short_bandwidth,True,ok,0.35948643878454867,0.09282388575600653,0.7428,0.4614,0.3475,2,18,False,
30min,2024-12-16,2024-12-16,2024-12-16,18,lag_sensitivity,ADF,c,unit_root,2.0,aic,True,ok,-3.8994974243080374,0.002038548901508072,-3.889265672705068,-3.0543579727254224,-2.66698384083045,0,17,True,
30min,2024-12-16,2024-12-16,2024-12-16,18,lag_sensitivity,PP,c,unit_root,,Bartlett_short_bandwidth,True,ok,-3.9247658400757794,0.0018599583764358138,-3.889265672705068,-3.0543579727254224,-2.66698384083045,4,17,True,
30min,2024-12-16,2024-12-16,2024-12-16,18,lag_sensitivity,KPSS,c,level_or_trend_stationarity,,Bartlett_short_bandwidth,True,ok,0.3390847596391492,0.10582369575145384,0.7428,0.4614,0.3475,4,18,False,
30min,2024-12-17,2024-12-17,2024-12-17,18,main,ADF,c,unit_root,2.0,bic,True,ok,-6.751517113690574,2.942887089715582e-09,-3.889265672705068,-3.0543579727254224,-2.66698384083045,0,17,True,
30min,2024-12-17,2024-12-17,2024-12-17,18,main,PP,c,unit_root,,Bartlett_short_bandwidth,True,ok,-7.336003428565865,1.0961496556491354e-10,-3.889265672705068,-3.0543579727254224,-2.66698384083045,2,17,True,
30min,2024-12-17,2024-12-17,2024-12-17,18,main,KPSS,c,level_or_trend_stationarity,,Bartlett_short_bandwidth,True,ok,0.08475726791290158,0.665323993202355,0.7428,0.4614,0.3475,2,18,False,
30min,2024-12-17,2024-12-17,2024-12-17,18,lag_sensitivity,ADF,c,unit_root,2.0,aic,True,ok,-6.751517113690574,2.942887089715582e-09,-3.889265672705068,-3.0543579727254224,-2.66698384083045,0,17,True,
30min,2024-12-17,2024-12-17,2024-12-17,18,lag_sensitivity,PP,c,unit_root,,Bartlett_short_bandwidth,True,ok,-8.279929825300071,4.548602576172851e-13,-3.889265672705068,-3.0543579727254224,-2.66698384083045,4,17,True,
30min,2024-12-17,2024-12-17,2024-12-17,18,lag_sensitivity,KPSS,c,level_or_trend_stationarity,,Bartlett_short_bandwidth,True,ok,0.1447660723206261,0.4066472041005574,0.7428,0.4614,0.3475,4,18,False,
30min,2024-12-18,2024-12-18,2024-12-18,18,main,ADF,c,unit_root,2.0,bic,True,ok,-4.132788473366903,0.000854471828448491,-3.889265672705068,-3.0543579727254224,-2.66698384083045,0,17,True,
30min,2024-12-18,2024-12-18,2024-12-18,18,main,PP,c,unit_root,,Bartlett_short_bandwidth,True,ok,-4.154590803350541,0.0007857393199153373,-3.889265672705068,-3.0543579727254224,-2.66698384083045,2,17,True,
30min,2024-12-18,2024-12-18,2024-12-18,18,main,KPSS,c,level_or_trend_stationarity,,Bartlett_short_bandwidth,True,ok,0.18075419679482804,0.30861104185097,0.7428,0.4614,0.3475,2,18,False,
30min,2024-12-18,2024-12-18,2024-12-18,18,lag_sensitivity,ADF,c,unit_root,2.0,aic,True,ok,-4.132788473366903,0.000854471828448491,-3.889265672705068,-3.0543579727254224,-2.66698384083045,0,17,True,
30min,2024-12-18,2024-12-18,2024-12-18,18,lag_sensitivity,PP,c,unit_root,,Bartlett_short_bandwidth,True,ok,-4.218114176865284,0.0006138926344078165,-3.889265672705068,-3.0543579727254224,-2.66698384083045,4,17,True,
30min,2024-12-18,2024-12-18,2024-12-18,18,lag_sensitivity,KPSS,c,level_or_trend_stationarity,,Bartlett_short_bandwidth,True,ok,0.2045383960087906,0.25921714998430256,0.7428,0.4614,0.3475,4,18,False,
30min,2024-12-19,2024-12-19,2024-12-19,18,main,ADF,c,unit_root,2.0,bic,True,ok,-5.4439907473644205,2.7363523349514207e-06,-3.889265672705068,-3.0543579727254224,-2.66698384083045,0,17,True,
30min,2024-12-19,2024-12-19,2024-12-19,18,main,PP,c,unit_root,,Bartlett_short_bandwidth,True,ok,-5.994280405643153,1.7163198088186598e-07,-3.889265672705068,-3.0543579727254224,-2.66698384083045,2,17,True,
30min,2024-12-19,2024-12-19,2024-12-19,18,main,KPSS,c,level_or_trend_stationarity,,Bartlett_short_bandwidth,True,ok,0.07521549432805708,0.720596154916897,0.7428,0.4614,0.3475,2,18,False,
30min,2024-12-19,2024-12-19,2024-12-19,18,lag_sensitivity,ADF,c,unit_root,2.0,aic,True,ok,-3.945078961263895,0.0017270326245910025,-3.9644434814814815,-3.0849081481481484,-2.6818144444444445,2,15,True,
30min,2024-12-19,2024-12-19,2024-12-19,18,lag_sensitivity,PP,c,unit_root,,Bartlett_short_bandwidth,True,ok,-7.260617132652349,1.6853538451606513e-10,-3.889265672705068,-3.0543579727254224,-2.66698384083045,4,17,True,
30min,2024-12-19,2024-12-19,2024-12-19,18,lag_sensitivity,KPSS,c,level_or_trend_stationarity,,Bartlett_short_bandwidth,True,ok,0.17937864983564342,0.31177321876863584,0.7428,0.4614,0.3475,4,18,False,
30min,2024-12-20,2024-12-20,2024-12-20,18,main,ADF,c,unit_root,2.0,bic,True,ok,-4.096065646708179,0.0009831294358137105,-3.889265672705068,-3.0543579727254224,-2.66698384083045,0,17,True,
30min,2024-12-20,2024-12-20,2024-12-20,18,main,PP,c,unit_root,,Bartlett_short_bandwidth,True,ok,-4.095934741690137,0.000983618900592417,-3.889265672705068,-3.0543579727254224,-2.66698384083045,2,17,True,
30min,2024-12-20,2024-12-20,2024-12-20,18,main,KPSS,c,level_or_trend_stationarity,,Bartlett_short_bandwidth,True,ok,0.12354838023690692,0.48204586748589373,0.7428,0.4614,0.3475,2,18,False,
30min,2024-12-20,2024-12-20,2024-12-20,18,lag_sensitivity,ADF,c,unit_root,2.0,aic,True,ok,-4.096065646708179,0.0009831294358137105,-3.889265672705068,-3.0543579727254224,-2.66698384083045,0,17,True,
30min,2024-12-20,2024-12-20,2024-12-20,18,lag_sensitivity,PP,c,unit_root,,Bartlett_short_bandwidth,True,ok,-4.24854880201553,0.0005447238939062419,-3.889265672705068,-3.0543579727254224,-2.66698384083045,4,17,True,
30min,2024-12-20,2024-12-20,2024-12-20,18,lag_sensitivity,KPSS,c,level_or_trend_stationarity,,Bartlett_short_bandwidth,True,ok,0.1983804233342592,0.2712148562073349,0.7428,0.4614,0.3475,4,18,False,
30min,2024-12-23,2024-12-23,2024-12-23,18,main,ADF,c,unit_root,2.0,bic,True,ok,-9.205843654054526,1.9460142178309826e-15,-3.889265672705068,-3.0543579727254224,-2.66698384083045,0,17,True,
30min,2024-12-23,2024-12-23,2024-12-23,18,main,PP,c,unit_root,,Bartlett_short_bandwidth,True,ok,-8.754554379184015,2.77799506448012e-14,-3.889265672705068,-3.0543579727254224,-2.66698384083045,2,17,True,
30min,2024-12-23,2024-12-23,2024-12-23,18,main,KPSS,c,level_or_trend_stationarity,,Bartlett_short_bandwidth,True,ok,0.1975859733594838,0.2727726012559141,0.7428,0.4614,0.3475,2,18,False,
30min,2024-12-23,2024-12-23,2024-12-23,18,lag_sensitivity,ADF,c,unit_root,2.0,aic,True,ok,-9.205843654054526,1.9460142178309826e-15,-3.889265672705068,-3.0543579727254224,-2.66698384083045,0,17,True,
30min,2024-12-23,2024-12-23,2024-12-23,18,lag_sensitivity,PP,c,unit_root,,Bartlett_short_bandwidth,True,ok,-9.763107399950764,7.471745312622764e-17,-3.889265672705068,-3.0543579727254224,-2.66698384083045,4,17,True,
30min,2024-12-23,2024-12-23,2024-12-23,18,lag_sensitivity,KPSS,c,level_or_trend_stationarity,,Bartlett_short_bandwidth,True,ok,0.24726779520572037,0.19222077537728158,0.7428,0.4614,0.3475,4,18,False,
30min,2024-12-26,2024-12-26,2024-12-26,18,main,ADF,c,unit_root,2.0,bic,True,ok,-4.775565820045386,6.0551740089609236e-05,-3.889265672705068,-3.0543579727254224,-2.66698384083045,0,17,True,
30min,2024-12-26,2024-12-26,2024-12-26,18,main,PP,c,unit_root,,Bartlett_short_bandwidth,True,ok,-4.91824722181923,3.213166535148016e-05,-3.889265672705068,-3.0543579727254224,-2.66698384083045,2,17,True,
30min,2024-12-26,2024-12-26,2024-12-26,18,main,KPSS,c,level_or_trend_stationarity,,Bartlett_short_bandwidth,True,ok,0.35193268419401286,0.0972971437841385,0.7428,0.4614,0.3475,2,18,False,
30min,2024-12-26,2024-12-26,2024-12-26,18,lag_sensitivity,ADF,c,unit_root,2.0,aic,True,ok,-4.775565820045386,6.0551740089609236e-05,-3.889265672705068,-3.0543579727254224,-2.66698384083045,0,17,True,
30min,2024-12-26,2024-12-26,2024-12-26,18,lag_sensitivity,PP,c,unit_root,,Bartlett_short_bandwidth,True,ok,-4.876879920669585,3.867414270042259e-05,-3.889265672705068,-3.0543579727254224,-2.66698384083045,4,17,True,
30min,2024-12-26,2024-12-26,2024-12-26,18,lag_sensitivity,KPSS,c,level_or_trend_stationarity,,Bartlett_short_bandwidth,True,ok,0.3634411540349889,0.09055106089943168,0.7428,0.4614,0.3475,4,18,False,
30min,2024-12-27,2024-12-27,2024-12-27,18,main,ADF,c,unit_root,2.0,bic,True,ok,-4.955806392779993,2.7124849483294664e-05,-3.9644434814814815,-3.0849081481481484,-2.6818144444444445,2,15,True,
30min,2024-12-27,2024-12-27,2024-12-27,18,main,PP,c,unit_root,,Bartlett_short_bandwidth,True,ok,-5.088687664748576,1.477214649301643e-05,-3.889265672705068,-3.0543579727254224,-2.66698384083045,2,17,True,
30min,2024-12-27,2024-12-27,2024-12-27,18,main,KPSS,c,level_or_trend_stationarity,,Bartlett_short_bandwidth,True,ok,0.12364357763061617,0.4816700883001993,0.7428,0.4614,0.3475,2,18,False,
30min,2024-12-27,2024-12-27,2024-12-27,18,lag_sensitivity,ADF,c,unit_root,2.0,aic,True,ok,-4.955806392779993,2.7124849483294664e-05,-3.9644434814814815,-3.0849081481481484,-2.6818144444444445,2,15,True,
30min,2024-12-27,2024-12-27,2024-12-27,18,lag_sensitivity,PP,c,unit_root,,Bartlett_short_bandwidth,True,ok,-5.776581512429731,5.242377571693971e-07,-3.889265672705068,-3.0543579727254224,-2.66698384083045,4,17,True,
30min,2024-12-27,2024-12-27,2024-12-27,18,lag_sensitivity,KPSS,c,level_or_trend_stationarity,,Bartlett_short_bandwidth,True,ok,0.20140005839383177,0.2652940031493495,0.7428,0.4614,0.3475,4,18,False,
30min,2024-12-30,2024-12-30,2024-12-30,18,main,ADF,c,unit_root,2.0,bic,True,ok,-4.89431448587533,3.577401609933594e-05,-3.889265672705068,-3.0543579727254224,-2.66698384083045,0,17,True,
30min,2024-12-30,2024-12-30,2024-12-30,18,main,PP,c,unit_root,,Bartlett_short_bandwidth,True,ok,-4.891618750471855,3.620834262962115e-05,-3.889265672705068,-3.0543579727254224,-2.66698384083045,2,17,True,
30min,2024-12-30,2024-12-30,2024-12-30,18,main,KPSS,c,level_or_trend_stationarity,,Bartlett_short_bandwidth,True,ok,0.12532564004761748,0.4750303682330888,0.7428,0.4614,0.3475,2,18,False,
30min,2024-12-30,2024-12-30,2024-12-30,18,lag_sensitivity,ADF,c,unit_root,2.0,aic,True,ok,-4.89431448587533,3.577401609933594e-05,-3.889265672705068,-3.0543579727254224,-2.66698384083045,0,17,True,
30min,2024-12-30,2024-12-30,2024-12-30,18,lag_sensitivity,PP,c,unit_root,,Bartlett_short_bandwidth,True,ok,-4.907986158399926,3.36473389519124e-05,-3.889265672705068,-3.0543579727254224,-2.66698384083045,4,17,True,
30min,2024-12-30,2024-12-30,2024-12-30,18,lag_sensitivity,KPSS,c,level_or_trend_stationarity,,Bartlett_short_bandwidth,True,ok,0.1261151767010192,0.47191377618018726,0.7428,0.4614,0.3475,4,18,False,
