scale,segment,start,end,n,specification,test,trend,null,adf_max_lags,lag_rule,small_sample,status,statistic,pvalue,critical_1,critical_5,critical_10,lags,nobs,reject_5pct,warning
60min,2024-01-02,2024-01-02,2024-01-02,9,main,ADF,c,unit_root,0.0,bic,True,ok,-2.493595780045245,0.11704032679721488,-4.6651863281249994,-3.3671868750000002,-2.802960625,0,8,False,
60min,2024-01-02,2024-01-02,2024-01-02,9,main,PP,c,unit_root,,Bartlett_short_bandwidth,True,ok,-2.3876479004738833,0.14525309026586852,-4.6651863281249994,-3.3671868750000002,-2.802960625,2,8,False,
60min,2024-01-02,2024-01-02,2024-01-02,9,main,KPSS,c,level_or_trend_stationarity,,Bartlett_short_bandwidth,True,ok,0.15497721789237884,0.3754249467488725,0.7428,0.4614,0.3475,2,9,False,
60min,2024-01-02,2024-01-02,2024-01-02,9,lag_sensitivity,ADF,c,unit_root,0.0,aic,True,ok,-2.493595780045245,0.11704032679721488,-4.6651863281249994,-3.3671868750000002,-2.802960625,0,8,False,
60min,2024-01-02,2024-01-02,2024-01-02,9,lag_sensitivity,PP,c,unit_root,,Bartlett_short_bandwidth,True,ok,-2.3876479004738833,0.14525309026586852,-4.6651863281249994,-3.3671868750000002,-2.802960625,2,8,False,
60min,2024-01-02,2024-01-02,2024-01-02,9,lag_sensitivity,KPSS,c,level_or_trend_stationarity,,Bartlett_short_bandwidth,True,ok,0.15497721789237884,0.3754249467488725,0.7428,0.4614,0.3475,2,9,False,
60min,2024-01-03,2024-01-03,2024-01-03,9,main,ADF,c,unit_root,0.0,bic,True,ok,-3.3920684633255984,0.011232247181442702,-4.6651863281249994,-3.3671868750000002,-2.802960625,0,8,True,
60min,2024-01-03,2024-01-03,2024-01-03,9,main,PP,c,unit_root,,Bartlett_short_bandwidth,True,ok,-3.385983397488779,0.011446078749741448,-4.6651863281249994,-3.3671868750000002,-2.802960625,2,8,True,
60min,2024-01-03,2024-01-03,2024-01-03,9,main,KPSS,c,level_or_trend_stationarity,,Bartlett_short_bandwidth,True,ok,0.33527153820553124,0.10846260331797146,0.7428,0.4614,0.3475,2,9,False,
60min,2024-01-03,2024-01-03,2024-01-03,9,lag_sensitivity,ADF,c,unit_root,0.0,aic,True,ok,-3.3920684633255984,0.011232247181442702,-4.6651863281249994,-3.3671868750000002,-2.802960625,0,8,True,
60min,2024-01-03,2024-01-03,2024-01-03,9,lag_sensitivity,PP,c,unit_root,,Bartlett_short_bandwidth,True,ok,-3.385983397488779,0.011446078749741448,-4.6651863281249994,-3.3671868750000002,-2.802960625,2,8,True,
60min,2024-01-03,2024-01-03,2024-01-03,9,lag_sensitivity,KPSS,c,level_or_trend_stationarity,,Bartlett_short_bandwidth,True,ok,0.33527153820553124,0.10846260331797146,0.7428,0.4614,0.3475,2,9,False,
60min,2024-01-04,2024-01-04,2024-01-04,9,main,ADF,c,unit_root,0.0,bic,True,ok,-2.0905615087616267,0.24832676427627626,-4.6651863281249994,-3.3671868750000002,-2.802960625,0,8,False,
60min,2024-01-04,2024-01-04,2024-01-04,9,main,PP,c,unit_root,,Bartlett_short_bandwidth,True,ok,-2.005181012130098,0.2843060366833085,-4.6651863281249994,-3.3671868750000002,-2.802960625,2,8,False,
60min,2024-01-04,2024-01-04,2024-01-04,9,main,KPSS,c,level_or_trend_stationarity,,Bartlett_short_bandwidth,True,ok,0.34313912971834903,0.103017903309101,0.7428,0.4614,0.3475,2,9,False,
60min,2024-01-04,2024-01-04,2024-01-04,9,lag_sensitivity,ADF,c,unit_root,0.0,aic,True,ok,-2.0905615087616267,0.24832676427627626,-4.6651863281249994,-3.3671868750000002,-2.802960625,0,8,False,
60min,2024-01-04,2024-01-04,2024-01-04,9,lag_sensitivity,PP,c,unit_root,,Bartlett_short_bandwidth,True,ok,-2.005181012130098,0.2843060366833085,-4.6651863281249994,-3.3671868750000002,-2.802960625,2,8,False,
60min,2024-01-04,2024-01-04,2024-01-04,9,lag_sensitivity,KPSS,c,level_or_trend_stationarity,,Bartlett_short_bandwidth,True,ok,0.34313912971834903,0.103017903309101,0.7428,0.4614,0.3475,2,9,False,
60min,2024-01-05,2024-01-05,2024-01-05,9,main,ADF,c,unit_root,0.0,bic,True,ok,-2.6040803154692376,0.09215687830378044,-4.6651863281249994,-3.3671868750000002,-2.802960625,0,8,False,
60min,2024-01-05,2024-01-05,2024-01-05,9,main,PP,c,unit_root,,Bartlett_short_bandwidth,True,ok,-2.6235112267377714,0.08823467968045973,-4.6651863281249994,-3.3671868750000002,-2.802960625,2,8,False,
60min,2024-01-05,2024-01-05,2024-01-05,9,main,KPSS,c,level_or_trend_stationarity,,Bartlett_short_bandwidth,True,ok,0.16233871059776672,0.35478376209404744,0.7428,0.4614,0.3475,2,9,False,
60min,2024-01-05,2024-01-05,2024-01-05,9,lag_sensitivity,ADF,c,unit_root,0.0,aic,True,ok,-2.6040803154692376,0.09215687830378044,-4.6651863281249994,-3.3671868750000002,-2.802960625,0,8,False,
60min,2024-01-05,2024-01-05,2024-01-05,9,lag_sensitivity,PP,c,unit_root,,Bartlett_short_bandwidth,True,ok,-2.6235112267377714,0.08823467968045973,-4.6651863281249994,-3.3671868750000002,-2.802960625,2,8,False,
60min,2024-01-05,2024-01-05,2024-01-05,9,lag_sensitivity,KPSS,c,level_or_trend_stationarity,,Bartlett_short_bandwidth,True,ok,0.16233871059776672,0.35478376209404744,0.7428,0.4614,0.3475,2,9,False,
60min,2024-01-08,2024-01-08,2024-01-08,9,main,ADF,c,unit_root,0.0,bic,True,ok,-3.887231123901793,0.002130854722043621,-4.6651863281249994,-3.3671868750000002,-2.802960625,0,8,True,
60min,2024-01-08,2024-01-08,2024-01-08,9,main,PP,c,unit_root,,Bartlett_short_bandwidth,True,ok,-4.187325347344655,0.0006922180934117193,-4.6651863281249994,-3.3671868750000002,-2.802960625,2,8,True,
60min,2024-01-08,2024-01-08,2024-01-08,9,main,KPSS,c,level_or_trend_stationarity,,Bartlett_short_bandwidth,True,ok,0.16985454128056382,0.33501378464504084,0.7428,0.4614,0.3475,2,9,False,
60min,2024-01-08,2024-01-08,2024-01-08,9,lag_sensitivity,ADF,c,unit_root,0.0,aic,True,ok,-3.887231123901793,0.002130854722043621,-4.6651863281249994,-3.3671868750000002,-2.802960625,0,8,True,
60min,2024-01-08,2024-01-08,2024-01-08,9,lag_sensitivity,PP,c,unit_root,,Bartlett_short_bandwidth,True,ok,-4.187325347344655,0.0006922180934117193,-4.6651863281249994,-3.3671868750000002,-2.802960625,2,8,True,
60min,2024-01-08,2024-01-08,2024-01-08,9,lag_sensitivity,KPSS,c,level_or_trend_stationarity,,Bartlett_short_bandwidth,True,ok,0.16985454128056382,0.33501378464504084,0.7428,0.4614,0.3475,2,9,False,
60min,2024-01-09,2024-01-09,2024-01-09,9,main,ADF,c,unit_root,0.0,bic,True,ok,-4.125393522009372,0.0008790374822391595,-4.6651863281249994,-3.3671868750000002,-2.802960625,0,8,True,
60min,2024-01-09,2024-01-09,2024-01-09,9,main,PP,c,unit_root,,Bartlett_short_bandwidth,True,ok,-4.058314075575187,0.0011341322394325523,-4.6651863281249994,-3.3671868750000002,-2.802960625,2,8,True,
60min,2024-01-09,2024-01-09,2024-01-09,9,main,KPSS,c,level_or_trend_stationarity,,Bartlett_short_bandwidth,True,ok,0.18705867264946716,0.29455601563943157,0.7428,0.4614,0.3475,2,9,False,
60min,2024-01-09,2024-01-09,2024-01-09,9,lag_sensitivity,ADF,c,unit_root,0.0,aic,True,ok,-4.125393522009372,0.0008790374822391595,-4.6651863281249994,-3.3671868750000002,-2.802960625,0,8,True,
60min,2024-01-09,2024-01-09,2024-01-09,9,lag_sensitivity,PP,c,unit_root,,Bartlett_short_bandwidth,True,ok,-4.058314075575187,0.0011341322394325523,-4.6651863281249994,-3.3671868750000002,-2.802960625,2,8,True,
60min,2024-01-09,2024-01-09,2024-01-09,9,lag_sensitivity,KPSS,c,level_or_trend_stationarity,,Bartlett_short_bandwidth,True,ok,0.18705867264946716,0.29455601563943157,0.7428,0.4614,0.3475,2,9,False,
60min,2024-01-10,2024-01-10,2024-01-10,9,main,ADF,c,unit_root,0.0,bic,True,ok,-2.178194525119385,0.21425454953673678,-4.6651863281249994,-3.3671868750000002,-2.802960625,0,8,False,
60min,2024-01-10,2024-01-10,2024-01-10,9,main,PP,c,unit_root,,Bartlett_short_bandwidth,True,ok,-2.1887928218679416,0.21033813162571308,-4.6651863281249994,-3.3671868750000002,-2.802960625,2,8,False,
60min,2024-01-10,2024-01-10,2024-01-10,9,main,KPSS,c,level_or_trend_stationarity,,Bartlett_short_bandwidth,True,ok,0.2513169705261162,0.18702952496651773,0.7428,0.4614,0.3475,2,9,False,
60min,2024-01-10,2024-01-10,2024-01-10,9,lag_sensitivity,ADF,c,unit_root,0.0,aic,True,ok,-2.178194525119385,0.21425454953673678,-4.6651863281249994,-3.3671868750000002,-2.802960625,0,8,False,
60min,2024-01-10,2024-01-10,2024-01-10,9,lag_sensitivity,PP,c,unit_root,,Bartlett_short_bandwidth,True,ok,-2.1887928218679416,0.21033813162571308,-4.6651863281249994,-3.3671868750000002,-2.802960625,2,8,False,
60min,2024-01-10,2024-01-10,2024-01-10,9,lag_sensitivity,KPSS,c,level_or_trend_stationarity,,Bartlett_short_bandwidth,True,ok,0.2513169705261162,0.18702952496651773,0.7428,0.4614,0.3475,2,9,False,
60min,2024-01-11,2024-01-11,2024-01-11,9,main,ADF,c,unit_root,0.0,bic,True,ok,-2.6215787131583252,0.088618893095475,-4.6651863281249994,-3.3671868750000002,-2.802960625,0,8,False,
60min,2024-01-11,2024-01-11,2024-01-11,9,main,PP,c,unit_root,,Bartlett_short_bandwidth,True,ok,-2.617513218735691,0.0894313927964816,-4.6651863281249994,-3.3671868750000002,-2.802960625,2,8,False,
60min,2024-01-11,2024-01-11,2024-01-11,9,main,KPSS,c,level_or_trend_stationarity,,Bartlett_short_bandwidth,True,ok,0.1461956805251535,0.4020651265219439,0.7428,0.4614,0.3475,2,9,False,
60min,2024-01-11,2024-01-11,2024-01-11,9,lag_sensitivity,ADF,c,unit_root,0.0,aic,True,ok,-2.6215787131583252,0.088618893095475,-4.6651863281249994,-3.3671868750000002,-2.802960625,0,8,False,
60min,2024-01-11,2024-01-11,2024-01-11,9,lag_sensitivity,PP,c,unit_root,,Bartlett_short_bandwidth,True,ok,-2.617513218735691,0.0894313927964816,-4.6651863281249994,-3.3671868750000002,-2.802960625,2,8,False,
60min,2024-01-11,2024-01-11,2024-01-11,9,lag_sensitivity,KPSS,c,level_or_trend_stationarity,,Bartlett_short_bandwidth,True,ok,0.1461956805251535,0.4020651265219439,0.7428,0.4614,0.3475,2,9,False,
60min,2024-01-12,2024-01-12,2024-01-12,9,main,ADF,c,unit_root,0.0,bic,True,ok,-2.438536768008067,0.13115371053708608,-4.6651863281249994,-3.3671868750000002,-2.802960625,0,8,False,
60min,2024-01-12,2024-01-12,2024-01-12,9,main,PP,c,unit_root,,Bartlett_short_bandwidth,True,ok,-2.435682762221784,0.13191739003273978,-4.6651863281249994,-3.3671868750000002,-2.802960625,2,8,False,
60min,2024-01-12,2024-01-12,2024-01-12,9,main,KPSS,c,level_or_trend_stationarity,,Bartlett_short_bandwidth,True,ok,0.26727558328852136,0.16791278851324457,0.7428,0.4614,0.3475,2,9,False,
60min,2024-01-12,2024-01-12,2024-01-12,9,lag_sensitivity,ADF,c,unit_root,0.0,aic,True,ok,-2.438536768008067,0.13115371053708608,-4.6651863281249994,-3.3671868750000002,-2.802960625,0,8,False,
60min,2024-01-12,2024-01-12,2024-01-12,9,lag_sensitivity,PP,c,unit_root,,Bartlett_short_bandwidth,True,ok,-2.435682762221784,0.13191739003273978,-4.6651863281249994,-3.3671868750000002,-2.802960625,2,8,False,
60min,2024-01-12,2024-01-12,2024-01-12,9,lag_sensitivity,KPSS,c,level_or_trend_stationarity,,Bartlett_short_bandwidth,True,ok,0.26727558328852136,0.16791278851324457,0.7428,0.4614,0.3475,2,9,False,
60min,2024-01-15,2024-01-15,2024-01-15,9,main,ADF,c,unit_root,0.0,bic,True,ok,-5.689093411073309,8.149367379622728e-07,-4.6651863281249994,-3.3671868750000002,-2.802960625,0,8,True,
60min,2024-01-15,2024-01-15,2024-01-15,9,main,PP,c,unit_root,,Bartlett_short_bandwidth,True,ok,-7.960766112116811,2.9528846906996066e-12,-4.6651863281249994,-3.3671868750000002,-2.802960625,2,8,True,
60min,2024-01-15,2024-01-15,2024-01-15,9,main,KPSS,c,level_or_trend_stationarity,,Bartlett_short_bandwidth,True,ok,0.2968540309111953,0.13819746367263996,0.7428,0.4614,0.3475,2,9,False,
60min,2024-01-15,2024-01-15,2024-01-15,9,lag_sensitivity,ADF,c,unit_root,0.0,aic,True,ok,-5.689093411073309,8.149367379622728e-07,-4.6651863281249994,-3.3671868750000002,-2.802960625,0,8,True,
60min,2024-01-15,2024-01-15,2024-01-15,9,lag_sensitivity,PP,c,unit_root,,Bartlett_short_bandwidth,True,ok,-7.960766112116811,2.9528846906996066e-12,-4.6651863281249994,-3.3671868750000002,-2.802960625,2,8,True,
60min,2024-01-15,2024-01-15,2024-01-15,9,lag_sensitivity,KPSS,c,level_or_trend_stationarity,,Bartlett_short_bandwidth,True,ok,0.2968540309111953,0.13819746367263996,0.7428,0.4614,0.3475,2,9,False,
60min,2024-01-16,2024-01-16,2024-01-16,9,main,ADF,c,unit_root,0.0,bic,True,ok,-2.376904150085761,0.1483614196423731,-4.6651863281249994,-3.3671868750000002,-2.802960625,0,8,False,
60min,2024-01-16,2024-01-16,2024-01-16,9,main,PP,c,unit_root,,Bartlett_short_bandwidth,True,ok,-2.385531658153766,0.14586169985802983,-4.6651863281249994,-3.3671868750000002,-2.802960625,2,8,False,
60min,2024-01-16,2024-01-16,2024-01-16,9,main,KPSS,c,level_or_trend_stationarity,,Bartlett_short_bandwidth,True,ok,0.2415327222297363,0.1999545524586996,0.7428,0.4614,0.3475,2,9,False,
60min,2024-01-16,2024-01-16,2024-01-16,9,lag_sensitivity,ADF,c,unit_root,0.0,aic,True,ok,-2.376904150085761,0.1483614196423731,-4.6651863281249994,-3.3671868750000002,-2.802960625,0,8,False,
60min,2024-01-16,2024-01-16,2024-01-16,9,lag_sensitivity,PP,c,unit_root,,Bartlett_short_bandwidth,True,ok,-2.385531658153766,0.14586169985802983,-4.6651863281249994,-3.3671868750000002,-2.802960625,2,8,False,
60min,2024-01-16,2024-01-16,2024-01-16,9,lag_sensitivity,KPSS,c,level_or_trend_stationarity,,Bartlett_short_bandwidth,True,ok,0.2415327222297363,0.1999545524586996,0.7428,0.4614,0.3475,2,9,False,
60min,2024-01-17,2024-01-17,2024-01-17,9,main,ADF,c,unit_root,0.0,bic,True,ok,-4.900044848310732,3.486735050139578e-05,-4.6651863281249994,-3.3671868750000002,-2.802960625,0,8,True,
60min,2024-01-17,2024-01-17,2024-01-17,9,main,PP,c,unit_root,,Bartlett_short_bandwidth,True,ok,-7.021646218213049,6.520122830068528e-10,-4.6651863281249994,-3.3671868750000002,-2.802960625,2,8,True,
60min,2024-01-17,2024-01-17,2024-01-17,9,main,KPSS,c,level_or_trend_stationarity,,Bartlett_short_bandwidth,True,ok,0.2725112269686654,0.1621758052409735,0.7428,0.4614,0.3475,2,9,False,
60min,2024-01-17,2024-01-17,2024-01-17,9,lag_sensitivity,ADF,c,unit_root,0.0,aic,True,ok,-4.900044848310732,3.486735050139578e-05,-4.6651863281249994,-3.3671868750000002,-2.802960625,0,8,True,
60min,2024-01-17,2024-01-17,2024-01-17,9,lag_sensitivity,PP,c,unit_root,,Bartlett_short_bandwidth,True,ok,-7.021646218213049,6.520122830068528e-10,-4.6651863281249994,-3.3671868750000002,-2.802960625,2,8,True,
60min,2024-01-17,2024-01-17,2024-01-17,9,lag_sensitivity,KPSS,c,level_or_trend_stationarity,,Bartlett_short_bandwidth,True,ok,0.2725112269686654,0.1621758052409735,0.7428,0.4614,0.3475,2,9,False,
60min,2024-01-18,2024-01-18,2024-01-18,9,main,ADF,c,unit_root,0.0,bic,True,ok,-1.7731133670076882,0.39388947197054713,-4.6651863281249994,-3.3671868750000002,-2.802960625,0,8,False,
60min,2024-01-18,2024-01-18,2024-01-18,9,main,PP,c,unit_root,,Bartlett_short_bandwidth,True,ok,-1.9347322514227936,0.31590243615898006,-4.6651863281249994,-3.3671868750000002,-2.802960625,2,8,False,
60min,2024-01-18,2024-01-18,2024-01-18,9,main,KPSS,c,level_or_trend_stationarity,,Bartlett_short_bandwidth,True,ok,0.2045522716116664,0.2591923721220243,0.7428,0.4614,0.3475,2,9,False,
60min,2024-01-18,2024-01-18,2024-01-18,9,lag_sensitivity,ADF,c,unit_root,0.0,aic,True,ok,-1.7731133670076882,0.39388947197054713,-4.6651863281249994,-3.3671868750000002,-2.802960625,0,8,False,
60min,2024-01-18,2024-01-18,2024-01-18,9,lag_sensitivity,PP,c,unit_root,,Bartlett_short_bandwidth,True,ok,-1.9347322514227936,0.31590243615898006,-4.6651863281249994,-3.3671868750000002,-2.802960625,2,8,False,
60min,2024-01-18,2024-01-18,2024-01-18,9,lag_sensitivity,KPSS,c,level_or_trend_stationarity,,Bartlett_short_bandwidth,True,ok,0.2045522716116664,0.2591923721220243,0.7428,0.4614,0.3475,2,9,False,
60min,2024-01-19,2024-01-19,2024-01-19,9,main,ADF,c,unit_root,0.0,bic,True,ok,-1.494669648360955,0.5361465203463769,-4.6651863281249994,-3.3671868750000002,-2.802960625,0,8,False,
60min,2024-01-19,2024-01-19,2024-01-19,9,main,PP,c,unit_root,,Bartlett_short_bandwidth,True,ok,-1.4663637034433645,0.5500803017450178,-4.6651863281249994,-3.3671868750000002,-2.802960625,2,8,False,
60min,2024-01-19,2024-01-19,2024-01-19,9,main,KPSS,c,level_or_trend_stationarity,,Bartlett_short_bandwidth,True,ok,0.3062101526779598,0.130368073072837,0.7428,0.4614,0.3475,2,9,False,
60min,2024-01-19,2024-01-19,2024-01-19,9,lag_sensitivity,ADF,c,unit_root,0.0,aic,True,ok,-1.494669648360955,0.5361465203463769,-4.6651863281249994,-3.3671868750000002,-2.802960625,0,8,False,
60min,2024-01-19,2024-01-19,2024-01-19,9,lag_sensitivity,PP,c,unit_root,,Bartlett_short_bandwidth,True,ok,-1.4663637034433645,0.5500803017450178,-4.6651863281249994,-3.3671868750000002,-2.802960625,2,8,False,
60min,2024-01-19,2024-01-19,2024-01-19,9,lag_sensitivity,KPSS,c,level_or_trend_stationarity,,Bartlett_short_bandwidth,True,ok,0.3062101526779598,0.130368073072837,0.7428,0.4614,0.3475,2,9,False,
60min,2024-01-22,2024-01-22,2024-01-22,9,main,ADF,c,unit_root,0.0,bic,True,ok,-2.2571477339944486,0.18616119104618878,-4.6651863281249994,-3.3671868750000002,-2.802960625,0,8,False,
60min,2024-01-22,2024-01-22,2024-01-22,9,main,PP,c,unit_root,,Bartlett_short_bandwidth,True,ok,-2.216558108962752,0.20029079833581553,-4.6651863281249994,-3.3671868750000002,-2.802960625,2,8,False,
60min,2024-01-22,2024-01-22,2024-01-22,9,main,KPSS,c,level_or_trend_stationarity,,Bartlett_short_bandwidth,True,ok,0.14138753243605012,0.4174758575767624,0.7428,0.4614,0.3475,2,9,False,
60min,2024-01-22,2024-01-22,2024-01-22,9,lag_sensitivity,ADF,c,unit_root,0.0,aic,True,ok,-2.2571477339944486,0.18616119104618878,-4.6651863281249994,-3.3671868750000002,-2.802960625,0,8,False,
60min,2024-01-22,2024-01-22,2024-01-22,9,lag_sensitivity,PP,c,unit_root,,Bartlett_short_bandwidth,True,ok,-2.216558108962752,0.20029079833581553,-4.6651863281249994,-3.3671868750000002,-2.802960625,2,8,False,
60min,2024-01-22,2024-01-22,2024-01-22,9,lag_sensitivity,KPSS,c,level_or_trend_stationarity,,Bartlett_short_bandwidth,True,ok,0.14138753243605012,0.4174758575767624,0.7428,0.4614,0.3475,2,9,False,
60min,2024-01-23,2024-01-23,2024-01-23,9,main,ADF,c,unit_root,0.0,bic,True,ok,-3.409374769627596,0.01064340779198501,-4.6651863281249994,-3.3671868750000002,-2.802960625,0,8,True,
60min,2024-01-23,2024-01-23,2024-01-23,9,main,PP,c,unit_root,,Bartlett_short_bandwidth,True,ok,-3.8272858208780245,0.0026401633109892956,-4.6651863281249994,-3.3671868750000002,-2.802960625,2,8,True,
60min,2024-01-23,2024-01-23,2024-01-23,9,main,KPSS,c,level_or_trend_stationarity,,Bartlett_short_bandwidth,True,ok,0.15863034180190236,0.36497158845631217,0.7428,0.4614,0.3475,2,9,False,
60min,2024-01-23,2024-01-23,2024-01-23,9,lag_sensitivity,ADF,c,unit_root,0.0,aic,True,ok,-3.409374769627596,0.01064340779198501,-4.6651863281249994,-3.3671868750000002,-2.802960625,0,8,True,
60min,2024-01-23,2024-01-23,2024-01-23,9,lag_sensitivity,PP,c,unit_root,,Bartlett_short_bandwidth,True,ok,-3.8272858208780245,0.0026401633109892956,-4.6651863281249994,-3.3671868750000002,-2.802960625,2,8,True,
60min,2024-01-23,2024-01-23,2024-01-23,9,lag_sensitivity,KPSS,c,level_or_trend_stationarity,,Bartlett_short_bandwidth,True,ok,0.15863034180190236,0.36497158845631217,0.7428,0.4614,0.3475,2,9,False,
60min,2024-01-24,2024-01-24,2024-01-24,9,main,ADF,c,unit_root,0.0,bic,True,ok,-3.929733964525486,0.0018265983917109836,-4.6651863281249994,-3.3671868750000002,-2.802960625,0,8,True,
60min,2024-01-24,2024-01-24,2024-01-24,9,main,PP,c,unit_root,,Bartlett_short_bandwidth,True,ok,-4.638859116836356,0.00010946294590687875,-4.6651863281249994,-3.3671868750000002,-2.802960625,2,8,True,
60min,2024-01-24,2024-01-24,2024-01-24,9,main,KPSS,c,level_or_trend_stationarity,,Bartlett_short_bandwidth,True,ok,0.12950608840557118,0.4591563865463762,0.7428,0.4614,0.3475,2,9,False,
60min,2024-01-24,2024-01-24,2024-01-24,9,lag_sensitivity,ADF,c,unit_root,0.0,aic,True,ok,-3.929733964525486,0.0018265983917109836,-4.6651863281249994,-3.3671868750000002,-2.802960625,0,8,True,
60min,2024-01-24,2024-01-24,2024-01-24,9,lag_sensitivity,PP,c,unit_root,,Bartlett_short_bandwidth,True,ok,-4.638859116836356,0.00010946294590687875,-4.6651863281249994,-3.3671868750000002,-2.802960625,2,8,True,
60min,2024-01-24,2024-01-24,2024-01-24,9,lag_sensitivity,KPSS,c,level_or_trend_stationarity,,Bartlett_short_bandwidth,True,ok,0.12950608840557118,0.4591563865463762,0.7428,0.4614,0.3475,2,9,False,
60min,2024-01-25,2024-01-25,2024-01-25,9,main,ADF,c,unit_root,0.0,bic,True,ok,-3.8284994659584317,0.0026288237701464746,-4.6651863281249994,-3.3671868750000002,-2.802960625,0,8,True,
60min,2024-01-25,2024-01-25,2024-01-25,9,main,PP,c,unit_root,,Bartlett_short_bandwidth,True,ok,-4.662046884181103,9.910875227301352e-05,-4.6651863281249994,-3.3671868750000002,-2.802960625,2,8,True,
60min,2024-01-25,2024-01-25,2024-01-25,9,main,KPSS,c,level_or_trend_stationarity,,Bartlett_short_bandwidth,True,ok,0.24537037949784823,0.19465335961814328,0.7428,0.4614,0.3475,2,9,False,
60min,2024-01-25,2024-01-25,2024-01-25,9,lag_sensitivity,ADF,c,unit_root,0.0,aic,True,ok,-3.8284994659584317,0.0026288237701464746,-4.6651863281249994,-3.3671868750000002,-2.802960625,0,8,True,
60min,2024-01-25,2024-01-25,2024-01-25,9,lag_sensitivity,PP,c,unit_root,,Bartlett_short_bandwidth,True,ok,-4.662046884181103,9.910875227301352e-05,-4.6651863281249994,-3.3671868750000002,-2.802960625,2,8,True,
60min,2024-01-25,2024-01-25,2024-01-25,9,lag_sensitivity,KPSS,c,level_or_trend_stationarity,,Bartlett_short_bandwidth,True,ok,0.24537037949784823,0.19465335961814328,0.7428,0.4614,0.3475,2,9,False,
60min,2024-01-26,2024-01-26,2024-01-26,9,main,ADF,c,unit_root,0.0,bic,True,ok,-2.70746231579424,0.07275584038220015,-4.6651863281249994,-3.3671868750000002,-2.802960625,0,8,False,
60min,2024-01-26,2024-01-26,2024-01-26,9,main,PP,c,unit_root,,Bartlett_short_bandwidth,True,ok,-2.7644487059403198,0.06353419795646492,-4.6651863281249994,-3.3671868750000002,-2.802960625,2,8,False,
60min,2024-01-26,2024-01-26,2024-01-26,9,main,KPSS,c,level_or_trend_stationarity,,Bartlett_short_bandwidth,True,ok,0.1551977907328464,0.37476847996176665,0.7428,0.4614,0.3475,2,9,False,
60min,2024-01-26,2024-01-26,2024-01-26,9,lag_sensitivity,ADF,c,unit_root,0.0,aic,True,ok,-2.70746231579424,0.07275584038220015,-4.6651863281249994,-3.3671868750000002,-2.802960625,0,8,False,
60min,2024-01-26,2024-01-26,2024-01-26,9,lag_sensitivity,PP,c,unit_root,,Bartlett_short_bandwidth,True,ok,-2.7644487059403198,0.06353419795646492,-4.6651863281249994,-3.3671868750000002,-2.802960625,2,8,False,
60min,2024-01-26,2024-01-26,2024-01-26,9,lag_sensitivity,KPSS,c,level_or_trend_stationarity,,Bartlett_short_bandwidth,True,ok,0.1551977907328464,0.37476847996176665,0.7428,0.4614,0.3475,2,9,False,
60min,2024-01-29,2024-01-29,2024-01-29,9,main,ADF,c,unit_root,0.0,bic,True,ok,-3.4668224119624234,0.008881185925596592,-4.6651863281249994,-3.3671868750000002,-2.802960625,0,8,True,
60min,2024-01-29,2024-01-29,2024-01-29,9,main,PP,c,unit_root,,Bartlett_short_bandwidth,True,ok,-3.3872423661783904,0.011401543280055522,-4.6651863281249994,-3.3671868750000002,-2.802960625,2,8,True,
60min,2024-01-29,2024-01-29,2024-01-29,9,main,KPSS,c,level_or_trend_stationarity,,Bartlett_short_bandwidth,True,ok,0.34436859816123744,0.10216706009602944,0.7428,0.4614,0.3475,2,9,False,
60min,2024-01-29,2024-01-29,2024-01-29,9,lag_sensitivity,ADF,c,unit_root,0.0,aic,True,ok,-3.4668224119624234,0.008881185925596592,-4.6651863281249994,-3.3671868750000002,-2.802960625,0,8,True,
60min,2024-01-29,2024-01-29,2024-01-29,9,lag_sensitivity,PP,c,unit_root,,Bartlett_short_bandwidth,True,ok,-3.3872423661783904,0.011401543280055522,-4.6651863281249994,-3.3671868750000002,-2.802960625,2,8,True,
60min,2024-01-29,2024-01-29,2024-01-29,9,lag_sensitivity,KPSS,c,level_or_trend_stationarity,,Bartlett_short_bandwidth,True,ok,0.34436859816123744,0.10216706009602944,0.7428,0.4614,0.3475,2,9,False,
60min,2024-01-30,2024-01-30,2024-01-30,9,main,ADF,c,unit_root,0.0,bic,True,ok,-2.350705662218713,0.1561352011558671,-4.6651863281249994,-3.3671868750000002,-2.802960625,0,8,False,
60min,2024-01-30,2024-01-30,2024-01-30,9,main,PP,c,unit_root,,Bartlett_short_bandwidth,True,ok,-2.322209879649101,0.16490485895262041,-4.6651863281249994,-3.3671868750000002,-2.802960625,2,8,False,
60min,2024-01-30,2024-01-30,2024-01-30,9,main,KPSS,c,level_or_trend_stationarity,,Bartlett_short_bandwidth,True,ok,0.27933415261434563,0.1550685910267233,0.7428,0.4614,0.3475,2,9,False,
60min,2024-01-30,2024-01-30,2024-01-30,9,lag_sensitivity,ADF,c,unit_root,0.0,aic,True,ok,-2.350705662218713,0.1561352011558671,-4.6651863281249994,-3.3671868750000002,-2.802960625,0,8,False,
60min,2024-01-30,2024-01-30,2024-01-30,9,lag_sensitivity,PP,c,unit_root,,Bartlett_short_bandwidth,True,ok,-2.322209879649101,0.16490485895262041,-4.6651863281249994,-3.3671868750000002,-2.802960625,2,8,False,
60min,2024-01-30,2024-01-30,2024-01-30,9,lag_sensitivity,KPSS,c,level_or_trend_stationarity,,Bartlett_short_bandwidth,True,ok,0.27933415261434563,0.1550685910267233,0.7428,0.4614,0.3475,2,9,False,
60min,2024-01-31,2024-01-31,2024-01-31,9,main,ADF,c,unit_root,0.0,bic,True,ok,-1.2812555244697668,0.6377037116251312,-4.6651863281249994,-3.3671868750000002,-2.802960625,0,8,False,
60min,2024-01-31,2024-01-31,2024-01-31,9,main,PP,c,unit_root,,Bartlett_short_bandwidth,True,ok,-1.184904793623125,0.6800553483484711,-4.6651863281249994,-3.3671868750000002,-2.802960625,2,8,False,
60min,2024-01-31,2024-01-31,2024-01-31,9,main,KPSS,c,level_or_trend_stationarity,,Bartlett_short_bandwidth,True,ok,0.39251109552351326,0.07570231343230507,0.7428,0.4614,0.3475,2,9,False,
60min,2024-01-31,2024-01-31,2024-01-31,9,lag_sensitivity,ADF,c,unit_root,0.0,aic,True,ok,-1.2812555244697668,0.6377037116251312,-4.6651863281249994,-3.3671868750000002,-2.802960625,0,8,False,
60min,2024-01-31,2024-01-31,2024-01-31,9,lag_sensitivity,PP,c,unit_root,,Bartlett_short_bandwidth,True,ok,-1.184904793623125,0.6800553483484711,-4.6651863281249994,-3.3671868750000002,-2.802960625,2,8,False,
60min,2024-01-31,2024-01-31,2024-01-31,9,lag_sensitivity,KPSS,c,level_or_trend_stationarity,,Bartlett_short_bandwidth,True,ok,0.39251109552351326,0.07570231343230507,0.7428,0.4614,0.3475,2,9,False,
60min,2024-02-01,2024-02-01,2024-02-01,9,main,ADF,c,unit_root,0.0,bic,True,ok,-4.853710014613121,4.287987075301693e-05,-4.6651863281249994,-3.3671868750000002,-2.802960625,0,8,True,
60min,2024-02-01,2024-02-01,2024-02-01,9,main,PP,c,unit_root,,Bartlett_short_bandwidth,True,ok,-5.240944614529175,7.248497449423645e-06,-4.6651863281249994,-3.3671868750000002,-2.802960625,2,8,True,
60min,2024-02-01,2024-02-01,2024-02-01,9,main,KPSS,c,level_or_trend_stationarity,,Bartlett_short_bandwidth,True,ok,0.24927934510780256,0.189641865246407,0.7428,0.4614,0.3475,2,9,False,
60min,2024-02-01,2024-02-01,2024-02-01,9,lag_sensitivity,ADF,c,unit_root,0.0,aic,True,ok,-4.853710014613121,4.287987075301693e-05,-4.6651863281249994,-3.3671868750000002,-2.802960625,0,8,True,
60min,2024-02-01,2024-02-01,2024-02-01,9,lag_sensitivity,PP,c,unit_root,,Bartlett_short_bandwidth,True,ok,-5.240944614529175,7.248497449423645e-06,-4.6651863281249994,-3.3671868750000002,-2.802960625,2,8,True,
60min,2024-02-01,2024-02-01,2024-02-01,9,lag_sensitivity,KPSS,c,level_or_trend_stationarity,,Bartlett_short_bandwidth,True,ok,0.24927934510780256,0.189641865246407,0.7428,0.4614,0.3475,2,9,False,
60min,2024-02-02,2024-02-02,2024-02-02,9,main,ADF,c,unit_root,0.0,bic,True,ok,-2.127809618534682,0.2334802189765356,-4.6651863281249994,-3.3671868750000002,-2.802960625,0,8,False,
60min,2024-02-02,2024-02-02,2024-02-02,9,main,PP,c,unit_root,,Bartlett_short_bandwidth,True,ok,-2.2343661939698864,0.19400971692625757,-4.6651863281249994,-3.3671868750000002,-2.802960625,2,8,False,
60min,2024-02-02,2024-02-02,2024-02-02,9,main,KPSS,c,level_or_trend_stationarity,,Bartlett_short_bandwidth,True,ok,0.2535142716254028,0.1842124722751246,0.7428,0.4614,0.3475,2,9,False,
60min,2024-02-02,2024-02-02,2024-02-02,9,lag_sensitivity,ADF,c,unit_root,0.0,aic,True,ok,-2.127809618534682,0.2334802189765356,-4.6651863281249994,-3.3671868750000002,-2.802960625,0,8,False,
60min,2024-02-02,2024-02-02,2024-02-02,9,lag_sensitivity,PP,c,unit_root,,Bartlett_short_bandwidth,True,ok,-2.2343661939698864,0.19400971692625757,-4.6651863281249994,-3.3671868750000002,-2.802960625,2,8,False,
60min,2024-02-02,2024-02-02,2024-02-02,9,lag_sensitivity,KPSS,c,level_or_trend_stationarity,,Bartlett_short_bandwidth,True,ok,0.2535142716254028,0.1842124722751246,0.7428,0.4614,0.3475,2,9,False,
60min,2024-02-05,2024-02-05,2024-02-05,9,main,ADF,c,unit_root,0.0,bic,True,ok,-2.2153610307324256,0.2007176011144447,-4.6651863281249994,-3.3671868750000002,-2.802960625,0,8,False,
60min,2024-02-05,2024-02-05,2024-02-05,9,main,PP,c,unit_root,,Bartlett_short_bandwidth,True,ok,-2.16519042037746,0.2191209459580269,-4.6651863281249994,-3.3671868750000002,-2.802960625,2,8,False,
60min,2024-02-05,2024-02-05,2024-02-05,9,main,KPSS,c,level_or_trend_stationarity,,Bartlett_short_bandwidth,True,ok,0.14207359777916753,0.4152769301949759,0.7428,0.4614,0.3475,2,9,False,
60min,2024-02-05,2024-02-05,2024-02-05,9,lag_sensitivity,ADF,c,unit_root,0.0,aic,True,ok,-2.2153610307324256,0.2007176011144447,-4.6651863281249994,-3.3671868750000002,-2.802960625,0,8,False,
60min,2024-02-05,2024-02-05,2024-02-05,9,lag_sensitivity,PP,c,unit_root,,Bartlett_short_bandwidth,True,ok,-2.16519042037746,0.2191209459580269,-4.6651863281249994,-3.3671868750000002,-2.802960625,2,8,False,
60min,2024-02-05,2024-02-05,2024-02-05,9,lag_sensitivity,KPSS,c,level_or_trend_stationarity,,Bartlett_short_bandwidth,True,ok,0.14207359777916753,0.4152769301949759,0.7428,0.4614,0.3475,2,9,False,
60min,2024-02-07,2024-02-07,2024-02-07,9,main,ADF,c,unit_root,0.0,bic,True,ok,-2.2405555043706116,0.1918566540791145,-4.6651863281249994,-3.3671868750000002,-2.802960625,0,8,False,
60min,2024-02-07,2024-02-07,2024-02-07,9,main,PP,c,unit_root,,Bartlett_short_bandwidth,True,ok,-2.208665973588215,0.2031152566473589,-4.6651863281249994,-3.3671868750000002,-2.802960625,2,8,False,
60min,2024-02-07,2024-02-07,2024-02-07,9,main,KPSS,c,level_or_trend_stationarity,,Bartlett_short_bandwidth,True,ok,0.3226681379776115,0.11718467960026885,0.7428,0.4614,0.3475,2,9,False,
60min,2024-02-07,2024-02-07,2024-02-07,9,lag_sensitivity,ADF,c,unit_root,0.0,aic,True,ok,-2.2405555043706116,0.1918566540791145,-4.6651863281249994,-3.3671868750000002,-2.802960625,0,8,False,
60min,2024-02-07,2024-02-07,2024-02-07,9,lag_sensitivity,PP,c,unit_root,,Bartlett_short_bandwidth,True,ok,-2.208665973588215,0.2031152566473589,-4.6651863281249994,-3.3671868750000002,-2.802960625,2,8,False,
60min,2024-02-07,2024-02-07,2024-02-07,9,lag_sensitivity,KPSS,c,level_or_trend_stationarity,,Bartlett_short_bandwidth,True,ok,0.3226681379776115,0.11718467960026885,0.7428,0.4614,0.3475,2,9,False,
60min,2024-02-08,2024-02-08,2024-02-08,9,main,ADF,c,unit_root,0.0,bic,True,ok,-2.8770962823556747,0.0480769505811472,-4.6651863281249994,-3.3671868750000002,-2.802960625,0,8,False,
60min,2024-02-08,2024-02-08,2024-02-08,9,main,PP,c,unit_root,,Bartlett_short_bandwidth,True,ok,-2.8627508517230043,0.049854197755623754,-4.6651863281249994,-3.3671868750000002,-2.802960625,2,8,False,
60min,2024-02-08,2024-02-08,2024-02-08,9,main,KPSS,c,level_or_trend_stationarity,,Bartlett_short_bandwidth,True,ok,0.1419926187195777,0.41553647846289204,0.7428,0.4614,0.3475,2,9,False,
60min,2024-02-08,2024-02-08,2024-02-08,9,lag_sensitivity,ADF,c,unit_root,0.0,aic,True,ok,-2.8770962823556747,0.0480769505811472,-4.6651863281249994,-3.3671868750000002,-2.802960625,0,8,False,
60min,2024-02-08,2024-02-08,2024-02-08,9,lag_sensitivity,PP,c,unit_root,,Bartlett_short_bandwidth,True,ok,-2.8627508517230043,0.049854197755623754,-4.6651863281249994,-3.3671868750000002,-2.802960625,2,8,False,
60min,2024-02-08,2024-02-08,2024-02-08,9,lag_sensitivity,KPSS,c,level_or_trend_stationarity,,Bartlett_short_bandwidth,True,ok,0.1419926187195777,0.41553647846289204,0.7428,0.4614,0.3475,2,9,False,
60min,2024-02-09,2024-02-09,2024-02-09,9,main,ADF,c,unit_root,0.0,bic,True,ok,-3.1099522009486225,0.02582539417954788,-4.6651863281249994,-3.3671868750000002,-2.802960625,0,8,False,
60min,2024-02-09,2024-02-09,2024-02-09,9,main,PP,c,unit_root,,Bartlett_short_bandwidth,True,ok,-3.2161941047566476,0.019066229811588967,-4.6651863281249994,-3.3671868750000002,-2.802960625,2,8,False,
60min,2024-02-09,2024-02-09,2024-02-09,9,main,KPSS,c,level_or_trend_stationarity,,Bartlett_short_bandwidth,True,ok,0.1687894546268997,0.33770339740681893,0.7428,0.4614,0.3475,2,9,False,
60min,2024-02-09,2024-02-09,2024-02-09,9,lag_sensitivity,ADF,c,unit_root,0.0,aic,True,ok,-3.1099522009486225,0.02582539417954788,-4.6651863281249994,-3.3671868750000002,-2.802960625,0,8,False,
60min,2024-02-09,2024-02-09,2024-02-09,9,lag_sensitivity,PP,c,unit_root,,Bartlett_short_bandwidth,True,ok,-3.2161941047566476,0.019066229811588967,-4.6651863281249994,-3.3671868750000002,-2.802960625,2,8,False,
60min,2024-02-09,2024-02-09,2024-02-09,9,lag_sensitivity,KPSS,c,level_or_trend_stationarity,,Bartlett_short_bandwidth,True,ok,0.1687894546268997,0.33770339740681893,0.7428,0.4614,0.3475,2,9,False,
60min,2024-02-15,2024-02-15,2024-02-15,9,main,ADF,c,unit_root,0.0,bic,True,ok,-3.173085339447755,0.021596426934089415,-4.6651863281249994,-3.3671868750000002,-2.802960625,0,8,False,
60min,2024-02-15,2024-02-15,2024-02-15,9,main,PP,c,unit_root,,Bartlett_short_bandwidth,True,ok,-3.15979621406667,0.0224329968858319,-4.6651863281249994,-3.3671868750000002,-2.802960625,2,8,False,
60min,2024-02-15,2024-02-15,2024-02-15,9,main,KPSS,c,level_or_trend_stationarity,,Bartlett_short_bandwidth,True,ok,0.24592669442716283,0.19394013534979124,0.7428,0.4614,0.3475,2,9,False,
60min,2024-02-15,2024-02-15,2024-02-15,9,lag_sensitivity,ADF,c,unit_root,0.0,aic,True,ok,-3.173085339447755,0.021596426934089415,-4.6651863281249994,-3.3671868750000002,-2.802960625,0,8,False,
60min,2024-02-15,2024-02-15,2024-02-15,9,lag_sensitivity,PP,c,unit_root,,Bartlett_short_bandwidth,True,ok,-3.15979621406667,0.0224329968858319,-4.6651863281249994,-3.3671868750000002,-2.802960625,2,8,False,
60min,2024-02-15,2024-02-15,2024-02-15,9,lag_sensitivity,KPSS,c,level_or_trend_stationarity,,Bartlett_short_bandwidth,True,ok,0.24592669442716283,0.19394013534979124,0.7428,0.4614,0.3475,2,9,False,
60min,2024-02-16,2024-02-16,2024-02-16,9,main,ADF,c,unit_root,0.0,bic,True,ok,-4.44882415716136,0.0002430294087383137,-4.6651863281249994,-3.3671868750000002,-2.802960625,0,8,True,
60min,2024-02-16,2024-02-16,2024-02-16,9,main,PP,c,unit_root,,Bartlett_short_bandwidth,True,ok,-5.0690520113757085,1.617323027057711e-05,-4.6651863281249994,-3.3671868750000002,-2.802960625,2,8,True,
60min,2024-02-16,2024-02-16,2024-02-16,9,main,KPSS,c,level_or_trend_stationarity,,Bartlett_short_bandwidth,True,ok,0.24440504967041202,0.19596520879109444,0.7428,0.4614,0.3475,2,9,False,
60min,2024-02-16,2024-02-16,2024-02-16,9,lag_sensitivity,ADF,c,unit_root,0.0,aic,True,ok,-4.44882415716136,0.0002430294087383137,-4.6651863281249994,-3.3671868750000002,-2.802960625,0,8,True,
60min,2024-02-16,2024-02-16,2024-02-16,9,lag_sensitivity,PP,c,unit_root,,Bartlett_short_bandwidth,True,ok,-5.0690520113757085,1.617323027057711e-05,-4.6651863281249994,-3.3671868750000002,-2.802960625,2,8,True,
60min,2024-02-16,2024-02-16,2024-02-16,9,lag_sensitivity,KPSS,c,level_or_trend_stationarity,,Bartlett_short_bandwidth,True,ok,0.24440504967041202,0.19596520879109444,0.7428,0.4614,0.3475,2,9,False,
60min,2024-02-19,2024-02-19,2024-02-19,9,main,ADF,c,unit_root,0.0,bic,True,ok,-3.019376241930409,0.03312409813193291,-4.6651863281249994,-3.3671868750000002,-2.802960625,0,8,False,
60min,2024-02-19,2024-02-19,2024-02-19,9,main,PP,c,unit_root,,Bartlett_short_bandwidth,True,ok,-3.3760790667039937,0.011801871573355941,-4.6651863281249994,-3.3671868750000002,-2.802960625,2,8,True,
60min,2024-02-19,2024-02-19,2024-02-19,9,main,KPSS,c,level_or_trend_stationarity,,Bartlett_short_bandwidth,True,ok,0.21582327070720253,0.23913746586724854,0.7428,0.4614,0.3475,2,9,False,
60min,2024-02-19,2024-02-19,2024-02-19,9,lag_sensitivity,ADF,c,unit_root,0.0,aic,True,ok,-3.019376241930409,0.03312409813193291,-4.6651863281249994,-3.3671868750000002,-2.802960625,0,8,False,
60min,2024-02-19,2024-02-19,2024-02-19,9,lag_sensitivity,PP,c,unit_root,,Bartlett_short_bandwidth,True,ok,-3.3760790667039937,0.011801871573355941,-4.6651863281249994,-3.3671868750000002,-2.802960625,2,8,True,
60min,2024-02-19,2024-02-19,2024-02-19,9,lag_sensitivity,KPSS,c,level_or_trend_stationarity,,Bartlett_short_bandwidth,True,ok,0.21582327070720253,0.23913746586724854,0.7428,0.4614,0.3475,2,9,False,
60min,2024-02-20,2024-02-20,2024-02-20,9,main,ADF,c,unit_root,0.0,bic,True,ok,-2.599628204401231,0.09307413437827006,-4.6651863281249994,-3.3671868750000002,-2.802960625,0,8,False,
60min,2024-02-20,2024-02-20,2024-02-20,9,main,PP,c,unit_root,,Bartlett_short_bandwidth,True,ok,-2.625537991526912,0.0878331119999543,-4.6651863281249994,-3.3671868750000002,-2.802960625,2,8,False,
60min,2024-02-20,2024-02-20,2024-02-20,9,main,KPSS,c,level_or_trend_stationarity,,Bartlett_short_bandwidth,True,ok,0.1844144410317811,0.3001966872832618,0.7428,0.4614,0.3475,2,9,False,
60min,2024-02-20,2024-02-20,2024-02-20,9,lag_sensitivity,ADF,c,unit_root,0.0,aic,True,ok,-2.599628204401231,0.09307413437827006,-4.6651863281249994,-3.3671868750000002,-2.802960625,0,8,False,
60min,2024-02-20,2024-02-20,2024-02-20,9,lag_sensitivity,PP,c,unit_root,,Bartlett_short_bandwidth,True,ok,-2.625537991526912,0.0878331119999543,-4.6651863281249994,-3.3671868750000002,-2.802960625,2,8,False,
60min,2024-02-20,2024-02-20,2024-02-20,9,lag_sensitivity,KPSS,c,level_or_trend_stationarity,,Bartlett_short_bandwidth,True,ok,0.1844144410317811,0.3001966872832618,0.7428,0.4614,0.3475,2,9,False,
60min,2024-02-21,2024-02-21,2024-02-21,9,main,ADF,c,unit_root,0.0,bic,True,ok,-6.217785001724851,5.313580886386459e-08,-4.6651863281249994,-3.3671868750000002,-2.802960625,0,8,True,
60min,2024-02-21,2024-02-21,2024-02-21,9,main,PP,c,unit_root,,Bartlett_short_bandwidth,True,ok,-6.102859632599062,9.740844864040039e-08,-4.6651863281249994,-3.3671868750000002,-2.802960625,2,8,True,
60min,2024-02-21,2024-02-21,2024-02-21,9,main,KPSS,c,level_or_trend_stationarity,,Bartlett_short_bandwidth,True,ok,0.1570663042957649,0.3692683947918547,0.7428,0.4614,0.3475,2,9,False,
60min,2024-02-21,2024-02-21,2024-02-21,9,lag_sensitivity,ADF,c,unit_root,0.0,aic,True,ok,-6.217785001724851,5.313580886386459e-08,-4.6651863281249994,-3.3671868750000002,-2.802960625,0,8,True,
60min,2024-02-21,2024-02-21,2024-02-21,9,lag_sensitivity,PP,c,unit_root,,Bartlett_short_bandwidth,True,ok,-6.102859632599062,9.740844864040039e-08,-4.6651863281249994,-3.3671868750000002,-2.802960625,2,8,True,
60min,2024-02-21,2024-02-21,2024-02-21,9,lag_sensitivity,KPSS,c,level_or_trend_stationarity,,Bartlett_short_bandwidth,True,ok,0.1570663042957649,0.3692683947918547,0.7428,0.4614,0.3475,2,9,False,
60min,2024-02-22,2024-02-22,2024-02-22,9,main,ADF,c,unit_root,0.0,bic,True,ok,-3.3788830827879583,0.01170015870554665,-4.6651863281249994,-3.3671868750000002,-2.802960625,0,8,True,
60min,2024-02-22,2024-02-22,2024-02-22,9,main,PP,c,unit_root,,Bartlett_short_bandwidth,True,ok,-3.4605186724761885,0.009060876259947247,-4.6651863281249994,-3.3671868750000002,-2.802960625,2,8,True,
60min,2024-02-22,2024-02-22,2024-02-22,9,main,KPSS,c,level_or_trend_stationarity,,Bartlett_short_bandwidth,True,ok,0.22380047756705368,0.22598822379057082,0.7428,0.4614,0.3475,2,9,False,
60min,2024-02-22,2024-02-22,2024-02-22,9,lag_sensitivity,ADF,c,unit_root,0.0,aic,True,ok,-3.3788830827879583,0.01170015870554665,-4.6651863281249994,-3.3671868750000002,-2.802960625,0,8,True,
60min,2024-02-22,2024-02-22,2024-02-22,9,lag_sensitivity,PP,c,unit_root,,Bartlett_short_bandwidth,True,ok,-3.4605186724761885,0.009060876259947247,-4.6651863281249994,-3.3671868750000002,-2.802960625,2,8,True,
60min,2024-02-22,2024-02-22,2024-02-22,9,lag_sensitivity,KPSS,c,level_or_trend_stationarity,,Bartlett_short_bandwidth,True,ok,0.22380047756705368,0.22598822379057082,0.7428,0.4614,0.3475,2,9,False,
60min,2024-02-23,2024-02-23,2024-02-23,9,main,ADF,c,unit_root,0.0,bic,True,ok,-2.479554346967892,0.12052855319063205,-4.6651863281249994,-3.3671868750000002,-2.802960625,0,8,False,
60min,2024-02-23,2024-02-23,2024-02-23,9,main,PP,c,unit_root,,Bartlett_short_bandwidth,True,ok,-2.4816531030257285,0.1200023774296306,-4.6651863281249994,-3.3671868750000002,-2.802960625,2,8,False,
60min,2024-02-23,2024-02-23,2024-02-23,9,main,KPSS,c,level_or_trend_stationarity,,Bartlett_short_bandwidth,True,ok,0.20566768910226726,0.2572005551745227,0.7428,0.4614,0.3475,2,9,False,
60min,2024-02-23,2024-02-23,2024-02-23,9,lag_sensitivity,ADF,c,unit_root,0.0,aic,True,ok,-2.479554346967892,0.12052855319063205,-4.6651863281249994,-3.3671868750000002,-2.802960625,0,8,False,
60min,2024-02-23,2024-02-23,2024-02-23,9,lag_sensitivity,PP,c,unit_root,,Bartlett_short_bandwidth,True,ok,-2.4816531030257285,0.1200023774296306,-4.6651863281249994,-3.3671868750000002,-2.802960625,2,8,False,
60min,2024-02-23,2024-02-23,2024-02-23,9,lag_sensitivity,KPSS,c,level_or_trend_stationarity,,Bartlett_short_bandwidth,True,ok,0.20566768910226726,0.2572005551745227,0.7428,0.4614,0.3475,2,9,False,
60min,2024-02-26,2024-02-26,2024-02-26,9,main,ADF,c,unit_root,0.0,bic,True,ok,-3.026510940909149,0.032491693449347145,-4.6651863281249994,-3.3671868750000002,-2.802960625,0,8,False,
60min,2024-02-26,2024-02-26,2024-02-26,9,main,PP,c,unit_root,,Bartlett_short_bandwidth,True,ok,-3.2226094898510436,0.018712691658423666,-4.6651863281249994,-3.3671868750000002,-2.802960625,2,8,False,
60min,2024-02-26,2024-02-26,2024-02-26,9,main,KPSS,c,level_or_trend_stationarity,,Bartlett_short_bandwidth,True,ok,0.15795138656020583,0.36683685010932465,0.7428,0.4614,0.3475,2,9,False,
60min,2024-02-26,2024-02-26,2024-02-26,9,lag_sensitivity,ADF,c,unit_root,0.0,aic,True,ok,-3.026510940909149,0.032491693449347145,-4.6651863281249994,-3.3671868750000002,-2.802960625,0,8,False,
60min,2024-02-26,2024-02-26,2024-02-26,9,lag_sensitivity,PP,c,unit_root,,Bartlett_short_bandwidth,True,ok,-3.2226094898510436,0.018712691658423666,-4.6651863281249994,-3.3671868750000002,-2.802960625,2,8,False,
60min,2024-02-26,2024-02-26,2024-02-26,9,lag_sensitivity,KPSS,c,level_or_trend_stationarity,,Bartlett_short_bandwidth,True,ok,0.15795138656020583,0.36683685010932465,0.7428,0.4614,0.3475,2,9,False,
60min,2024-02-27,2024-02-27,2024-02-27,9,main,ADF,c,unit_root,0.0,bic,True,ok,-2.6345315331989503,0.08606823079290005,-4.6651863281249994,-3.3671868750000002,-2.802960625,0,8,False,
60min,2024-02-27,2024-02-27,2024-02-27,9,main,PP,c,unit_root,,Bartlett_short_bandwidth,True,ok,-2.6296605480442703,0.08702066274368292,-4.6651863281249994,-3.3671868750000002,-2.802960625,2,8,False,
60min,2024-02-27,2024-02-27,2024-02-27,9,main,KPSS,c,level_or_trend_stationarity,,Bartlett_short_bandwidth,True,ok,0.2880672991181045,0.14631685798275762,0.7428,0.4614,0.3475,2,9,False,
60min,2024-02-27,2024-02-27,2024-02-27,9,lag_sensitivity,ADF,c,unit_root,0.0,aic,True,ok,-2.6345315331989503,0.08606823079290005,-4.6651863281249994,-3.3671868750000002,-2.802960625,0,8,False,
60min,2024-02-27,2024-02-27,2024-02-27,9,lag_sensitivity,PP,c,unit_root,,Bartlett_short_bandwidth,True,ok,-2.6296605480442703,0.08702066274368292,-4.6651863281249994,-3.3671868750000002,-2.802960625,2,8,False,
60min,2024-02-27,2024-02-27,2024-02-27,9,lag_sensitivity,KPSS,c,level_or_trend_stationarity,,Bartlett_short_bandwidth,True,ok,0.2880672991181045,0.14631685798275762,0.7428,0.4614,0.3475,2,9,False,
60min,2024-02-28,2024-02-28,2024-02-28,9,main,ADF,c,unit_root,0.0,bic,True,ok,-2.298075971641755,0.17258925987025603,-4.6651863281249994,-3.3671868750000002,-2.802960625,0,8,False,
60min,2024-02-28,2024-02-28,2024-02-28,9,main,PP,c,unit_root,,Bartlett_short_bandwidth,True,ok,-2.271393813225086,0.18136005217217094,-4.6651863281249994,-3.3671868750000002,-2.802960625,2,8,False,
60min,2024-02-28,2024-02-28,2024-02-28,9,main,KPSS,c,level_or_trend_stationarity,,Bartlett_short_bandwidth,True,ok,0.14113536563815762,0.4182840844930846,0.7428,0.4614,0.3475,2,9,False,
60min,2024-02-28,2024-02-28,2024-02-28,9,lag_sensitivity,ADF,c,unit_root,0.0,aic,True,ok,-2.298075971641755,0.17258925987025603,-4.6651863281249994,-3.3671868750000002,-2.802960625,0,8,False,
60min,2024-02-28,2024-02-28,2024-02-28,9,lag_sensitivity,PP,c,unit_root,,Bartlett_short_bandwidth,True,ok,-2.271393813225086,0.18136005217217094,-4.6651863281249994,-3.3671868750000002,-2.802960625,2,8,False,
60min,2024-02-28,2024-02-28,2024-02-28,9,lag_sensitivity,KPSS,c,level_or_trend_stationarity,,Bartlett_short_bandwidth,True,ok,0.14113536563815762,0.4182840844930846,0.7428,0.4614,0.3475,2,9,False,
60min,2024-02-29,2024-02-29,2024-02-29,9,main,ADF,c,unit_root,0.0,bic,True,ok,-2.322840432004815,0.16470725120111557,-4.6651863281249994,-3.3671868750000002,-2.802960625,0,8,False,
60min,2024-02-29,2024-02-29,2024-02-29,9,main,PP,c,unit_root,,Bartlett_short_bandwidth,True,ok,-2.290865614476135,0.17493091896721014,-4.6651863281249994,-3.3671868750000002,-2.802960625,2,8,False,
60min,2024-02-29,2024-02-29,2024-02-29,9,main,KPSS,c,level_or_trend_stationarity,,Bartlett_short_bandwidth,True,ok,0.41350476725404195,0.06666472875851955,0.7428,0.4614,0.3475,2,9,False,
60min,2024-02-29,2024-02-29,2024-02-29,9,lag_sensitivity,ADF,c,unit_root,0.0,aic,True,ok,-2.322840432004815,0.16470725120111557,-4.6651863281249994,-3.3671868750000002,-2.802960625,0,8,False,
60min,2024-02-29,2024-02-29,2024-02-29,9,lag_sensitivity,PP,c,unit_root,,Bartlett_short_bandwidth,True,ok,-2.290865614476135,0.17493091896721014,-4.6651863281249994,-3.3671868750000002,-2.802960625,2,8,False,
60min,2024-02-29,2024-02-29,2024-02-29,9,lag_sensitivity,KPSS,c,level_or_trend_stationarity,,Bartlett_short_bandwidth,True,ok,0.41350476725404195,0.06666472875851955,0.7428,0.4614,0.3475,2,9,False,
60min,2024-03-01,2024-03-01,2024-03-01,9,main,ADF,c,unit_root,0.0,bic,True,ok,-4.187964840687878,0.0006904998091508394,-4.6651863281249994,-3.3671868750000002,-2.802960625,0,8,True,
60min,2024-03-01,2024-03-01,2024-03-01,9,main,PP,c,unit_root,,Bartlett_short_bandwidth,True,ok,-5.120275575702395,1.2760946920481576e-05,-4.6651863281249994,-3.3671868750000002,-2.802960625,2,8,True,
60min,2024-03-01,2024-03-01,2024-03-01,9,main,KPSS,c,level_or_trend_stationarity,,Bartlett_short_bandwidth,True,ok,0.14403515311160398,0.4089898938730642,0.7428,0.4614,0.3475,2,9,False,
60min,2024-03-01,2024-03-01,2024-03-01,9,lag_sensitivity,ADF,c,unit_root,0.0,aic,True,ok,-4.187964840687878,0.0006904998091508394,-4.6651863281249994,-3.3671868750000002,-2.802960625,0,8,True,
60min,2024-03-01,2024-03-01,2024-03-01,9,lag_sensitivity,PP,c,unit_root,,Bartlett_short_bandwidth,True,ok,-5.120275575702395,1.2760946920481576e-05,-4.6651863281249994,-3.3671868750000002,-2.802960625,2,8,True,
60min,2024-03-01,2024-03-01,2024-03-01,9,lag_sensitivity,KPSS,c,level_or_trend_stationarity,,Bartlett_short_bandwidth,True,ok,0.14403515311160398,0.4089898938730642,0.7428,0.4614,0.3475,2,9,False,
60min,2024-03-04,2024-03-04,2024-03-04,9,main,ADF,c,unit_root,0.0,bic,True,ok,-2.545566913387488,0.10477726130679182,-4.6651863281249994,-3.3671868750000002,-2.802960625,0,8,False,
60min,2024-03-04,2024-03-04,2024-03-04,9,main,PP,c,unit_root,,Bartlett_short_bandwidth,True,ok,-2.5359169224499114,0.10697808298089201,-4.6651863281249994,-3.3671868750000002,-2.802960625,2,8,False,
60min,2024-03-04,2024-03-04,2024-03-04,9,main,KPSS,c,level_or_trend_stationarity,,Bartlett_short_bandwidth,True,ok,0.18859165715879483,0.2912943464706493,0.7428,0.4614,0.3475,2,9,False,
60min,2024-03-04,2024-03-04,2024-03-04,9,lag_sensitivity,ADF,c,unit_root,0.0,aic,True,ok,-2.545566913387488,0.10477726130679182,-4.6651863281249994,-3.3671868750000002,-2.802960625,0,8,False,
60min,2024-03-04,2024-03-04,2024-03-04,9,lag_sensitivity,PP,c,unit_root,,Bartlett_short_bandwidth,True,ok,-2.5359169224499114,0.10697808298089201,-4.6651863281249994,-3.3671868750000002,-2.802960625,2,8,False,
60min,2024-03-04,2024-03-04,2024-03-04,9,lag_sensitivity,KPSS,c,level_or_trend_stationarity,,Bartlett_short_bandwidth,True,ok,0.18859165715879483,0.2912943464706493,0.7428,0.4614,0.3475,2,9,False,
60min,2024-03-05,2024-03-05,2024-03-05,9,main,ADF,c,unit_root,0.0,bic,True,ok,-2.3431514239034468,0.15842807780438245,-4.6651863281249994,-3.3671868750000002,-2.802960625,0,8,False,
60min,2024-03-05,2024-03-05,2024-03-05,9,main,PP,c,unit_root,,Bartlett_short_bandwidth,True,ok,-2.313248462729362,0.16773067415851067,-4.6651863281249994,-3.3671868750000002,-2.802960625,2,8,False,
60min,2024-03-05,2024-03-05,2024-03-05,9,main,KPSS,c,level_or_trend_stationarity,,Bartlett_short_bandwidth,True,ok,0.1426779884567921,0.4133397805872048,0.7428,0.4614,0.3475,2,9,False,
60min,2024-03-05,2024-03-05,2024-03-05,9,lag_sensitivity,ADF,c,unit_root,0.0,aic,True,ok,-2.3431514239034468,0.15842807780438245,-4.6651863281249994,-3.3671868750000002,-2.802960625,0,8,False,
60min,2024-03-05,2024-03-05,2024-03-05,9,lag_sensitivity,PP,c,unit_root,,Bartlett_short_bandwidth,True,ok,-2.313248462729362,0.16773067415851067,-4.6651863281249994,-3.3671868750000002,-2.802960625,2,8,False,
60min,2024-03-05,2024-03-05,2024-03-05,9,lag_sensitivity,KPSS,c,level_or_trend_stationarity,,Bartlett_short_bandwidth,True,ok,0.1426779884567921,0.4133397805872048,0.7428,0.4614,0.3475,2,9,False,
60min,2024-03-06,2024-03-06,2024-03-06,9,main,ADF,c,unit_root,0.0,bic,True,ok,-4.296428296079262,0.0004505813852512938,-4.6651863281249994,-3.3671868750000002,-2.802960625,0,8,True,
60min,2024-03-06,2024-03-06,2024-03-06,9,main,PP,c,unit_root,,Bartlett_short_bandwidth,True,ok,-6.06985433626809,1.157857524544836e-07,-4.6651863281249994,-3.3671868750000002,-2.802960625,2,8,True,
60min,2024-03-06,2024-03-06,2024-03-06,9,main,KPSS,c,level_or_trend_stationarity,,Bartlett_short_bandwidth,True,ok,0.250479403469295,0.18810332888551926,0.7428,0.4614,0.3475,2,9,False,
60min,2024-03-06,2024-03-06,2024-03-06,9,lag_sensitivity,ADF,c,unit_root,0.0,aic,True,ok,-4.296428296079262,0.0004505813852512938,-4.6651863281249994,-3.3671868750000002,-2.802960625,0,8,True,
60min,2024-03-06,2024-03-06,2024-03-06,9,lag_sensitivity,PP,c,unit_root,,Bartlett_short_bandwidth,True,ok,-6.06985433626809,1.157857524544836e-07,-4.6651863281249994,-3.3671868750000002,-2.802960625,2,8,True,
60min,2024-03-06,2024-03-06,2024-03-06,9,lag_sensitivity,KPSS,c,level_or_trend_stationarity,,Bartlett_short_bandwidth,True,ok,0.250479403469295,0.18810332888551926,0.7428,0.4614,0.3475,2,9,False,
60min,2024-03-07,2024-03-07,2024-03-07,9,main,ADF,c,unit_root,0.0,bic,True,ok,-2.9118401023656593,0.04398837736496399,-4.6651863281249994,-3.3671868750000002,-2.802960625,0,8,False,
60min,2024-03-07,2024-03-07,2024-03-07,9,main,PP,c,unit_root,,Bartlett_short_bandwidth,True,ok,-2.9152656344632333,0.043601393040538436,-4.6651863281249994,-3.3671868750000002,-2.802960625,2,8,False,
60min,2024-03-07,2024-03-07,2024-03-07,9,main,KPSS,c,level_or_trend_stationarity,,Bartlett_short_bandwidth,True,ok,0.336874879238018,0.10735302474877645,0.7428,0.4614,0.3475,2,9,False,
60min,2024-03-07,2024-03-07,2024-03-07,9,lag_sensitivity,ADF,c,unit_root,0.0,aic,True,ok,-2.9118401023656593,0.04398837736496399,-4.6651863281249994,-3.3671868750000002,-2.802960625,0,8,False,
60min,2024-03-07,2024-03-07,2024-03-07,9,lag_sensitivity,PP,c,unit_root,,Bartlett_short_bandwidth,True,ok,-2.9152656344632333,0.043601393040538436,-4.6651863281249994,-3.3671868750000002,-2.802960625,2,8,False,
60min,2024-03-07,2024-03-07,2024-03-07,9,lag_sensitivity,KPSS,c,level_or_trend_stationarity,,Bartlett_short_bandwidth,True,ok,0.336874879238018,0.10735302474877645,0.7428,0.4614,0.3475,2,9,False,
60min,2024-03-11,2024-03-11,2024-03-11,9,main,ADF,c,unit_root,0.0,bic,True,ok,-4.109024196218518,0.0009357888811152169,-4.6651863281249994,-3.3671868750000002,-2.802960625,0,8,True,
60min,2024-03-11,2024-03-11,2024-03-11,9,main,PP,c,unit_root,,Bartlett_short_bandwidth,True,ok,-4.035661518872586,0.001234868199535643,-4.6651863281249994,-3.3671868750000002,-2.802960625,2,8,True,
60min,2024-03-11,2024-03-11,2024-03-11,9,main,KPSS,c,level_or_trend_stationarity,,Bartlett_short_bandwidth,True,ok,0.17106082862517435,0.33196760448188295,0.7428,0.4614,0.3475,2,9,False,
60min,2024-03-11,2024-03-11,2024-03-11,9,lag_sensitivity,ADF,c,unit_root,0.0,aic,True,ok,-4.109024196218518,0.0009357888811152169,-4.6651863281249994,-3.3671868750000002,-2.802960625,0,8,True,
60min,2024-03-11,2024-03-11,2024-03-11,9,lag_sensitivity,PP,c,unit_root,,Bartlett_short_bandwidth,True,ok,-4.035661518872586,0.001234868199535643,-4.6651863281249994,-3.3671868750000002,-2.802960625,2,8,True,
60min,2024-03-11,2024-03-11,2024-03-11,9,lag_sensitivity,KPSS,c,level_or_trend_stationarity,,Bartlett_short_bandwidth,True,ok,0.17106082862517435,0.33196760448188295,0.7428,0.4614,0.3475,2,9,False,
60min,2024-03-12,2024-03-12,2024-03-12,9,main,ADF,c,unit_root,0.0,bic,True,ok,-3.171402778695098,0.02170082828667799,-4.6651863281249994,-3.3671868750000002,-2.802960625,0,8,False,
60min,2024-03-12,2024-03-12,2024-03-12,9,main,PP,c,unit_root,,Bartlett_short_bandwidth,True,ok,-3.230281703543657,0.0182974183969369,-4.6651863281249994,-3.3671868750000002,-2.802960625,2,8,False,
60min,2024-03-12,2024-03-12,2024-03-12,9,main,KPSS,c,level_or_trend_stationarity,,Bartlett_short_bandwidth,True,ok,0.17133117734632433,0.3312849056911002,0.7428,0.4614,0.3475,2,9,False,
60min,2024-03-12,2024-03-12,2024-03-12,9,lag_sensitivity,ADF,c,unit_root,0.0,aic,True,ok,-3.171402778695098,0.02170082828667799,-4.6651863281249994,-3.3671868750000002,-2.802960625,0,8,False,
60min,2024-03-12,2024-03-12,2024-03-12,9,lag_sensitivity,PP,c,unit_root,,Bartlett_short_bandwidth,True,ok,-3.230281703543657,0.0182974183969369,-4.6651863281249994,-3.3671868750000002,-2.802960625,2,8,False,
60min,2024-03-12,2024-03-12,2024-03-12,9,lag_sensitivity,KPSS,c,level_or_trend_stationarity,,Bartlett_short_bandwidth,True,ok,0.17133117734632433,0.3312849056911002,0.7428,0.4614,0.3475,2,9,False,
60min,2024-03-13,2024-03-13,2024-03-13,9,main,ADF,c,unit_root,0.0,bic,True,ok,-4.001515370991266,0.0014025970793874103,-4.6651863281249994,-3.3671868750000002,-2.802960625,0,8,True,
60min,2024-03-13,2024-03-13,2024-03-13,9,main,PP,c,unit_root,,Bartlett_short_bandwidth,True,ok,-4.008859352844057,0.0013648249808352912,-4.6651863281249994,-3.3671868750000002,-2.802960625,2,8,True,
60min,2024-03-13,2024-03-13,2024-03-13,9,main,KPSS,c,level_or_trend_stationarity,,Bartlett_short_bandwidth,True,ok,0.2655450335627493,0.16990957665836617,0.7428,0.4614,0.3475,2,9,False,
60min,2024-03-13,2024-03-13,2024-03-13,9,lag_sensitivity,ADF,c,unit_root,0.0,aic,True,ok,-4.001515370991266,0.0014025970793874103,-4.6651863281249994,-3.3671868750000002,-2.802960625,0,8,True,
60min,2024-03-13,2024-03-13,2024-03-13,9,lag_sensitivity,PP,c,unit_root,,Bartlett_short_bandwidth,True,ok,-4.008859352844057,0.0013648249808352912,-4.6651863281249994,-3.3671868750000002,-2.802960625,2,8,True,
60min,2024-03-13,2024-03-13,2024-03-13,9,lag_sensitivity,KPSS,c,level_or_trend_stationarity,,Bartlett_short_bandwidth,True,ok,0.2655450335627493,0.16990957665836617,0.7428,0.4614,0.3475,2,9,False,
60min,2024-03-14,2024-03-14,2024-03-14,9,main,ADF,c,unit_root,0.0,bic,True,ok,-3.874814723227694,0.0022282168223161135,-4.6651863281249994,-3.3671868750000002,-2.802960625,0,8,True,
60min,2024-03-14,2024-03-14,2024-03-14,9,main,PP,c,unit_root,,Bartlett_short_bandwidth,True,ok,-3.681685416790766,0.004378265715297167,-4.6651863281249994,-3.3671868750000002,-2.802960625,2,8,True,
60min,2024-03-14,2024-03-14,2024-03-14,9,main,KPSS,c,level_or_trend_stationarity,,Bartlett_short_bandwidth,True,ok,0.25853963703334126,0.17799272649999082,0.7428,0.4614,0.3475,2,9,False,
60min,2024-03-14,2024-03-14,2024-03-14,9,lag_sensitivity,ADF,c,unit_root,0.0,aic,True,ok,-3.874814723227694,0.0022282168223161135,-4.6651863281249994,-3.3671868750000002,-2.802960625,0,8,True,
60min,2024-03-14,2024-03-14,2024-03-14,9,lag_sensitivity,PP,c,unit_root,,Bartlett_short_bandwidth,True,ok,-3.681685416790766,0.004378265715297167,-4.6651863281249994,-3.3671868750000002,-2.802960625,2,8,True,
60min,2024-03-14,2024-03-14,2024-03-14,9,lag_sensitivity,KPSS,c,level_or_trend_stationarity,,Bartlett_short_bandwidth,True,ok,0.25853963703334126,0.17799272649999082,0.7428,0.4614,0.3475,2,9,False,
60min,2024-03-15,2024-03-15,2024-03-15,9,main,ADF,c,unit_root,0.0,bic,True,ok,-2.24347364970182,0.19084689574711156,-4.6651863281249994,-3.3671868750000002,-2.802960625,0,8,False,
60min,2024-03-15,2024-03-15,2024-03-15,9,main,PP,c,unit_root,,Bartlett_short_bandwidth,True,ok,-2.331484109017084,0.16201465066883564,-4.6651863281249994,-3.3671868750000002,-2.802960625,2,8,False,
60min,2024-03-15,2024-03-15,2024-03-15,9,main,KPSS,c,level_or_trend_stationarity,,Bartlett_short_bandwidth,True,ok,0.27520041406743406,0.1593745686797562,0.7428,0.4614,0.3475,2,9,False,
60min,2024-03-15,2024-03-15,2024-03-15,9,lag_sensitivity,ADF,c,unit_root,0.0,aic,True,ok,-2.24347364970182,0.19084689574711156,-4.6651863281249994,-3.3671868750000002,-2.802960625,0,8,False,
60min,2024-03-15,2024-03-15,2024-03-15,9,lag_sensitivity,PP,c,unit_root,,Bartlett_short_bandwidth,True,ok,-2.331484109017084,0.16201465066883564,-4.6651863281249994,-3.3671868750000002,-2.802960625,2,8,False,
60min,2024-03-15,2024-03-15,2024-03-15,9,lag_sensitivity,KPSS,c,level_or_trend_stationarity,,Bartlett_short_bandwidth,True,ok,0.27520041406743406,0.1593745686797562,0.7428,0.4614,0.3475,2,9,False,
60min,2024-03-18,2024-03-18,2024-03-18,9,main,ADF,c,unit_root,0.0,bic,True,ok,-1.3885824066475116,0.58773745117275,-4.6651863281249994,-3.3671868750000002,-2.802960625,0,8,False,
60min,2024-03-18,2024-03-18,2024-03-18,9,main,PP,c,unit_root,,Bartlett_short_bandwidth,True,ok,-1.2872297956226422,0.6349942587468759,-4.6651863281249994,-3.3671868750000002,-2.802960625,2,8,False,
60min,2024-03-18,2024-03-18,2024-03-18,9,main,KPSS,c,level_or_trend_stationarity,,Bartlett_short_bandwidth,True,ok,0.30069704594177155,0.1349815515131619,0.7428,0.4614,0.3475,2,9,False,
60min,2024-03-18,2024-03-18,2024-03-18,9,lag_sensitivity,ADF,c,unit_root,0.0,aic,True,ok,-1.3885824066475116,0.58773745117275,-4.6651863281249994,-3.3671868750000002,-2.802960625,0,8,False,
60min,2024-03-18,2024-03-18,2024-03-18,9,lag_sensitivity,PP,c,unit_root,,Bartlett_short_bandwidth,True,ok,-1.2872297956226422,0.6349942587468759,-4.6651863281249994,-3.3671868750000002,-2.802960625,2,8,False,
60min,2024-03-18,2024-03-18,2024-03-18,9,lag_sensitivity,KPSS,c,level_or_trend_stationarity,,Bartlett_short_bandwidth,True,ok,0.30069704594177155,0.1349815515131619,0.7428,0.4614,0.3475,2,9,False,
60min,2024-03-19,2024-03-19,2024-03-19,9,main,ADF,c,unit_root,0.0,bic,True,ok,-5.2765632886955,6.122121674989177e-06,-4.6651863281249994,-3.3671868750000002,-2.802960625,0,8,True,
60min,2024-03-19,2024-03-19,2024-03-19,9,main,PP,c,unit_root,,Bartlett_short_bandwidth,True,ok,-4.892627814400605,3.604517544904299e-05,-4.6651863281249994,-3.3671868750000002,-2.802960625,2,8,True,
60min,2024-03-19,2024-03-19,2024-03-19,9,main,KPSS,c,level_or_trend_stationarity,,Bartlett_short_bandwidth,True,ok,0.33520981210306516,0.10850532034389954,0.7428,0.4614,0.3475,2,9,False,
60min,2024-03-19,2024-03-19,2024-03-19,9,lag_sensitivity,ADF,c,unit_root,0.0,aic,True,ok,-5.2765632886955,6.122121674989177e-06,-4.6651863281249994,-3.3671868750000002,-2.802960625,0,8,True,
60min,2024-03-19,2024-03-19,2024-03-19,9,lag_sensitivity,PP,c,unit_root,,Bartlett_short_bandwidth,True,ok,-4.892627814400605,3.604517544904299e-05,-4.6651863281249994,-3.3671868750000002,-2.802960625,2,8,True,
60min,2024-03-19,2024-03-19,2024-03-19,9,lag_sensitivity,KPSS,c,level_or_trend_stationarity,,Bartlett_short_bandwidth,True,ok,0.33520981210306516,0.10850532034389954,0.7428,0.4614,0.3475,2,9,False,
60min,2024-03-20,2024-03-20,2024-03-20,9,main,ADF,c,unit_root,0.0,bic,True,ok,-1.898243036756648,0.33288809259226254,-4.6651863281249994,-3.3671868750000002,-2.802960625,0,8,False,
60min,2024-03-20,2024-03-20,2024-03-20,9,main,PP,c,unit_root,,Bartlett_short_bandwidth,True,ok,-1.9436925321512963,0.3117939759952445,-4.6651863281249994,-3.3671868750000002,-2.802960625,2,8,False,
60min,2024-03-20,2024-03-20,2024-03-20,9,main,KPSS,c,level_or_trend_stationarity,,Bartlett_short_bandwidth,True,ok,0.18992232267920087,0.28846314323574285,0.7428,0.4614,0.3475,2,9,False,
60min,2024-03-20,2024-03-20,2024-03-20,9,lag_sensitivity,ADF,c,unit_root,0.0,aic,True,ok,-1.898243036756648,0.33288809259226254,-4.6651863281249994,-3.3671868750000002,-2.802960625,0,8,False,
60min,2024-03-20,2024-03-20,2024-03-20,9,lag_sensitivity,PP,c,unit_root,,Bartlett_short_bandwidth,True,ok,-1.9436925321512963,0.3117939759952445,-4.6651863281249994,-3.3671868750000002,-2.802960625,2,8,False,
60min,2024-03-20,2024-03-20,2024-03-20,9,lag_sensitivity,KPSS,c,level_or_trend_stationarity,,Bartlett_short_bandwidth,True,ok,0.18992232267920087,0.28846314323574285,0.7428,0.4614,0.3475,2,9,False,
60min,2024-03-21,2024-03-21,2024-03-21,9,main,ADF,c,unit_root,0.0,bic,True,ok,-3.0153281869989295,0.03348752471807003,-4.6651863281249994,-3.3671868750000002,-2.802960625,0,8,False,
60min,2024-03-21,2024-03-21,2024-03-21,9,main,PP,c,unit_root,,Bartlett_short_bandwidth,True,ok,-2.9998234406381417,0.034910891988399424,-4.6651863281249994,-3.3671868750000002,-2.802960625,2,8,False,
60min,2024-03-21,2024-03-21,2024-03-21,9,main,KPSS,c,level_or_trend_stationarity,,Bartlett_short_bandwidth,True,ok,0.21917465964365476,0.23361319838958003,0.7428,0.4614,0.3475,2,9,False,
60min,2024-03-21,2024-03-21,2024-03-21,9,lag_sensitivity,ADF,c,unit_root,0.0,aic,True,ok,-3.0153281869989295,0.03348752471807003,-4.6651863281249994,-3.3671868750000002,-2.802960625,0,8,False,
60min,2024-03-21,2024-03-21,2024-03-21,9,lag_sensitivity,PP,c,unit_root,,Bartlett_short_bandwidth,True,ok,-2.9998234406381417,0.034910891988399424,-4.6651863281249994,-3.3671868750000002,-2.802960625,2,8,False,
60min,2024-03-21,2024-03-21,2024-03-21,9,lag_sensitivity,KPSS,c,level_or_trend_stationarity,,Bartlett_short_bandwidth,True,ok,0.21917465964365476,0.23361319838958003,0.7428,0.4614,0.3475,2,9,False,
60min,2024-03-22,2024-03-22,2024-03-22,9,main,ADF,c,unit_root,0.0,bic,True,ok,-3.218189602738612,0.018955642953369035,-4.6651863281249994,-3.3671868750000002,-2.802960625,0,8,False,
60min,2024-03-22,2024-03-22,2024-03-22,9,main,PP,c,unit_root,,Bartlett_short_bandwidth,True,ok,-3.155468174303826,0.022711443417051797,-4.6651863281249994,-3.3671868750000002,-2.802960625,2,8,False,
60min,2024-03-22,2024-03-22,2024-03-22,9,main,KPSS,c,level_or_trend_stationarity,,Bartlett_short_bandwidth,True,ok,0.1320237843516061,0.4497619986880369,0.7428,0.4614,0.3475,2,9,False,
60min,2024-03-22,2024-03-22,2024-03-22,9,lag_sensitivity,ADF,c,unit_root,0.0,aic,True,ok,-3.218189602738612,0.018955642953369035,-4.6651863281249994,-3.3671868750000002,-2.802960625,0,8,False,
60min,2024-03-22,2024-03-22,2024-03-22,9,lag_sensitivity,PP,c,unit_root,,Bartlett_short_bandwidth,True,ok,-3.155468174303826,0.022711443417051797,-4.6651863281249994,-3.3671868750000002,-2.802960625,2,8,False,
60min,2024-03-22,2024-03-22,2024-03-22,9,lag_sensitivity,KPSS,c,level_or_trend_stationarity,,Bartlett_short_bandwidth,True,ok,0.1320237843516061,0.4497619986880369,0.7428,0.4614,0.3475,2,9,False,
60min,2024-03-25,2024-03-25,2024-03-25,9,main,ADF,c,unit_root,0.0,bic,True,ok,-3.82380791868585,0.0026729089379420347,-4.6651863281249994,-3.3671868750000002,-2.802960625,0,8,True,
60min,2024-03-25,2024-03-25,2024-03-25,9,main,PP,c,unit_root,,Bartlett_short_bandwidth,True,ok,-5.079513250977902,1.541153008701891e-05,-4.6651863281249994,-3.3671868750000002,-2.802960625,2,8,True,
60min,2024-03-25,2024-03-25,2024-03-25,9,main,KPSS,c,level_or_trend_stationarity,,Bartlett_short_bandwidth,True,ok,0.359054930359144,0.09307187910394024,0.7428,0.4614,0.3475,2,9,False,
60min,2024-03-25,2024-03-25,2024-03-25,9,lag_sensitivity,ADF,c,unit_root,0.0,aic,True,ok,-3.82380791868585,0.0026729089379420347,-4.6651863281249994,-3.3671868750000002,-2.802960625,0,8,True,
60min,2024-03-25,2024-03-25,2024-03-25,9,lag_sensitivity,PP,c,unit_root,,Bartlett_short_bandwidth,True,ok,-5.079513250977902,1.541153008701891e-05,-4.6651863281249994,-3.3671868750000002,-2.802960625,2,8,True,
60min,2024-03-25,2024-03-25,2024-03-25,9,lag_sensitivity,KPSS,c,level_or_trend_stationarity,,Bartlett_short_bandwidth,True,ok,0.359054930359144,0.09307187910394024,0.7428,0.4614,0.3475,2,9,False,
60min,2024-03-26,2024-03-26,2024-03-26,9,main,ADF,c,unit_root,0.0,bic,True,ok,-3.1935290147334188,0.02036231402791444,-4.6651863281249994,-3.3671868750000002,-2.802960625,0,8,False,
60min,2024-03-26,2024-03-26,2024-03-26,9,main,PP,c,unit_root,,Bartlett_short_bandwidth,True,ok,-3.156264132380126,0.022660011782351937,-4.6651863281249994,-3.3671868750000002,-2.802960625,2,8,False,
60min,2024-03-26,2024-03-26,2024-03-26,9,main,KPSS,c,level_or_trend_stationarity,,Bartlett_short_bandwidth,True,ok,0.3011547582346466,0.1345985286739359,0.7428,0.4614,0.3475,2,9,False,
60min,2024-03-26,2024-03-26,2024-03-26,9,lag_sensitivity,ADF,c,unit_root,0.0,aic,True,ok,-3.1935290147334188,0.02036231402791444,-4.6651863281249994,-3.3671868750000002,-2.802960625,0,8,False,
60min,2024-03-26,2024-03-26,2024-03-26,9,lag_sensitivity,PP,c,unit_root,,Bartlett_short_bandwidth,True,ok,-3.156264132380126,0.022660011782351937,-4.6651863281249994,-3.3671868750000002,-2.802960625,2,8,False,
60min,2024-03-26,2024-03-26,2024-03-26,9,lag_sensitivity,KPSS,c,level_or_trend_stationarity,,Bartlett_short_bandwidth,True,ok,0.3011547582346466,0.1345985286739359,0.7428,0.4614,0.3475,2,9,False,
60min,2024-03-27,2024-03-27,2024-03-27,9,main,ADF,c,unit_root,0.0,bic,True,ok,-3.0242560999954207,0.032690441604018204,-4.6651863281249994,-3.3671868750000002,-2.802960625,0,8,False,
60min,2024-03-27,2024-03-27,2024-03-27,9,main,PP,c,unit_root,,Bartlett_short_bandwidth,True,ok,-3.324845934120372,0.013803738211638626,-4.6651863281249994,-3.3671868750000002,-2.802960625,2,8,False,
60min,2024-03-27,2024-03-27,2024-03-27,9,main,KPSS,c,level_or_trend_stationarity,,Bartlett_short_bandwidth,True,ok,0.19620723357642336,0.2754760125952483,0.7428,0.4614,0.3475,2,9,False,
60min,2024-03-27,2024-03-27,2024-03-27,9,lag_sensitivity,ADF,c,unit_root,0.0,aic,True,ok,-3.0242560999954207,0.032690441604018204,-4.6651863281249994,-3.3671868750000002,-2.802960625,0,8,False,
60min,2024-03-27,2024-03-27,2024-03-27,9,lag_sensitivity,PP,c,unit_root,,Bartlett_short_bandwidth,True,ok,-3.324845934120372,0.013803738211638626,-4.6651863281249994,-3.3671868750000002,-2.802960625,2,8,False,
60min,2024-03-27,2024-03-27,2024-03-27,9,lag_sensitivity,KPSS,c,level_or_trend_stationarity,,Bartlett_short_bandwidth,True,ok,0.19620723357642336,0.2754760125952483,0.7428,0.4614,0.3475,2,9,False,
60min,2024-03-28,2024-03-28,2024-03-28,9,main,ADF,c,unit_root,0.0,bic,True,ok,-1.9656943053530915,0.3018144838411525,-4.6651863281249994,-3.3671868750000002,-2.802960625,0,8,False,
60min,2024-03-28,2024-03-28,2024-03-28,9,main,PP,c,unit_root,,Bartlett_short_bandwidth,True,ok,-1.9485993552980945,0.3095548642921321,-4.6651863281249994,-3.3671868750000002,-2.802960625,2,8,False,
60min,2024-03-28,2024-03-28,2024-03-28,9,main,KPSS,c,level_or_trend_stationarity,,Bartlett_short_bandwidth,True,ok,0.25149410557945723,0.18680242874428557,0.7428,0.4614,0.3475,2,9,False,
60min,2024-03-28,2024-03-28,2024-03-28,9,lag_sensitivity,ADF,c,unit_root,0.0,aic,True,ok,-1.9656943053530915,0.3018144838411525,-4.6651863281249994,-3.3671868750000002,-2.802960625,0,8,False,
60min,2024-03-28,2024-03-28,2024-03-28,9,lag_sensitivity,PP,c,unit_root,,Bartlett_short_bandwidth,True,ok,-1.9485993552980945,0.3095548642921321,-4.6651863281249994,-3.3671868750000002,-2.802960625,2,8,False,
60min,2024-03-28,2024-03-28,2024-03-28,9,lag_sensitivity,KPSS,c,level_or_trend_stationarity,,Bartlett_short_bandwidth,True,ok,0.25149410557945723,0.18680242874428557,0.7428,0.4614,0.3475,2,9,False,
60min,2024-04-01,2024-04-01,2024-04-01,9,main,ADF,c,unit_root,0.0,bic,True,ok,-2.3635342747894974,0.15229413398877784,-4.6651863281249994,-3.3671868750000002,-2.802960625,0,8,False,
60min,2024-04-01,2024-04-01,2024-04-01,9,main,PP,c,unit_root,,Bartlett_short_bandwidth,True,ok,-2.4484076075854486,0.12853703524927496,-4.6651863281249994,-3.3671868750000002,-2.802960625,2,8,False,
60min,2024-04-01,2024-04-01,2024-04-01,9,main,KPSS,c,level_or_trend_stationarity,,Bartlett_short_bandwidth,True,ok,0.3211600518937825,0.11822833778976989,0.7428,0.4614,0.3475,2,9,False,
60min,2024-04-01,2024-04-01,2024-04-01,9,lag_sensitivity,ADF,c,unit_root,0.0,aic,True,ok,-2.3635342747894974,0.15229413398877784,-4.6651863281249994,-3.3671868750000002,-2.802960625,0,8,False,
60min,2024-04-01,2024-04-01,2024-04-01,9,lag_sensitivity,PP,c,unit_root,,Bartlett_short_bandwidth,True,ok,-2.4484076075854486,0.12853703524927496,-4.6651863281249994,-3.3671868750000002,-2.802960625,2,8,False,
60min,2024-04-01,2024-04-01,2024-04-01,9,lag_sensitivity,KPSS,c,level_or_trend_stationarity,,Bartlett_short_bandwidth,True,ok,0.3211600518937825,0.11822833778976989,0.7428,0.4614,0.3475,2,9,False,
60min,2024-04-02,2024-04-02,2024-04-02,9,main,ADF,c,unit_root,0.0,bic,True,ok,-3.337513832119116,0.01328264683028275,-4.6651863281249994,-3.3671868750000002,-2.802960625,0,8,False,
60min,2024-04-02,2024-04-02,2024-04-02,9,main,PP,c,unit_root,,Bartlett_short_bandwidth,True,ok,-3.327495074485249,0.013693295884663424,-4.6651863281249994,-3.3671868750000002,-2.802960625,2,8,False,
60min,2024-04-02,2024-04-02,2024-04-02,9,main,KPSS,c,level_or_trend_stationarity,,Bartlett_short_bandwidth,True,ok,0.2426907364788463,0.19834619933493575,0.7428,0.4614,0.3475,2,9,False,
60min,2024-04-02,2024-04-02,2024-04-02,9,lag_sensitivity,ADF,c,unit_root,0.0,aic,True,ok,-3.337513832119116,0.01328264683028275,-4.6651863281249994,-3.3671868750000002,-2.802960625,0,8,False,
60min,2024-04-02,2024-04-02,2024-04-02,9,lag_sensitivity,PP,c,unit_root,,Bartlett_short_bandwidth,True,ok,-3.327495074485249,0.013693295884663424,-4.6651863281249994,-3.3671868750000002,-2.802960625,2,8,False,
60min,2024-04-02,2024-04-02,2024-04-02,9,lag_sensitivity,KPSS,c,level_or_trend_stationarity,,Bartlett_short_bandwidth,True,ok,0.2426907364788463,0.19834619933493575,0.7428,0.4614,0.3475,2,9,False,
60min,2024-04-03,2024-04-03,2024-04-03,9,main,ADF,c,unit_root,0.0,bic,True,ok,-2.7186322488563848,0.0708691984824574,-4.6651863281249994,-3.3671868750000002,-2.802960625,0,8,False,
60min,2024-04-03,2024-04-03,2024-04-03,9,main,PP,c,unit_root,,Bartlett_short_bandwidth,True,ok,-2.7386403124764205,0.06758713675566483,-4.6651863281249994,-3.3671868750000002,-2.802960625,2,8,False,
60min,2024-04-03,2024-04-03,2024-04-03,9,main,KPSS,c,level_or_trend_stationarity,,Bartlett_short_bandwidth,True,ok,0.13064860085611948,0.45489328038761384,0.7428,0.4614,0.3475,2,9,False,
60min,2024-04-03,2024-04-03,2024-04-03,9,lag_sensitivity,ADF,c,unit_root,0.0,aic,True,ok,-2.7186322488563848,0.0708691984824574,-4.6651863281249994,-3.3671868750000002,-2.802960625,0,8,False,
60min,2024-04-03,2024-04-03,2024-04-03,9,lag_sensitivity,PP,c,unit_root,,Bartlett_short_bandwidth,True,ok,-2.7386403124764205,0.06758713675566483,-4.6651863281249994,-3.3671868750000002,-2.802960625,2,8,False,
60min,2024-04-03,2024-04-03,2024-04-03,9,lag_sensitivity,KPSS,c,level_or_trend_stationarity,,Bartlett_short_bandwidth,True,ok,0.13064860085611948,0.45489328038761384,0.7428,0.4614,0.3475,2,9,False,
60min,2024-04-04,2024-04-04,2024-04-04,9,main,ADF,c,unit_root,0.0,bic,True,ok,-2.836109078450462,0.053298086453603725,-4.6651863281249994,-3.3671868750000002,-2.802960625,0,8,False,
60min,2024-04-04,2024-04-04,2024-04-04,9,main,PP,c,unit_root,,Bartlett_short_bandwidth,True,ok,-2.836156798440638,0.05329174817708558,-4.6651863281249994,-3.3671868750000002,-2.802960625,2,8,False,
60min,2024-04-04,2024-04-04,2024-04-04,9,main,KPSS,c,level_or_trend_stationarity,,Bartlett_short_bandwidth,True,ok,0.3091138248278018,0.1279382219014211,0.7428,0.4614,0.3475,2,9,False,
60min,2024-04-04,2024-04-04,2024-04-04,9,lag_sensitivity,ADF,c,unit_root,0.0,aic,True,ok,-2.836109078450462,0.053298086453603725,-4.6651863281249994,-3.3671868750000002,-2.802960625,0,8,False,
60min,2024-04-04,2024-04-04,2024-04-04,9,lag_sensitivity,PP,c,unit_root,,Bartlett_short_bandwidth,True,ok,-2.836156798440638,0.05329174817708558,-4.6651863281249994,-3.3671868750000002,-2.802960625,2,8,False,
60min,2024-04-04,2024-04-04,2024-04-04,9,lag_sensitivity,KPSS,c,level_or_trend_stationarity,,Bartlett_short_bandwidth,True,ok,0.3091138248278018,0.1279382219014211,0.7428,0.4614,0.3475,2,9,False,
60min,2024-04-05,2024-04-05,2024-04-05,9,main,ADF,c,unit_root,0.0,bic,True,ok,-2.812481852937019,0.05651282538024189,-4.6651863281249994,-3.3671868750000002,-2.802960625,0,8,False,
60min,2024-04-05,2024-04-05,2024-04-05,9,main,PP,c,unit_root,,Bartlett_short_bandwidth,True,ok,-3.0414291909653683,0.031202418511561473,-4.6651863281249994,-3.3671868750000002,-2.802960625,2,8,False,
60min,2024-04-05,2024-04-05,2024-04-05,9,main,KPSS,c,level_or_trend_stationarity,,Bartlett_short_bandwidth,True,ok,0.22969895713150995,0.21697127707346975,0.7428,0.4614,0.3475,2,9,False,
60min,2024-04-05,2024-04-05,2024-04-05,9,lag_sensitivity,ADF,c,unit_root,0.0,aic,True,ok,-2.812481852937019,0.05651282538024189,-4.6651863281249994,-3.3671868750000002,-2.802960625,0,8,False,
60min,2024-04-05,2024-04-05,2024-04-05,9,lag_sensitivity,PP,c,unit_root,,Bartlett_short_bandwidth,True,ok,-3.0414291909653683,0.031202418511561473,-4.6651863281249994,-3.3671868750000002,-2.802960625,2,8,False,
60min,2024-04-05,2024-04-05,2024-04-05,9,lag_sensitivity,KPSS,c,level_or_trend_stationarity,,Bartlett_short_bandwidth,True,ok,0.22969895713150995,0.21697127707346975,0.7428,0.4614,0.3475,2,9,False,
60min,2024-04-08,2024-04-08,2024-04-08,9,main,ADF,c,unit_root,0.0,bic,True,ok,-1.796240171517363,0.3823299353755332,-4.6651863281249994,-3.3671868750000002,-2.802960625,0,8,False,
60min,2024-04-08,2024-04-08,2024-04-08,9,main,PP,c,unit_root,,Bartlett_short_bandwidth,True,ok,-1.7801292923613674,0.39037061244518445,-4.6651863281249994,-3.3671868750000002,-2.802960625,2,8,False,
60min,2024-04-08,2024-04-08,2024-04-08,9,main,KPSS,c,level_or_trend_stationarity,,Bartlett_short_bandwidth,True,ok,0.3011829728610923,0.13457491810787256,0.7428,0.4614,0.3475,2,9,False,
60min,2024-04-08,2024-04-08,2024-04-08,9,lag_sensitivity,ADF,c,unit_root,0.0,aic,True,ok,-1.796240171517363,0.3823299353755332,-4.6651863281249994,-3.3671868750000002,-2.802960625,0,8,False,
60min,2024-04-08,2024-04-08,2024-04-08,9,lag_sensitivity,PP,c,unit_root,,Bartlett_short_bandwidth,True,ok,-1.7801292923613674,0.39037061244518445,-4.6651863281249994,-3.3671868750000002,-2.802960625,2,8,False,
60min,2024-04-08,2024-04-08,2024-04-08,9,lag_sensitivity,KPSS,c,level_or_trend_stationarity,,Bartlett_short_bandwidth,True,ok,0.3011829728610923,0.13457491810787256,0.7428,0.4614,0.3475,2,9,False,
60min,2024-04-09,2024-04-09,2024-04-09,9,main,ADF,c,unit_root,0.0,bic,True,ok,-3.48377870589293,0.008413596104313447,-4.6651863281249994,-3.3671868750000002,-2.802960625,0,8,True,
60min,2024-04-09,2024-04-09,2024-04-09,9,main,PP,c,unit_root,,Bartlett_short_bandwidth,True,ok,-3.4463128172102673,0.00947781595403465,-4.6651863281249994,-3.3671868750000002,-2.802960625,2,8,True,
60min,2024-04-09,2024-04-09,2024-04-09,9,main,KPSS,c,level_or_trend_stationarity,,Bartlett_short_bandwidth,True,ok,0.12338589828637014,0.4826872436064336,0.7428,0.4614,0.3475,2,9,False,
60min,2024-04-09,2024-04-09,2024-04-09,9,lag_sensitivity,ADF,c,unit_root,0.0,aic,True,ok,-3.48377870589293,0.008413596104313447,-4.6651863281249994,-3.3671868750000002,-2.802960625,0,8,True,
60min,2024-04-09,2024-04-09,2024-04-09,9,lag_sensitivity,PP,c,unit_root,,Bartlett_short_bandwidth,True,ok,-3.4463128172102673,0.00947781595403465,-4.6651863281249994,-3.3671868750000002,-2.802960625,2,8,True,
60min,2024-04-09,2024-04-09,2024-04-09,9,lag_sensitivity,KPSS,c,level_or_trend_stationarity,,Bartlett_short_bandwidth,True,ok,0.12338589828637014,0.4826872436064336,0.7428,0.4614,0.3475,2,9,False,
60min,2024-04-10,2024-04-10,2024-04-10,9,main,ADF,c,unit_root,0.0,bic,True,ok,-5.378618218148562,3.7556487419711963e-06,-4.6651863281249994,-3.3671868750000002,-2.802960625,0,8,True,
60min,2024-04-10,2024-04-10,2024-04-10,9,main,PP,c,unit_root,,Bartlett_short_bandwidth,True,ok,-6.830935227004227,1.8945318232753493e-09,-4.6651863281249994,-3.3671868750000002,-2.802960625,2,8,True,
60min,2024-04-10,2024-04-10,2024-04-10,9,main,KPSS,c,level_or_trend_stationarity,,Bartlett_short_bandwidth,True,ok,0.42396618757682714,0.06260669639968905,0.7428,0.4614,0.3475,2,9,False,
60min,2024-04-10,2024-04-10,2024-04-10,9,lag_sensitivity,ADF,c,unit_root,0.0,aic,True,ok,-5.378618218148562,3.7556487419711963e-06,-4.6651863281249994,-3.3671868750000002,-2.802960625,0,8,True,
60min,2024-04-10,2024-04-10,2024-04-10,9,lag_sensitivity,PP,c,unit_root,,Bartlett_short_bandwidth,True,ok,-6.830935227004227,1.8945318232753493e-09,-4.6651863281249994,-3.3671868750000002,-2.802960625,2,8,True,
60min,2024-04-10,2024-04-10,2024-04-10,9,lag_sensitivity,KPSS,c,level_or_trend_stationarity,,Bartlett_short_bandwidth,True,ok,0.42396618757682714,0.06260669639968905,0.7428,0.4614,0.3475,2,9,False,
60min,2024-04-11,2024-04-11,2024-04-11,9,main,ADF,c,unit_root,0.0,bic,True,ok,-4.382725844922432,0.00031843901281560763,-4.6651863281249994,-3.3671868750000002,-2.802960625,0,8,True,
60min,2024-04-11,2024-04-11,2024-04-11,9,main,PP,c,unit_root,,Bartlett_short_bandwidth,True,ok,-4.287985694263866,0.0004659806037127577,-4.6651863281249994,-3.3671868750000002,-2.802960625,2,8,True,
60min,2024-04-11,2024-04-11,2024-04-11,9,main,KPSS,c,level_or_trend_stationarity,,Bartlett_short_bandwidth,True,ok,0.15811227631322103,0.3663948452933488,0.7428,0.4614,0.3475,2,9,False,
60min,2024-04-11,2024-04-11,2024-04-11,9,lag_sensitivity,ADF,c,unit_root,0.0,aic,True,ok,-4.382725844922432,0.00031843901281560763,-4.6651863281249994,-3.3671868750000002,-2.802960625,0,8,True,
60min,2024-04-11,2024-04-11,2024-04-11,9,lag_sensitivity,PP,c,unit_root,,Bartlett_short_bandwidth,True,ok,-4.287985694263866,0.0004659806037127577,-4.6651863281249994,-3.3671868750000002,-2.802960625,2,8,True,
60min,2024-04-11,2024-04-11,2024-04-11,9,lag_sensitivity,KPSS,c,level_or_trend_stationarity,,Bartlett_short_bandwidth,True,ok,0.15811227631322103,0.3663948452933488,0.7428,0.4614,0.3475,2,9,False,
60min,2024-04-12,2024-04-12,2024-04-12,9,main,ADF,c,unit_root,0.0,bic,True,ok,-2.842895372347262,0.05240288572839207,-4.6651863281249994,-3.3671868750000002,-2.802960625,0,8,False,
60min,2024-04-12,2024-04-12,2024-04-12,9,main,PP,c,unit_root,,Bartlett_short_bandwidth,True,ok,-2.844861559349999,0.05214583272592921,-4.6651863281249994,-3.3671868750000002,-2.802960625,2,8,False,
60min,2024-04-12,2024-04-12,2024-04-12,9,main,KPSS,c,level_or_trend_stationarity,,Bartlett_short_bandwidth,True,ok,0.15661061854264258,0.3705636352897542,0.7428,0.4614,0.3475,2,9,False,
60min,2024-04-12,2024-04-12,2024-04-12,9,lag_sensitivity,ADF,c,unit_root,0.0,aic,True,ok,-2.842895372347262,0.05240288572839207,-4.6651863281249994,-3.3671868750000002,-2.802960625,0,8,False,
60min,2024-04-12,2024-04-12,2024-04-12,9,lag_sensitivity,PP,c,unit_root,,Bartlett_short_bandwidth,True,ok,-2.844861559349999,0.05214583272592921,-4.6651863281249994,-3.3671868750000002,-2.802960625,2,8,False,
60min,2024-04-12,2024-04-12,2024-04-12,9,lag_sensitivity,KPSS,c,level_or_trend_stationarity,,Bartlett_short_bandwidth,True,ok,0.15661061854264258,0.3705636352897542,0.7428,0.4614,0.3475,2,9,False,
60min,2024-04-15,2024-04-15,2024-04-15,9,main,ADF,c,unit_root,0.0,bic,True,ok,-3.1338299635363582,0.024148825174948433,-4.6651863281249994,-3.3671868750000002,-2.802960625,0,8,False,
60min,2024-04-15,2024-04-15,2024-04-15,9,main,PP,c,unit_root,,Bartlett_short_bandwidth,True,ok,-3.593909063908133,0.005878546750421289,-4.6651863281249994,-3.3671868750000002,-2.802960625,2,8,True,
60min,2024-04-15,2024-04-15,2024-04-15,9,main,KPSS,c,level_or_trend_stationarity,,Bartlett_short_bandwidth,True,ok,0.15479590499015464,0.3759645684816826,0.7428,0.4614,0.3475,2,9,False,
60min,2024-04-15,2024-04-15,2024-04-15,9,lag_sensitivity,ADF,c,unit_root,0.0,aic,True,ok,-3.1338299635363582,0.024148825174948433,-4.6651863281249994,-3.3671868750000002,-2.802960625,0,8,False,
60min,2024-04-15,2024-04-15,2024-04-15,9,lag_sensitivity,PP,c,unit_root,,Bartlett_short_bandwidth,True,ok,-3.593909063908133,0.005878546750421289,-4.6651863281249994,-3.3671868750000002,-2.802960625,2,8,True,
60min,2024-04-15,2024-04-15,2024-04-15,9,lag_sensitivity,KPSS,c,level_or_trend_stationarity,,Bartlett_short_bandwidth,True,ok,0.15479590499015464,0.3759645684816826,0.7428,0.4614,0.3475,2,9,False,
60min,2024-04-17,2024-04-17,2024-04-17,9,main,ADF,c,unit_root,0.0,bic,True,ok,-4.387359962289942,0.0003125008359853919,-4.6651863281249994,-3.3671868750000002,-2.802960625,0,8,True,
60min,2024-04-17,2024-04-17,2024-04-17,9,main,PP,c,unit_root,,Bartlett_short_bandwidth,True,ok,-4.734297617351509,7.251619482465121e-05,-4.6651863281249994,-3.3671868750000002,-2.802960625,2,8,True,
60min,2024-04-17,2024-04-17,2024-04-17,9,main,KPSS,c,level_or_trend_stationarity,,Bartlett_short_bandwidth,True,ok,0.2660994996670547,0.16926980807647532,0.7428,0.4614,0.3475,2,9,False,
60min,2024-04-17,2024-04-17,2024-04-17,9,lag_sensitivity,ADF,c,unit_root,0.0,aic,True,ok,-4.387359962289942,0.0003125008359853919,-4.6651863281249994,-3.3671868750000002,-2.802960625,0,8,True,
60min,2024-04-17,2024-04-17,2024-04-17,9,lag_sensitivity,PP,c,unit_root,,Bartlett_short_bandwidth,True,ok,-4.734297617351509,7.251619482465121e-05,-4.6651863281249994,-3.3671868750000002,-2.802960625,2,8,True,
60min,2024-04-17,2024-04-17,2024-04-17,9,lag_sensitivity,KPSS,c,level_or_trend_stationarity,,Bartlett_short_bandwidth,True,ok,0.2660994996670547,0.16926980807647532,0.7428,0.4614,0.3475,2,9,False,
60min,2024-04-18,2024-04-18,2024-04-18,9,main,ADF,c,unit_root,0.0,bic,True,ok,-1.7025829840975846,0.4297821395549234,-4.6651863281249994,-3.3671868750000002,-2.802960625,0,8,False,
60min,2024-04-18,2024-04-18,2024-04-18,9,main,PP,c,unit_root,,Bartlett_short_bandwidth,True,ok,-1.6833125756921905,0.4397301981424773,-4.6651863281249994,-3.3671868750000002,-2.802960625,2,8,False,
60min,2024-04-18,2024-04-18,2024-04-18,9,main,KPSS,c,level_or_trend_stationarity,,Bartlett_short_bandwidth,True,ok,0.1276215082839804,0.46618840192544625,0.7428,0.4614,0.3475,2,9,False,
60min,2024-04-18,2024-04-18,2024-04-18,9,lag_sensitivity,ADF,c,unit_root,0.0,aic,True,ok,-1.7025829840975846,0.4297821395549234,-4.6651863281249994,-3.3671868750000002,-2.802960625,0,8,False,
60min,2024-04-18,2024-04-18,2024-04-18,9,lag_sensitivity,PP,c,unit_root,,Bartlett_short_bandwidth,True,ok,-1.6833125756921905,0.4397301981424773,-4.6651863281249994,-3.3671868750000002,-2.802960625,2,8,False,
60min,2024-04-18,2024-04-18,2024-04-18,9,lag_sensitivity,KPSS,c,level_or_trend_stationarity,,Bartlett_short_bandwidth,True,ok,0.1276215082839804,0.46618840192544625,0.7428,0.4614,0.3475,2,9,False,
60min,2024-04-19,2024-04-19,2024-04-19,9,main,ADF,c,unit_root,0.0,bic,True,ok,-1.5431390346400773,0.5120734873072915,-4.6651863281249994,-3.3671868750000002,-2.802960625,0,8,False,
60min,2024-04-19,2024-04-19,2024-04-19,9,main,PP,c,unit_root,,Bartlett_short_bandwidth,True,ok,-1.3858609321460644,0.5890354820302308,-4.6651863281249994,-3.3671868750000002,-2.802960625,2,8,False,
60min,2024-04-19,2024-04-19,2024-04-19,9,main,KPSS,c,level_or_trend_stationarity,,Bartlett_short_bandwidth,True,ok,0.2638661511805962,0.1718467486377736,0.7428,0.4614,0.3475,2,9,False,
60min,2024-04-19,2024-04-19,2024-04-19,9,lag_sensitivity,ADF,c,unit_root,0.0,aic,True,ok,-1.5431390346400773,0.5120734873072915,-4.6651863281249994,-3.3671868750000002,-2.802960625,0,8,False,
60min,2024-04-19,2024-04-19,2024-04-19,9,lag_sensitivity,PP,c,unit_root,,Bartlett_short_bandwidth,True,ok,-1.3858609321460644,0.5890354820302308,-4.6651863281249994,-3.3671868750000002,-2.802960625,2,8,False,
60min,2024-04-19,2024-04-19,2024-04-19,9,lag_sensitivity,KPSS,c,level_or_trend_stationarity,,Bartlett_short_bandwidth,True,ok,0.2638661511805962,0.1718467486377736,0.7428,0.4614,0.3475,2,9,False,
60min,2024-04-22,2024-04-22,2024-04-22,9,main,ADF,c,unit_root,0.0,bic,True,ok,-3.3076511486032567,0.014539912871381188,-4.6651863281249994,-3.3671868750000002,-2.802960625,0,8,False,
60min,2024-04-22,2024-04-22,2024-04-22,9,main,PP,c,unit_root,,Bartlett_short_bandwidth,True,ok,-3.3008921532626845,0.014838642285573475,-4.6651863281249994,-3.3671868750000002,-2.802960625,2,8,False,
60min,2024-04-22,2024-04-22,2024-04-22,9,main,KPSS,c,level_or_trend_stationarity,,Bartlett_short_bandwidth,True,ok,0.11512081071447455,0.5163909406430652,0.7428,0.4614,0.3475,2,9,False,
60min,2024-04-22,2024-04-22,2024-04-22,9,lag_sensitivity,ADF,c,unit_root,0.0,aic,True,ok,-3.3076511486032567,0.014539912871381188,-4.6651863281249994,-3.3671868750000002,-2.802960625,0,8,False,
60min,2024-04-22,2024-04-22,2024-04-22,9,lag_sensitivity,PP,c,unit_root,,Bartlett_short_bandwidth,True,ok,-3.3008921532626845,0.014838642285573475,-4.6651863281249994,-3.3671868750000002,-2.802960625,2,8,False,
60min,2024-04-22,2024-04-22,2024-04-22,9,lag_sensitivity,KPSS,c,level_or_trend_stationarity,,Bartlett_short_bandwidth,True,ok,0.11512081071447455,0.5163909406430652,0.7428,0.4614,0.3475,2,9,False,
60min,2024-04-23,2024-04-23,2024-04-23,9,main,ADF,c,unit_root,0.0,bic,True,ok,-2.789207739412619,0.059831979042039136,-4.6651863281249994,-3.3671868750000002,-2.802960625,0,8,False,
60min,2024-04-23,2024-04-23,2024-04-23,9,main,PP,c,unit_root,,Bartlett_short_bandwidth,True,ok,-2.797498736677563,0.05863194495203799,-4.6651863281249994,-3.3671868750000002,-2.802960625,2,8,False,
60min,2024-04-23,2024-04-23,2024-04-23,9,main,KPSS,c,level_or_trend_stationarity,,Bartlett_short_bandwidth,True,ok,0.1259430646106528,0.47259316601058105,0.7428,0.4614,0.3475,2,9,False,
60min,2024-04-23,2024-04-23,2024-04-23,9,lag_sensitivity,ADF,c,unit_root,0.0,aic,True,ok,-2.789207739412619,0.059831979042039136,-4.6651863281249994,-3.3671868750000002,-2.802960625,0,8,False,
60min,2024-04-23,2024-04-23,2024-04-23,9,lag_sensitivity,PP,c,unit_root,,Bartlett_short_bandwidth,True,ok,-2.797498736677563,0.05863194495203799,-4.6651863281249994,-3.3671868750000002,-2.802960625,2,8,False,
60min,2024-04-23,2024-04-23,2024-04-23,9,lag_sensitivity,KPSS,c,level_or_trend_stationarity,,Bartlett_short_bandwidth,True,ok,0.1259430646106528,0.47259316601058105,0.7428,0.4614,0.3475,2,9,False,
60min,2024-04-24,2024-04-24,2024-04-24,9,main,ADF,c,unit_root,0.0,bic,True,ok,-2.694517203901873,0.0749918471721129,-4.6651863281249994,-3.3671868750000002,-2.802960625,0,8,False,
60min,2024-04-24,2024-04-24,2024-04-24,9,main,PP,c,unit_root,,Bartlett_short_bandwidth,True,ok,-2.7738401385573357,0.06210876999695348,-4.6651863281249994,-3.3671868750000002,-2.802960625,2,8,False,
60min,2024-04-24,2024-04-24,2024-04-24,9,main,KPSS,c,level_or_trend_stationarity,,Bartlett_short_bandwidth,True,ok,0.29446354879743447,0.140225191621491,0.7428,0.4614,0.3475,2,9,False,
60min,2024-04-24,2024-04-24,2024-04-24,9,lag_sensitivity,ADF,c,unit_root,0.0,aic,True,ok,-2.694517203901873,0.0749918471721129,-4.6651863281249994,-3.3671868750000002,-2.802960625,0,8,False,
60min,2024-04-24,2024-04-24,2024-04-24,9,lag_sensitivity,PP,c,unit_root,,Bartlett_short_bandwidth,True,ok,-2.7738401385573357,0.06210876999695348,-4.6651863281249994,-3.3671868750000002,-2.802960625,2,8,False,
60min,2024-04-24,2024-04-24,2024-04-24,9,lag_sensitivity,KPSS,c,level_or_trend_stationarity,,Bartlett_short_bandwidth,True,ok,0.29446354879743447,0.140225191621491,0.7428,0.4614,0.3475,2,9,False,
60min,2024-04-25,2024-04-25,2024-04-25,9,main,ADF,c,unit_root,0.0,bic,True,ok,-2.6393777205002835,0.08512868944023544,-4.6651863281249994,-3.3671868750000002,-2.802960625,0,8,False,
60min,2024-04-25,2024-04-25,2024-04-25,9,main,PP,c,unit_root,,Bartlett_short_bandwidth,True,ok,-2.913089133377401,0.043846944340988694,-4.6651863281249994,-3.3671868750000002,-2.802960625,2,8,False,
60min,2024-04-25,2024-04-25,2024-04-25,9,main,KPSS,c,level_or_trend_stationarity,,Bartlett_short_bandwidth,True,ok,0.19806569225511478,0.2718319759703631,0.7428,0.4614,0.3475,2,9,False,
60min,2024-04-25,2024-04-25,2024-04-25,9,lag_sensitivity,ADF,c,unit_root,0.0,aic,True,ok,-2.6393777205002835,0.08512868944023544,-4.6651863281249994,-3.3671868750000002,-2.802960625,0,8,False,
60min,2024-04-25,2024-04-25,2024-04-25,9,lag_sensitivity,PP,c,unit_root,,Bartlett_short_bandwidth,True,ok,-2.913089133377401,0.043846944340988694,-4.6651863281249994,-3.3671868750000002,-2.802960625,2,8,False,
60min,2024-04-25,2024-04-25,2024-04-25,9,lag_sensitivity,KPSS,c,level_or_trend_stationarity,,Bartlett_short_bandwidth,True,ok,0.19806569225511478,0.2718319759703631,0.7428,0.4614,0.3475,2,9,False,
60min,2024-04-26,2024-04-26,2024-04-26,9,main,ADF,c,unit_root,0.0,bic,True,ok,-3.172242805025124,0.0216486508440195,-4.6651863281249994,-3.3671868750000002,-2.802960625,0,8,False,
60min,2024-04-26,2024-04-26,2024-04-26,9,main,PP,c,unit_root,,Bartlett_short_bandwidth,True,ok,-3.1489278300420787,0.023137892088514838,-4.6651863281249994,-3.3671868750000002,-2.802960625,2,8,False,
60min,2024-04-26,2024-04-26,2024-04-26,9,main,KPSS,c,level_or_trend_stationarity,,Bartlett_short_bandwidth,True,ok,0.28340524526961675,0.1508278695108159,0.7428,0.4614,0.3475,2,9,False,
60min,2024-04-26,2024-04-26,2024-04-26,9,lag_sensitivity,ADF,c,unit_root,0.0,aic,True,ok,-3.172242805025124,0.0216486508440195,-4.6651863281249994,-3.3671868750000002,-2.802960625,0,8,False,
60min,2024-04-26,2024-04-26,2024-04-26,9,lag_sensitivity,PP,c,unit_root,,Bartlett_short_bandwidth,True,ok,-3.1489278300420787,0.023137892088514838,-4.6651863281249994,-3.3671868750000002,-2.802960625,2,8,False,
60min,2024-04-26,2024-04-26,2024-04-26,9,lag_sensitivity,KPSS,c,level_or_trend_stationarity,,Bartlett_short_bandwidth,True,ok,0.28340524526961675,0.1508278695108159,0.7428,0.4614,0.3475,2,9,False,
60min,2024-04-29,2024-04-29,2024-04-29,9,main,ADF,c,unit_root,0.0,bic,True,ok,-5.070659972733851,1.6053831567243752e-05,-4.6651863281249994,-3.3671868750000002,-2.802960625,0,8,True,
60min,2024-04-29,2024-04-29,2024-04-29,9,main,PP,c,unit_root,,Bartlett_short_bandwidth,True,ok,-9.478953368811815,3.919834117851546e-16,-4.6651863281249994,-3.3671868750000002,-2.802960625,2,8,True,
60min,2024-04-29,2024-04-29,2024-04-29,9,main,KPSS,c,level_or_trend_stationarity,,Bartlett_short_bandwidth,True,ok,0.30102549654733984,0.13470669744992483,0.7428,0.4614,0.3475,2,9,False,
60min,2024-04-29,2024-04-29,2024-04-29,9,lag_sensitivity,ADF,c,unit_root,0.0,aic,True,ok,-5.070659972733851,1.6053831567243752e-05,-4.6651863281249994,-3.3671868750000002,-2.802960625,0,8,True,
60min,2024-04-29,2024-04-29,2024-04-29,9,lag_sensitivity,PP,c,unit_root,,Bartlett_short_bandwidth,True,ok,-9.478953368811815,3.919834117851546e-16,-4.6651863281249994,-3.3671868750000002,-2.802960625,2,8,True,
60min,2024-04-29,2024-04-29,2024-04-29,9,lag_sensitivity,KPSS,c,level_or_trend_stationarity,,Bartlett_short_bandwidth,True,ok,0.30102549654733984,0.13470669744992483,0.7428,0.4614,0.3475,2,9,False,
60min,2024-04-30,2024-04-30,2024-04-30,9,main,ADF,c,unit_root,0.0,bic,True,ok,-1.388284082991231,0.5878798100627745,-4.6651863281249994,-3.3671868750000002,-2.802960625,0,8,False,
60min,2024-04-30,2024-04-30,2024-04-30,9,main,PP,c,unit_root,,Bartlett_short_bandwidth,True,ok,-1.2782433641685176,0.639066298178777,-4.6651863281249994,-3.3671868750000002,-2.802960625,2,8,False,
60min,2024-04-30,2024-04-30,2024-04-30,9,main,KPSS,c,level_or_trend_stationarity,,Bartlett_short_bandwidth,True,ok,0.35544671534337224,0.09515444186379743,0.7428,0.4614,0.3475,2,9,False,
60min,2024-04-30,2024-04-30,2024-04-30,9,lag_sensitivity,ADF,c,unit_root,0.0,aic,True,ok,-1.388284082991231,0.5878798100627745,-4.6651863281249994,-3.3671868750000002,-2.802960625,0,8,False,
60min,2024-04-30,2024-04-30,2024-04-30,9,lag_sensitivity,PP,c,unit_root,,Bartlett_short_bandwidth,True,ok,-1.2782433641685176,0.639066298178777,-4.6651863281249994,-3.3671868750000002,-2.802960625,2,8,False,
60min,2024-04-30,2024-04-30,2024-04-30,9,lag_sensitivity,KPSS,c,level_or_trend_stationarity,,Bartlett_short_bandwidth,True,ok,0.35544671534337224,0.09515444186379743,0.7428,0.4614,0.3475,2,9,False,
60min,2024-05-02,2024-05-02,2024-05-02,9,main,ADF,c,unit_root,0.0,bic,True,ok,-3.5478068945432835,0.006840919171993116,-4.6651863281249994,-3.3671868750000002,-2.802960625,0,8,True,
60min,2024-05-02,2024-05-02,2024-05-02,9,main,PP,c,unit_root,,Bartlett_short_bandwidth,True,ok,-3.4971591935540567,0.00806035242537856,-4.6651863281249994,-3.3671868750000002,-2.802960625,2,8,True,
60min,2024-05-02,2024-05-02,2024-05-02,9,main,KPSS,c,level_or_trend_stationarity,,Bartlett_short_bandwidth,True,ok,0.12076262332456535,0.49304227635039993,0.7428,0.4614,0.3475,2,9,False,
60min,2024-05-02,2024-05-02,2024-05-02,9,lag_sensitivity,ADF,c,unit_root,0.0,aic,True,ok,-3.5478068945432835,0.006840919171993116,-4.6651863281249994,-3.3671868750000002,-2.802960625,0,8,True,
60min,2024-05-02,2024-05-02,2024-05-02,9,lag_sensitivity,PP,c,unit_root,,Bartlett_short_bandwidth,True,ok,-3.4971591935540567,0.00806035242537856,-4.6651863281249994,-3.3671868750000002,-2.802960625,2,8,True,
60min,2024-05-02,2024-05-02,2024-05-02,9,lag_sensitivity,KPSS,c,level_or_trend_stationarity,,Bartlett_short_bandwidth,True,ok,0.12076262332456535,0.49304227635039993,0.7428,0.4614,0.3475,2,9,False,
60min,2024-05-03,2024-05-03,2024-05-03,9,main,ADF,c,unit_root,0.0,bic,True,ok,-15.348542376007936,3.7472442985918584e-28,-4.6651863281249994,-3.3671868750000002,-2.802960625,0,8,True,
60min,2024-05-03,2024-05-03,2024-05-03,9,main,PP,c,unit_root,,Bartlett_short_bandwidth,True,ok,-27.994488994852542,0.0,-4.6651863281249994,-3.3671868750000002,-2.802960625,2,8,True,
60min,2024-05-03,2024-05-03,2024-05-03,9,main,KPSS,c,level_or_trend_stationarity,,Bartlett_short_bandwidth,True,ok,0.2906320493944535,0.14387423867194907,0.7428,0.4614,0.3475,2,9,False,
60min,2024-05-03,2024-05-03,2024-05-03,9,lag_sensitivity,ADF,c,unit_root,0.0,aic,True,ok,-15.348542376007936,3.7472442985918584e-28,-4.6651863281249994,-3.3671868750000002,-2.802960625,0,8,True,
60min,2024-05-03,2024-05-03,2024-05-03,9,lag_sensitivity,PP,c,unit_root,,Bartlett_short_bandwidth,True,ok,-27.994488994852542,0.0,-4.6651863281249994,-3.3671868750000002,-2.802960625,2,8,True,
60min,2024-05-03,2024-05-03,2024-05-03,9,lag_sensitivity,KPSS,c,level_or_trend_stationarity,,Bartlett_short_bandwidth,True,ok,0.2906320493944535,0.14387423867194907,0.7428,0.4614,0.3475,2,9,False,
60min,2024-05-06,2024-05-06,2024-05-06,9,main,ADF,c,unit_root,0.0,bic,True,ok,-3.9289139207285717,0.0018320662983062307,-4.6651863281249994,-3.3671868750000002,-2.802960625,0,8,True,
60min,2024-05-06,2024-05-06,2024-05-06,9,main,PP,c,unit_root,,Bartlett_short_bandwidth,True,ok,-3.6729002548268497,0.0045108924223079576,-4.6651863281249994,-3.3671868750000002,-2.802960625,2,8,True,
60min,2024-05-06,2024-05-06,2024-05-06,9,main,KPSS,c,level_or_trend_stationarity,,Bartlett_short_bandwidth,True,ok,0.15348286303129946,0.3798724314544659,0.7428,0.4614,0.3475,2,9,False,
60min,2024-05-06,2024-05-06,2024-05-06,9,lag_sensitivity,ADF,c,unit_root,0.0,aic,True,ok,-3.9289139207285717,0.0018320662983062307,-4.6651863281249994,-3.3671868750000002,-2.802960625,0,8,True,
60min,2024-05-06,2024-05-06,2024-05-06,9,lag_sensitivity,PP,c,unit_root,,Bartlett_short_bandwidth,True,ok,-3.6729002548268497,0.0045108924223079576,-4.6651863281249994,-3.3671868750000002,-2.802960625,2,8,True,
60min,2024-05-06,2024-05-06,2024-05-06,9,lag_sensitivity,KPSS,c,level_or_trend_stationarity,,Bartlett_short_bandwidth,True,ok,0.15348286303129946,0.3798724314544659,0.7428,0.4614,0.3475,2,9,False,
60min,2024-05-07,2024-05-07,2024-05-07,9,main,ADF,c,unit_root,0.0,bic,True,ok,-3.940911647511641,0.0017535617082820826,-4.6651863281249994,-3.3671868750000002,-2.802960625,0,8,True,
60min,2024-05-07,2024-05-07,2024-05-07,9,main,PP,c,unit_root,,Bartlett_short_bandwidth,True,ok,-3.803106005842575,0.0028756958788547474,-4.6651863281249994,-3.3671868750000002,-2.802960625,2,8,True,
60min,2024-05-07,2024-05-07,2024-05-07,9,main,KPSS,c,level_or_trend_stationarity,,Bartlett_short_bandwidth,True,ok,0.30308322501617596,0.13298474894043852,0.7428,0.4614,0.3475,2,9,False,
60min,2024-05-07,2024-05-07,2024-05-07,9,lag_sensitivity,ADF,c,unit_root,0.0,aic,True,ok,-3.940911647511641,0.0017535617082820826,-4.6651863281249994,-3.3671868750000002,-2.802960625,0,8,True,
60min,2024-05-07,2024-05-07,2024-05-07,9,lag_sensitivity,PP,c,unit_root,,Bartlett_short_bandwidth,True,ok,-3.803106005842575,0.0028756958788547474,-4.6651863281249994,-3.3671868750000002,-2.802960625,2,8,True,
60min,2024-05-07,2024-05-07,2024-05-07,9,lag_sensitivity,KPSS,c,level_or_trend_stationarity,,Bartlett_short_bandwidth,True,ok,0.30308322501617596,0.13298474894043852,0.7428,0.4614,0.3475,2,9,False,
60min,2024-05-08,2024-05-08,2024-05-08,9,main,ADF,c,unit_root,0.0,bic,True,ok,-7.728618499166705,1.1411512197078866e-11,-4.6651863281249994,-3.3671868750000002,-2.802960625,0,8,True,
60min,2024-05-08,2024-05-08,2024-05-08,9,main,PP,c,unit_root,,Bartlett_short_bandwidth,True,ok,-6.43587390206119,1.6534308895242664e-08,-4.6651863281249994,-3.3671868750000002,-2.802960625,2,8,True,
60min,2024-05-08,2024-05-08,2024-05-08,9,main,KPSS,c,level_or_trend_stationarity,,Bartlett_short_bandwidth,True,ok,0.13380677293850773,0.4432644762379872,0.7428,0.4614,0.3475,2,9,False,
60min,2024-05-08,2024-05-08,2024-05-08,9,lag_sensitivity,ADF,c,unit_root,0.0,aic,True,ok,-7.728618499166705,1.1411512197078866e-11,-4.6651863281249994,-3.3671868750000002,-2.802960625,0,8,True,
60min,2024-05-08,2024-05-08,2024-05-08,9,lag_sensitivity,PP,c,unit_root,,Bartlett_short_bandwidth,True,ok,-6.43587390206119,1.6534308895242664e-08,-4.6651863281249994,-3.3671868750000002,-2.802960625,2,8,True,
60min,2024-05-08,2024-05-08,2024-05-08,9,lag_sensitivity,KPSS,c,level_or_trend_stationarity,,Bartlett_short_bandwidth,True,ok,0.13380677293850773,0.4432644762379872,0.7428,0.4614,0.3475,2,9,False,
60min,2024-05-09,2024-05-09,2024-05-09,9,main,ADF,c,unit_root,0.0,bic,True,ok,-2.538449665656067,0.10639712554400604,-4.6651863281249994,-3.3671868750000002,-2.802960625,0,8,False,
60min,2024-05-09,2024-05-09,2024-05-09,9,main,PP,c,unit_root,,Bartlett_short_bandwidth,True,ok,-2.6030635143175225,0.09236575295810273,-4.6651863281249994,-3.3671868750000002,-2.802960625,2,8,False,
60min,2024-05-09,2024-05-09,2024-05-09,9,main,KPSS,c,level_or_trend_stationarity,,Bartlett_short_bandwidth,True,ok,0.37590151109907133,0.08382575964333094,0.7428,0.4614,0.3475,2,9,False,
60min,2024-05-09,2024-05-09,2024-05-09,9,lag_sensitivity,ADF,c,unit_root,0.0,aic,True,ok,-2.538449665656067,0.10639712554400604,-4.6651863281249994,-3.3671868750000002,-2.802960625,0,8,False,
60min,2024-05-09,2024-05-09,2024-05-09,9,lag_sensitivity,PP,c,unit_root,,Bartlett_short_bandwidth,True,ok,-2.6030635143175225,0.09236575295810273,-4.6651863281249994,-3.3671868750000002,-2.802960625,2,8,False,
60min,2024-05-09,2024-05-09,2024-05-09,9,lag_sensitivity,KPSS,c,level_or_trend_stationarity,,Bartlett_short_bandwidth,True,ok,0.37590151109907133,0.08382575964333094,0.7428,0.4614,0.3475,2,9,False,
60min,2024-05-10,2024-05-10,2024-05-10,9,main,ADF,c,unit_root,0.0,bic,True,ok,-2.2383779331805567,0.19261239640894806,-4.6651863281249994,-3.3671868750000002,-2.802960625,0,8,False,
60min,2024-05-10,2024-05-10,2024-05-10,9,main,PP,c,unit_root,,Bartlett_short_bandwidth,True,ok,-2.1601970479466055,0.2210073421776968,-4.6651863281249994,-3.3671868750000002,-2.802960625,2,8,False,
60min,2024-05-10,2024-05-10,2024-05-10,9,main,KPSS,c,level_or_trend_stationarity,,Bartlett_short_bandwidth,True,ok,0.352388994738637,0.09701890564717257,0.7428,0.4614,0.3475,2,9,False,
60min,2024-05-10,2024-05-10,2024-05-10,9,lag_sensitivity,ADF,c,unit_root,0.0,aic,True,ok,-2.2383779331805567,0.19261239640894806,-4.6651863281249994,-3.3671868750000002,-2.802960625,0,8,False,
60min,2024-05-10,2024-05-10,2024-05-10,9,lag_sensitivity,PP,c,unit_root,,Bartlett_short_bandwidth,True,ok,-2.1601970479466055,0.2210073421776968,-4.6651863281249994,-3.3671868750000002,-2.802960625,2,8,False,
60min,2024-05-10,2024-05-10,2024-05-10,9,lag_sensitivity,KPSS,c,level_or_trend_stationarity,,Bartlett_short_bandwidth,True,ok,0.352388994738637,0.09701890564717257,0.7428,0.4614,0.3475,2,9,False,
60min,2024-05-13,2024-05-13,2024-05-13,9,main,ADF,c,unit_root,0.0,bic,True,ok,-4.62759078073258,0.0001148603278234228,-4.6651863281249994,-3.3671868750000002,-2.802960625,0,8,True,
60min,2024-05-13,2024-05-13,2024-05-13,9,main,PP,c,unit_root,,Bartlett_short_bandwidth,True,ok,-4.756538517876615,6.581192767383767e-05,-4.6651863281249994,-3.3671868750000002,-2.802960625,2,8,True,
60min,2024-05-13,2024-05-13,2024-05-13,9,main,KPSS,c,level_or_trend_stationarity,,Bartlett_short_bandwidth,True,ok,0.12819735091098233,0.4640397354067823,0.7428,0.4614,0.3475,2,9,False,
60min,2024-05-13,2024-05-13,2024-05-13,9,lag_sensitivity,ADF,c,unit_root,0.0,aic,True,ok,-4.62759078073258,0.0001148603278234228,-4.6651863281249994,-3.3671868750000002,-2.802960625,0,8,True,
60min,2024-05-13,2024-05-13,2024-05-13,9,lag_sensitivity,PP,c,unit_root,,Bartlett_short_bandwidth,True,ok,-4.756538517876615,6.581192767383767e-05,-4.6651863281249994,-3.3671868750000002,-2.802960625,2,8,True,
60min,2024-05-13,2024-05-13,2024-05-13,9,lag_sensitivity,KPSS,c,level_or_trend_stationarity,,Bartlett_short_bandwidth,True,ok,0.12819735091098233,0.4640397354067823,0.7428,0.4614,0.3475,2,9,False,
60min,2024-05-14,2024-05-14,2024-05-14,9,main,ADF,c,unit_root,0.0,bic,True,ok,-2.922910806417828,0.04274791445200726,-4.6651863281249994,-3.3671868750000002,-2.802960625,0,8,False,
60min,2024-05-14,2024-05-14,2024-05-14,9,main,PP,c,unit_root,,Bartlett_short_bandwidth,True,ok,-2.915525796905098,0.04357211834013629,-4.6651863281249994,-3.3671868750000002,-2.802960625,2,8,False,
60min,2024-05-14,2024-05-14,2024-05-14,9,main,KPSS,c,level_or_trend_stationarity,,Bartlett_short_bandwidth,True,ok,0.1533277469342529,0.3803340865051997,0.7428,0.4614,0.3475,2,9,False,
60min,2024-05-14,2024-05-14,2024-05-14,9,lag_sensitivity,ADF,c,unit_root,0.0,aic,True,ok,-2.922910806417828,0.04274791445200726,-4.6651863281249994,-3.3671868750000002,-2.802960625,0,8,False,
60min,2024-05-14,2024-05-14,2024-05-14,9,lag_sensitivity,PP,c,unit_root,,Bartlett_short_bandwidth,True,ok,-2.915525796905098,0.04357211834013629,-4.6651863281249994,-3.3671868750000002,-2.802960625,2,8,False,
60min,2024-05-14,2024-05-14,2024-05-14,9,lag_sensitivity,KPSS,c,level_or_trend_stationarity,,Bartlett_short_bandwidth,True,ok,0.1533277469342529,0.3803340865051997,0.7428,0.4614,0.3475,2,9,False,
60min,2024-05-15,2024-05-15,2024-05-15,9,main,ADF,c,unit_root,0.0,bic,True,ok,-4.915868461193282,3.247707117955197e-05,-4.6651863281249994,-3.3671868750000002,-2.802960625,0,8,True,
60min,2024-05-15,2024-05-15,2024-05-15,9,main,PP,c,unit_root,,Bartlett_short_bandwidth,True,ok,-5.588534909665811,1.3455469370382827e-06,-4.6651863281249994,-3.3671868750000002,-2.802960625,2,8,True,
60min,2024-05-15,2024-05-15,2024-05-15,9,main,KPSS,c,level_or_trend_stationarity,,Bartlett_short_bandwidth,True,ok,0.13245917159256465,0.44813741943072893,0.7428,0.4614,0.3475,2,9,False,
60min,2024-05-15,2024-05-15,2024-05-15,9,lag_sensitivity,ADF,c,unit_root,0.0,aic,True,ok,-4.915868461193282,3.247707117955197e-05,-4.6651863281249994,-3.3671868750000002,-2.802960625,0,8,True,
60min,2024-05-15,2024-05-15,2024-05-15,9,lag_sensitivity,PP,c,unit_root,,Bartlett_short_bandwidth,True,ok,-5.588534909665811,1.3455469370382827e-06,-4.6651863281249994,-3.3671868750000002,-2.802960625,2,8,True,
60min,2024-05-15,2024-05-15,2024-05-15,9,lag_sensitivity,KPSS,c,level_or_trend_stationarity,,Bartlett_short_bandwidth,True,ok,0.13245917159256465,0.44813741943072893,0.7428,0.4614,0.3475,2,9,False,
60min,2024-05-16,2024-05-16,2024-05-16,9,main,ADF,c,unit_root,0.0,bic,True,ok,-8.096771411170163,1.3325616209824876e-12,-4.6651863281249994,-3.3671868750000002,-2.802960625,0,8,True,
60min,2024-05-16,2024-05-16,2024-05-16,9,main,PP,c,unit_root,,Bartlett_short_bandwidth,True,ok,-7.866621402023524,5.11438038487802e-12,-4.6651863281249994,-3.3671868750000002,-2.802960625,2,8,True,
60min,2024-05-16,2024-05-16,2024-05-16,9,main,KPSS,c,level_or_trend_stationarity,,Bartlett_short_bandwidth,True,ok,0.15468035486995768,0.3763084676489355,0.7428,0.4614,0.3475,2,9,False,
60min,2024-05-16,2024-05-16,2024-05-16,9,lag_sensitivity,ADF,c,unit_root,0.0,aic,True,ok,-8.096771411170163,1.3325616209824876e-12,-4.6651863281249994,-3.3671868750000002,-2.802960625,0,8,True,
60min,2024-05-16,2024-05-16,2024-05-16,9,lag_sensitivity,PP,c,unit_root,,Bartlett_short_bandwidth,True,ok,-7.866621402023524,5.11438038487802e-12,-4.6651863281249994,-3.3671868750000002,-2.802960625,2,8,True,
60min,2024-05-16,2024-05-16,2024-05-16,9,lag_sensitivity,KPSS,c,level_or_trend_stationarity,,Bartlett_short_bandwidth,True,ok,0.15468035486995768,0.3763084676489355,0.7428,0.4614,0.3475,2,9,False,
60min,2024-05-17,2024-05-17,2024-05-17,9,main,ADF,c,unit_root,0.0,bic,True,ok,-5.500782916594227,2.0736417340797726e-06,-4.6651863281249994,-3.3671868750000002,-2.802960625,0,8,True,
60min,2024-05-17,2024-05-17,2024-05-17,9,main,PP,c,unit_root,,Bartlett_short_bandwidth,True,ok,-6.407185114359747,1.9302704909844463e-08,-4.6651863281249994,-3.3671868750000002,-2.802960625,2,8,True,
60min,2024-05-17,2024-05-17,2024-05-17,9,main,KPSS,c,level_or_trend_stationarity,,Bartlett_short_bandwidth,True,ok,0.3365797307720829,0.10755727974250316,0.7428,0.4614,0.3475,2,9,False,
60min,2024-05-17,2024-05-17,2024-05-17,9,lag_sensitivity,ADF,c,unit_root,0.0,aic,True,ok,-5.500782916594227,2.0736417340797726e-06,-4.6651863281249994,-3.3671868750000002,-2.802960625,0,8,True,
60min,2024-05-17,2024-05-17,2024-05-17,9,lag_sensitivity,PP,c,unit_root,,Bartlett_short_bandwidth,True,ok,-6.407185114359747,1.9302704909844463e-08,-4.6651863281249994,-3.3671868750000002,-2.802960625,2,8,True,
60min,2024-05-17,2024-05-17,2024-05-17,9,lag_sensitivity,KPSS,c,level_or_trend_stationarity,,Bartlett_short_bandwidth,True,ok,0.3365797307720829,0.10755727974250316,0.7428,0.4614,0.3475,2,9,False,
60min,2024-05-20,2024-05-20,2024-05-20,9,main,ADF,c,unit_root,0.0,bic,True,ok,-1.9584446270762288,0.3050854785699833,-4.6651863281249994,-3.3671868750000002,-2.802960625,0,8,False,
60min,2024-05-20,2024-05-20,2024-05-20,9,main,PP,c,unit_root,,Bartlett_short_bandwidth,True,ok,-1.9590124720436026,0.3048286532812535,-4.6651863281249994,-3.3671868750000002,-2.802960625,2,8,False,
60min,2024-05-20,2024-05-20,2024-05-20,9,main,KPSS,c,level_or_trend_stationarity,,Bartlett_short_bandwidth,True,ok,0.11318075541707574,0.5245883573926376,0.7428,0.4614,0.3475,2,9,False,
60min,2024-05-20,2024-05-20,2024-05-20,9,lag_sensitivity,ADF,c,unit_root,0.0,aic,True,ok,-1.9584446270762288,0.3050854785699833,-4.6651863281249994,-3.3671868750000002,-2.802960625,0,8,False,
60min,2024-05-20,2024-05-20,2024-05-20,9,lag_sensitivity,PP,c,unit_root,,Bartlett_short_bandwidth,True,ok,-1.9590124720436026,0.3048286532812535,-4.6651863281249994,-3.3671868750000002,-2.802960625,2,8,False,
60min,2024-05-20,2024-05-20,2024-05-20,9,lag_sensitivity,KPSS,c,level_or_trend_stationarity,,Bartlett_short_bandwidth,True,ok,0.11318075541707574,0.5245883573926376,0.7428,0.4614,0.3475,2,9,False,
60min,2024-05-21,2024-05-21,2024-05-21,9,main,ADF,c,unit_root,0.0,bic,True,ok,-1.9392924248256542,0.3138083527548351,-4.6651863281249994,-3.3671868750000002,-2.802960625,0,8,False,
60min,2024-05-21,2024-05-21,2024-05-21,9,main,PP,c,unit_root,,Bartlett_short_bandwidth,True,ok,-1.870027111088249,0.34628996792286126,-4.6651863281249994,-3.3671868750000002,-2.802960625,2,8,False,
60min,2024-05-21,2024-05-21,2024-05-21,9,main,KPSS,c,level_or_trend_stationarity,,Bartlett_short_bandwidth,True,ok,0.1572670503620624,0.3687168946097186,0.7428,0.4614,0.3475,2,9,False,
60min,2024-05-21,2024-05-21,2024-05-21,9,lag_sensitivity,ADF,c,unit_root,0.0,aic,True,ok,-1.9392924248256542,0.3138083527548351,-4.6651863281249994,-3.3671868750000002,-2.802960625,0,8,False,
60min,2024-05-21,2024-05-21,2024-05-21,9,lag_sensitivity,PP,c,unit_root,,Bartlett_short_bandwidth,True,ok,-1.870027111088249,0.34628996792286126,-4.6651863281249994,-3.3671868750000002,-2.802960625,2,8,False,
60min,2024-05-21,2024-05-21,2024-05-21,9,lag_sensitivity,KPSS,c,level_or_trend_stationarity,,Bartlett_short_bandwidth,True,ok,0.1572670503620624,0.3687168946097186,0.7428,0.4614,0.3475,2,9,False,
60min,2024-05-22,2024-05-22,2024-05-22,9,main,ADF,c,unit_root,0.0,bic,True,ok,-3.0628743250997985,0.029425461356021174,-4.6651863281249994,-3.3671868750000002,-2.802960625,0,8,False,
60min,2024-05-22,2024-05-22,2024-05-22,9,main,PP,c,unit_root,,Bartlett_short_bandwidth,True,ok,-3.275325097657646,0.016018122341925792,-4.6651863281249994,-3.3671868750000002,-2.802960625,2,8,False,
60min,2024-05-22,2024-05-22,2024-05-22,9,main,KPSS,c,level_or_trend_stationarity,,Bartlett_short_bandwidth,True,ok,0.230017330322611,0.21648889345058936,0.7428,0.4614,0.3475,2,9,False,
60min,2024-05-22,2024-05-22,2024-05-22,9,lag_sensitivity,ADF,c,unit_root,0.0,aic,True,ok,-3.0628743250997985,0.029425461356021174,-4.6651863281249994,-3.3671868750000002,-2.802960625,0,8,False,
60min,2024-05-22,2024-05-22,2024-05-22,9,lag_sensitivity,PP,c,unit_root,,Bartlett_short_bandwidth,True,ok,-3.275325097657646,0.016018122341925792,-4.6651863281249994,-3.3671868750000002,-2.802960625,2,8,False,
60min,2024-05-22,2024-05-22,2024-05-22,9,lag_sensitivity,KPSS,c,level_or_trend_stationarity,,Bartlett_short_bandwidth,True,ok,0.230017330322611,0.21648889345058936,0.7428,0.4614,0.3475,2,9,False,
60min,2024-05-23,2024-05-23,2024-05-23,9,main,ADF,c,unit_root,0.0,bic,True,ok,-2.4202168527046917,0.13611146087820936,-4.6651863281249994,-3.3671868750000002,-2.802960625,0,8,False,
60min,2024-05-23,2024-05-23,2024-05-23,9,main,PP,c,unit_root,,Bartlett_short_bandwidth,True,ok,-2.383054615235689,0.1465763460020092,-4.6651863281249994,-3.3671868750000002,-2.802960625,2,8,False,
60min,2024-05-23,2024-05-23,2024-05-23,9,main,KPSS,c,level_or_trend_stationarity,,Bartlett_short_bandwidth,True,ok,0.33214795015981363,0.11062425594476565,0.7428,0.4614,0.3475,2,9,False,
60min,2024-05-23,2024-05-23,2024-05-23,9,lag_sensitivity,ADF,c,unit_root,0.0,aic,True,ok,-2.4202168527046917,0.13611146087820936,-4.6651863281249994,-3.3671868750000002,-2.802960625,0,8,False,
60min,2024-05-23,2024-05-23,2024-05-23,9,lag_sensitivity,PP,c,unit_root,,Bartlett_short_bandwidth,True,ok,-2.383054615235689,0.1465763460020092,-4.6651863281249994,-3.3671868750000002,-2.802960625,2,8,False,
60min,2024-05-23,2024-05-23,2024-05-23,9,lag_sensitivity,KPSS,c,level_or_trend_stationarity,,Bartlett_short_bandwidth,True,ok,0.33214795015981363,0.11062425594476565,0.7428,0.4614,0.3475,2,9,False,
60min,2024-05-24,2024-05-24,2024-05-24,9,main,ADF,c,unit_root,0.0,bic,True,ok,-4.06036403225027,0.0011254053129884653,-4.6651863281249994,-3.3671868750000002,-2.802960625,0,8,True,
60min,2024-05-24,2024-05-24,2024-05-24,9,main,PP,c,unit_root,,Bartlett_short_bandwidth,True,ok,-4.172359791154818,0.0007335956559778579,-4.6651863281249994,-3.3671868750000002,-2.802960625,2,8,True,
60min,2024-05-24,2024-05-24,2024-05-24,9,main,KPSS,c,level_or_trend_stationarity,,Bartlett_short_bandwidth,True,ok,0.27803899495050033,0.15641771359322884,0.7428,0.4614,0.3475,2,9,False,
60min,2024-05-24,2024-05-24,2024-05-24,9,lag_sensitivity,ADF,c,unit_root,0.0,aic,True,ok,-4.06036403225027,0.0011254053129884653,-4.6651863281249994,-3.3671868750000002,-2.802960625,0,8,True,
60min,2024-05-24,2024-05-24,2024-05-24,9,lag_sensitivity,PP,c,unit_root,,Bartlett_short_bandwidth,True,ok,-4.172359791154818,0.0007335956559778579,-4.6651863281249994,-3.3671868750000002,-2.802960625,2,8,True,
60min,2024-05-24,2024-05-24,2024-05-24,9,lag_sensitivity,KPSS,c,level_or_trend_stationarity,,Bartlett_short_bandwidth,True,ok,0.27803899495050033,0.15641771359322884,0.7428,0.4614,0.3475,2,9,False,
60min,2024-05-27,2024-05-27,2024-05-27,9,main,ADF,c,unit_root,0.0,bic,True,ok,-3.770130837414975,0.0032281336220523677,-4.6651863281249994,-3.3671868750000002,-2.802960625,0,8,True,
60min,2024-05-27,2024-05-27,2024-05-27,9,main,PP,c,unit_root,,Bartlett_short_bandwidth,True,ok,-4.89158962061245,3.621306350754167e-05,-4.6651863281249994,-3.3671868750000002,-2.802960625,2,8,True,
60min,2024-05-27,2024-05-27,2024-05-27,9,main,KPSS,c,level_or_trend_stationarity,,Bartlett_short_bandwidth,True,ok,0.23871499386981002,0.20386806406970834,0.7428,0.4614,0.3475,2,9,False,
60min,2024-05-27,2024-05-27,2024-05-27,9,lag_sensitivity,ADF,c,unit_root,0.0,aic,True,ok,-3.770130837414975,0.0032281336220523677,-4.6651863281249994,-3.3671868750000002,-2.802960625,0,8,True,
60min,2024-05-27,2024-05-27,2024-05-27,9,lag_sensitivity,PP,c,unit_root,,Bartlett_short_bandwidth,True,ok,-4.89158962061245,3.621306350754167e-05,-4.6651863281249994,-3.3671868750000002,-2.802960625,2,8,True,
60min,2024-05-27,2024-05-27,2024-05-27,9,lag_sensitivity,KPSS,c,level_or_trend_stationarity,,Bartlett_short_bandwidth,True,ok,0.23871499386981002,0.20386806406970834,0.7428,0.4614,0.3475,2,9,False,
60min,2024-05-28,2024-05-28,2024-05-28,9,main,ADF,c,unit_root,0.0,bic,True,ok,-5.742980141446552,6.213607326028158e-07,-4.6651863281249994,-3.3671868750000002,-2.802960625,0,8,True,
60min,2024-05-28,2024-05-28,2024-05-28,9,main,PP,c,unit_root,,Bartlett_short_bandwidth,True,ok,-7.346589896011096,1.0317689532667673e-10,-4.6651863281249994,-3.3671868750000002,-2.802960625,2,8,True,
60min,2024-05-28,2024-05-28,2024-05-28,9,main,KPSS,c,level_or_trend_stationarity,,Bartlett_short_bandwidth,True,ok,0.22387992332064136,0.22585726925169006,0.7428,0.4614,0.3475,2,9,False,
60min,2024-05-28,2024-05-28,2024-05-28,9,lag_sensitivity,ADF,c,unit_root,0.0,aic,True,ok,-5.742980141446552,6.213607326028158e-07,-4.6651863281249994,-3.3671868750000002,-2.802960625,0,8,True,
60min,2024-05-28,2024-05-28,2024-05-28,9,lag_sensitivity,PP,c,unit_root,,Bartlett_short_bandwidth,True,ok,-7.346589896011096,1.0317689532667673e-10,-4.6651863281249994,-3.3671868750000002,-2.802960625,2,8,True,
60min,2024-05-28,2024-05-28,2024-05-28,9,lag_sensitivity,KPSS,c,level_or_trend_stationarity,,Bartlett_short_bandwidth,True,ok,0.22387992332064136,0.22585726925169006,0.7428,0.4614,0.3475,2,9,False,
60min,2024-05-29,2024-05-29,2024-05-29,9,main,ADF,c,unit_root,0.0,bic,True,ok,-3.5932157201218002,0.00589206108095601,-4.6651863281249994,-3.3671868750000002,-2.802960625,0,8,True,
60min,2024-05-29,2024-05-29,2024-05-29,9,main,PP,c,unit_root,,Bartlett_short_bandwidth,True,ok,-4.128604492618519,0.0008682905915955605,-4.6651863281249994,-3.3671868750000002,-2.802960625,2,8,True,
60min,2024-05-29,2024-05-29,2024-05-29,9,main,KPSS,c,level_or_trend_stationarity,,Bartlett_short_bandwidth,True,ok,0.2066217922164139,0.2554967996135466,0.7428,0.4614,0.3475,2,9,False,
60min,2024-05-29,2024-05-29,2024-05-29,9,lag_sensitivity,ADF,c,unit_root,0.0,aic,True,ok,-3.5932157201218002,0.00589206108095601,-4.6651863281249994,-3.3671868750000002,-2.802960625,0,8,True,
60min,2024-05-29,2024-05-29,2024-05-29,9,lag_sensitivity,PP,c,unit_root,,Bartlett_short_bandwidth,True,ok,-4.128604492618519,0.0008682905915955605,-4.6651863281249994,-3.3671868750000002,-2.802960625,2,8,True,
60min,2024-05-29,2024-05-29,2024-05-29,9,lag_sensitivity,KPSS,c,level_or_trend_stationarity,,Bartlett_short_bandwidth,True,ok,0.2066217922164139,0.2554967996135466,0.7428,0.4614,0.3475,2,9,False,
60min,2024-05-31,2024-05-31,2024-05-31,9,main,ADF,c,unit_root,0.0,bic,True,ok,-2.8212946035135746,0.05529577754345335,-4.6651863281249994,-3.3671868750000002,-2.802960625,0,8,False,
60min,2024-05-31,2024-05-31,2024-05-31,9,main,PP,c,unit_root,,Bartlett_short_bandwidth,True,ok,-2.895957098640389,0.045820155822952346,-4.6651863281249994,-3.3671868750000002,-2.802960625,2,8,False,
60min,2024-05-31,2024-05-31,2024-05-31,9,main,KPSS,c,level_or_trend_stationarity,,Bartlett_short_bandwidth,True,ok,0.4084260689378784,0.06872924026915511,0.7428,0.4614,0.3475,2,9,False,
60min,2024-05-31,2024-05-31,2024-05-31,9,lag_sensitivity,ADF,c,unit_root,0.0,aic,True,ok,-2.8212946035135746,0.05529577754345335,-4.6651863281249994,-3.3671868750000002,-2.802960625,0,8,False,
60min,2024-05-31,2024-05-31,2024-05-31,9,lag_sensitivity,PP,c,unit_root,,Bartlett_short_bandwidth,True,ok,-2.895957098640389,0.045820155822952346,-4.6651863281249994,-3.3671868750000002,-2.802960625,2,8,False,
60min,2024-05-31,2024-05-31,2024-05-31,9,lag_sensitivity,KPSS,c,level_or_trend_stationarity,,Bartlett_short_bandwidth,True,ok,0.4084260689378784,0.06872924026915511,0.7428,0.4614,0.3475,2,9,False,
60min,2024-06-03,2024-06-03,2024-06-03,9,main,ADF,c,unit_root,0.0,bic,True,ok,-3.9875195561495875,0.0014772910844596072,-4.6651863281249994,-3.3671868750000002,-2.802960625,0,8,True,
60min,2024-06-03,2024-06-03,2024-06-03,9,main,PP,c,unit_root,,Bartlett_short_bandwidth,True,ok,-5.34260856460196,4.4659177616324476e-06,-4.6651863281249994,-3.3671868750000002,-2.802960625,2,8,True,
60min,2024-06-03,2024-06-03,2024-06-03,9,main,KPSS,c,level_or_trend_stationarity,,Bartlett_short_bandwidth,True,ok,0.2217532217252425,0.22936282133201782,0.7428,0.4614,0.3475,2,9,False,
60min,2024-06-03,2024-06-03,2024-06-03,9,lag_sensitivity,ADF,c,unit_root,0.0,aic,True,ok,-3.9875195561495875,0.0014772910844596072,-4.6651863281249994,-3.3671868750000002,-2.802960625,0,8,True,
60min,2024-06-03,2024-06-03,2024-06-03,9,lag_sensitivity,PP,c,unit_root,,Bartlett_short_bandwidth,True,ok,-5.34260856460196,4.4659177616324476e-06,-4.6651863281249994,-3.3671868750000002,-2.802960625,2,8,True,
60min,2024-06-03,2024-06-03,2024-06-03,9,lag_sensitivity,KPSS,c,level_or_trend_stationarity,,Bartlett_short_bandwidth,True,ok,0.2217532217252425,0.22936282133201782,0.7428,0.4614,0.3475,2,9,False,
60min,2024-06-04,2024-06-04,2024-06-04,9,main,ADF,c,unit_root,0.0,bic,True,ok,-2.7393735329539775,0.06746920680586213,-4.6651863281249994,-3.3671868750000002,-2.802960625,0,8,False,
60min,2024-06-04,2024-06-04,2024-06-04,9,main,PP,c,unit_root,,Bartlett_short_bandwidth,True,ok,-2.738555406508112,0.06760080351952408,-4.6651863281249994,-3.3671868750000002,-2.802960625,2,8,False,
60min,2024-06-04,2024-06-04,2024-06-04,9,main,KPSS,c,level_or_trend_stationarity,,Bartlett_short_bandwidth,True,ok,0.24814824250345072,0.1910919967904478,0.7428,0.4614,0.3475,2,9,False,
60min,2024-06-04,2024-06-04,2024-06-04,9,lag_sensitivity,ADF,c,unit_root,0.0,aic,True,ok,-2.7393735329539775,0.06746920680586213,-4.6651863281249994,-3.3671868750000002,-2.802960625,0,8,False,
60min,2024-06-04,2024-06-04,2024-06-04,9,lag_sensitivity,PP,c,unit_root,,Bartlett_short_bandwidth,True,ok,-2.738555406508112,0.06760080351952408,-4.6651863281249994,-3.3671868750000002,-2.802960625,2,8,False,
60min,2024-06-04,2024-06-04,2024-06-04,9,lag_sensitivity,KPSS,c,level_or_trend_stationarity,,Bartlett_short_bandwidth,True,ok,0.24814824250345072,0.1910919967904478,0.7428,0.4614,0.3475,2,9,False,
60min,2024-06-05,2024-06-05,2024-06-05,9,main,ADF,c,unit_root,0.0,bic,True,ok,-2.5247647636552917,0.10956446730251762,-4.6651863281249994,-3.3671868750000002,-2.802960625,0,8,False,
60min,2024-06-05,2024-06-05,2024-06-05,9,main,PP,c,unit_root,,Bartlett_short_bandwidth,True,ok,-2.522177083362955,0.1101712178636966,-4.6651863281249994,-3.3671868750000002,-2.802960625,2,8,False,
60min,2024-06-05,2024-06-05,2024-06-05,9,main,KPSS,c,level_or_trend_stationarity,,Bartlett_short_bandwidth,True,ok,0.1261027315824316,0.47196290164829624,0.7428,0.4614,0.3475,2,9,False,
60min,2024-06-05,2024-06-05,2024-06-05,9,lag_sensitivity,ADF,c,unit_root,0.0,aic,True,ok,-2.5247647636552917,0.10956446730251762,-4.6651863281249994,-3.3671868750000002,-2.802960625,0,8,False,
60min,2024-06-05,2024-06-05,2024-06-05,9,lag_sensitivity,PP,c,unit_root,,Bartlett_short_bandwidth,True,ok,-2.522177083362955,0.1101712178636966,-4.6651863281249994,-3.3671868750000002,-2.802960625,2,8,False,
60min,2024-06-05,2024-06-05,2024-06-05,9,lag_sensitivity,KPSS,c,level_or_trend_stationarity,,Bartlett_short_bandwidth,True,ok,0.1261027315824316,0.47196290164829624,0.7428,0.4614,0.3475,2,9,False,
60min,2024-06-06,2024-06-06,2024-06-06,9,main,ADF,c,unit_root,0.0,bic,True,ok,-2.2583997414477857,0.18573594889291206,-4.6651863281249994,-3.3671868750000002,-2.802960625,0,8,False,
60min,2024-06-06,2024-06-06,2024-06-06,9,main,PP,c,unit_root,,Bartlett_short_bandwidth,True,ok,-2.351434085028609,0.15591532579194745,-4.6651863281249994,-3.3671868750000002,-2.802960625,2,8,False,
60min,2024-06-06,2024-06-06,2024-06-06,9,main,KPSS,c,level_or_trend_stationarity,,Bartlett_short_bandwidth,True,ok,0.27229430301033863,0.16240176769756393,0.7428,0.4614,0.3475,2,9,False,
60min,2024-06-06,2024-06-06,2024-06-06,9,lag_sensitivity,ADF,c,unit_root,0.0,aic,True,ok,-2.2583997414477857,0.18573594889291206,-4.6651863281249994,-3.3671868750000002,-2.802960625,0,8,False,
60min,2024-06-06,2024-06-06,2024-06-06,9,lag_sensitivity,PP,c,unit_root,,Bartlett_short_bandwidth,True,ok,-2.351434085028609,0.15591532579194745,-4.6651863281249994,-3.3671868750000002,-2.802960625,2,8,False,
60min,2024-06-06,2024-06-06,2024-06-06,9,lag_sensitivity,KPSS,c,level_or_trend_stationarity,,Bartlett_short_bandwidth,True,ok,0.27229430301033863,0.16240176769756393,0.7428,0.4614,0.3475,2,9,False,
60min,2024-06-10,2024-06-10,2024-06-10,9,main,ADF,c,unit_root,0.0,bic,True,ok,-4.898514461912803,3.510730287079213e-05,-4.6651863281249994,-3.3671868750000002,-2.802960625,0,8,True,
60min,2024-06-10,2024-06-10,2024-06-10,9,main,PP,c,unit_root,,Bartlett_short_bandwidth,True,ok,-5.006518962023031,2.154321597107233e-05,-4.6651863281249994,-3.3671868750000002,-2.802960625,2,8,True,
60min,2024-06-10,2024-06-10,2024-06-10,9,main,KPSS,c,level_or_trend_stationarity,,Bartlett_short_bandwidth,True,ok,0.18505107189384182,0.29882750660884716,0.7428,0.4614,0.3475,2,9,False,
60min,2024-06-10,2024-06-10,2024-06-10,9,lag_sensitivity,ADF,c,unit_root,0.0,aic,True,ok,-4.898514461912803,3.510730287079213e-05,-4.6651863281249994,-3.3671868750000002,-2.802960625,0,8,True,
60min,2024-06-10,2024-06-10,2024-06-10,9,lag_sensitivity,PP,c,unit_root,,Bartlett_short_bandwidth,True,ok,-5.006518962023031,2.154321597107233e-05,-4.6651863281249994,-3.3671868750000002,-2.802960625,2,8,True,
60min,2024-06-10,2024-06-10,2024-06-10,9,lag_sensitivity,KPSS,c,level_or_trend_stationarity,,Bartlett_short_bandwidth,True,ok,0.18505107189384182,0.29882750660884716,0.7428,0.4614,0.3475,2,9,False,
60min,2024-06-11,2024-06-11,2024-06-11,9,main,ADF,c,unit_root,0.0,bic,True,ok,-6.345693144596491,2.686494721901172e-08,-4.6651863281249994,-3.3671868750000002,-2.802960625,0,8,True,
60min,2024-06-11,2024-06-11,2024-06-11,9,main,PP,c,unit_root,,Bartlett_short_bandwidth,True,ok,-6.177080975827035,6.590748493385006e-08,-4.6651863281249994,-3.3671868750000002,-2.802960625,2,8,True,
60min,2024-06-11,2024-06-11,2024-06-11,9,main,KPSS,c,level_or_trend_stationarity,,Bartlett_short_bandwidth,True,ok,0.4142690705103422,0.0663540363779097,0.7428,0.4614,0.3475,2,9,False,
60min,2024-06-11,2024-06-11,2024-06-11,9,lag_sensitivity,ADF,c,unit_root,0.0,aic,True,ok,-6.345693144596491,2.686494721901172e-08,-4.6651863281249994,-3.3671868750000002,-2.802960625,0,8,True,
60min,2024-06-11,2024-06-11,2024-06-11,9,lag_sensitivity,PP,c,unit_root,,Bartlett_short_bandwidth,True,ok,-6.177080975827035,6.590748493385006e-08,-4.6651863281249994,-3.3671868750000002,-2.802960625,2,8,True,
60min,2024-06-11,2024-06-11,2024-06-11,9,lag_sensitivity,KPSS,c,level_or_trend_stationarity,,Bartlett_short_bandwidth,True,ok,0.4142690705103422,0.0663540363779097,0.7428,0.4614,0.3475,2,9,False,
60min,2024-06-12,2024-06-12,2024-06-12,9,main,ADF,c,unit_root,0.0,bic,True,ok,-5.548914941306633,1.6366838514521194e-06,-4.6651863281249994,-3.3671868750000002,-2.802960625,0,8,True,
60min,2024-06-12,2024-06-12,2024-06-12,9,main,PP,c,unit_root,,Bartlett_short_bandwidth,True,ok,-5.155753099091068,1.0817488031430247e-05,-4.6651863281249994,-3.3671868750000002,-2.802960625,2,8,True,
60min,2024-06-12,2024-06-12,2024-06-12,9,main,KPSS,c,level_or_trend_stationarity,,Bartlett_short_bandwidth,True,ok,0.1553600403258155,0.3742855942684063,0.7428,0.4614,0.3475,2,9,False,
60min,2024-06-12,2024-06-12,2024-06-12,9,lag_sensitivity,ADF,c,unit_root,0.0,aic,True,ok,-5.548914941306633,1.6366838514521194e-06,-4.6651863281249994,-3.3671868750000002,-2.802960625,0,8,True,
60min,2024-06-12,2024-06-12,2024-06-12,9,lag_sensitivity,PP,c,unit_root,,Bartlett_short_bandwidth,True,ok,-5.155753099091068,1.0817488031430247e-05,-4.6651863281249994,-3.3671868750000002,-2.802960625,2,8,True,
60min,2024-06-12,2024-06-12,2024-06-12,9,lag_sensitivity,KPSS,c,level_or_trend_stationarity,,Bartlett_short_bandwidth,True,ok,0.1553600403258155,0.3742855942684063,0.7428,0.4614,0.3475,2,9,False,
60min,2024-06-13,2024-06-13,2024-06-13,9,main,ADF,c,unit_root,0.0,bic,True,ok,-2.7335824431950924,0.06840512714169002,-4.6651863281249994,-3.3671868750000002,-2.802960625,0,8,False,
60min,2024-06-13,2024-06-13,2024-06-13,9,main,PP,c,unit_root,,Bartlett_short_bandwidth,True,ok,-2.7515575830943466,0.06553350870865238,-4.6651863281249994,-3.3671868750000002,-2.802960625,2,8,False,
60min,2024-06-13,2024-06-13,2024-06-13,9,main,KPSS,c,level_or_trend_stationarity,,Bartlett_short_bandwidth,True,ok,0.1324234908072879,0.4482705566892242,0.7428,0.4614,0.3475,2,9,False,
60min,2024-06-13,2024-06-13,2024-06-13,9,lag_sensitivity,ADF,c,unit_root,0.0,aic,True,ok,-2.7335824431950924,0.06840512714169002,-4.6651863281249994,-3.3671868750000002,-2.802960625,0,8,False,
60min,2024-06-13,2024-06-13,2024-06-13,9,lag_sensitivity,PP,c,unit_root,,Bartlett_short_bandwidth,True,ok,-2.7515575830943466,0.06553350870865238,-4.6651863281249994,-3.3671868750000002,-2.802960625,2,8,False,
60min,2024-06-13,2024-06-13,2024-06-13,9,lag_sensitivity,KPSS,c,level_or_trend_stationarity,,Bartlett_short_bandwidth,True,ok,0.1324234908072879,0.4482705566892242,0.7428,0.4614,0.3475,2,9,False,
60min,2024-06-14,2024-06-14,2024-06-14,9,main,ADF,c,unit_root,0.0,bic,True,ok,-3.8021144311216353,0.0028857555329974477,-4.6651863281249994,-3.3671868750000002,-2.802960625,0,8,True,
60min,2024-06-14,2024-06-14,2024-06-14,9,main,PP,c,unit_root,,Bartlett_short_bandwidth,True,ok,-4.442559085431695,0.0002493753260123418,-4.6651863281249994,-3.3671868750000002,-2.802960625,2,8,True,
60min,2024-06-14,2024-06-14,2024-06-14,9,main,KPSS,c,level_or_trend_stationarity,,Bartlett_short_bandwidth,True,ok,0.13519008796204357,0.43852709602039874,0.7428,0.4614,0.3475,2,9,False,
60min,2024-06-14,2024-06-14,2024-06-14,9,lag_sensitivity,ADF,c,unit_root,0.0,aic,True,ok,-3.8021144311216353,0.0028857555329974477,-4.6651863281249994,-3.3671868750000002,-2.802960625,0,8,True,
60min,2024-06-14,2024-06-14,2024-06-14,9,lag_sensitivity,PP,c,unit_root,,Bartlett_short_bandwidth,True,ok,-4.442559085431695,0.0002493753260123418,-4.6651863281249994,-3.3671868750000002,-2.802960625,2,8,True,
60min,2024-06-14,2024-06-14,2024-06-14,9,lag_sensitivity,KPSS,c,level_or_trend_stationarity,,Bartlett_short_bandwidth,True,ok,0.13519008796204357,0.43852709602039874,0.7428,0.4614,0.3475,2,9,False,
60min,2024-06-17,2024-06-17,2024-06-17,9,main,ADF,c,unit_root,0.0,bic,True,ok,-2.186115739230996,0.21132317856698707,-4.6651863281249994,-3.3671868750000002,-2.802960625,0,8,False,
60min,2024-06-17,2024-06-17,2024-06-17,9,main,PP,c,unit_root,,Bartlett_short_bandwidth,True,ok,-2.135980292583983,0.2302949447137852,-4.6651863281249994,-3.3671868750000002,-2.802960625,2,8,False,
60min,2024-06-17,2024-06-17,2024-06-17,9,main,KPSS,c,level_or_trend_stationarity,,Bartlett_short_bandwidth,True,ok,0.11659779476162273,0.5101501629790589,0.7428,0.4614,0.3475,2,9,False,
60min,2024-06-17,2024-06-17,2024-06-17,9,lag_sensitivity,ADF,c,unit_root,0.0,aic,True,ok,-2.186115739230996,0.21132317856698707,-4.6651863281249994,-3.3671868750000002,-2.802960625,0,8,False,
60min,2024-06-17,2024-06-17,2024-06-17,9,lag_sensitivity,PP,c,unit_root,,Bartlett_short_bandwidth,True,ok,-2.135980292583983,0.2302949447137852,-4.6651863281249994,-3.3671868750000002,-2.802960625,2,8,False,
60min,2024-06-17,2024-06-17,2024-06-17,9,lag_sensitivity,KPSS,c,level_or_trend_stationarity,,Bartlett_short_bandwidth,True,ok,0.11659779476162273,0.5101501629790589,0.7428,0.4614,0.3475,2,9,False,
60min,2024-06-18,2024-06-18,2024-06-18,9,main,ADF,c,unit_root,0.0,bic,True,ok,-2.8186901466445815,0.055653211275300304,-4.6651863281249994,-3.3671868750000002,-2.802960625,0,8,False,
60min,2024-06-18,2024-06-18,2024-06-18,9,main,PP,c,unit_root,,Bartlett_short_bandwidth,True,ok,-2.916766621807114,0.0434327196426011,-4.6651863281249994,-3.3671868750000002,-2.802960625,2,8,False,
60min,2024-06-18,2024-06-18,2024-06-18,9,main,KPSS,c,level_or_trend_stationarity,,Bartlett_short_bandwidth,True,ok,0.3058814866003045,0.13064310744744392,0.7428,0.4614,0.3475,2,9,False,
60min,2024-06-18,2024-06-18,2024-06-18,9,lag_sensitivity,ADF,c,unit_root,0.0,aic,True,ok,-2.8186901466445815,0.055653211275300304,-4.6651863281249994,-3.3671868750000002,-2.802960625,0,8,False,
60min,2024-06-18,2024-06-18,2024-06-18,9,lag_sensitivity,PP,c,unit_root,,Bartlett_short_bandwidth,True,ok,-2.916766621807114,0.0434327196426011,-4.6651863281249994,-3.3671868750000002,-2.802960625,2,8,False,
60min,2024-06-18,2024-06-18,2024-06-18,9,lag_sensitivity,KPSS,c,level_or_trend_stationarity,,Bartlett_short_bandwidth,True,ok,0.3058814866003045,0.13064310744744392,0.7428,0.4614,0.3475,2,9,False,
60min,2024-06-19,2024-06-19,2024-06-19,9,main,ADF,c,unit_root,0.0,bic,True,ok,-2.184658102563288,0.211860724945099,-4.6651863281249994,-3.3671868750000002,-2.802960625,0,8,False,
60min,2024-06-19,2024-06-19,2024-06-19,9,main,PP,c,unit_root,,Bartlett_short_bandwidth,True,ok,-2.7496864198342443,0.06582785762623727,-4.6651863281249994,-3.3671868750000002,-2.802960625,2,8,False,
60min,2024-06-19,2024-06-19,2024-06-19,9,main,KPSS,c,level_or_trend_stationarity,,Bartlett_short_bandwidth,True,ok,0.34542096691754404,0.1014387772196927,0.7428,0.4614,0.3475,2,9,False,
60min,2024-06-19,2024-06-19,2024-06-19,9,lag_sensitivity,ADF,c,unit_root,0.0,aic,True,ok,-2.184658102563288,0.211860724945099,-4.6651863281249994,-3.3671868750000002,-2.802960625,0,8,False,
60min,2024-06-19,2024-06-19,2024-06-19,9,lag_sensitivity,PP,c,unit_root,,Bartlett_short_bandwidth,True,ok,-2.7496864198342443,0.06582785762623727,-4.6651863281249994,-3.3671868750000002,-2.802960625,2,8,False,
60min,2024-06-19,2024-06-19,2024-06-19,9,lag_sensitivity,KPSS,c,level_or_trend_stationarity,,Bartlett_short_bandwidth,True,ok,0.34542096691754404,0.1014387772196927,0.7428,0.4614,0.3475,2,9,False,
60min,2024-06-20,2024-06-20,2024-06-20,9,main,ADF,c,unit_root,0.0,bic,True,ok,-2.866854532484568,0.049340360780215815,-4.6651863281249994,-3.3671868750000002,-2.802960625,0,8,False,
60min,2024-06-20,2024-06-20,2024-06-20,9,main,PP,c,unit_root,,Bartlett_short_bandwidth,True,ok,-2.872382429612372,0.048655092068637475,-4.6651863281249994,-3.3671868750000002,-2.802960625,2,8,False,
60min,2024-06-20,2024-06-20,2024-06-20,9,main,KPSS,c,level_or_trend_stationarity,,Bartlett_short_bandwidth,True,ok,0.1707117169268043,0.3328491996797871,0.7428,0.4614,0.3475,2,9,False,
60min,2024-06-20,2024-06-20,2024-06-20,9,lag_sensitivity,ADF,c,unit_root,0.0,aic,True,ok,-2.866854532484568,0.049340360780215815,-4.6651863281249994,-3.3671868750000002,-2.802960625,0,8,False,
60min,2024-06-20,2024-06-20,2024-06-20,9,lag_sensitivity,PP,c,unit_root,,Bartlett_short_bandwidth,True,ok,-2.872382429612372,0.048655092068637475,-4.6651863281249994,-3.3671868750000002,-2.802960625,2,8,False,
60min,2024-06-20,2024-06-20,2024-06-20,9,lag_sensitivity,KPSS,c,level_or_trend_stationarity,,Bartlett_short_bandwidth,True,ok,0.1707117169268043,0.3328491996797871,0.7428,0.4614,0.3475,2,9,False,
60min,2024-06-21,2024-06-21,2024-06-21,9,main,ADF,c,unit_root,0.0,bic,True,ok,-4.448055833898637,0.0002437993159450768,-4.6651863281249994,-3.3671868750000002,-2.802960625,0,8,True,
60min,2024-06-21,2024-06-21,2024-06-21,9,main,PP,c,unit_root,,Bartlett_short_bandwidth,True,ok,-4.430295417694201,0.00026225532498042807,-4.6651863281249994,-3.3671868750000002,-2.802960625,2,8,True,
60min,2024-06-21,2024-06-21,2024-06-21,9,main,KPSS,c,level_or_trend_stationarity,,Bartlett_short_bandwidth,True,ok,0.17533198700936495,0.3211818509864522,0.7428,0.4614,0.3475,2,9,False,
60min,2024-06-21,2024-06-21,2024-06-21,9,lag_sensitivity,ADF,c,unit_root,0.0,aic,True,ok,-4.448055833898637,0.0002437993159450768,-4.6651863281249994,-3.3671868750000002,-2.802960625,0,8,True,
60min,2024-06-21,2024-06-21,2024-06-21,9,lag_sensitivity,PP,c,unit_root,,Bartlett_short_bandwidth,True,ok,-4.430295417694201,0.00026225532498042807,-4.6651863281249994,-3.3671868750000002,-2.802960625,2,8,True,
60min,2024-06-21,2024-06-21,2024-06-21,9,lag_sensitivity,KPSS,c,level_or_trend_stationarity,,Bartlett_short_bandwidth,True,ok,0.17533198700936495,0.3211818509864522,0.7428,0.4614,0.3475,2,9,False,
60min,2024-06-24,2024-06-24,2024-06-24,9,main,ADF,c,unit_root,0.0,bic,True,ok,-2.2863302938035357,0.17641463232920962,-4.6651863281249994,-3.3671868750000002,-2.802960625,0,8,False,
60min,2024-06-24,2024-06-24,2024-06-24,9,main,PP,c,unit_root,,Bartlett_short_bandwidth,True,ok,-2.229182613735034,0.195824822288573,-4.6651863281249994,-3.3671868750000002,-2.802960625,2,8,False,
60min,2024-06-24,2024-06-24,2024-06-24,9,main,KPSS,c,level_or_trend_stationarity,,Bartlett_short_bandwidth,True,ok,0.27139811306076433,0.16333529889503715,0.7428,0.4614,0.3475,2,9,False,
60min,2024-06-24,2024-06-24,2024-06-24,9,lag_sensitivity,ADF,c,unit_root,0.0,aic,True,ok,-2.2863302938035357,0.17641463232920962,-4.6651863281249994,-3.3671868750000002,-2.802960625,0,8,False,
60min,2024-06-24,2024-06-24,2024-06-24,9,lag_sensitivity,PP,c,unit_root,,Bartlett_short_bandwidth,True,ok,-2.229182613735034,0.195824822288573,-4.6651863281249994,-3.3671868750000002,-2.802960625,2,8,False,
60min,2024-06-24,2024-06-24,2024-06-24,9,lag_sensitivity,KPSS,c,level_or_trend_stationarity,,Bartlett_short_bandwidth,True,ok,0.27139811306076433,0.16333529889503715,0.7428,0.4614,0.3475,2,9,False,
60min,2024-06-25,2024-06-25,2024-06-25,9,main,ADF,c,unit_root,0.0,bic,True,ok,-2.9996488739268985,0.03492720404637296,-4.6651863281249994,-3.3671868750000002,-2.802960625,0,8,False,
60min,2024-06-25,2024-06-25,2024-06-25,9,main,PP,c,unit_root,,Bartlett_short_bandwidth,True,ok,-3.0576514567166777,0.02985008210165122,-4.6651863281249994,-3.3671868750000002,-2.802960625,2,8,False,
60min,2024-06-25,2024-06-25,2024-06-25,9,main,KPSS,c,level_or_trend_stationarity,,Bartlett_short_bandwidth,True,ok,0.2585667493063426,0.17796144310806622,0.7428,0.4614,0.3475,2,9,False,
60min,2024-06-25,2024-06-25,2024-06-25,9,lag_sensitivity,ADF,c,unit_root,0.0,aic,True,ok,-2.9996488739268985,0.03492720404637296,-4.6651863281249994,-3.3671868750000002,-2.802960625,0,8,False,
60min,2024-06-25,2024-06-25,2024-06-25,9,lag_sensitivity,PP,c,unit_root,,Bartlett_short_bandwidth,True,ok,-3.0576514567166777,0.02985008210165122,-4.6651863281249994,-3.3671868750000002,-2.802960625,2,8,False,
60min,2024-06-25,2024-06-25,2024-06-25,9,lag_sensitivity,KPSS,c,level_or_trend_stationarity,,Bartlett_short_bandwidth,True,ok,0.2585667493063426,0.17796144310806622,0.7428,0.4614,0.3475,2,9,False,
60min,2024-06-26,2024-06-26,2024-06-26,9,main,ADF,c,unit_root,0.0,bic,True,ok,-4.338603656288109,0.00038058802982081504,-4.6651863281249994,-3.3671868750000002,-2.802960625,0,8,True,
60min,2024-06-26,2024-06-26,2024-06-26,9,main,PP,c,unit_root,,Bartlett_short_bandwidth,True,ok,-6.144599986763525,7.822216881998802e-08,-4.6651863281249994,-3.3671868750000002,-2.802960625,2,8,True,
60min,2024-06-26,2024-06-26,2024-06-26,9,main,KPSS,c,level_or_trend_stationarity,,Bartlett_short_bandwidth,True,ok,0.2608337331089196,0.17534569256663118,0.7428,0.4614,0.3475,2,9,False,
60min,2024-06-26,2024-06-26,2024-06-26,9,lag_sensitivity,ADF,c,unit_root,0.0,aic,True,ok,-4.338603656288109,0.00038058802982081504,-4.6651863281249994,-3.3671868750000002,-2.802960625,0,8,True,
60min,2024-06-26,2024-06-26,2024-06-26,9,lag_sensitivity,PP,c,unit_root,,Bartlett_short_bandwidth,True,ok,-6.144599986763525,7.822216881998802e-08,-4.6651863281249994,-3.3671868750000002,-2.802960625,2,8,True,
60min,2024-06-26,2024-06-26,2024-06-26,9,lag_sensitivity,KPSS,c,level_or_trend_stationarity,,Bartlett_short_bandwidth,True,ok,0.2608337331089196,0.17534569256663118,0.7428,0.4614,0.3475,2,9,False,
60min,2024-06-27,2024-06-27,2024-06-27,9,main,ADF,c,unit_root,0.0,bic,True,ok,-4.954634111789749,2.7269075446209223e-05,-4.6651863281249994,-3.3671868750000002,-2.802960625,0,8,True,
60min,2024-06-27,2024-06-27,2024-06-27,9,main,PP,c,unit_root,,Bartlett_short_bandwidth,True,ok,-5.019084534563,2.0341847556005292e-05,-4.6651863281249994,-3.3671868750000002,-2.802960625,2,8,True,
60min,2024-06-27,2024-06-27,2024-06-27,9,main,KPSS,c,level_or_trend_stationarity,,Bartlett_short_bandwidth,True,ok,0.16822666505472242,0.33912458319514543,0.7428,0.4614,0.3475,2,9,False,
60min,2024-06-27,2024-06-27,2024-06-27,9,lag_sensitivity,ADF,c,unit_root,0.0,aic,True,ok,-4.954634111789749,2.7269075446209223e-05,-4.6651863281249994,-3.3671868750000002,-2.802960625,0,8,True,
60min,2024-06-27,2024-06-27,2024-06-27,9,lag_sensitivity,PP,c,unit_root,,Bartlett_short_bandwidth,True,ok,-5.019084534563,2.0341847556005292e-05,-4.6651863281249994,-3.3671868750000002,-2.802960625,2,8,True,
60min,2024-06-27,2024-06-27,2024-06-27,9,lag_sensitivity,KPSS,c,level_or_trend_stationarity,,Bartlett_short_bandwidth,True,ok,0.16822666505472242,0.33912458319514543,0.7428,0.4614,0.3475,2,9,False,
60min,2024-06-28,2024-06-28,2024-06-28,9,main,ADF,c,unit_root,0.0,bic,True,ok,-5.321989910340183,4.929637733790802e-06,-4.6651863281249994,-3.3671868750000002,-2.802960625,0,8,True,
60min,2024-06-28,2024-06-28,2024-06-28,9,main,PP,c,unit_root,,Bartlett_short_bandwidth,True,ok,-6.927404071483241,1.1062310327685624e-09,-4.6651863281249994,-3.3671868750000002,-2.802960625,2,8,True,
60min,2024-06-28,2024-06-28,2024-06-28,9,main,KPSS,c,level_or_trend_stationarity,,Bartlett_short_bandwidth,True,ok,0.19064706050087754,0.2869211478704733,0.7428,0.4614,0.3475,2,9,False,
60min,2024-06-28,2024-06-28,2024-06-28,9,lag_sensitivity,ADF,c,unit_root,0.0,aic,True,ok,-5.321989910340183,4.929637733790802e-06,-4.6651863281249994,-3.3671868750000002,-2.802960625,0,8,True,
60min,2024-06-28,2024-06-28,2024-06-28,9,lag_sensitivity,PP,c,unit_root,,Bartlett_short_bandwidth,True,ok,-6.927404071483241,1.1062310327685624e-09,-4.6651863281249994,-3.3671868750000002,-2.802960625,2,8,True,
60min,2024-06-28,2024-06-28,2024-06-28,9,lag_sensitivity,KPSS,c,level_or_trend_stationarity,,Bartlett_short_bandwidth,True,ok,0.19064706050087754,0.2869211478704733,0.7428,0.4614,0.3475,2,9,False,
60min,2024-07-01,2024-07-01,2024-07-01,9,main,ADF,c,unit_root,0.0,bic,True,ok,-2.4649176138260316,0.12424521526173071,-4.6651863281249994,-3.3671868750000002,-2.802960625,0,8,False,
60min,2024-07-01,2024-07-01,2024-07-01,9,main,PP,c,unit_root,,Bartlett_short_bandwidth,True,ok,-2.4927486920298105,0.11724863014319664,-4.6651863281249994,-3.3671868750000002,-2.802960625,2,8,False,
60min,2024-07-01,2024-07-01,2024-07-01,9,main,KPSS,c,level_or_trend_stationarity,,Bartlett_short_bandwidth,True,ok,0.2525398557854113,0.18546172335203676,0.7428,0.4614,0.3475,2,9,False,
60min,2024-07-01,2024-07-01,2024-07-01,9,lag_sensitivity,ADF,c,unit_root,0.0,aic,True,ok,-2.4649176138260316,0.12424521526173071,-4.6651863281249994,-3.3671868750000002,-2.802960625,0,8,False,
60min,2024-07-01,2024-07-01,2024-07-01,9,lag_sensitivity,PP,c,unit_root,,Bartlett_short_bandwidth,True,ok,-2.4927486920298105,0.11724863014319664,-4.6651863281249994,-3.3671868750000002,-2.802960625,2,8,False,
60min,2024-07-01,2024-07-01,2024-07-01,9,lag_sensitivity,KPSS,c,level_or_trend_stationarity,,Bartlett_short_bandwidth,True,ok,0.2525398557854113,0.18546172335203676,0.7428,0.4614,0.3475,2,9,False,
60min,2024-07-02,2024-07-02,2024-07-02,9,main,ADF,c,unit_root,0.0,bic,True,ok,-1.8989398555075105,0.33256000040037603,-4.6651863281249994,-3.3671868750000002,-2.802960625,0,8,False,
60min,2024-07-02,2024-07-02,2024-07-02,9,main,PP,c,unit_root,,Bartlett_short_bandwidth,True,ok,-1.852254808244251,0.3548442366438016,-4.6651863281249994,-3.3671868750000002,-2.802960625,2,8,False,
60min,2024-07-02,2024-07-02,2024-07-02,9,main,KPSS,c,level_or_trend_stationarity,,Bartlett_short_bandwidth,True,ok,0.13395969190389717,0.4427407811510371,0.7428,0.4614,0.3475,2,9,False,
60min,2024-07-02,2024-07-02,2024-07-02,9,lag_sensitivity,ADF,c,unit_root,0.0,aic,True,ok,-1.8989398555075105,0.33256000040037603,-4.6651863281249994,-3.3671868750000002,-2.802960625,0,8,False,
60min,2024-07-02,2024-07-02,2024-07-02,9,lag_sensitivity,PP,c,unit_root,,Bartlett_short_bandwidth,True,ok,-1.852254808244251,0.3548442366438016,-4.6651863281249994,-3.3671868750000002,-2.802960625,2,8,False,
60min,2024-07-02,2024-07-02,2024-07-02,9,lag_sensitivity,KPSS,c,level_or_trend_stationarity,,Bartlett_short_bandwidth,True,ok,0.13395969190389717,0.4427407811510371,0.7428,0.4614,0.3475,2,9,False,
60min,2024-07-03,2024-07-03,2024-07-03,9,main,ADF,c,unit_root,0.0,bic,True,ok,-2.8685226243339184,0.049132742807282456,-4.6651863281249994,-3.3671868750000002,-2.802960625,0,8,False,
60min,2024-07-03,2024-07-03,2024-07-03,9,main,PP,c,unit_root,,Bartlett_short_bandwidth,True,ok,-2.9419674973713286,0.04068089264400797,-4.6651863281249994,-3.3671868750000002,-2.802960625,2,8,False,
60min,2024-07-03,2024-07-03,2024-07-03,9,main,KPSS,c,level_or_trend_stationarity,,Bartlett_short_bandwidth,True,ok,0.3098461242590005,0.12732541903012512,0.7428,0.4614,0.3475,2,9,False,
60min,2024-07-03,2024-07-03,2024-07-03,9,lag_sensitivity,ADF,c,unit_root,0.0,aic,True,ok,-2.8685226243339184,0.049132742807282456,-4.6651863281249994,-3.3671868750000002,-2.802960625,0,8,False,
60min,2024-07-03,2024-07-03,2024-07-03,9,lag_sensitivity,PP,c,unit_root,,Bartlett_short_bandwidth,True,ok,-2.9419674973713286,0.04068089264400797,-4.6651863281249994,-3.3671868750000002,-2.802960625,2,8,False,
60min,2024-07-03,2024-07-03,2024-07-03,9,lag_sensitivity,KPSS,c,level_or_trend_stationarity,,Bartlett_short_bandwidth,True,ok,0.3098461242590005,0.12732541903012512,0.7428,0.4614,0.3475,2,9,False,
60min,2024-07-04,2024-07-04,2024-07-04,9,main,ADF,c,unit_root,0.0,bic,True,ok,-3.6700443254607693,0.004554790610627137,-4.6651863281249994,-3.3671868750000002,-2.802960625,0,8,True,
60min,2024-07-04,2024-07-04,2024-07-04,9,main,PP,c,unit_root,,Bartlett_short_bandwidth,True,ok,-3.818000252896782,0.0027284257997046623,-4.6651863281249994,-3.3671868750000002,-2.802960625,2,8,True,
60min,2024-07-04,2024-07-04,2024-07-04,9,main,KPSS,c,level_or_trend_stationarity,,Bartlett_short_bandwidth,True,ok,0.28449979657157537,0.14971447945564254,0.7428,0.4614,0.3475,2,9,False,
60min,2024-07-04,2024-07-04,2024-07-04,9,lag_sensitivity,ADF,c,unit_root,0.0,aic,True,ok,-3.6700443254607693,0.004554790610627137,-4.6651863281249994,-3.3671868750000002,-2.802960625,0,8,True,
60min,2024-07-04,2024-07-04,2024-07-04,9,lag_sensitivity,PP,c,unit_root,,Bartlett_short_bandwidth,True,ok,-3.818000252896782,0.0027284257997046623,-4.6651863281249994,-3.3671868750000002,-2.802960625,2,8,True,
60min,2024-07-04,2024-07-04,2024-07-04,9,lag_sensitivity,KPSS,c,level_or_trend_stationarity,,Bartlett_short_bandwidth,True,ok,0.28449979657157537,0.14971447945564254,0.7428,0.4614,0.3475,2,9,False,
60min,2024-07-05,2024-07-05,2024-07-05,9,main,ADF,c,unit_root,0.0,bic,True,ok,-2.3910374113093344,0.14428202848640798,-4.6651863281249994,-3.3671868750000002,-2.802960625,0,8,False,
60min,2024-07-05,2024-07-05,2024-07-05,9,main,PP,c,unit_root,,Bartlett_short_bandwidth,True,ok,-2.536799894014116,0.10677527856053048,-4.6651863281249994,-3.3671868750000002,-2.802960625,2,8,False,
60min,2024-07-05,2024-07-05,2024-07-05,9,main,KPSS,c,level_or_trend_stationarity,,Bartlett_short_bandwidth,True,ok,0.32385862857579273,0.11636081067419188,0.7428,0.4614,0.3475,2,9,False,
60min,2024-07-05,2024-07-05,2024-07-05,9,lag_sensitivity,ADF,c,unit_root,0.0,aic,True,ok,-2.3910374113093344,0.14428202848640798,-4.6651863281249994,-3.3671868750000002,-2.802960625,0,8,False,
60min,2024-07-05,2024-07-05,2024-07-05,9,lag_sensitivity,PP,c,unit_root,,Bartlett_short_bandwidth,True,ok,-2.536799894014116,0.10677527856053048,-4.6651863281249994,-3.3671868750000002,-2.802960625,2,8,False,
60min,2024-07-05,2024-07-05,2024-07-05,9,lag_sensitivity,KPSS,c,level_or_trend_stationarity,,Bartlett_short_bandwidth,True,ok,0.32385862857579273,0.11636081067419188,0.7428,0.4614,0.3475,2,9,False,
60min,2024-07-08,2024-07-08,2024-07-08,9,main,ADF,c,unit_root,0.0,bic,True,ok,-6.926619237974402,1.1110981433241241e-09,-4.6651863281249994,-3.3671868750000002,-2.802960625,0,8,True,
60min,2024-07-08,2024-07-08,2024-07-08,9,main,PP,c,unit_root,,Bartlett_short_bandwidth,True,ok,-8.082345307461495,1.4500692287827331e-12,-4.6651863281249994,-3.3671868750000002,-2.802960625,2,8,True,
60min,2024-07-08,2024-07-08,2024-07-08,9,main,KPSS,c,level_or_trend_stationarity,,Bartlett_short_bandwidth,True,ok,0.1295208170913652,0.4591014287635627,0.7428,0.4614,0.3475,2,9,False,
60min,2024-07-08,2024-07-08,2024-07-08,9,lag_sensitivity,ADF,c,unit_root,0.0,aic,True,ok,-6.926619237974402,1.1110981433241241e-09,-4.6651863281249994,-3.3671868750000002,-2.802960625,0,8,True,
60min,2024-07-08,2024-07-08,2024-07-08,9,lag_sensitivity,PP,c,unit_root,,Bartlett_short_bandwidth,True,ok,-8.082345307461495,1.4500692287827331e-12,-4.6651863281249994,-3.3671868750000002,-2.802960625,2,8,True,
60min,2024-07-08,2024-07-08,2024-07-08,9,lag_sensitivity,KPSS,c,level_or_trend_stationarity,,Bartlett_short_bandwidth,True,ok,0.1295208170913652,0.4591014287635627,0.7428,0.4614,0.3475,2,9,False,
60min,2024-07-09,2024-07-09,2024-07-09,9,main,ADF,c,unit_root,0.0,bic,True,ok,-3.227252194074046,0.018460424416919707,-4.6651863281249994,-3.3671868750000002,-2.802960625,0,8,False,
60min,2024-07-09,2024-07-09,2024-07-09,9,main,PP,c,unit_root,,Bartlett_short_bandwidth,True,ok,-3.1828804518601688,0.020997258604983544,-4.6651863281249994,-3.3671868750000002,-2.802960625,2,8,False,
60min,2024-07-09,2024-07-09,2024-07-09,9,main,KPSS,c,level_or_trend_stationarity,,Bartlett_short_bandwidth,True,ok,0.21490496544283544,0.24070541885207955,0.7428,0.4614,0.3475,2,9,False,
60min,2024-07-09,2024-07-09,2024-07-09,9,lag_sensitivity,ADF,c,unit_root,0.0,aic,True,ok,-3.227252194074046,0.018460424416919707,-4.6651863281249994,-3.3671868750000002,-2.802960625,0,8,False,
60min,2024-07-09,2024-07-09,2024-07-09,9,lag_sensitivity,PP,c,unit_root,,Bartlett_short_bandwidth,True,ok,-3.1828804518601688,0.020997258604983544,-4.6651863281249994,-3.3671868750000002,-2.802960625,2,8,False,
60min,2024-07-09,2024-07-09,2024-07-09,9,lag_sensitivity,KPSS,c,level_or_trend_stationarity,,Bartlett_short_bandwidth,True,ok,0.21490496544283544,0.24070541885207955,0.7428,0.4614,0.3475,2,9,False,
60min,2024-07-10,2024-07-10,2024-07-10,9,main,ADF,c,unit_root,0.0,bic,True,ok,-1.2223381771106097,0.6639133400842073,-4.6651863281249994,-3.3671868750000002,-2.802960625,0,8,False,
60min,2024-07-10,2024-07-10,2024-07-10,9,main,PP,c,unit_root,,Bartlett_short_bandwidth,True,ok,-1.3661993560977235,0.5983690714797034,-4.6651863281249994,-3.3671868750000002,-2.802960625,2,8,False,
60min,2024-07-10,2024-07-10,2024-07-10,9,main,KPSS,c,level_or_trend_stationarity,,Bartlett_short_bandwidth,True,ok,0.16460330677046847,0.3485623440371745,0.7428,0.4614,0.3475,2,9,False,
60min,2024-07-10,2024-07-10,2024-07-10,9,lag_sensitivity,ADF,c,unit_root,0.0,aic,True,ok,-1.2223381771106097,0.6639133400842073,-4.6651863281249994,-3.3671868750000002,-2.802960625,0,8,False,
60min,2024-07-10,2024-07-10,2024-07-10,9,lag_sensitivity,PP,c,unit_root,,Bartlett_short_bandwidth,True,ok,-1.3661993560977235,0.5983690714797034,-4.6651863281249994,-3.3671868750000002,-2.802960625,2,8,False,
60min,2024-07-10,2024-07-10,2024-07-10,9,lag_sensitivity,KPSS,c,level_or_trend_stationarity,,Bartlett_short_bandwidth,True,ok,0.16460330677046847,0.3485623440371745,0.7428,0.4614,0.3475,2,9,False,
60min,2024-07-11,2024-07-11,2024-07-11,9,main,ADF,c,unit_root,0.0,bic,True,ok,-4.201922660161416,0.000653979809693708,-4.6651863281249994,-3.3671868750000002,-2.802960625,0,8,True,
60min,2024-07-11,2024-07-11,2024-07-11,9,main,PP,c,unit_root,,Bartlett_short_bandwidth,True,ok,-5.86559498449176,3.3314066789386515e-07,-4.6651863281249994,-3.3671868750000002,-2.802960625,2,8,True,
60min,2024-07-11,2024-07-11,2024-07-11,9,main,KPSS,c,level_or_trend_stationarity,,Bartlett_short_bandwidth,True,ok,0.2805470799871578,0.15380512501337731,0.7428,0.4614,0.3475,2,9,False,
60min,2024-07-11,2024-07-11,2024-07-11,9,lag_sensitivity,ADF,c,unit_root,0.0,aic,True,ok,-4.201922660161416,0.000653979809693708,-4.6651863281249994,-3.3671868750000002,-2.802960625,0,8,True,
60min,2024-07-11,2024-07-11,2024-07-11,9,lag_sensitivity,PP,c,unit_root,,Bartlett_short_bandwidth,True,ok,-5.86559498449176,3.3314066789386515e-07,-4.6651863281249994,-3.3671868750000002,-2.802960625,2,8,True,
60min,2024-07-11,2024-07-11,2024-07-11,9,lag_sensitivity,KPSS,c,level_or_trend_stationarity,,Bartlett_short_bandwidth,True,ok,0.2805470799871578,0.15380512501337731,0.7428,0.4614,0.3475,2,9,False,
60min,2024-07-12,2024-07-12,2024-07-12,9,main,ADF,c,unit_root,0.0,bic,True,ok,-3.993799732918523,0.001443327928752718,-4.6651863281249994,-3.3671868750000002,-2.802960625,0,8,True,
60min,2024-07-12,2024-07-12,2024-07-12,9,main,PP,c,unit_root,,Bartlett_short_bandwidth,True,ok,-4.276490571149019,0.00048774747316431406,-4.6651863281249994,-3.3671868750000002,-2.802960625,2,8,True,
60min,2024-07-12,2024-07-12,2024-07-12,9,main,KPSS,c,level_or_trend_stationarity,,Bartlett_short_bandwidth,True,ok,0.18115241642454902,0.3076955944263241,0.7428,0.4614,0.3475,2,9,False,
60min,2024-07-12,2024-07-12,2024-07-12,9,lag_sensitivity,ADF,c,unit_root,0.0,aic,True,ok,-3.993799732918523,0.001443327928752718,-4.6651863281249994,-3.3671868750000002,-2.802960625,0,8,True,
60min,2024-07-12,2024-07-12,2024-07-12,9,lag_sensitivity,PP,c,unit_root,,Bartlett_short_bandwidth,True,ok,-4.276490571149019,0.00048774747316431406,-4.6651863281249994,-3.3671868750000002,-2.802960625,2,8,True,
60min,2024-07-12,2024-07-12,2024-07-12,9,lag_sensitivity,KPSS,c,level_or_trend_stationarity,,Bartlett_short_bandwidth,True,ok,0.18115241642454902,0.3076955944263241,0.7428,0.4614,0.3475,2,9,False,
60min,2024-07-15,2024-07-15,2024-07-15,9,main,ADF,c,unit_root,0.0,bic,True,ok,-5.994873590438518,1.7110454364954868e-07,-4.6651863281249994,-3.3671868750000002,-2.802960625,0,8,True,
60min,2024-07-15,2024-07-15,2024-07-15,9,main,PP,c,unit_root,,Bartlett_short_bandwidth,True,ok,-9.444812146032637,4.787117524997431e-16,-4.6651863281249994,-3.3671868750000002,-2.802960625,2,8,True,
60min,2024-07-15,2024-07-15,2024-07-15,9,main,KPSS,c,level_or_trend_stationarity,,Bartlett_short_bandwidth,True,ok,0.3716039287284921,0.08608482134321079,0.7428,0.4614,0.3475,2,9,False,
60min,2024-07-15,2024-07-15,2024-07-15,9,lag_sensitivity,ADF,c,unit_root,0.0,aic,True,ok,-5.994873590438518,1.7110454364954868e-07,-4.6651863281249994,-3.3671868750000002,-2.802960625,0,8,True,
60min,2024-07-15,2024-07-15,2024-07-15,9,lag_sensitivity,PP,c,unit_root,,Bartlett_short_bandwidth,True,ok,-9.444812146032637,4.787117524997431e-16,-4.6651863281249994,-3.3671868750000002,-2.802960625,2,8,True,
60min,2024-07-15,2024-07-15,2024-07-15,9,lag_sensitivity,KPSS,c,level_or_trend_stationarity,,Bartlett_short_bandwidth,True,ok,0.3716039287284921,0.08608482134321079,0.7428,0.4614,0.3475,2,9,False,
60min,2024-07-16,2024-07-16,2024-07-16,9,main,ADF,c,unit_root,0.0,bic,True,ok,-5.014289873437682,2.0792426291998168e-05,-4.6651863281249994,-3.3671868750000002,-2.802960625,0,8,True,
60min,2024-07-16,2024-07-16,2024-07-16,9,main,PP,c,unit_root,,Bartlett_short_bandwidth,True,ok,-5.062497149578728,1.6668894696338636e-05,-4.6651863281249994,-3.3671868750000002,-2.802960625,2,8,True,
60min,2024-07-16,2024-07-16,2024-07-16,9,main,KPSS,c,level_or_trend_stationarity,,Bartlett_short_bandwidth,True,ok,0.1818413821073952,0.30611176527035583,0.7428,0.4614,0.3475,2,9,False,
60min,2024-07-16,2024-07-16,2024-07-16,9,lag_sensitivity,ADF,c,unit_root,0.0,aic,True,ok,-5.014289873437682,2.0792426291998168e-05,-4.6651863281249994,-3.3671868750000002,-2.802960625,0,8,True,
60min,2024-07-16,2024-07-16,2024-07-16,9,lag_sensitivity,PP,c,unit_root,,Bartlett_short_bandwidth,True,ok,-5.062497149578728,1.6668894696338636e-05,-4.6651863281249994,-3.3671868750000002,-2.802960625,2,8,True,
60min,2024-07-16,2024-07-16,2024-07-16,9,lag_sensitivity,KPSS,c,level_or_trend_stationarity,,Bartlett_short_bandwidth,True,ok,0.1818413821073952,0.30611176527035583,0.7428,0.4614,0.3475,2,9,False,
60min,2024-07-17,2024-07-17,2024-07-17,9,main,ADF,c,unit_root,0.0,bic,True,ok,-2.794202616314685,0.05910666681957044,-4.6651863281249994,-3.3671868750000002,-2.802960625,0,8,False,
60min,2024-07-17,2024-07-17,2024-07-17,9,main,PP,c,unit_root,,Bartlett_short_bandwidth,True,ok,-2.7970226720337648,0.058700318358215195,-4.6651863281249994,-3.3671868750000002,-2.802960625,2,8,False,
60min,2024-07-17,2024-07-17,2024-07-17,9,main,KPSS,c,level_or_trend_stationarity,,Bartlett_short_bandwidth,True,ok,0.27201681662814725,0.1626908160123466,0.7428,0.4614,0.3475,2,9,False,
60min,2024-07-17,2024-07-17,2024-07-17,9,lag_sensitivity,ADF,c,unit_root,0.0,aic,True,ok,-2.794202616314685,0.05910666681957044,-4.6651863281249994,-3.3671868750000002,-2.802960625,0,8,False,
60min,2024-07-17,2024-07-17,2024-07-17,9,lag_sensitivity,PP,c,unit_root,,Bartlett_short_bandwidth,True,ok,-2.7970226720337648,0.058700318358215195,-4.6651863281249994,-3.3671868750000002,-2.802960625,2,8,False,
60min,2024-07-17,2024-07-17,2024-07-17,9,lag_sensitivity,KPSS,c,level_or_trend_stationarity,,Bartlett_short_bandwidth,True,ok,0.27201681662814725,0.1626908160123466,0.7428,0.4614,0.3475,2,9,False,
60min,2024-07-18,2024-07-18,2024-07-18,9,main,ADF,c,unit_root,0.0,bic,True,ok,-0.5066740140455874,0.8907075139431808,-4.6651863281249994,-3.3671868750000002,-2.802960625,0,8,False,
60min,2024-07-18,2024-07-18,2024-07-18,9,main,PP,c,unit_root,,Bartlett_short_bandwidth,True,ok,-0.027268988800248195,0.9562180173848798,-4.6651863281249994,-3.3671868750000002,-2.802960625,2,8,False,
60min,2024-07-18,2024-07-18,2024-07-18,9,main,KPSS,c,level_or_trend_stationarity,,Bartlett_short_bandwidth,True,ok,0.42152376784628115,0.06352489930590935,0.7428,0.4614,0.3475,2,9,False,
60min,2024-07-18,2024-07-18,2024-07-18,9,lag_sensitivity,ADF,c,unit_root,0.0,aic,True,ok,-0.5066740140455874,0.8907075139431808,-4.6651863281249994,-3.3671868750000002,-2.802960625,0,8,False,
60min,2024-07-18,2024-07-18,2024-07-18,9,lag_sensitivity,PP,c,unit_root,,Bartlett_short_bandwidth,True,ok,-0.027268988800248195,0.9562180173848798,-4.6651863281249994,-3.3671868750000002,-2.802960625,2,8,False,
60min,2024-07-18,2024-07-18,2024-07-18,9,lag_sensitivity,KPSS,c,level_or_trend_stationarity,,Bartlett_short_bandwidth,True,ok,0.42152376784628115,0.06352489930590935,0.7428,0.4614,0.3475,2,9,False,
60min,2024-07-19,2024-07-19,2024-07-19,9,main,ADF,c,unit_root,0.0,bic,True,ok,-5.6576605979442025,9.538526950596105e-07,-4.6651863281249994,-3.3671868750000002,-2.802960625,0,8,True,
60min,2024-07-19,2024-07-19,2024-07-19,9,main,PP,c,unit_root,,Bartlett_short_bandwidth,True,ok,-6.865362628064036,1.5641494170461741e-09,-4.6651863281249994,-3.3671868750000002,-2.802960625,2,8,True,
60min,2024-07-19,2024-07-19,2024-07-19,9,main,KPSS,c,level_or_trend_stationarity,,Bartlett_short_bandwidth,True,ok,0.17472268824694231,0.3227204842248932,0.7428,0.4614,0.3475,2,9,False,
60min,2024-07-19,2024-07-19,2024-07-19,9,lag_sensitivity,ADF,c,unit_root,0.0,aic,True,ok,-5.6576605979442025,9.538526950596105e-07,-4.6651863281249994,-3.3671868750000002,-2.802960625,0,8,True,
60min,2024-07-19,2024-07-19,2024-07-19,9,lag_sensitivity,PP,c,unit_root,,Bartlett_short_bandwidth,True,ok,-6.865362628064036,1.5641494170461741e-09,-4.6651863281249994,-3.3671868750000002,-2.802960625,2,8,True,
60min,2024-07-19,2024-07-19,2024-07-19,9,lag_sensitivity,KPSS,c,level_or_trend_stationarity,,Bartlett_short_bandwidth,True,ok,0.17472268824694231,0.3227204842248932,0.7428,0.4614,0.3475,2,9,False,
60min,2024-07-22,2024-07-22,2024-07-22,9,main,ADF,c,unit_root,0.0,bic,True,ok,-1.7042309119901318,0.42893391273158876,-4.6651863281249994,-3.3671868750000002,-2.802960625,0,8,False,
60min,2024-07-22,2024-07-22,2024-07-22,9,main,PP,c,unit_root,,Bartlett_short_bandwidth,True,ok,-1.8860977002319728,0.3386291876843439,-4.6651863281249994,-3.3671868750000002,-2.802960625,2,8,False,
60min,2024-07-22,2024-07-22,2024-07-22,9,main,KPSS,c,level_or_trend_stationarity,,Bartlett_short_bandwidth,True,ok,0.17997172809851839,0.3104098204631761,0.7428,0.4614,0.3475,2,9,False,
60min,2024-07-22,2024-07-22,2024-07-22,9,lag_sensitivity,ADF,c,unit_root,0.0,aic,True,ok,-1.7042309119901318,0.42893391273158876,-4.6651863281249994,-3.3671868750000002,-2.802960625,0,8,False,
60min,2024-07-22,2024-07-22,2024-07-22,9,lag_sensitivity,PP,c,unit_root,,Bartlett_short_bandwidth,True,ok,-1.8860977002319728,0.3386291876843439,-4.6651863281249994,-3.3671868750000002,-2.802960625,2,8,False,
60min,2024-07-22,2024-07-22,2024-07-22,9,lag_sensitivity,KPSS,c,level_or_trend_stationarity,,Bartlett_short_bandwidth,True,ok,0.17997172809851839,0.3104098204631761,0.7428,0.4614,0.3475,2,9,False,
60min,2024-07-23,2024-07-23,2024-07-23,9,main,ADF,c,unit_root,0.0,bic,True,ok,-2.492140265535522,0.11739841400932677,-4.6651863281249994,-3.3671868750000002,-2.802960625,0,8,False,
60min,2024-07-23,2024-07-23,2024-07-23,9,main,PP,c,unit_root,,Bartlett_short_bandwidth,True,ok,-2.4804210285458117,0.12031106406336639,-4.6651863281249994,-3.3671868750000002,-2.802960625,2,8,False,
60min,2024-07-23,2024-07-23,2024-07-23,9,main,KPSS,c,level_or_trend_stationarity,,Bartlett_short_bandwidth,True,ok,0.16901693332095682,0.33712895626021,0.7428,0.4614,0.3475,2,9,False,
60min,2024-07-23,2024-07-23,2024-07-23,9,lag_sensitivity,ADF,c,unit_root,0.0,aic,True,ok,-2.492140265535522,0.11739841400932677,-4.6651863281249994,-3.3671868750000002,-2.802960625,0,8,False,
60min,2024-07-23,2024-07-23,2024-07-23,9,lag_sensitivity,PP,c,unit_root,,Bartlett_short_bandwidth,True,ok,-2.4804210285458117,0.12031106406336639,-4.6651863281249994,-3.3671868750000002,-2.802960625,2,8,False,
60min,2024-07-23,2024-07-23,2024-07-23,9,lag_sensitivity,KPSS,c,level_or_trend_stationarity,,Bartlett_short_bandwidth,True,ok,0.16901693332095682,0.33712895626021,0.7428,0.4614,0.3475,2,9,False,
60min,2024-07-24,2024-07-24,2024-07-24,9,main,ADF,c,unit_root,0.0,bic,True,ok,-4.957768274930108,2.6885121292673135e-05,-4.6651863281249994,-3.3671868750000002,-2.802960625,0,8,True,
60min,2024-07-24,2024-07-24,2024-07-24,9,main,PP,c,unit_root,,Bartlett_short_bandwidth,True,ok,-4.824361511154742,4.884085889091705e-05,-4.6651863281249994,-3.3671868750000002,-2.802960625,2,8,True,
60min,2024-07-24,2024-07-24,2024-07-24,9,main,KPSS,c,level_or_trend_stationarity,,Bartlett_short_bandwidth,True,ok,0.12491367673102712,0.4766565392196298,0.7428,0.4614,0.3475,2,9,False,
60min,2024-07-24,2024-07-24,2024-07-24,9,lag_sensitivity,ADF,c,unit_root,0.0,aic,True,ok,-4.957768274930108,2.6885121292673135e-05,-4.6651863281249994,-3.3671868750000002,-2.802960625,0,8,True,
60min,2024-07-24,2024-07-24,2024-07-24,9,lag_sensitivity,PP,c,unit_root,,Bartlett_short_bandwidth,True,ok,-4.824361511154742,4.884085889091705e-05,-4.6651863281249994,-3.3671868750000002,-2.802960625,2,8,True,
60min,2024-07-24,2024-07-24,2024-07-24,9,lag_sensitivity,KPSS,c,level_or_trend_stationarity,,Bartlett_short_bandwidth,True,ok,0.12491367673102712,0.4766565392196298,0.7428,0.4614,0.3475,2,9,False,
60min,2024-07-25,2024-07-25,2024-07-25,9,main,ADF,c,unit_root,0.0,bic,True,ok,-3.9469289572767976,0.0017153754211023267,-4.6651863281249994,-3.3671868750000002,-2.802960625,0,8,True,
60min,2024-07-25,2024-07-25,2024-07-25,9,main,PP,c,unit_root,,Bartlett_short_bandwidth,True,ok,-4.0024629103888625,0.0013976694983035673,-4.6651863281249994,-3.3671868750000002,-2.802960625,2,8,True,
60min,2024-07-25,2024-07-25,2024-07-25,9,main,KPSS,c,level_or_trend_stationarity,,Bartlett_short_bandwidth,True,ok,0.14169944372556356,0.416476141905245,0.7428,0.4614,0.3475,2,9,False,
60min,2024-07-25,2024-07-25,2024-07-25,9,lag_sensitivity,ADF,c,unit_root,0.0,aic,True,ok,-3.9469289572767976,0.0017153754211023267,-4.6651863281249994,-3.3671868750000002,-2.802960625,0,8,True,
60min,2024-07-25,2024-07-25,2024-07-25,9,lag_sensitivity,PP,c,unit_root,,Bartlett_short_bandwidth,True,ok,-4.0024629103888625,0.0013976694983035673,-4.6651863281249994,-3.3671868750000002,-2.802960625,2,8,True,
60min,2024-07-25,2024-07-25,2024-07-25,9,lag_sensitivity,KPSS,c,level_or_trend_stationarity,,Bartlett_short_bandwidth,True,ok,0.14169944372556356,0.416476141905245,0.7428,0.4614,0.3475,2,9,False,
60min,2024-07-26,2024-07-26,2024-07-26,9,main,ADF,c,unit_root,0.0,bic,True,ok,-2.9748850136892955,0.037307324504954234,-4.6651863281249994,-3.3671868750000002,-2.802960625,0,8,False,
60min,2024-07-26,2024-07-26,2024-07-26,9,main,PP,c,unit_root,,Bartlett_short_bandwidth,True,ok,-3.1962623465743683,0.0202020512143506,-4.6651863281249994,-3.3671868750000002,-2.802960625,2,8,False,
60min,2024-07-26,2024-07-26,2024-07-26,9,main,KPSS,c,level_or_trend_stationarity,,Bartlett_short_bandwidth,True,ok,0.15699186281651586,0.3694729043502311,0.7428,0.4614,0.3475,2,9,False,
60min,2024-07-26,2024-07-26,2024-07-26,9,lag_sensitivity,ADF,c,unit_root,0.0,aic,True,ok,-2.9748850136892955,0.037307324504954234,-4.6651863281249994,-3.3671868750000002,-2.802960625,0,8,False,
60min,2024-07-26,2024-07-26,2024-07-26,9,lag_sensitivity,PP,c,unit_root,,Bartlett_short_bandwidth,True,ok,-3.1962623465743683,0.0202020512143506,-4.6651863281249994,-3.3671868750000002,-2.802960625,2,8,False,
60min,2024-07-26,2024-07-26,2024-07-26,9,lag_sensitivity,KPSS,c,level_or_trend_stationarity,,Bartlett_short_bandwidth,True,ok,0.15699186281651586,0.3694729043502311,0.7428,0.4614,0.3475,2,9,False,
60min,2024-07-29,2024-07-29,2024-07-29,9,main,ADF,c,unit_root,0.0,bic,True,ok,-2.218150946495102,0.1997237865422566,-4.6651863281249994,-3.3671868750000002,-2.802960625,0,8,False,
60min,2024-07-29,2024-07-29,2024-07-29,9,main,PP,c,unit_root,,Bartlett_short_bandwidth,True,ok,-2.3102343225419153,0.16868844146370182,-4.6651863281249994,-3.3671868750000002,-2.802960625,2,8,False,
60min,2024-07-29,2024-07-29,2024-07-29,9,main,KPSS,c,level_or_trend_stationarity,,Bartlett_short_bandwidth,True,ok,0.29271137295557104,0.1418939305185038,0.7428,0.4614,0.3475,2,9,False,
60min,2024-07-29,2024-07-29,2024-07-29,9,lag_sensitivity,ADF,c,unit_root,0.0,aic,True,ok,-2.218150946495102,0.1997237865422566,-4.6651863281249994,-3.3671868750000002,-2.802960625,0,8,False,
60min,2024-07-29,2024-07-29,2024-07-29,9,lag_sensitivity,PP,c,unit_root,,Bartlett_short_bandwidth,True,ok,-2.3102343225419153,0.16868844146370182,-4.6651863281249994,-3.3671868750000002,-2.802960625,2,8,False,
60min,2024-07-29,2024-07-29,2024-07-29,9,lag_sensitivity,KPSS,c,level_or_trend_stationarity,,Bartlett_short_bandwidth,True,ok,0.29271137295557104,0.1418939305185038,0.7428,0.4614,0.3475,2,9,False,
60min,2024-07-30,2024-07-30,2024-07-30,9,main,ADF,c,unit_root,0.0,bic,True,ok,-2.273527459724588,0.1806480675647142,-4.6651863281249994,-3.3671868750000002,-2.802960625,0,8,False,
60min,2024-07-30,2024-07-30,2024-07-30,9,main,PP,c,unit_root,,Bartlett_short_bandwidth,True,ok,-2.4985883464303202,0.11581817324118038,-4.6651863281249994,-3.3671868750000002,-2.802960625,2,8,False,
60min,2024-07-30,2024-07-30,2024-07-30,9,main,KPSS,c,level_or_trend_stationarity,,Bartlett_short_bandwidth,True,ok,0.4502216669503265,0.05349322907802297,0.7428,0.4614,0.3475,2,9,False,
60min,2024-07-30,2024-07-30,2024-07-30,9,lag_sensitivity,ADF,c,unit_root,0.0,aic,True,ok,-2.273527459724588,0.1806480675647142,-4.6651863281249994,-3.3671868750000002,-2.802960625,0,8,False,
60min,2024-07-30,2024-07-30,2024-07-30,9,lag_sensitivity,PP,c,unit_root,,Bartlett_short_bandwidth,True,ok,-2.4985883464303202,0.11581817324118038,-4.6651863281249994,-3.3671868750000002,-2.802960625,2,8,False,
60min,2024-07-30,2024-07-30,2024-07-30,9,lag_sensitivity,KPSS,c,level_or_trend_stationarity,,Bartlett_short_bandwidth,True,ok,0.4502216669503265,0.05349322907802297,0.7428,0.4614,0.3475,2,9,False,
60min,2024-07-31,2024-07-31,2024-07-31,9,main,ADF,c,unit_root,0.0,bic,True,ok,-6.446798319094458,1.558631033563384e-08,-4.6651863281249994,-3.3671868750000002,-2.802960625,0,8,True,
60min,2024-07-31,2024-07-31,2024-07-31,9,main,PP,c,unit_root,,Bartlett_short_bandwidth,True,ok,-6.73771278403059,3.1762637183396533e-09,-4.6651863281249994,-3.3671868750000002,-2.802960625,2,8,True,
60min,2024-07-31,2024-07-31,2024-07-31,9,main,KPSS,c,level_or_trend_stationarity,,Bartlett_short_bandwidth,True,ok,0.17048366618890748,0.33342508538154675,0.7428,0.4614,0.3475,2,9,False,
60min,2024-07-31,2024-07-31,2024-07-31,9,lag_sensitivity,ADF,c,unit_root,0.0,aic,True,ok,-6.446798319094458,1.558631033563384e-08,-4.6651863281249994,-3.3671868750000002,-2.802960625,0,8,True,
60min,2024-07-31,2024-07-31,2024-07-31,9,lag_sensitivity,PP,c,unit_root,,Bartlett_short_bandwidth,True,ok,-6.73771278403059,3.1762637183396533e-09,-4.6651863281249994,-3.3671868750000002,-2.802960625,2,8,True,
60min,2024-07-31,2024-07-31,2024-07-31,9,lag_sensitivity,KPSS,c,level_or_trend_stationarity,,Bartlett_short_bandwidth,True,ok,0.17048366618890748,0.33342508538154675,0.7428,0.4614,0.3475,2,9,False,
60min,2024-08-01,2024-08-01,2024-08-01,9,main,ADF,c,unit_root,0.0,bic,True,ok,-2.841338177687701,0.05260720396061888,-4.6651863281249994,-3.3671868750000002,-2.802960625,0,8,False,
60min,2024-08-01,2024-08-01,2024-08-01,9,main,PP,c,unit_root,,Bartlett_short_bandwidth,True,ok,-3.6256933277380528,0.005288403636328436,-4.6651863281249994,-3.3671868750000002,-2.802960625,2,8,True,
60min,2024-08-01,2024-08-01,2024-08-01,9,main,KPSS,c,level_or_trend_stationarity,,Bartlett_short_bandwidth,True,ok,0.2253462558429411,0.2235662790258468,0.7428,0.4614,0.3475,2,9,False,
60min,2024-08-01,2024-08-01,2024-08-01,9,lag_sensitivity,ADF,c,unit_root,0.0,aic,True,ok,-2.841338177687701,0.05260720396061888,-4.6651863281249994,-3.3671868750000002,-2.802960625,0,8,False,
60min,2024-08-01,2024-08-01,2024-08-01,9,lag_sensitivity,PP,c,unit_root,,Bartlett_short_bandwidth,True,ok,-3.6256933277380528,0.005288403636328436,-4.6651863281249994,-3.3671868750000002,-2.802960625,2,8,True,
60min,2024-08-01,2024-08-01,2024-08-01,9,lag_sensitivity,KPSS,c,level_or_trend_stationarity,,Bartlett_short_bandwidth,True,ok,0.2253462558429411,0.2235662790258468,0.7428,0.4614,0.3475,2,9,False,
60min,2024-08-02,2024-08-02,2024-08-02,9,main,ADF,c,unit_root,0.0,bic,True,ok,-3.6671381764478257,0.004599860420125188,-4.6651863281249994,-3.3671868750000002,-2.802960625,0,8,True,
60min,2024-08-02,2024-08-02,2024-08-02,9,main,PP,c,unit_root,,Bartlett_short_bandwidth,True,ok,-3.4002442704591207,0.010950547263676792,-4.6651863281249994,-3.3671868750000002,-2.802960625,2,8,True,
60min,2024-08-02,2024-08-02,2024-08-02,9,main,KPSS,c,level_or_trend_stationarity,,Bartlett_short_bandwidth,True,ok,0.14787635003997587,0.3966783652564876,0.7428,0.4614,0.3475,2,9,False,
60min,2024-08-02,2024-08-02,2024-08-02,9,lag_sensitivity,ADF,c,unit_root,0.0,aic,True,ok,-3.6671381764478257,0.004599860420125188,-4.6651863281249994,-3.3671868750000002,-2.802960625,0,8,True,
60min,2024-08-02,2024-08-02,2024-08-02,9,lag_sensitivity,PP,c,unit_root,,Bartlett_short_bandwidth,True,ok,-3.4002442704591207,0.010950547263676792,-4.6651863281249994,-3.3671868750000002,-2.802960625,2,8,True,
60min,2024-08-02,2024-08-02,2024-08-02,9,lag_sensitivity,KPSS,c,level_or_trend_stationarity,,Bartlett_short_bandwidth,True,ok,0.14787635003997587,0.3966783652564876,0.7428,0.4614,0.3475,2,9,False,
60min,2024-08-05,2024-08-05,2024-08-05,9,main,ADF,c,unit_root,0.0,bic,True,ok,-7.677395443791386,1.5358125567593225e-11,-4.6651863281249994,-3.3671868750000002,-2.802960625,0,8,True,
60min,2024-08-05,2024-08-05,2024-08-05,9,main,PP,c,unit_root,,Bartlett_short_bandwidth,True,ok,-7.089217862845439,4.455256778223598e-10,-4.6651863281249994,-3.3671868750000002,-2.802960625,2,8,True,
60min,2024-08-05,2024-08-05,2024-08-05,9,main,KPSS,c,level_or_trend_stationarity,,Bartlett_short_bandwidth,True,ok,0.1430943063946562,0.4120054282222558,0.7428,0.4614,0.3475,2,9,False,
60min,2024-08-05,2024-08-05,2024-08-05,9,lag_sensitivity,ADF,c,unit_root,0.0,aic,True,ok,-7.677395443791386,1.5358125567593225e-11,-4.6651863281249994,-3.3671868750000002,-2.802960625,0,8,True,
60min,2024-08-05,2024-08-05,2024-08-05,9,lag_sensitivity,PP,c,unit_root,,Bartlett_short_bandwidth,True,ok,-7.089217862845439,4.455256778223598e-10,-4.6651863281249994,-3.3671868750000002,-2.802960625,2,8,True,
60min,2024-08-05,2024-08-05,2024-08-05,9,lag_sensitivity,KPSS,c,level_or_trend_stationarity,,Bartlett_short_bandwidth,True,ok,0.1430943063946562,0.4120054282222558,0.7428,0.4614,0.3475,2,9,False,
60min,2024-08-06,2024-08-06,2024-08-06,9,main,ADF,c,unit_root,0.0,bic,True,ok,-2.0080776458951686,0.2830426029133633,-4.6651863281249994,-3.3671868750000002,-2.802960625,0,8,False,
60min,2024-08-06,2024-08-06,2024-08-06,9,main,PP,c,unit_root,,Bartlett_short_bandwidth,True,ok,-2.0107346386403586,0.2818862597235344,-4.6651863281249994,-3.3671868750000002,-2.802960625,2,8,False,
60min,2024-08-06,2024-08-06,2024-08-06,9,main,KPSS,c,level_or_trend_stationarity,,Bartlett_short_bandwidth,True,ok,0.1819246587211864,0.3059203247788818,0.7428,0.4614,0.3475,2,9,False,
60min,2024-08-06,2024-08-06,2024-08-06,9,lag_sensitivity,ADF,c,unit_root,0.0,aic,True,ok,-2.0080776458951686,0.2830426029133633,-4.6651863281249994,-3.3671868750000002,-2.802960625,0,8,False,
60min,2024-08-06,2024-08-06,2024-08-06,9,lag_sensitivity,PP,c,unit_root,,Bartlett_short_bandwidth,True,ok,-2.0107346386403586,0.2818862597235344,-4.6651863281249994,-3.3671868750000002,-2.802960625,2,8,False,
60min,2024-08-06,2024-08-06,2024-08-06,9,lag_sensitivity,KPSS,c,level_or_trend_stationarity,,Bartlett_short_bandwidth,True,ok,0.1819246587211864,0.3059203247788818,0.7428,0.4614,0.3475,2,9,False,
60min,2024-08-07,2024-08-07,2024-08-07,9,main,ADF,c,unit_root,0.0,bic,True,ok,-2.0944741773611018,0.2467423601995377,-4.6651863281249994,-3.3671868750000002,-2.802960625,0,8,False,
60min,2024-08-07,2024-08-07,2024-08-07,9,main,PP,c,unit_root,,Bartlett_short_bandwidth,True,ok,-2.029857315977101,0.2736370578305334,-4.6651863281249994,-3.3671868750000002,-2.802960625,2,8,False,
60min,2024-08-07,2024-08-07,2024-08-07,9,main,KPSS,c,level_or_trend_stationarity,,Bartlett_short_bandwidth,True,ok,0.16084289597089013,0.358893142937115,0.7428,0.4614,0.3475,2,9,False,
60min,2024-08-07,2024-08-07,2024-08-07,9,lag_sensitivity,ADF,c,unit_root,0.0,aic,True,ok,-2.0944741773611018,0.2467423601995377,-4.6651863281249994,-3.3671868750000002,-2.802960625,0,8,False,
60min,2024-08-07,2024-08-07,2024-08-07,9,lag_sensitivity,PP,c,unit_root,,Bartlett_short_bandwidth,True,ok,-2.029857315977101,0.2736370578305334,-4.6651863281249994,-3.3671868750000002,-2.802960625,2,8,False,
60min,2024-08-07,2024-08-07,2024-08-07,9,lag_sensitivity,KPSS,c,level_or_trend_stationarity,,Bartlett_short_bandwidth,True,ok,0.16084289597089013,0.358893142937115,0.7428,0.4614,0.3475,2,9,False,
60min,2024-08-08,2024-08-08,2024-08-08,9,main,ADF,c,unit_root,0.0,bic,True,ok,-1.6478829533662132,0.45814475999049437,-4.6651863281249994,-3.3671868750000002,-2.802960625,0,8,False,
60min,2024-08-08,2024-08-08,2024-08-08,9,main,PP,c,unit_root,,Bartlett_short_bandwidth,True,ok,-1.5786636657161892,0.49430195412952543,-4.6651863281249994,-3.3671868750000002,-2.802960625,2,8,False,
60min,2024-08-08,2024-08-08,2024-08-08,9,main,KPSS,c,level_or_trend_stationarity,,Bartlett_short_bandwidth,True,ok,0.25487704413459267,0.18246532803257348,0.7428,0.4614,0.3475,2,9,False,
60min,2024-08-08,2024-08-08,2024-08-08,9,lag_sensitivity,ADF,c,unit_root,0.0,aic,True,ok,-1.6478829533662132,0.45814475999049437,-4.6651863281249994,-3.3671868750000002,-2.802960625,0,8,False,
60min,2024-08-08,2024-08-08,2024-08-08,9,lag_sensitivity,PP,c,unit_root,,Bartlett_short_bandwidth,True,ok,-1.5786636657161892,0.49430195412952543,-4.6651863281249994,-3.3671868750000002,-2.802960625,2,8,False,
60min,2024-08-08,2024-08-08,2024-08-08,9,lag_sensitivity,KPSS,c,level_or_trend_stationarity,,Bartlett_short_bandwidth,True,ok,0.25487704413459267,0.18246532803257348,0.7428,0.4614,0.3475,2,9,False,
60min,2024-08-09,2024-08-09,2024-08-09,9,main,ADF,c,unit_root,0.0,bic,True,ok,-10.848369164422397,1.551383311953193e-19,-4.6651863281249994,-3.3671868750000002,-2.802960625,0,8,True,
60min,2024-08-09,2024-08-09,2024-08-09,9,main,PP,c,unit_root,,Bartlett_short_bandwidth,True,ok,-11.880189128040302,6.204055600467382e-22,-4.6651863281249994,-3.3671868750000002,-2.802960625,2,8,True,
60min,2024-08-09,2024-08-09,2024-08-09,9,main,KPSS,c,level_or_trend_stationarity,,Bartlett_short_bandwidth,True,ok,0.2501674343011645,0.18850328935748142,0.7428,0.4614,0.3475,2,9,False,
60min,2024-08-09,2024-08-09,2024-08-09,9,lag_sensitivity,ADF,c,unit_root,0.0,aic,True,ok,-10.848369164422397,1.551383311953193e-19,-4.6651863281249994,-3.3671868750000002,-2.802960625,0,8,True,
60min,2024-08-09,2024-08-09,2024-08-09,9,lag_sensitivity,PP,c,unit_root,,Bartlett_short_bandwidth,True,ok,-11.880189128040302,6.204055600467382e-22,-4.6651863281249994,-3.3671868750000002,-2.802960625,2,8,True,
60min,2024-08-09,2024-08-09,2024-08-09,9,lag_sensitivity,KPSS,c,level_or_trend_stationarity,,Bartlett_short_bandwidth,True,ok,0.2501674343011645,0.18850328935748142,0.7428,0.4614,0.3475,2,9,False,
60min,2024-08-12,2024-08-12,2024-08-12,9,main,ADF,c,unit_root,0.0,bic,True,ok,-3.82379491691136,0.002673032053463519,-4.6651863281249994,-3.3671868750000002,-2.802960625,0,8,True,
60min,2024-08-12,2024-08-12,2024-08-12,9,main,PP,c,unit_root,,Bartlett_short_bandwidth,True,ok,-3.884409260057438,0.0021526299587768622,-4.6651863281249994,-3.3671868750000002,-2.802960625,2,8,True,
60min,2024-08-12,2024-08-12,2024-08-12,9,main,KPSS,c,level_or_trend_stationarity,,Bartlett_short_bandwidth,True,ok,0.21154252228473275,0.2467097816344058,0.7428,0.4614,0.3475,2,9,False,
60min,2024-08-12,2024-08-12,2024-08-12,9,lag_sensitivity,ADF,c,unit_root,0.0,aic,True,ok,-3.82379491691136,0.002673032053463519,-4.6651863281249994,-3.3671868750000002,-2.802960625,0,8,True,
60min,2024-08-12,2024-08-12,2024-08-12,9,lag_sensitivity,PP,c,unit_root,,Bartlett_short_bandwidth,True,ok,-3.884409260057438,0.0021526299587768622,-4.6651863281249994,-3.3671868750000002,-2.802960625,2,8,True,
60min,2024-08-12,2024-08-12,2024-08-12,9,lag_sensitivity,KPSS,c,level_or_trend_stationarity,,Bartlett_short_bandwidth,True,ok,0.21154252228473275,0.2467097816344058,0.7428,0.4614,0.3475,2,9,False,
60min,2024-08-13,2024-08-13,2024-08-13,9,main,ADF,c,unit_root,0.0,bic,True,ok,-3.7710826694177366,0.003217427502948114,-4.6651863281249994,-3.3671868750000002,-2.802960625,0,8,True,
60min,2024-08-13,2024-08-13,2024-08-13,9,main,PP,c,unit_root,,Bartlett_short_bandwidth,True,ok,-4.688536830448063,8.842586379842316e-05,-4.6651863281249994,-3.3671868750000002,-2.802960625,2,8,True,
60min,2024-08-13,2024-08-13,2024-08-13,9,main,KPSS,c,level_or_trend_stationarity,,Bartlett_short_bandwidth,True,ok,0.20328695522546686,0.2615942054402611,0.7428,0.4614,0.3475,2,9,False,
60min,2024-08-13,2024-08-13,2024-08-13,9,lag_sensitivity,ADF,c,unit_root,0.0,aic,True,ok,-3.7710826694177366,0.003217427502948114,-4.6651863281249994,-3.3671868750000002,-2.802960625,0,8,True,
60min,2024-08-13,2024-08-13,2024-08-13,9,lag_sensitivity,PP,c,unit_root,,Bartlett_short_bandwidth,True,ok,-4.688536830448063,8.842586379842316e-05,-4.6651863281249994,-3.3671868750000002,-2.802960625,2,8,True,
60min,2024-08-13,2024-08-13,2024-08-13,9,lag_sensitivity,KPSS,c,level_or_trend_stationarity,,Bartlett_short_bandwidth,True,ok,0.20328695522546686,0.2615942054402611,0.7428,0.4614,0.3475,2,9,False,
60min,2024-08-14,2024-08-14,2024-08-14,9,main,ADF,c,unit_root,0.0,bic,True,ok,-2.5597330218886554,0.1016084465555489,-4.6651863281249994,-3.3671868750000002,-2.802960625,0,8,False,
60min,2024-08-14,2024-08-14,2024-08-14,9,main,PP,c,unit_root,,Bartlett_short_bandwidth,True,ok,-2.5721668030350178,0.09888734449679704,-4.6651863281249994,-3.3671868750000002,-2.802960625,2,8,False,
60min,2024-08-14,2024-08-14,2024-08-14,9,main,KPSS,c,level_or_trend_stationarity,,Bartlett_short_bandwidth,True,ok,0.24365427441228765,0.19700795220515605,0.7428,0.4614,0.3475,2,9,False,
60min,2024-08-14,2024-08-14,2024-08-14,9,lag_sensitivity,ADF,c,unit_root,0.0,aic,True,ok,-2.5597330218886554,0.1016084465555489,-4.6651863281249994,-3.3671868750000002,-2.802960625,0,8,False,
60min,2024-08-14,2024-08-14,2024-08-14,9,lag_sensitivity,PP,c,unit_root,,Bartlett_short_bandwidth,True,ok,-2.5721668030350178,0.09888734449679704,-4.6651863281249994,-3.3671868750000002,-2.802960625,2,8,False,
60min,2024-08-14,2024-08-14,2024-08-14,9,lag_sensitivity,KPSS,c,level_or_trend_stationarity,,Bartlett_short_bandwidth,True,ok,0.24365427441228765,0.19700795220515605,0.7428,0.4614,0.3475,2,9,False,
60min,2024-08-15,2024-08-15,2024-08-15,9,main,ADF,c,unit_root,0.0,bic,True,ok,-1.443849821970313,0.5610829406861717,-4.6651863281249994,-3.3671868750000002,-2.802960625,0,8,False,
60min,2024-08-15,2024-08-15,2024-08-15,9,main,PP,c,unit_root,,Bartlett_short_bandwidth,True,ok,-1.3583501091482457,0.6020728390151393,-4.6651863281249994,-3.3671868750000002,-2.802960625,2,8,False,
60min,2024-08-15,2024-08-15,2024-08-15,9,main,KPSS,c,level_or_trend_stationarity,,Bartlett_short_bandwidth,True,ok,0.30835164848193963,0.12857602637494592,0.7428,0.4614,0.3475,2,9,False,
60min,2024-08-15,2024-08-15,2024-08-15,9,lag_sensitivity,ADF,c,unit_root,0.0,aic,True,ok,-1.443849821970313,0.5610829406861717,-4.6651863281249994,-3.3671868750000002,-2.802960625,0,8,False,
60min,2024-08-15,2024-08-15,2024-08-15,9,lag_sensitivity,PP,c,unit_root,,Bartlett_short_bandwidth,True,ok,-1.3583501091482457,0.6020728390151393,-4.6651863281249994,-3.3671868750000002,-2.802960625,2,8,False,
60min,2024-08-15,2024-08-15,2024-08-15,9,lag_sensitivity,KPSS,c,level_or_trend_stationarity,,Bartlett_short_bandwidth,True,ok,0.30835164848193963,0.12857602637494592,0.7428,0.4614,0.3475,2,9,False,
60min,2024-08-16,2024-08-16,2024-08-16,9,main,ADF,c,unit_root,0.0,bic,True,ok,-4.012027596533033,0.0013488243047259081,-4.6651863281249994,-3.3671868750000002,-2.802960625,0,8,True,
60min,2024-08-16,2024-08-16,2024-08-16,9,main,PP,c,unit_root,,Bartlett_short_bandwidth,True,ok,-6.0442540240147995,1.3234459175664575e-07,-4.6651863281249994,-3.3671868750000002,-2.802960625,2,8,True,
60min,2024-08-16,2024-08-16,2024-08-16,9,main,KPSS,c,level_or_trend_stationarity,,Bartlett_short_bandwidth,True,ok,0.2421482019265603,0.19909971954644404,0.7428,0.4614,0.3475,2,9,False,
60min,2024-08-16,2024-08-16,2024-08-16,9,lag_sensitivity,ADF,c,unit_root,0.0,aic,True,ok,-4.012027596533033,0.0013488243047259081,-4.6651863281249994,-3.3671868750000002,-2.802960625,0,8,True,
60min,2024-08-16,2024-08-16,2024-08-16,9,lag_sensitivity,PP,c,unit_root,,Bartlett_short_bandwidth,True,ok,-6.0442540240147995,1.3234459175664575e-07,-4.6651863281249994,-3.3671868750000002,-2.802960625,2,8,True,
60min,2024-08-16,2024-08-16,2024-08-16,9,lag_sensitivity,KPSS,c,level_or_trend_stationarity,,Bartlett_short_bandwidth,True,ok,0.2421482019265603,0.19909971954644404,0.7428,0.4614,0.3475,2,9,False,
60min,2024-08-19,2024-08-19,2024-08-19,9,main,ADF,c,unit_root,0.0,bic,True,ok,-2.4207377622407655,0.13596866609848268,-4.6651863281249994,-3.3671868750000002,-2.802960625,0,8,False,
60min,2024-08-19,2024-08-19,2024-08-19,9,main,PP,c,unit_root,,Bartlett_short_bandwidth,True,ok,-2.4332081087693065,0.13258214824604447,-4.6651863281249994,-3.3671868750000002,-2.802960625,2,8,False,
60min,2024-08-19,2024-08-19,2024-08-19,9,main,KPSS,c,level_or_trend_stationarity,,Bartlett_short_bandwidth,True,ok,0.31174539639004656,0.12573606996648823,0.7428,0.4614,0.3475,2,9,False,
60min,2024-08-19,2024-08-19,2024-08-19,9,lag_sensitivity,ADF,c,unit_root,0.0,aic,True,ok,-2.4207377622407655,0.13596866609848268,-4.6651863281249994,-3.3671868750000002,-2.802960625,0,8,False,
60min,2024-08-19,2024-08-19,2024-08-19,9,lag_sensitivity,PP,c,unit_root,,Bartlett_short_bandwidth,True,ok,-2.4332081087693065,0.13258214824604447,-4.6651863281249994,-3.3671868750000002,-2.802960625,2,8,False,
60min,2024-08-19,2024-08-19,2024-08-19,9,lag_sensitivity,KPSS,c,level_or_trend_stationarity,,Bartlett_short_bandwidth,True,ok,0.31174539639004656,0.12573606996648823,0.7428,0.4614,0.3475,2,9,False,
60min,2024-08-20,2024-08-20,2024-08-20,9,main,ADF,c,unit_root,0.0,bic,True,ok,-4.21226998701938,0.0006280873634578472,-4.6651863281249994,-3.3671868750000002,-2.802960625,0,8,True,
60min,2024-08-20,2024-08-20,2024-08-20,9,main,PP,c,unit_root,,Bartlett_short_bandwidth,True,ok,-4.227709750769302,0.0005912391683027649,-4.6651863281249994,-3.3671868750000002,-2.802960625,2,8,True,
60min,2024-08-20,2024-08-20,2024-08-20,9,main,KPSS,c,level_or_trend_stationarity,,Bartlett_short_bandwidth,True,ok,0.1950276242344685,0.27778897208927744,0.7428,0.4614,0.3475,2,9,False,
60min,2024-08-20,2024-08-20,2024-08-20,9,lag_sensitivity,ADF,c,unit_root,0.0,aic,True,ok,-4.21226998701938,0.0006280873634578472,-4.6651863281249994,-3.3671868750000002,-2.802960625,0,8,True,
60min,2024-08-20,2024-08-20,2024-08-20,9,lag_sensitivity,PP,c,unit_root,,Bartlett_short_bandwidth,True,ok,-4.227709750769302,0.0005912391683027649,-4.6651863281249994,-3.3671868750000002,-2.802960625,2,8,True,
60min,2024-08-20,2024-08-20,2024-08-20,9,lag_sensitivity,KPSS,c,level_or_trend_stationarity,,Bartlett_short_bandwidth,True,ok,0.1950276242344685,0.27778897208927744,0.7428,0.4614,0.3475,2,9,False,
60min,2024-08-21,2024-08-21,2024-08-21,9,main,ADF,c,unit_root,0.0,bic,True,ok,-2.617888014534818,0.08935624926192304,-4.6651863281249994,-3.3671868750000002,-2.802960625,0,8,False,
60min,2024-08-21,2024-08-21,2024-08-21,9,main,PP,c,unit_root,,Bartlett_short_bandwidth,True,ok,-2.6116187404391087,0.09061960854930273,-4.6651863281249994,-3.3671868750000002,-2.802960625,2,8,False,
60min,2024-08-21,2024-08-21,2024-08-21,9,main,KPSS,c,level_or_trend_stationarity,,Bartlett_short_bandwidth,True,ok,0.224042416726855,0.22558942297771153,0.7428,0.4614,0.3475,2,9,False,
60min,2024-08-21,2024-08-21,2024-08-21,9,lag_sensitivity,ADF,c,unit_root,0.0,aic,True,ok,-2.617888014534818,0.08935624926192304,-4.6651863281249994,-3.3671868750000002,-2.802960625,0,8,False,
60min,2024-08-21,2024-08-21,2024-08-21,9,lag_sensitivity,PP,c,unit_root,,Bartlett_short_bandwidth,True,ok,-2.6116187404391087,0.09061960854930273,-4.6651863281249994,-3.3671868750000002,-2.802960625,2,8,False,
60min,2024-08-21,2024-08-21,2024-08-21,9,lag_sensitivity,KPSS,c,level_or_trend_stationarity,,Bartlett_short_bandwidth,True,ok,0.224042416726855,0.22558942297771153,0.7428,0.4614,0.3475,2,9,False,
60min,2024-08-22,2024-08-22,2024-08-22,9,main,ADF,c,unit_root,0.0,bic,True,ok,-1.9730751503087922,0.2985020318685149,-4.6651863281249994,-3.3671868750000002,-2.802960625,0,8,False,
60min,2024-08-22,2024-08-22,2024-08-22,9,main,PP,c,unit_root,,Bartlett_short_bandwidth,True,ok,-2.0769528413101774,0.2538823816630742,-4.6651863281249994,-3.3671868750000002,-2.802960625,2,8,False,
60min,2024-08-22,2024-08-22,2024-08-22,9,main,KPSS,c,level_or_trend_stationarity,,Bartlett_short_bandwidth,True,ok,0.3466885595099874,0.10056155051211943,0.7428,0.4614,0.3475,2,9,False,
60min,2024-08-22,2024-08-22,2024-08-22,9,lag_sensitivity,ADF,c,unit_root,0.0,aic,True,ok,-1.9730751503087922,0.2985020318685149,-4.6651863281249994,-3.3671868750000002,-2.802960625,0,8,False,
60min,2024-08-22,2024-08-22,2024-08-22,9,lag_sensitivity,PP,c,unit_root,,Bartlett_short_bandwidth,True,ok,-2.0769528413101774,0.2538823816630742,-4.6651863281249994,-3.3671868750000002,-2.802960625,2,8,False,
60min,2024-08-22,2024-08-22,2024-08-22,9,lag_sensitivity,KPSS,c,level_or_trend_stationarity,,Bartlett_short_bandwidth,True,ok,0.3466885595099874,0.10056155051211943,0.7428,0.4614,0.3475,2,9,False,
60min,2024-08-23,2024-08-23,2024-08-23,9,main,ADF,c,unit_root,0.0,bic,True,ok,-2.1581986178573302,0.22176506467774487,-4.6651863281249994,-3.3671868750000002,-2.802960625,0,8,False,
60min,2024-08-23,2024-08-23,2024-08-23,9,main,PP,c,unit_root,,Bartlett_short_bandwidth,True,ok,-2.1058709252396617,0.24216043563643896,-4.6651863281249994,-3.3671868750000002,-2.802960625,2,8,False,
60min,2024-08-23,2024-08-23,2024-08-23,9,main,KPSS,c,level_or_trend_stationarity,,Bartlett_short_bandwidth,True,ok,0.31157024311813736,0.12588264174214447,0.7428,0.4614,0.3475,2,9,False,
60min,2024-08-23,2024-08-23,2024-08-23,9,lag_sensitivity,ADF,c,unit_root,0.0,aic,True,ok,-2.1581986178573302,0.22176506467774487,-4.6651863281249994,-3.3671868750000002,-2.802960625,0,8,False,
60min,2024-08-23,2024-08-23,2024-08-23,9,lag_sensitivity,PP,c,unit_root,,Bartlett_short_bandwidth,True,ok,-2.1058709252396617,0.24216043563643896,-4.6651863281249994,-3.3671868750000002,-2.802960625,2,8,False,
60min,2024-08-23,2024-08-23,2024-08-23,9,lag_sensitivity,KPSS,c,level_or_trend_stationarity,,Bartlett_short_bandwidth,True,ok,0.31157024311813736,0.12588264174214447,0.7428,0.4614,0.3475,2,9,False,
60min,2024-08-26,2024-08-26,2024-08-26,9,main,ADF,c,unit_root,0.0,bic,True,ok,-4.172627583977749,0.0007328352573903302,-4.6651863281249994,-3.3671868750000002,-2.802960625,0,8,True,
60min,2024-08-26,2024-08-26,2024-08-26,9,main,PP,c,unit_root,,Bartlett_short_bandwidth,True,ok,-4.565391005204971,0.00014953247806761234,-4.6651863281249994,-3.3671868750000002,-2.802960625,2,8,True,
60min,2024-08-26,2024-08-26,2024-08-26,9,main,KPSS,c,level_or_trend_stationarity,,Bartlett_short_bandwidth,True,ok,0.3316650445218305,0.11095844669769515,0.7428,0.4614,0.3475,2,9,False,
60min,2024-08-26,2024-08-26,2024-08-26,9,lag_sensitivity,ADF,c,unit_root,0.0,aic,True,ok,-4.172627583977749,0.0007328352573903302,-4.6651863281249994,-3.3671868750000002,-2.802960625,0,8,True,
60min,2024-08-26,2024-08-26,2024-08-26,9,lag_sensitivity,PP,c,unit_root,,Bartlett_short_bandwidth,True,ok,-4.565391005204971,0.00014953247806761234,-4.6651863281249994,-3.3671868750000002,-2.802960625,2,8,True,
60min,2024-08-26,2024-08-26,2024-08-26,9,lag_sensitivity,KPSS,c,level_or_trend_stationarity,,Bartlett_short_bandwidth,True,ok,0.3316650445218305,0.11095844669769515,0.7428,0.4614,0.3475,2,9,False,
60min,2024-08-27,2024-08-27,2024-08-27,9,main,ADF,c,unit_root,0.0,bic,True,ok,-4.393228494938719,0.0003051313506062571,-4.6651863281249994,-3.3671868750000002,-2.802960625,0,8,True,
60min,2024-08-27,2024-08-27,2024-08-27,9,main,PP,c,unit_root,,Bartlett_short_bandwidth,True,ok,-5.5317229564123656,1.781331735630389e-06,-4.6651863281249994,-3.3671868750000002,-2.802960625,2,8,True,
60min,2024-08-27,2024-08-27,2024-08-27,9,main,KPSS,c,level_or_trend_stationarity,,Bartlett_short_bandwidth,True,ok,0.17886169180228528,0.31296162804072347,0.7428,0.4614,0.3475,2,9,False,
60min,2024-08-27,2024-08-27,2024-08-27,9,lag_sensitivity,ADF,c,unit_root,0.0,aic,True,ok,-4.393228494938719,0.0003051313506062571,-4.6651863281249994,-3.3671868750000002,-2.802960625,0,8,True,
60min,2024-08-27,2024-08-27,2024-08-27,9,lag_sensitivity,PP,c,unit_root,,Bartlett_short_bandwidth,True,ok,-5.5317229564123656,1.781331735630389e-06,-4.6651863281249994,-3.3671868750000002,-2.802960625,2,8,True,
60min,2024-08-27,2024-08-27,2024-08-27,9,lag_sensitivity,KPSS,c,level_or_trend_stationarity,,Bartlett_short_bandwidth,True,ok,0.17886169180228528,0.31296162804072347,0.7428,0.4614,0.3475,2,9,False,
60min,2024-08-28,2024-08-28,2024-08-28,9,main,ADF,c,unit_root,0.0,bic,True,ok,-4.201741222825099,0.0006544426563218265,-4.6651863281249994,-3.3671868750000002,-2.802960625,0,8,True,
60min,2024-08-28,2024-08-28,2024-08-28,9,main,PP,c,unit_root,,Bartlett_short_bandwidth,True,ok,-5.7422645025536765,6.236096445741507e-07,-4.6651863281249994,-3.3671868750000002,-2.802960625,2,8,True,
60min,2024-08-28,2024-08-28,2024-08-28,9,main,KPSS,c,level_or_trend_stationarity,,Bartlett_short_bandwidth,True,ok,0.1750729426773356,0.32183600334006157,0.7428,0.4614,0.3475,2,9,False,
60min,2024-08-28,2024-08-28,2024-08-28,9,lag_sensitivity,ADF,c,unit_root,0.0,aic,True,ok,-4.201741222825099,0.0006544426563218265,-4.6651863281249994,-3.3671868750000002,-2.802960625,0,8,True,
60min,2024-08-28,2024-08-28,2024-08-28,9,lag_sensitivity,PP,c,unit_root,,Bartlett_short_bandwidth,True,ok,-5.7422645025536765,6.236096445741507e-07,-4.6651863281249994,-3.3671868750000002,-2.802960625,2,8,True,
60min,2024-08-28,2024-08-28,2024-08-28,9,lag_sensitivity,KPSS,c,level_or_trend_stationarity,,Bartlett_short_bandwidth,True,ok,0.1750729426773356,0.32183600334006157,0.7428,0.4614,0.3475,2,9,False,
60min,2024-08-29,2024-08-29,2024-08-29,9,main,ADF,c,unit_root,0.0,bic,True,ok,-1.4119445867304659,0.5765365267336298,-4.6651863281249994,-3.3671868750000002,-2.802960625,0,8,False,
60min,2024-08-29,2024-08-29,2024-08-29,9,main,PP,c,unit_root,,Bartlett_short_bandwidth,True,ok,-1.4412786339408883,0.5623345654681338,-4.6651863281249994,-3.3671868750000002,-2.802960625,2,8,False,
60min,2024-08-29,2024-08-29,2024-08-29,9,main,KPSS,c,level_or_trend_stationarity,,Bartlett_short_bandwidth,True,ok,0.24678195486144067,0.19284364761353762,0.7428,0.4614,0.3475,2,9,False,
60min,2024-08-29,2024-08-29,2024-08-29,9,lag_sensitivity,ADF,c,unit_root,0.0,aic,True,ok,-1.4119445867304659,0.5765365267336298,-4.6651863281249994,-3.3671868750000002,-2.802960625,0,8,False,
60min,2024-08-29,2024-08-29,2024-08-29,9,lag_sensitivity,PP,c,unit_root,,Bartlett_short_bandwidth,True,ok,-1.4412786339408883,0.5623345654681338,-4.6651863281249994,-3.3671868750000002,-2.802960625,2,8,False,
60min,2024-08-29,2024-08-29,2024-08-29,9,lag_sensitivity,KPSS,c,level_or_trend_stationarity,,Bartlett_short_bandwidth,True,ok,0.24678195486144067,0.19284364761353762,0.7428,0.4614,0.3475,2,9,False,
60min,2024-08-30,2024-08-30,2024-08-30,9,main,ADF,c,unit_root,0.0,bic,True,ok,-3.5841354069827656,0.0060716691449676525,-4.6651863281249994,-3.3671868750000002,-2.802960625,0,8,True,
60min,2024-08-30,2024-08-30,2024-08-30,9,main,PP,c,unit_root,,Bartlett_short_bandwidth,True,ok,-3.5688111741343396,0.0063860609891654005,-4.6651863281249994,-3.3671868750000002,-2.802960625,2,8,True,
60min,2024-08-30,2024-08-30,2024-08-30,9,main,KPSS,c,level_or_trend_stationarity,,Bartlett_short_bandwidth,True,ok,0.2566870358483931,0.18014482583539343,0.7428,0.4614,0.3475,2,9,False,
60min,2024-08-30,2024-08-30,2024-08-30,9,lag_sensitivity,ADF,c,unit_root,0.0,aic,True,ok,-3.5841354069827656,0.0060716691449676525,-4.6651863281249994,-3.3671868750000002,-2.802960625,0,8,True,
60min,2024-08-30,2024-08-30,2024-08-30,9,lag_sensitivity,PP,c,unit_root,,Bartlett_short_bandwidth,True,ok,-3.5688111741343396,0.0063860609891654005,-4.6651863281249994,-3.3671868750000002,-2.802960625,2,8,True,
60min,2024-08-30,2024-08-30,2024-08-30,9,lag_sensitivity,KPSS,c,level_or_trend_stationarity,,Bartlett_short_bandwidth,True,ok,0.2566870358483931,0.18014482583539343,0.7428,0.4614,0.3475,2,9,False,
60min,2024-09-02,2024-09-02,2024-09-02,9,main,ADF,c,unit_root,0.0,bic,True,ok,-3.639861143445416,0.005043134565323682,-4.6651863281249994,-3.3671868750000002,-2.802960625,0,8,True,
60min,2024-09-02,2024-09-02,2024-09-02,9,main,PP,c,unit_root,,Bartlett_short_bandwidth,True,ok,-3.6093528617234045,0.005584718070691494,-4.6651863281249994,-3.3671868750000002,-2.802960625,2,8,True,
60min,2024-09-02,2024-09-02,2024-09-02,9,main,KPSS,c,level_or_trend_stationarity,,Bartlett_short_bandwidth,True,ok,0.19558929596763008,0.2766876549654312,0.7428,0.4614,0.3475,2,9,False,
60min,2024-09-02,2024-09-02,2024-09-02,9,lag_sensitivity,ADF,c,unit_root,0.0,aic,True,ok,-3.639861143445416,0.005043134565323682,-4.6651863281249994,-3.3671868750000002,-2.802960625,0,8,True,
60min,2024-09-02,2024-09-02,2024-09-02,9,lag_sensitivity,PP,c,unit_root,,Bartlett_short_bandwidth,True,ok,-3.6093528617234045,0.005584718070691494,-4.6651863281249994,-3.3671868750000002,-2.802960625,2,8,True,
60min,2024-09-02,2024-09-02,2024-09-02,9,lag_sensitivity,KPSS,c,level_or_trend_stationarity,,Bartlett_short_bandwidth,True,ok,0.19558929596763008,0.2766876549654312,0.7428,0.4614,0.3475,2,9,False,
60min,2024-09-03,2024-09-03,2024-09-03,9,main,ADF,c,unit_root,0.0,bic,True,ok,-8.757956342681249,2.722821838538739e-14,-4.6651863281249994,-3.3671868750000002,-2.802960625,0,8,True,
60min,2024-09-03,2024-09-03,2024-09-03,9,main,PP,c,unit_root,,Bartlett_short_bandwidth,True,ok,-7.806231644388272,7.269293824688849e-12,-4.6651863281249994,-3.3671868750000002,-2.802960625,2,8,True,
60min,2024-09-03,2024-09-03,2024-09-03,9,main,KPSS,c,level_or_trend_stationarity,,Bartlett_short_bandwidth,True,ok,0.15226938480439922,0.3834839737964309,0.7428,0.4614,0.3475,2,9,False,
60min,2024-09-03,2024-09-03,2024-09-03,9,lag_sensitivity,ADF,c,unit_root,0.0,aic,True,ok,-8.757956342681249,2.722821838538739e-14,-4.6651863281249994,-3.3671868750000002,-2.802960625,0,8,True,
60min,2024-09-03,2024-09-03,2024-09-03,9,lag_sensitivity,PP,c,unit_root,,Bartlett_short_bandwidth,True,ok,-7.806231644388272,7.269293824688849e-12,-4.6651863281249994,-3.3671868750000002,-2.802960625,2,8,True,
60min,2024-09-03,2024-09-03,2024-09-03,9,lag_sensitivity,KPSS,c,level_or_trend_stationarity,,Bartlett_short_bandwidth,True,ok,0.15226938480439922,0.3834839737964309,0.7428,0.4614,0.3475,2,9,False,
60min,2024-09-04,2024-09-04,2024-09-04,9,main,ADF,c,unit_root,0.0,bic,True,ok,-1.6871838712630676,0.43772753472481996,-4.6651863281249994,-3.3671868750000002,-2.802960625,0,8,False,
60min,2024-09-04,2024-09-04,2024-09-04,9,main,PP,c,unit_root,,Bartlett_short_bandwidth,True,ok,-1.5864500320161212,0.490396458718863,-4.6651863281249994,-3.3671868750000002,-2.802960625,2,8,False,
60min,2024-09-04,2024-09-04,2024-09-04,9,main,KPSS,c,level_or_trend_stationarity,,Bartlett_short_bandwidth,True,ok,0.25403086609364,0.1835501716748205,0.7428,0.4614,0.3475,2,9,False,
60min,2024-09-04,2024-09-04,2024-09-04,9,lag_sensitivity,ADF,c,unit_root,0.0,aic,True,ok,-1.6871838712630676,0.43772753472481996,-4.6651863281249994,-3.3671868750000002,-2.802960625,0,8,False,
60min,2024-09-04,2024-09-04,2024-09-04,9,lag_sensitivity,PP,c,unit_root,,Bartlett_short_bandwidth,True,ok,-1.5864500320161212,0.490396458718863,-4.6651863281249994,-3.3671868750000002,-2.802960625,2,8,False,
60min,2024-09-04,2024-09-04,2024-09-04,9,lag_sensitivity,KPSS,c,level_or_trend_stationarity,,Bartlett_short_bandwidth,True,ok,0.25403086609364,0.1835501716748205,0.7428,0.4614,0.3475,2,9,False,
60min,2024-09-05,2024-09-05,2024-09-05,9,main,ADF,c,unit_root,0.0,bic,True,ok,-6.32230969595182,3.044978364667152e-08,-4.6651863281249994,-3.3671868750000002,-2.802960625,0,8,True,
60min,2024-09-05,2024-09-05,2024-09-05,9,main,PP,c,unit_root,,Bartlett_short_bandwidth,True,ok,-8.14977185145427,9.76697881150535e-13,-4.6651863281249994,-3.3671868750000002,-2.802960625,2,8,True,
60min,2024-09-05,2024-09-05,2024-09-05,9,main,KPSS,c,level_or_trend_stationarity,,Bartlett_short_bandwidth,True,ok,0.3358414088820694,0.1080682291473568,0.7428,0.4614,0.3475,2,9,False,
60min,2024-09-05,2024-09-05,2024-09-05,9,lag_sensitivity,ADF,c,unit_root,0.0,aic,True,ok,-6.32230969595182,3.044978364667152e-08,-4.6651863281249994,-3.3671868750000002,-2.802960625,0,8,True,
60min,2024-09-05,2024-09-05,2024-09-05,9,lag_sensitivity,PP,c,unit_root,,Bartlett_short_bandwidth,True,ok,-8.14977185145427,9.76697881150535e-13,-4.6651863281249994,-3.3671868750000002,-2.802960625,2,8,True,
60min,2024-09-05,2024-09-05,2024-09-05,9,lag_sensitivity,KPSS,c,level_or_trend_stationarity,,Bartlett_short_bandwidth,True,ok,0.3358414088820694,0.1080682291473568,0.7428,0.4614,0.3475,2,9,False,
60min,2024-09-06,2024-09-06,2024-09-06,9,main,ADF,c,unit_root,0.0,bic,True,ok,-1.8760048331146324,0.34343200757414305,-4.6651863281249994,-3.3671868750000002,-2.802960625,0,8,False,
60min,2024-09-06,2024-09-06,2024-09-06,9,main,PP,c,unit_root,,Bartlett_short_bandwidth,True,ok,-1.963217014164256,0.30293028621354856,-4.6651863281249994,-3.3671868750000002,-2.802960625,2,8,False,
60min,2024-09-06,2024-09-06,2024-09-06,9,main,KPSS,c,level_or_trend_stationarity,,Bartlett_short_bandwidth,True,ok,0.24182062497004395,0.19955468754160563,0.7428,0.4614,0.3475,2,9,False,
60min,2024-09-06,2024-09-06,2024-09-06,9,lag_sensitivity,ADF,c,unit_root,0.0,aic,True,ok,-1.8760048331146324,0.34343200757414305,-4.6651863281249994,-3.3671868750000002,-2.802960625,0,8,False,
60min,2024-09-06,2024-09-06,2024-09-06,9,lag_sensitivity,PP,c,unit_root,,Bartlett_short_bandwidth,True,ok,-1.963217014164256,0.30293028621354856,-4.6651863281249994,-3.3671868750000002,-2.802960625,2,8,False,
60min,2024-09-06,2024-09-06,2024-09-06,9,lag_sensitivity,KPSS,c,level_or_trend_stationarity,,Bartlett_short_bandwidth,True,ok,0.24182062497004395,0.19955468754160563,0.7428,0.4614,0.3475,2,9,False,
60min,2024-09-09,2024-09-09,2024-09-09,9,main,ADF,c,unit_root,0.0,bic,True,ok,-5.37891746883517,3.750233041068199e-06,-4.6651863281249994,-3.3671868750000002,-2.802960625,0,8,True,
60min,2024-09-09,2024-09-09,2024-09-09,9,main,PP,c,unit_root,,Bartlett_short_bandwidth,True,ok,-5.5067484878368,2.013866997724851e-06,-4.6651863281249994,-3.3671868750000002,-2.802960625,2,8,True,
60min,2024-09-09,2024-09-09,2024-09-09,9,main,KPSS,c,level_or_trend_stationarity,,Bartlett_short_bandwidth,True,ok,0.25369879739610957,0.1839759007742185,0.7428,0.4614,0.3475,2,9,False,
60min,2024-09-09,2024-09-09,2024-09-09,9,lag_sensitivity,ADF,c,unit_root,0.0,aic,True,ok,-5.37891746883517,3.750233041068199e-06,-4.6651863281249994,-3.3671868750000002,-2.802960625,0,8,True,
60min,2024-09-09,2024-09-09,2024-09-09,9,lag_sensitivity,PP,c,unit_root,,Bartlett_short_bandwidth,True,ok,-5.5067484878368,2.013866997724851e-06,-4.6651863281249994,-3.3671868750000002,-2.802960625,2,8,True,
60min,2024-09-09,2024-09-09,2024-09-09,9,lag_sensitivity,KPSS,c,level_or_trend_stationarity,,Bartlett_short_bandwidth,True,ok,0.25369879739610957,0.1839759007742185,0.7428,0.4614,0.3475,2,9,False,
60min,2024-09-10,2024-09-10,2024-09-10,9,main,ADF,c,unit_root,0.0,bic,True,ok,-3.805760023850794,0.002848929163693833,-4.6651863281249994,-3.3671868750000002,-2.802960625,0,8,True,
60min,2024-09-10,2024-09-10,2024-09-10,9,main,PP,c,unit_root,,Bartlett_short_bandwidth,True,ok,-4.445562494995803,0.0002463137777506605,-4.6651863281249994,-3.3671868750000002,-2.802960625,2,8,True,
60min,2024-09-10,2024-09-10,2024-09-10,9,main,KPSS,c,level_or_trend_stationarity,,Bartlett_short_bandwidth,True,ok,0.33094051302178873,0.111459852580077,0.7428,0.4614,0.3475,2,9,False,
60min,2024-09-10,2024-09-10,2024-09-10,9,lag_sensitivity,ADF,c,unit_root,0.0,aic,True,ok,-3.805760023850794,0.002848929163693833,-4.6651863281249994,-3.3671868750000002,-2.802960625,0,8,True,
60min,2024-09-10,2024-09-10,2024-09-10,9,lag_sensitivity,PP,c,unit_root,,Bartlett_short_bandwidth,True,ok,-4.445562494995803,0.0002463137777506605,-4.6651863281249994,-3.3671868750000002,-2.802960625,2,8,True,
60min,2024-09-10,2024-09-10,2024-09-10,9,lag_sensitivity,KPSS,c,level_or_trend_stationarity,,Bartlett_short_bandwidth,True,ok,0.33094051302178873,0.111459852580077,0.7428,0.4614,0.3475,2,9,False,
60min,2024-09-11,2024-09-11,2024-09-11,9,main,ADF,c,unit_root,0.0,bic,True,ok,-2.759913810751396,0.06423185915609185,-4.6651863281249994,-3.3671868750000002,-2.802960625,0,8,False,
60min,2024-09-11,2024-09-11,2024-09-11,9,main,PP,c,unit_root,,Bartlett_short_bandwidth,True,ok,-2.7618023232743933,0.06394058095148487,-4.6651863281249994,-3.3671868750000002,-2.802960625,2,8,False,
60min,2024-09-11,2024-09-11,2024-09-11,9,main,KPSS,c,level_or_trend_stationarity,,Bartlett_short_bandwidth,True,ok,0.13244021702258482,0.4482081454381164,0.7428,0.4614,0.3475,2,9,False,
60min,2024-09-11,2024-09-11,2024-09-11,9,lag_sensitivity,ADF,c,unit_root,0.0,aic,True,ok,-2.759913810751396,0.06423185915609185,-4.6651863281249994,-3.3671868750000002,-2.802960625,0,8,False,
60min,2024-09-11,2024-09-11,2024-09-11,9,lag_sensitivity,PP,c,unit_root,,Bartlett_short_bandwidth,True,ok,-2.7618023232743933,0.06394058095148487,-4.6651863281249994,-3.3671868750000002,-2.802960625,2,8,False,
60min,2024-09-11,2024-09-11,2024-09-11,9,lag_sensitivity,KPSS,c,level_or_trend_stationarity,,Bartlett_short_bandwidth,True,ok,0.13244021702258482,0.4482081454381164,0.7428,0.4614,0.3475,2,9,False,
60min,2024-09-12,2024-09-12,2024-09-12,9,main,ADF,c,unit_root,0.0,bic,True,ok,-1.7191779309530526,0.4212594997147574,-4.6651863281249994,-3.3671868750000002,-2.802960625,0,8,False,
60min,2024-09-12,2024-09-12,2024-09-12,9,main,PP,c,unit_root,,Bartlett_short_bandwidth,True,ok,-1.7159755102293022,0.4229007783241792,-4.6651863281249994,-3.3671868750000002,-2.802960625,2,8,False,
60min,2024-09-12,2024-09-12,2024-09-12,9,main,KPSS,c,level_or_trend_stationarity,,Bartlett_short_bandwidth,True,ok,0.226946421365773,0.22114178580943483,0.7428,0.4614,0.3475,2,9,False,
60min,2024-09-12,2024-09-12,2024-09-12,9,lag_sensitivity,ADF,c,unit_root,0.0,aic,True,ok,-1.7191779309530526,0.4212594997147574,-4.6651863281249994,-3.3671868750000002,-2.802960625,0,8,False,
60min,2024-09-12,2024-09-12,2024-09-12,9,lag_sensitivity,PP,c,unit_root,,Bartlett_short_bandwidth,True,ok,-1.7159755102293022,0.4229007783241792,-4.6651863281249994,-3.3671868750000002,-2.802960625,2,8,False,
60min,2024-09-12,2024-09-12,2024-09-12,9,lag_sensitivity,KPSS,c,level_or_trend_stationarity,,Bartlett_short_bandwidth,True,ok,0.226946421365773,0.22114178580943483,0.7428,0.4614,0.3475,2,9,False,
60min,2024-09-13,2024-09-13,2024-09-13,9,main,ADF,c,unit_root,0.0,bic,True,ok,-1.5986316898874064,0.4842807861979553,-4.6651863281249994,-3.3671868750000002,-2.802960625,0,8,False,
60min,2024-09-13,2024-09-13,2024-09-13,9,main,PP,c,unit_root,,Bartlett_short_bandwidth,True,ok,-1.5301688578766566,0.5185379739017761,-4.6651863281249994,-3.3671868750000002,-2.802960625,2,8,False,
60min,2024-09-13,2024-09-13,2024-09-13,9,main,KPSS,c,level_or_trend_stationarity,,Bartlett_short_bandwidth,True,ok,0.20241367319770165,0.2633065231417615,0.7428,0.4614,0.3475,2,9,False,
60min,2024-09-13,2024-09-13,2024-09-13,9,lag_sensitivity,ADF,c,unit_root,0.0,aic,True,ok,-1.5986316898874064,0.4842807861979553,-4.6651863281249994,-3.3671868750000002,-2.802960625,0,8,False,
60min,2024-09-13,2024-09-13,2024-09-13,9,lag_sensitivity,PP,c,unit_root,,Bartlett_short_bandwidth,True,ok,-1.5301688578766566,0.5185379739017761,-4.6651863281249994,-3.3671868750000002,-2.802960625,2,8,False,
60min,2024-09-13,2024-09-13,2024-09-13,9,lag_sensitivity,KPSS,c,level_or_trend_stationarity,,Bartlett_short_bandwidth,True,ok,0.20241367319770165,0.2633065231417615,0.7428,0.4614,0.3475,2,9,False,
60min,2024-09-16,2024-09-16,2024-09-16,9,main,ADF,c,unit_root,0.0,bic,True,ok,-3.1205439799716594,0.025069728452090566,-4.6651863281249994,-3.3671868750000002,-2.802960625,0,8,False,
60min,2024-09-16,2024-09-16,2024-09-16,9,main,PP,c,unit_root,,Bartlett_short_bandwidth,True,ok,-3.385053739356345,0.011479064265328996,-4.6651863281249994,-3.3671868750000002,-2.802960625,2,8,True,
60min,2024-09-16,2024-09-16,2024-09-16,9,main,KPSS,c,level_or_trend_stationarity,,Bartlett_short_bandwidth,True,ok,0.15491468244087003,0.37561106416407725,0.7428,0.4614,0.3475,2,9,False,
60min,2024-09-16,2024-09-16,2024-09-16,9,lag_sensitivity,ADF,c,unit_root,0.0,aic,True,ok,-3.1205439799716594,0.025069728452090566,-4.6651863281249994,-3.3671868750000002,-2.802960625,0,8,False,
60min,2024-09-16,2024-09-16,2024-09-16,9,lag_sensitivity,PP,c,unit_root,,Bartlett_short_bandwidth,True,ok,-3.385053739356345,0.011479064265328996,-4.6651863281249994,-3.3671868750000002,-2.802960625,2,8,True,
60min,2024-09-16,2024-09-16,2024-09-16,9,lag_sensitivity,KPSS,c,level_or_trend_stationarity,,Bartlett_short_bandwidth,True,ok,0.15491468244087003,0.37561106416407725,0.7428,0.4614,0.3475,2,9,False,
60min,2024-09-17,2024-09-17,2024-09-17,9,main,ADF,c,unit_root,0.0,bic,True,ok,-3.3723777122026752,0.011937337404993092,-4.6651863281249994,-3.3671868750000002,-2.802960625,0,8,True,
60min,2024-09-17,2024-09-17,2024-09-17,9,main,PP,c,unit_root,,Bartlett_short_bandwidth,True,ok,-5.894597004195348,2.871157177034819e-07,-4.6651863281249994,-3.3671868750000002,-2.802960625,2,8,True,
60min,2024-09-17,2024-09-17,2024-09-17,9,main,KPSS,c,level_or_trend_stationarity,,Bartlett_short_bandwidth,True,ok,0.40374139813779614,0.07068964684168312,0.7428,0.4614,0.3475,2,9,False,
60min,2024-09-17,2024-09-17,2024-09-17,9,lag_sensitivity,ADF,c,unit_root,0.0,aic,True,ok,-3.3723777122026752,0.011937337404993092,-4.6651863281249994,-3.3671868750000002,-2.802960625,0,8,True,
60min,2024-09-17,2024-09-17,2024-09-17,9,lag_sensitivity,PP,c,unit_root,,Bartlett_short_bandwidth,True,ok,-5.894597004195348,2.871157177034819e-07,-4.6651863281249994,-3.3671868750000002,-2.802960625,2,8,True,
60min,2024-09-17,2024-09-17,2024-09-17,9,lag_sensitivity,KPSS,c,level_or_trend_stationarity,,Bartlett_short_bandwidth,True,ok,0.40374139813779614,0.07068964684168312,0.7428,0.4614,0.3475,2,9,False,
60min,2024-09-18,2024-09-18,2024-09-18,9,main,ADF,c,unit_root,0.0,bic,True,ok,-3.5163949069224896,0.007575887118619715,-4.6651863281249994,-3.3671868750000002,-2.802960625,0,8,True,
60min,2024-09-18,2024-09-18,2024-09-18,9,main,PP,c,unit_root,,Bartlett_short_bandwidth,True,ok,-3.718746500126192,0.0038570628926416577,-4.6651863281249994,-3.3671868750000002,-2.802960625,2,8,True,
60min,2024-09-18,2024-09-18,2024-09-18,9,main,KPSS,c,level_or_trend_stationarity,,Bartlett_short_bandwidth,True,ok,0.15641379349577164,0.3711494241197273,0.7428,0.4614,0.3475,2,9,False,
60min,2024-09-18,2024-09-18,2024-09-18,9,lag_sensitivity,ADF,c,unit_root,0.0,aic,True,ok,-3.5163949069224896,0.007575887118619715,-4.6651863281249994,-3.3671868750000002,-2.802960625,0,8,True,
60min,2024-09-18,2024-09-18,2024-09-18,9,lag_sensitivity,PP,c,unit_root,,Bartlett_short_bandwidth,True,ok,-3.718746500126192,0.0038570628926416577,-4.6651863281249994,-3.3671868750000002,-2.802960625,2,8,True,
60min,2024-09-18,2024-09-18,2024-09-18,9,lag_sensitivity,KPSS,c,level_or_trend_stationarity,,Bartlett_short_bandwidth,True,ok,0.15641379349577164,0.3711494241197273,0.7428,0.4614,0.3475,2,9,False,
60min,2024-09-19,2024-09-19,2024-09-19,9,main,ADF,c,unit_root,0.0,bic,True,ok,-2.9599304786064202,0.038809631309110006,-4.6651863281249994,-3.3671868750000002,-2.802960625,0,8,False,
60min,2024-09-19,2024-09-19,2024-09-19,9,main,PP,c,unit_root,,Bartlett_short_bandwidth,True,ok,-3.031170411880816,0.03208424047122019,-4.6651863281249994,-3.3671868750000002,-2.802960625,2,8,False,
60min,2024-09-19,2024-09-19,2024-09-19,9,main,KPSS,c,level_or_trend_stationarity,,Bartlett_short_bandwidth,True,ok,0.20336704408004241,0.2614371684705051,0.7428,0.4614,0.3475,2,9,False,
60min,2024-09-19,2024-09-19,2024-09-19,9,lag_sensitivity,ADF,c,unit_root,0.0,aic,True,ok,-2.9599304786064202,0.038809631309110006,-4.6651863281249994,-3.3671868750000002,-2.802960625,0,8,False,
60min,2024-09-19,2024-09-19,2024-09-19,9,lag_sensitivity,PP,c,unit_root,,Bartlett_short_bandwidth,True,ok,-3.031170411880816,0.03208424047122019,-4.6651863281249994,-3.3671868750000002,-2.802960625,2,8,False,
60min,2024-09-19,2024-09-19,2024-09-19,9,lag_sensitivity,KPSS,c,level_or_trend_stationarity,,Bartlett_short_bandwidth,True,ok,0.20336704408004241,0.2614371684705051,0.7428,0.4614,0.3475,2,9,False,
60min,2024-09-20,2024-09-20,2024-09-20,9,main,ADF,c,unit_root,0.0,bic,True,ok,-1.9340918311092092,0.31619704553781725,-4.6651863281249994,-3.3671868750000002,-2.802960625,0,8,False,
60min,2024-09-20,2024-09-20,2024-09-20,9,main,PP,c,unit_root,,Bartlett_short_bandwidth,True,ok,-2.0257302976097686,0.27540644274411274,-4.6651863281249994,-3.3671868750000002,-2.802960625,2,8,False,
60min,2024-09-20,2024-09-20,2024-09-20,9,main,KPSS,c,level_or_trend_stationarity,,Bartlett_short_bandwidth,True,ok,0.31325366276974476,0.12447392236841442,0.7428,0.4614,0.3475,2,9,False,
60min,2024-09-20,2024-09-20,2024-09-20,9,lag_sensitivity,ADF,c,unit_root,0.0,aic,True,ok,-1.9340918311092092,0.31619704553781725,-4.6651863281249994,-3.3671868750000002,-2.802960625,0,8,False,
60min,2024-09-20,2024-09-20,2024-09-20,9,lag_sensitivity,PP,c,unit_root,,Bartlett_short_bandwidth,True,ok,-2.0257302976097686,0.27540644274411274,-4.6651863281249994,-3.3671868750000002,-2.802960625,2,8,False,
60min,2024-09-20,2024-09-20,2024-09-20,9,lag_sensitivity,KPSS,c,level_or_trend_stationarity,,Bartlett_short_bandwidth,True,ok,0.31325366276974476,0.12447392236841442,0.7428,0.4614,0.3475,2,9,False,
60min,2024-09-23,2024-09-23,2024-09-23,9,main,ADF,c,unit_root,0.0,bic,True,ok,-5.387709131893544,3.59446879507904e-06,-4.6651863281249994,-3.3671868750000002,-2.802960625,0,8,True,
60min,2024-09-23,2024-09-23,2024-09-23,9,main,PP,c,unit_root,,Bartlett_short_bandwidth,True,ok,-5.477329196124815,2.3258425019058866e-06,-4.6651863281249994,-3.3671868750000002,-2.802960625,2,8,True,
60min,2024-09-23,2024-09-23,2024-09-23,9,main,KPSS,c,level_or_trend_stationarity,,Bartlett_short_bandwidth,True,ok,0.2984254593406566,0.1368824608027978,0.7428,0.4614,0.3475,2,9,False,
60min,2024-09-23,2024-09-23,2024-09-23,9,lag_sensitivity,ADF,c,unit_root,0.0,aic,True,ok,-5.387709131893544,3.59446879507904e-06,-4.6651863281249994,-3.3671868750000002,-2.802960625,0,8,True,
60min,2024-09-23,2024-09-23,2024-09-23,9,lag_sensitivity,PP,c,unit_root,,Bartlett_short_bandwidth,True,ok,-5.477329196124815,2.3258425019058866e-06,-4.6651863281249994,-3.3671868750000002,-2.802960625,2,8,True,
60min,2024-09-23,2024-09-23,2024-09-23,9,lag_sensitivity,KPSS,c,level_or_trend_stationarity,,Bartlett_short_bandwidth,True,ok,0.2984254593406566,0.1368824608027978,0.7428,0.4614,0.3475,2,9,False,
60min,2024-09-24,2024-09-24,2024-09-24,9,main,ADF,c,unit_root,0.0,bic,True,ok,-3.7677379129932964,0.003255193737562098,-4.6651863281249994,-3.3671868750000002,-2.802960625,0,8,True,
60min,2024-09-24,2024-09-24,2024-09-24,9,main,PP,c,unit_root,,Bartlett_short_bandwidth,True,ok,-4.864910529822559,4.079466140643977e-05,-4.6651863281249994,-3.3671868750000002,-2.802960625,2,8,True,
60min,2024-09-24,2024-09-24,2024-09-24,9,main,KPSS,c,level_or_trend_stationarity,,Bartlett_short_bandwidth,True,ok,0.17475131110136158,0.322648204289491,0.7428,0.4614,0.3475,2,9,False,
60min,2024-09-24,2024-09-24,2024-09-24,9,lag_sensitivity,ADF,c,unit_root,0.0,aic,True,ok,-3.7677379129932964,0.003255193737562098,-4.6651863281249994,-3.3671868750000002,-2.802960625,0,8,True,
60min,2024-09-24,2024-09-24,2024-09-24,9,lag_sensitivity,PP,c,unit_root,,Bartlett_short_bandwidth,True,ok,-4.864910529822559,4.079466140643977e-05,-4.6651863281249994,-3.3671868750000002,-2.802960625,2,8,True,
60min,2024-09-24,2024-09-24,2024-09-24,9,lag_sensitivity,KPSS,c,level_or_trend_stationarity,,Bartlett_short_bandwidth,True,ok,0.17475131110136158,0.322648204289491,0.7428,0.4614,0.3475,2,9,False,
60min,2024-09-25,2024-09-25,2024-09-25,9,main,ADF,c,unit_root,0.0,bic,True,ok,-2.281469839404823,0.1780139775810174,-4.6651863281249994,-3.3671868750000002,-2.802960625,0,8,False,
60min,2024-09-25,2024-09-25,2024-09-25,9,main,PP,c,unit_root,,Bartlett_short_bandwidth,True,ok,-2.254633797119907,0.1870169630871631,-4.6651863281249994,-3.3671868750000002,-2.802960625,2,8,False,
60min,2024-09-25,2024-09-25,2024-09-25,9,main,KPSS,c,level_or_trend_stationarity,,Bartlett_short_bandwidth,True,ok,0.4494373650254794,0.053738323429537695,0.7428,0.4614,0.3475,2,9,False,
60min,2024-09-25,2024-09-25,2024-09-25,9,lag_sensitivity,ADF,c,unit_root,0.0,aic,True,ok,-2.281469839404823,0.1780139775810174,-4.6651863281249994,-3.3671868750000002,-2.802960625,0,8,False,
60min,2024-09-25,2024-09-25,2024-09-25,9,lag_sensitivity,PP,c,unit_root,,Bartlett_short_bandwidth,True,ok,-2.254633797119907,0.1870169630871631,-4.6651863281249994,-3.3671868750000002,-2.802960625,2,8,False,
60min,2024-09-25,2024-09-25,2024-09-25,9,lag_sensitivity,KPSS,c,level_or_trend_stationarity,,Bartlett_short_bandwidth,True,ok,0.4494373650254794,0.053738323429537695,0.7428,0.4614,0.3475,2,9,False,
60min,2024-09-26,2024-09-26,2024-09-26,9,main,ADF,c,unit_root,0.0,bic,True,ok,-1.4971620025423997,0.5349147855940313,-4.6651863281249994,-3.3671868750000002,-2.802960625,0,8,False,
60min,2024-09-26,2024-09-26,2024-09-26,9,main,PP,c,unit_root,,Bartlett_short_bandwidth,True,ok,-1.565928377597697,0.5006825682623134,-4.6651863281249994,-3.3671868750000002,-2.802960625,2,8,False,
60min,2024-09-26,2024-09-26,2024-09-26,9,main,KPSS,c,level_or_trend_stationarity,,Bartlett_short_bandwidth,True,ok,0.11895339234087102,0.5001969337709675,0.7428,0.4614,0.3475,2,9,False,
60min,2024-09-26,2024-09-26,2024-09-26,9,lag_sensitivity,ADF,c,unit_root,0.0,aic,True,ok,-1.4971620025423997,0.5349147855940313,-4.6651863281249994,-3.3671868750000002,-2.802960625,0,8,False,
60min,2024-09-26,2024-09-26,2024-09-26,9,lag_sensitivity,PP,c,unit_root,,Bartlett_short_bandwidth,True,ok,-1.565928377597697,0.5006825682623134,-4.6651863281249994,-3.3671868750000002,-2.802960625,2,8,False,
60min,2024-09-26,2024-09-26,2024-09-26,9,lag_sensitivity,KPSS,c,level_or_trend_stationarity,,Bartlett_short_bandwidth,True,ok,0.11895339234087102,0.5001969337709675,0.7428,0.4614,0.3475,2,9,False,
60min,2024-09-27,2024-09-27,2024-09-27,9,main,ADF,c,unit_root,0.0,bic,True,ok,-2.148441087220956,0.2254872807460565,-4.6651863281249994,-3.3671868750000002,-2.802960625,0,8,False,
60min,2024-09-27,2024-09-27,2024-09-27,9,main,PP,c,unit_root,,Bartlett_short_bandwidth,True,ok,-2.068926971280644,0.25719133784046666,-4.6651863281249994,-3.3671868750000002,-2.802960625,2,8,False,
60min,2024-09-27,2024-09-27,2024-09-27,9,main,KPSS,c,level_or_trend_stationarity,,Bartlett_short_bandwidth,True,ok,0.27546994171432193,0.159093810714248,0.7428,0.4614,0.3475,2,9,False,
60min,2024-09-27,2024-09-27,2024-09-27,9,lag_sensitivity,ADF,c,unit_root,0.0,aic,True,ok,-2.148441087220956,0.2254872807460565,-4.6651863281249994,-3.3671868750000002,-2.802960625,0,8,False,
60min,2024-09-27,2024-09-27,2024-09-27,9,lag_sensitivity,PP,c,unit_root,,Bartlett_short_bandwidth,True,ok,-2.068926971280644,0.25719133784046666,-4.6651863281249994,-3.3671868750000002,-2.802960625,2,8,False,
60min,2024-09-27,2024-09-27,2024-09-27,9,lag_sensitivity,KPSS,c,level_or_trend_stationarity,,Bartlett_short_bandwidth,True,ok,0.27546994171432193,0.159093810714248,0.7428,0.4614,0.3475,2,9,False,
60min,2024-09-30,2024-09-30,2024-09-30,9,main,ADF,c,unit_root,0.0,bic,True,ok,-4.572116072915394,0.00014535020596131046,-4.6651863281249994,-3.3671868750000002,-2.802960625,0,8,True,
60min,2024-09-30,2024-09-30,2024-09-30,9,main,PP,c,unit_root,,Bartlett_short_bandwidth,True,ok,-8.13220153102072,1.0826929815380192e-12,-4.6651863281249994,-3.3671868750000002,-2.802960625,2,8,True,
60min,2024-09-30,2024-09-30,2024-09-30,9,main,KPSS,c,level_or_trend_stationarity,,Bartlett_short_bandwidth,True,ok,0.389222706655898,0.0772534402566519,0.7428,0.4614,0.3475,2,9,False,
60min,2024-09-30,2024-09-30,2024-09-30,9,lag_sensitivity,ADF,c,unit_root,0.0,aic,True,ok,-4.572116072915394,0.00014535020596131046,-4.6651863281249994,-3.3671868750000002,-2.802960625,0,8,True,
60min,2024-09-30,2024-09-30,2024-09-30,9,lag_sensitivity,PP,c,unit_root,,Bartlett_short_bandwidth,True,ok,-8.13220153102072,1.0826929815380192e-12,-4.6651863281249994,-3.3671868750000002,-2.802960625,2,8,True,
60min,2024-09-30,2024-09-30,2024-09-30,9,lag_sensitivity,KPSS,c,level_or_trend_stationarity,,Bartlett_short_bandwidth,True,ok,0.389222706655898,0.0772534402566519,0.7428,0.4614,0.3475,2,9,False,
60min,2024-10-01,2024-10-01,2024-10-01,9,main,ADF,c,unit_root,0.0,bic,True,ok,-1.7368006433653542,0.41225832037410926,-4.6651863281249994,-3.3671868750000002,-2.802960625,0,8,False,
60min,2024-10-01,2024-10-01,2024-10-01,9,main,PP,c,unit_root,,Bartlett_short_bandwidth,True,ok,-1.719080191075364,0.42130956793427854,-4.6651863281249994,-3.3671868750000002,-2.802960625,2,8,False,
60min,2024-10-01,2024-10-01,2024-10-01,9,main,KPSS,c,level_or_trend_stationarity,,Bartlett_short_bandwidth,True,ok,0.24309204001598744,0.1977888333111286,0.7428,0.4614,0.3475,2,9,False,
60min,2024-10-01,2024-10-01,2024-10-01,9,lag_sensitivity,ADF,c,unit_root,0.0,aic,True,ok,-1.7368006433653542,0.41225832037410926,-4.6651863281249994,-3.3671868750000002,-2.802960625,0,8,False,
60min,2024-10-01,2024-10-01,2024-10-01,9,lag_sensitivity,PP,c,unit_root,,Bartlett_short_bandwidth,True,ok,-1.719080191075364,0.42130956793427854,-4.6651863281249994,-3.3671868750000002,-2.802960625,2,8,False,
60min,2024-10-01,2024-10-01,2024-10-01,9,lag_sensitivity,KPSS,c,level_or_trend_stationarity,,Bartlett_short_bandwidth,True,ok,0.24309204001598744,0.1977888333111286,0.7428,0.4614,0.3475,2,9,False,
60min,2024-10-02,2024-10-02,2024-10-02,9,main,ADF,c,unit_root,0.0,bic,True,ok,-3.8196450919924145,0.0027125954868862665,-4.6651863281249994,-3.3671868750000002,-2.802960625,0,8,True,
60min,2024-10-02,2024-10-02,2024-10-02,9,main,PP,c,unit_root,,Bartlett_short_bandwidth,True,ok,-5.039015759222043,1.8567744974000203e-05,-4.6651863281249994,-3.3671868750000002,-2.802960625,2,8,True,
60min,2024-10-02,2024-10-02,2024-10-02,9,main,KPSS,c,level_or_trend_stationarity,,Bartlett_short_bandwidth,True,ok,0.2691937323267297,0.16569953962300418,0.7428,0.4614,0.3475,2,9,False,
60min,2024-10-02,2024-10-02,2024-10-02,9,lag_sensitivity,ADF,c,unit_root,0.0,aic,True,ok,-3.8196450919924145,0.0027125954868862665,-4.6651863281249994,-3.3671868750000002,-2.802960625,0,8,True,
60min,2024-10-02,2024-10-02,2024-10-02,9,lag_sensitivity,PP,c,unit_root,,Bartlett_short_bandwidth,True,ok,-5.039015759222043,1.8567744974000203e-05,-4.6651863281249994,-3.3671868750000002,-2.802960625,2,8,True,
60min,2024-10-02,2024-10-02,2024-10-02,9,lag_sensitivity,KPSS,c,level_or_trend_stationarity,,Bartlett_short_bandwidth,True,ok,0.2691937323267297,0.16569953962300418,0.7428,0.4614,0.3475,2,9,False,
60min,2024-10-03,2024-10-03,2024-10-03,9,main,ADF,c,unit_root,0.0,bic,True,ok,-2.0806582640012548,0.2523627920706766,-4.6651863281249994,-3.3671868750000002,-2.802960625,0,8,False,
60min,2024-10-03,2024-10-03,2024-10-03,9,main,PP,c,unit_root,,Bartlett_short_bandwidth,True,ok,-2.1845996341466236,0.21188230455012458,-4.6651863281249994,-3.3671868750000002,-2.802960625,2,8,False,
60min,2024-10-03,2024-10-03,2024-10-03,9,main,KPSS,c,level_or_trend_stationarity,,Bartlett_short_bandwidth,True,ok,0.3281568331989729,0.11338627460278693,0.7428,0.4614,0.3475,2,9,False,
60min,2024-10-03,2024-10-03,2024-10-03,9,lag_sensitivity,ADF,c,unit_root,0.0,aic,True,ok,-2.0806582640012548,0.2523627920706766,-4.6651863281249994,-3.3671868750000002,-2.802960625,0,8,False,
60min,2024-10-03,2024-10-03,2024-10-03,9,lag_sensitivity,PP,c,unit_root,,Bartlett_short_bandwidth,True,ok,-2.1845996341466236,0.21188230455012458,-4.6651863281249994,-3.3671868750000002,-2.802960625,2,8,False,
60min,2024-10-03,2024-10-03,2024-10-03,9,lag_sensitivity,KPSS,c,level_or_trend_stationarity,,Bartlett_short_bandwidth,True,ok,0.3281568331989729,0.11338627460278693,0.7428,0.4614,0.3475,2,9,False,
60min,2024-10-04,2024-10-04,2024-10-04,9,main,ADF,c,unit_root,0.0,bic,True,ok,-7.124015515748515,3.6598636068190315e-10,-4.6651863281249994,-3.3671868750000002,-2.802960625,0,8,True,
60min,2024-10-04,2024-10-04,2024-10-04,9,main,PP,c,unit_root,,Bartlett_short_bandwidth,True,ok,-6.572962910118284,7.852134179731307e-09,-4.6651863281249994,-3.3671868750000002,-2.802960625,2,8,True,
60min,2024-10-04,2024-10-04,2024-10-04,9,main,KPSS,c,level_or_trend_stationarity,,Bartlett_short_bandwidth,True,ok,0.1723477365272393,0.32871783705242597,0.7428,0.4614,0.3475,2,9,False,
60min,2024-10-04,2024-10-04,2024-10-04,9,lag_sensitivity,ADF,c,unit_root,0.0,aic,True,ok,-7.124015515748515,3.6598636068190315e-10,-4.6651863281249994,-3.3671868750000002,-2.802960625,0,8,True,
60min,2024-10-04,2024-10-04,2024-10-04,9,lag_sensitivity,PP,c,unit_root,,Bartlett_short_bandwidth,True,ok,-6.572962910118284,7.852134179731307e-09,-4.6651863281249994,-3.3671868750000002,-2.802960625,2,8,True,
60min,2024-10-04,2024-10-04,2024-10-04,9,lag_sensitivity,KPSS,c,level_or_trend_stationarity,,Bartlett_short_bandwidth,True,ok,0.1723477365272393,0.32871783705242597,0.7428,0.4614,0.3475,2,9,False,
60min,2024-10-07,2024-10-07,2024-10-07,9,main,ADF,c,unit_root,0.0,bic,True,ok,-3.4783929306450245,0.008559661835539733,-4.6651863281249994,-3.3671868750000002,-2.802960625,0,8,True,
60min,2024-10-07,2024-10-07,2024-10-07,9,main,PP,c,unit_root,,Bartlett_short_bandwidth,True,ok,-4.103036595789981,0.0009573913068517025,-4.6651863281249994,-3.3671868750000002,-2.802960625,2,8,True,
60min,2024-10-07,2024-10-07,2024-10-07,9,main,KPSS,c,level_or_trend_stationarity,,Bartlett_short_bandwidth,True,ok,0.1701665856939449,0.3342257937021593,0.7428,0.4614,0.3475,2,9,False,
60min,2024-10-07,2024-10-07,2024-10-07,9,lag_sensitivity,ADF,c,unit_root,0.0,aic,True,ok,-3.4783929306450245,0.008559661835539733,-4.6651863281249994,-3.3671868750000002,-2.802960625,0,8,True,
60min,2024-10-07,2024-10-07,2024-10-07,9,lag_sensitivity,PP,c,unit_root,,Bartlett_short_bandwidth,True,ok,-4.103036595789981,0.0009573913068517025,-4.6651863281249994,-3.3671868750000002,-2.802960625,2,8,True,
60min,2024-10-07,2024-10-07,2024-10-07,9,lag_sensitivity,KPSS,c,level_or_trend_stationarity,,Bartlett_short_bandwidth,True,ok,0.1701665856939449,0.3342257937021593,0.7428,0.4614,0.3475,2,9,False,
60min,2024-10-08,2024-10-08,2024-10-08,9,main,ADF,c,unit_root,0.0,bic,True,ok,-4.476517345148248,0.00021677099945318018,-4.6651863281249994,-3.3671868750000002,-2.802960625,0,8,True,
60min,2024-10-08,2024-10-08,2024-10-08,9,main,PP,c,unit_root,,Bartlett_short_bandwidth,True,ok,-4.100816983993102,0.0009655173013692,-4.6651863281249994,-3.3671868750000002,-2.802960625,2,8,True,
60min,2024-10-08,2024-10-08,2024-10-08,9,main,KPSS,c,level_or_trend_stationarity,,Bartlett_short_bandwidth,True,ok,0.22346336734805142,0.2265438999757394,0.7428,0.4614,0.3475,2,9,False,
60min,2024-10-08,2024-10-08,2024-10-08,9,lag_sensitivity,ADF,c,unit_root,0.0,aic,True,ok,-4.476517345148248,0.00021677099945318018,-4.6651863281249994,-3.3671868750000002,-2.802960625,0,8,True,
60min,2024-10-08,2024-10-08,2024-10-08,9,lag_sensitivity,PP,c,unit_root,,Bartlett_short_bandwidth,True,ok,-4.100816983993102,0.0009655173013692,-4.6651863281249994,-3.3671868750000002,-2.802960625,2,8,True,
60min,2024-10-08,2024-10-08,2024-10-08,9,lag_sensitivity,KPSS,c,level_or_trend_stationarity,,Bartlett_short_bandwidth,True,ok,0.22346336734805142,0.2265438999757394,0.7428,0.4614,0.3475,2,9,False,
60min,2024-10-09,2024-10-09,2024-10-09,9,main,ADF,c,unit_root,0.0,bic,True,ok,-2.9962522850428535,0.03524587504502353,-4.6651863281249994,-3.3671868750000002,-2.802960625,0,8,False,
60min,2024-10-09,2024-10-09,2024-10-09,9,main,PP,c,unit_root,,Bartlett_short_bandwidth,True,ok,-3.2543638791095097,0.017045796626729205,-4.6651863281249994,-3.3671868750000002,-2.802960625,2,8,False,
60min,2024-10-09,2024-10-09,2024-10-09,9,main,KPSS,c,level_or_trend_stationarity,,Bartlett_short_bandwidth,True,ok,0.3701664238905971,0.08686607397250157,0.7428,0.4614,0.3475,2,9,False,
60min,2024-10-09,2024-10-09,2024-10-09,9,lag_sensitivity,ADF,c,unit_root,0.0,aic,True,ok,-2.9962522850428535,0.03524587504502353,-4.6651863281249994,-3.3671868750000002,-2.802960625,0,8,False,
60min,2024-10-09,2024-10-09,2024-10-09,9,lag_sensitivity,PP,c,unit_root,,Bartlett_short_bandwidth,True,ok,-3.2543638791095097,0.017045796626729205,-4.6651863281249994,-3.3671868750000002,-2.802960625,2,8,False,
60min,2024-10-09,2024-10-09,2024-10-09,9,lag_sensitivity,KPSS,c,level_or_trend_stationarity,,Bartlett_short_bandwidth,True,ok,0.3701664238905971,0.08686607397250157,0.7428,0.4614,0.3475,2,9,False,
60min,2024-10-10,2024-10-10,2024-10-10,9,main,ADF,c,unit_root,0.0,bic,True,ok,-2.809724337968176,0.056898085421345286,-4.6651863281249994,-3.3671868750000002,-2.802960625,0,8,False,
60min,2024-10-10,2024-10-10,2024-10-10,9,main,PP,c,unit_root,,Bartlett_short_bandwidth,True,ok,-2.9147593219442656,0.04365841258236282,-4.6651863281249994,-3.3671868750000002,-2.802960625,2,8,False,
60min,2024-10-10,2024-10-10,2024-10-10,9,main,KPSS,c,level_or_trend_stationarity,,Bartlett_short_bandwidth,True,ok,0.21012804135834626,0.24923564043152452,0.7428,0.4614,0.3475,2,9,False,
60min,2024-10-10,2024-10-10,2024-10-10,9,lag_sensitivity,ADF,c,unit_root,0.0,aic,True,ok,-2.809724337968176,0.056898085421345286,-4.6651863281249994,-3.3671868750000002,-2.802960625,0,8,False,
60min,2024-10-10,2024-10-10,2024-10-10,9,lag_sensitivity,PP,c,unit_root,,Bartlett_short_bandwidth,True,ok,-2.9147593219442656,0.04365841258236282,-4.6651863281249994,-3.3671868750000002,-2.802960625,2,8,False,
60min,2024-10-10,2024-10-10,2024-10-10,9,lag_sensitivity,KPSS,c,level_or_trend_stationarity,,Bartlett_short_bandwidth,True,ok,0.21012804135834626,0.24923564043152452,0.7428,0.4614,0.3475,2,9,False,
60min,2024-10-11,2024-10-11,2024-10-11,9,main,ADF,c,unit_root,0.0,bic,True,ok,-2.8736289314830614,0.048501657447790114,-4.6651863281249994,-3.3671868750000002,-2.802960625,0,8,False,
60min,2024-10-11,2024-10-11,2024-10-11,9,main,PP,c,unit_root,,Bartlett_short_bandwidth,True,ok,-3.260723667329718,0.016728049235530167,-4.6651863281249994,-3.3671868750000002,-2.802960625,2,8,False,
60min,2024-10-11,2024-10-11,2024-10-11,9,main,KPSS,c,level_or_trend_stationarity,,Bartlett_short_bandwidth,True,ok,0.34990112604494944,0.09853589875307961,0.7428,0.4614,0.3475,2,9,False,
60min,2024-10-11,2024-10-11,2024-10-11,9,lag_sensitivity,ADF,c,unit_root,0.0,aic,True,ok,-2.8736289314830614,0.048501657447790114,-4.6651863281249994,-3.3671868750000002,-2.802960625,0,8,False,
60min,2024-10-11,2024-10-11,2024-10-11,9,lag_sensitivity,PP,c,unit_root,,Bartlett_short_bandwidth,True,ok,-3.260723667329718,0.016728049235530167,-4.6651863281249994,-3.3671868750000002,-2.802960625,2,8,False,
60min,2024-10-11,2024-10-11,2024-10-11,9,lag_sensitivity,KPSS,c,level_or_trend_stationarity,,Bartlett_short_bandwidth,True,ok,0.34990112604494944,0.09853589875307961,0.7428,0.4614,0.3475,2,9,False,
60min,2024-10-14,2024-10-14,2024-10-14,9,main,ADF,c,unit_root,0.0,bic,True,ok,-1.4904808234467328,0.5382149737906036,-4.6651863281249994,-3.3671868750000002,-2.802960625,0,8,False,
60min,2024-10-14,2024-10-14,2024-10-14,9,main,PP,c,unit_root,,Bartlett_short_bandwidth,True,ok,-1.5417609749224197,0.5127610157235906,-4.6651863281249994,-3.3671868750000002,-2.802960625,2,8,False,
60min,2024-10-14,2024-10-14,2024-10-14,9,main,KPSS,c,level_or_trend_stationarity,,Bartlett_short_bandwidth,True,ok,0.2296255870951706,0.21708244379519606,0.7428,0.4614,0.3475,2,9,False,
60min,2024-10-14,2024-10-14,2024-10-14,9,lag_sensitivity,ADF,c,unit_root,0.0,aic,True,ok,-1.4904808234467328,0.5382149737906036,-4.6651863281249994,-3.3671868750000002,-2.802960625,0,8,False,
60min,2024-10-14,2024-10-14,2024-10-14,9,lag_sensitivity,PP,c,unit_root,,Bartlett_short_bandwidth,True,ok,-1.5417609749224197,0.5127610157235906,-4.6651863281249994,-3.3671868750000002,-2.802960625,2,8,False,
60min,2024-10-14,2024-10-14,2024-10-14,9,lag_sensitivity,KPSS,c,level_or_trend_stationarity,,Bartlett_short_bandwidth,True,ok,0.2296255870951706,0.21708244379519606,0.7428,0.4614,0.3475,2,9,False,
60min,2024-10-15,2024-10-15,2024-10-15,9,main,ADF,c,unit_root,0.0,bic,True,ok,-6.793883922092601,2.3273508663977233e-09,-4.6651863281249994,-3.3671868750000002,-2.802960625,0,8,True,
60min,2024-10-15,2024-10-15,2024-10-15,9,main,PP,c,unit_root,,Bartlett_short_bandwidth,True,ok,-6.515197935015073,1.0756718282118828e-08,-4.6651863281249994,-3.3671868750000002,-2.802960625,2,8,True,
60min,2024-10-15,2024-10-15,2024-10-15,9,main,KPSS,c,level_or_trend_stationarity,,Bartlett_short_bandwidth,True,ok,0.16937082650928975,0.33623528659270263,0.7428,0.4614,0.3475,2,9,False,
60min,2024-10-15,2024-10-15,2024-10-15,9,lag_sensitivity,ADF,c,unit_root,0.0,aic,True,ok,-6.793883922092601,2.3273508663977233e-09,-4.6651863281249994,-3.3671868750000002,-2.802960625,0,8,True,
60min,2024-10-15,2024-10-15,2024-10-15,9,lag_sensitivity,PP,c,unit_root,,Bartlett_short_bandwidth,True,ok,-6.515197935015073,1.0756718282118828e-08,-4.6651863281249994,-3.3671868750000002,-2.802960625,2,8,True,
60min,2024-10-15,2024-10-15,2024-10-15,9,lag_sensitivity,KPSS,c,level_or_trend_stationarity,,Bartlett_short_bandwidth,True,ok,0.16937082650928975,0.33623528659270263,0.7428,0.4614,0.3475,2,9,False,
60min,2024-10-16,2024-10-16,2024-10-16,9,main,ADF,c,unit_root,0.0,bic,True,ok,-2.833002799857963,0.053711997207120867,-4.6651863281249994,-3.3671868750000002,-2.802960625,0,8,False,
60min,2024-10-16,2024-10-16,2024-10-16,9,main,PP,c,unit_root,,Bartlett_short_bandwidth,True,ok,-2.8928162698121747,0.04618976760036003,-4.6651863281249994,-3.3671868750000002,-2.802960625,2,8,False,
60min,2024-10-16,2024-10-16,2024-10-16,9,main,KPSS,c,level_or_trend_stationarity,,Bartlett_short_bandwidth,True,ok,0.14120105400176342,0.41807354486614295,0.7428,0.4614,0.3475,2,9,False,
60min,2024-10-16,2024-10-16,2024-10-16,9,lag_sensitivity,ADF,c,unit_root,0.0,aic,True,ok,-2.833002799857963,0.053711997207120867,-4.6651863281249994,-3.3671868750000002,-2.802960625,0,8,False,
60min,2024-10-16,2024-10-16,2024-10-16,9,lag_sensitivity,PP,c,unit_root,,Bartlett_short_bandwidth,True,ok,-2.8928162698121747,0.04618976760036003,-4.6651863281249994,-3.3671868750000002,-2.802960625,2,8,False,
60min,2024-10-16,2024-10-16,2024-10-16,9,lag_sensitivity,KPSS,c,level_or_trend_stationarity,,Bartlett_short_bandwidth,True,ok,0.14120105400176342,0.41807354486614295,0.7428,0.4614,0.3475,2,9,False,
60min,2024-10-17,2024-10-17,2024-10-17,9,main,ADF,c,unit_root,0.0,bic,True,ok,-7.607704071585205,2.2987087594756953e-11,-4.6651863281249994,-3.3671868750000002,-2.802960625,0,8,True,
60min,2024-10-17,2024-10-17,2024-10-17,9,main,PP,c,unit_root,,Bartlett_short_bandwidth,True,ok,-11.980535704820454,3.713896312840907e-22,-4.6651863281249994,-3.3671868750000002,-2.802960625,2,8,True,
60min,2024-10-17,2024-10-17,2024-10-17,9,main,KPSS,c,level_or_trend_stationarity,,Bartlett_short_bandwidth,True,ok,0.31040843971828413,0.12685486216043168,0.7428,0.4614,0.3475,2,9,False,
60min,2024-10-17,2024-10-17,2024-10-17,9,lag_sensitivity,ADF,c,unit_root,0.0,aic,True,ok,-7.607704071585205,2.2987087594756953e-11,-4.6651863281249994,-3.3671868750000002,-2.802960625,0,8,True,
60min,2024-10-17,2024-10-17,2024-10-17,9,lag_sensitivity,PP,c,unit_root,,Bartlett_short_bandwidth,True,ok,-11.980535704820454,3.713896312840907e-22,-4.6651863281249994,-3.3671868750000002,-2.802960625,2,8,True,
60min,2024-10-17,2024-10-17,2024-10-17,9,lag_sensitivity,KPSS,c,level_or_trend_stationarity,,Bartlett_short_bandwidth,True,ok,0.31040843971828413,0.12685486216043168,0.7428,0.4614,0.3475,2,9,False,
60min,2024-10-18,2024-10-18,2024-10-18,9,main,ADF,c,unit_root,0.0,bic,True,ok,-3.852322010466536,0.00241513873321767,-4.6651863281249994,-3.3671868750000002,-2.802960625,0,8,True,
60min,2024-10-18,2024-10-18,2024-10-18,9,main,PP,c,unit_root,,Bartlett_short_bandwidth,True,ok,-3.6586801089729795,0.004733355821419809,-4.6651863281249994,-3.3671868750000002,-2.802960625,2,8,True,
60min,2024-10-18,2024-10-18,2024-10-18,9,main,KPSS,c,level_or_trend_stationarity,,Bartlett_short_bandwidth,True,ok,0.2336228825186937,0.21102593557773683,0.7428,0.4614,0.3475,2,9,False,
60min,2024-10-18,2024-10-18,2024-10-18,9,lag_sensitivity,ADF,c,unit_root,0.0,aic,True,ok,-3.852322010466536,0.00241513873321767,-4.6651863281249994,-3.3671868750000002,-2.802960625,0,8,True,
60min,2024-10-18,2024-10-18,2024-10-18,9,lag_sensitivity,PP,c,unit_root,,Bartlett_short_bandwidth,True,ok,-3.6586801089729795,0.004733355821419809,-4.6651863281249994,-3.3671868750000002,-2.802960625,2,8,True,
60min,2024-10-18,2024-10-18,2024-10-18,9,lag_sensitivity,KPSS,c,level_or_trend_stationarity,,Bartlett_short_bandwidth,True,ok,0.2336228825186937,0.21102593557773683,0.7428,0.4614,0.3475,2,9,False,
60min,2024-10-21,2024-10-21,2024-10-21,9,main,ADF,c,unit_root,0.0,bic,True,ok,-3.5642864570565806,0.006481667227355593,-4.6651863281249994,-3.3671868750000002,-2.802960625,0,8,True,
60min,2024-10-21,2024-10-21,2024-10-21,9,main,PP,c,unit_root,,Bartlett_short_bandwidth,True,ok,-5.551217282720971,1.618203541149498e-06,-4.6651863281249994,-3.3671868750000002,-2.802960625,2,8,True,
60min,2024-10-21,2024-10-21,2024-10-21,9,main,KPSS,c,level_or_trend_stationarity,,Bartlett_short_bandwidth,True,ok,0.22809163288530324,0.21940661684044965,0.7428,0.4614,0.3475,2,9,False,
60min,2024-10-21,2024-10-21,2024-10-21,9,lag_sensitivity,ADF,c,unit_root,0.0,aic,True,ok,-3.5642864570565806,0.006481667227355593,-4.6651863281249994,-3.3671868750000002,-2.802960625,0,8,True,
60min,2024-10-21,2024-10-21,2024-10-21,9,lag_sensitivity,PP,c,unit_root,,Bartlett_short_bandwidth,True,ok,-5.551217282720971,1.618203541149498e-06,-4.6651863281249994,-3.3671868750000002,-2.802960625,2,8,True,
60min,2024-10-21,2024-10-21,2024-10-21,9,lag_sensitivity,KPSS,c,level_or_trend_stationarity,,Bartlett_short_bandwidth,True,ok,0.22809163288530324,0.21940661684044965,0.7428,0.4614,0.3475,2,9,False,
60min,2024-10-22,2024-10-22,2024-10-22,9,main,ADF,c,unit_root,0.0,bic,True,ok,-2.4019635233299708,0.1411829855099413,-4.6651863281249994,-3.3671868750000002,-2.802960625,0,8,False,
60min,2024-10-22,2024-10-22,2024-10-22,9,main,PP,c,unit_root,,Bartlett_short_bandwidth,True,ok,-2.7210221611368404,0.07047062562546215,-4.6651863281249994,-3.3671868750000002,-2.802960625,2,8,False,
60min,2024-10-22,2024-10-22,2024-10-22,9,main,KPSS,c,level_or_trend_stationarity,,Bartlett_short_bandwidth,True,ok,0.2539326609888255,0.1836760756553519,0.7428,0.4614,0.3475,2,9,False,
60min,2024-10-22,2024-10-22,2024-10-22,9,lag_sensitivity,ADF,c,unit_root,0.0,aic,True,ok,-2.4019635233299708,0.1411829855099413,-4.6651863281249994,-3.3671868750000002,-2.802960625,0,8,False,
60min,2024-10-22,2024-10-22,2024-10-22,9,lag_sensitivity,PP,c,unit_root,,Bartlett_short_bandwidth,True,ok,-2.7210221611368404,0.07047062562546215,-4.6651863281249994,-3.3671868750000002,-2.802960625,2,8,False,
60min,2024-10-22,2024-10-22,2024-10-22,9,lag_sensitivity,KPSS,c,level_or_trend_stationarity,,Bartlett_short_bandwidth,True,ok,0.2539326609888255,0.1836760756553519,0.7428,0.4614,0.3475,2,9,False,
60min,2024-10-23,2024-10-23,2024-10-23,9,main,ADF,c,unit_root,0.0,bic,True,ok,-8.683453820795485,4.224855388789628e-14,-4.6651863281249994,-3.3671868750000002,-2.802960625,0,8,True,
60min,2024-10-23,2024-10-23,2024-10-23,9,main,PP,c,unit_root,,Bartlett_short_bandwidth,True,ok,-17.03519002717355,8.271065710999342e-30,-4.6651863281249994,-3.3671868750000002,-2.802960625,2,8,True,
60min,2024-10-23,2024-10-23,2024-10-23,9,main,KPSS,c,level_or_trend_stationarity,,Bartlett_short_bandwidth,True,ok,0.15397815749794297,0.3783983407799316,0.7428,0.4614,0.3475,2,9,False,
60min,2024-10-23,2024-10-23,2024-10-23,9,lag_sensitivity,ADF,c,unit_root,0.0,aic,True,ok,-8.683453820795485,4.224855388789628e-14,-4.6651863281249994,-3.3671868750000002,-2.802960625,0,8,True,
60min,2024-10-23,2024-10-23,2024-10-23,9,lag_sensitivity,PP,c,unit_root,,Bartlett_short_bandwidth,True,ok,-17.03519002717355,8.271065710999342e-30,-4.6651863281249994,-3.3671868750000002,-2.802960625,2,8,True,
60min,2024-10-23,2024-10-23,2024-10-23,9,lag_sensitivity,KPSS,c,level_or_trend_stationarity,,Bartlett_short_bandwidth,True,ok,0.15397815749794297,0.3783983407799316,0.7428,0.4614,0.3475,2,9,False,
60min,2024-10-24,2024-10-24,2024-10-24,9,main,ADF,c,unit_root,0.0,bic,True,ok,-4.004236266774832,0.0013884906421909836,-4.6651863281249994,-3.3671868750000002,-2.802960625,0,8,True,
60min,2024-10-24,2024-10-24,2024-10-24,9,main,PP,c,unit_root,,Bartlett_short_bandwidth,True,ok,-4.7351246229982635,7.225559584620768e-05,-4.6651863281249994,-3.3671868750000002,-2.802960625,2,8,True,
60min,2024-10-24,2024-10-24,2024-10-24,9,main,KPSS,c,level_or_trend_stationarity,,Bartlett_short_bandwidth,True,ok,0.4183893167309551,0.064703264386859,0.7428,0.4614,0.3475,2,9,False,
60min,2024-10-24,2024-10-24,2024-10-24,9,lag_sensitivity,ADF,c,unit_root,0.0,aic,True,ok,-4.004236266774832,0.0013884906421909836,-4.6651863281249994,-3.3671868750000002,-2.802960625,0,8,True,
60min,2024-10-24,2024-10-24,2024-10-24,9,lag_sensitivity,PP,c,unit_root,,Bartlett_short_bandwidth,True,ok,-4.7351246229982635,7.225559584620768e-05,-4.6651863281249994,-3.3671868750000002,-2.802960625,2,8,True,
60min,2024-10-24,2024-10-24,2024-10-24,9,lag_sensitivity,KPSS,c,level_or_trend_stationarity,,Bartlett_short_bandwidth,True,ok,0.4183893167309551,0.064703264386859,0.7428,0.4614,0.3475,2,9,False,
60min,2024-10-25,2024-10-25,2024-10-25,9,main,ADF,c,unit_root,0.0,bic,True,ok,-7.027041457065331,6.325194225020252e-10,-4.6651863281249994,-3.3671868750000002,-2.802960625,0,8,True,
60min,2024-10-25,2024-10-25,2024-10-25,9,main,PP,c,unit_root,,Bartlett_short_bandwidth,True,ok,-6.05177166999019,1.2725490202003918e-07,-4.6651863281249994,-3.3671868750000002,-2.802960625,2,8,True,
60min,2024-10-25,2024-10-25,2024-10-25,9,main,KPSS,c,level_or_trend_stationarity,,Bartlett_short_bandwidth,True,ok,0.12063723338622254,0.49353723663333204,0.7428,0.4614,0.3475,2,9,False,
60min,2024-10-25,2024-10-25,2024-10-25,9,lag_sensitivity,ADF,c,unit_root,0.0,aic,True,ok,-7.027041457065331,6.325194225020252e-10,-4.6651863281249994,-3.3671868750000002,-2.802960625,0,8,True,
60min,2024-10-25,2024-10-25,2024-10-25,9,lag_sensitivity,PP,c,unit_root,,Bartlett_short_bandwidth,True,ok,-6.05177166999019,1.2725490202003918e-07,-4.6651863281249994,-3.3671868750000002,-2.802960625,2,8,True,
60min,2024-10-25,2024-10-25,2024-10-25,9,lag_sensitivity,KPSS,c,level_or_trend_stationarity,,Bartlett_short_bandwidth,True,ok,0.12063723338622254,0.49353723663333204,0.7428,0.4614,0.3475,2,9,False,
60min,2024-10-28,2024-10-28,2024-10-28,9,main,ADF,c,unit_root,0.0,bic,True,ok,-3.884250636396279,0.002153860087910095,-4.6651863281249994,-3.3671868750000002,-2.802960625,0,8,True,
60min,2024-10-28,2024-10-28,2024-10-28,9,main,PP,c,unit_root,,Bartlett_short_bandwidth,True,ok,-5.2979805872487145,5.5286404374304926e-06,-4.6651863281249994,-3.3671868750000002,-2.802960625,2,8,True,
60min,2024-10-28,2024-10-28,2024-10-28,9,main,KPSS,c,level_or_trend_stationarity,,Bartlett_short_bandwidth,True,ok,0.2645669565919148,0.17103812700932902,0.7428,0.4614,0.3475,2,9,False,
60min,2024-10-28,2024-10-28,2024-10-28,9,lag_sensitivity,ADF,c,unit_root,0.0,aic,True,ok,-3.884250636396279,0.002153860087910095,-4.6651863281249994,-3.3671868750000002,-2.802960625,0,8,True,
60min,2024-10-28,2024-10-28,2024-10-28,9,lag_sensitivity,PP,c,unit_root,,Bartlett_short_bandwidth,True,ok,-5.2979805872487145,5.5286404374304926e-06,-4.6651863281249994,-3.3671868750000002,-2.802960625,2,8,True,
60min,2024-10-28,2024-10-28,2024-10-28,9,lag_sensitivity,KPSS,c,level_or_trend_stationarity,,Bartlett_short_bandwidth,True,ok,0.2645669565919148,0.17103812700932902,0.7428,0.4614,0.3475,2,9,False,
60min,2024-10-29,2024-10-29,2024-10-29,9,main,ADF,c,unit_root,0.0,bic,True,ok,-4.977654979669667,2.4567538208158847e-05,-4.6651863281249994,-3.3671868750000002,-2.802960625,0,8,True,
60min,2024-10-29,2024-10-29,2024-10-29,9,main,PP,c,unit_root,,Bartlett_short_bandwidth,True,ok,-4.6184331270926435,0.00011943300940432074,-4.6651863281249994,-3.3671868750000002,-2.802960625,2,8,True,
60min,2024-10-29,2024-10-29,2024-10-29,9,main,KPSS,c,level_or_trend_stationarity,,Bartlett_short_bandwidth,True,ok,0.19628660006949647,0.27532039202059516,0.7428,0.4614,0.3475,2,9,False,
60min,2024-10-29,2024-10-29,2024-10-29,9,lag_sensitivity,ADF,c,unit_root,0.0,aic,True,ok,-4.977654979669667,2.4567538208158847e-05,-4.6651863281249994,-3.3671868750000002,-2.802960625,0,8,True,
60min,2024-10-29,2024-10-29,2024-10-29,9,lag_sensitivity,PP,c,unit_root,,Bartlett_short_bandwidth,True,ok,-4.6184331270926435,0.00011943300940432074,-4.6651863281249994,-3.3671868750000002,-2.802960625,2,8,True,
60min,2024-10-29,2024-10-29,2024-10-29,9,lag_sensitivity,KPSS,c,level_or_trend_stationarity,,Bartlett_short_bandwidth,True,ok,0.19628660006949647,0.27532039202059516,0.7428,0.4614,0.3475,2,9,False,
60min,2024-10-30,2024-10-30,2024-10-30,9,main,ADF,c,unit_root,0.0,bic,True,ok,-5.331896405231839,4.701284478619386e-06,-4.6651863281249994,-3.3671868750000002,-2.802960625,0,8,True,
60min,2024-10-30,2024-10-30,2024-10-30,9,main,PP,c,unit_root,,Bartlett_short_bandwidth,True,ok,-8.386306748645035,2.433155273879587e-13,-4.6651863281249994,-3.3671868750000002,-2.802960625,2,8,True,
60min,2024-10-30,2024-10-30,2024-10-30,9,main,KPSS,c,level_or_trend_stationarity,,Bartlett_short_bandwidth,True,ok,0.29177712604494854,0.1427836894810014,0.7428,0.4614,0.3475,2,9,False,
60min,2024-10-30,2024-10-30,2024-10-30,9,lag_sensitivity,ADF,c,unit_root,0.0,aic,True,ok,-5.331896405231839,4.701284478619386e-06,-4.6651863281249994,-3.3671868750000002,-2.802960625,0,8,True,
60min,2024-10-30,2024-10-30,2024-10-30,9,lag_sensitivity,PP,c,unit_root,,Bartlett_short_bandwidth,True,ok,-8.386306748645035,2.433155273879587e-13,-4.6651863281249994,-3.3671868750000002,-2.802960625,2,8,True,
60min,2024-10-30,2024-10-30,2024-10-30,9,lag_sensitivity,KPSS,c,level_or_trend_stationarity,,Bartlett_short_bandwidth,True,ok,0.29177712604494854,0.1427836894810014,0.7428,0.4614,0.3475,2,9,False,
60min,2024-10-31,2024-10-31,2024-10-31,9,main,ADF,c,unit_root,0.0,bic,True,ok,-6.828057452700703,1.9250863649122484e-09,-4.6651863281249994,-3.3671868750000002,-2.802960625,0,8,True,
60min,2024-10-31,2024-10-31,2024-10-31,9,main,PP,c,unit_root,,Bartlett_short_bandwidth,True,ok,-11.479915018985475,5.023821937928265e-21,-4.6651863281249994,-3.3671868750000002,-2.802960625,2,8,True,
60min,2024-10-31,2024-10-31,2024-10-31,9,main,KPSS,c,level_or_trend_stationarity,,Bartlett_short_bandwidth,True,ok,0.19863203572492133,0.27072149857858563,0.7428,0.4614,0.3475,2,9,False,
60min,2024-10-31,2024-10-31,2024-10-31,9,lag_sensitivity,ADF,c,unit_root,0.0,aic,True,ok,-6.828057452700703,1.9250863649122484e-09,-4.6651863281249994,-3.3671868750000002,-2.802960625,0,8,True,
60min,2024-10-31,2024-10-31,2024-10-31,9,lag_sensitivity,PP,c,unit_root,,Bartlett_short_bandwidth,True,ok,-11.479915018985475,5.023821937928265e-21,-4.6651863281249994,-3.3671868750000002,-2.802960625,2,8,True,
60min,2024-10-31,2024-10-31,2024-10-31,9,lag_sensitivity,KPSS,c,level_or_trend_stationarity,,Bartlett_short_bandwidth,True,ok,0.19863203572492133,0.27072149857858563,0.7428,0.4614,0.3475,2,9,False,
60min,2024-11-01,2024-11-01,2024-11-01,9,main,ADF,c,unit_root,0.0,bic,True,ok,-4.782885368762108,5.863763174194745e-05,-4.6651863281249994,-3.3671868750000002,-2.802960625,0,8,True,
60min,2024-11-01,2024-11-01,2024-11-01,9,main,PP,c,unit_root,,Bartlett_short_bandwidth,True,ok,-4.68611153310227,8.935616814698356e-05,-4.6651863281249994,-3.3671868750000002,-2.802960625,2,8,True,
60min,2024-11-01,2024-11-01,2024-11-01,9,main,KPSS,c,level_or_trend_stationarity,,Bartlett_short_bandwidth,True,ok,0.2240489155972513,0.22557871055398138,0.7428,0.4614,0.3475,2,9,False,
60min,2024-11-01,2024-11-01,2024-11-01,9,lag_sensitivity,ADF,c,unit_root,0.0,aic,True,ok,-4.782885368762108,5.863763174194745e-05,-4.6651863281249994,-3.3671868750000002,-2.802960625,0,8,True,
60min,2024-11-01,2024-11-01,2024-11-01,9,lag_sensitivity,PP,c,unit_root,,Bartlett_short_bandwidth,True,ok,-4.68611153310227,8.935616814698356e-05,-4.6651863281249994,-3.3671868750000002,-2.802960625,2,8,True,
60min,2024-11-01,2024-11-01,2024-11-01,9,lag_sensitivity,KPSS,c,level_or_trend_stationarity,,Bartlett_short_bandwidth,True,ok,0.2240489155972513,0.22557871055398138,0.7428,0.4614,0.3475,2,9,False,
60min,2024-11-04,2024-11-04,2024-11-04,9,main,ADF,c,unit_root,0.0,bic,True,ok,-1.722993326625757,0.4193062515420916,-4.6651863281249994,-3.3671868750000002,-2.802960625,0,8,False,
60min,2024-11-04,2024-11-04,2024-11-04,9,main,PP,c,unit_root,,Bartlett_short_bandwidth,True,ok,-1.6776482590721402,0.4426639941807983,-4.6651863281249994,-3.3671868750000002,-2.802960625,2,8,False,
60min,2024-11-04,2024-11-04,2024-11-04,9,main,KPSS,c,level_or_trend_stationarity,,Bartlett_short_bandwidth,True,ok,0.22379800454121448,0.22599230020678931,0.7428,0.4614,0.3475,2,9,False,
60min,2024-11-04,2024-11-04,2024-11-04,9,lag_sensitivity,ADF,c,unit_root,0.0,aic,True,ok,-1.722993326625757,0.4193062515420916,-4.6651863281249994,-3.3671868750000002,-2.802960625,0,8,False,
60min,2024-11-04,2024-11-04,2024-11-04,9,lag_sensitivity,PP,c,unit_root,,Bartlett_short_bandwidth,True,ok,-1.6776482590721402,0.4426639941807983,-4.6651863281249994,-3.3671868750000002,-2.802960625,2,8,False,
60min,2024-11-04,2024-11-04,2024-11-04,9,lag_sensitivity,KPSS,c,level_or_trend_stationarity,,Bartlett_short_bandwidth,True,ok,0.22379800454121448,0.22599230020678931,0.7428,0.4614,0.3475,2,9,False,
60min,2024-11-05,2024-11-05,2024-11-05,9,main,ADF,c,unit_root,0.0,bic,True,ok,-2.2510034795711014,0.1882572806243577,-4.6651863281249994,-3.3671868750000002,-2.802960625,0,8,False,
60min,2024-11-05,2024-11-05,2024-11-05,9,main,PP,c,unit_root,,Bartlett_short_bandwidth,True,ok,-2.235047668966454,0.19377189542322898,-4.6651863281249994,-3.3671868750000002,-2.802960625,2,8,False,
60min,2024-11-05,2024-11-05,2024-11-05,9,main,KPSS,c,level_or_trend_stationarity,,Bartlett_short_bandwidth,True,ok,0.20894309908882233,0.2513516087699601,0.7428,0.4614,0.3475,2,9,False,
60min,2024-11-05,2024-11-05,2024-11-05,9,lag_sensitivity,ADF,c,unit_root,0.0,aic,True,ok,-2.2510034795711014,0.1882572806243577,-4.6651863281249994,-3.3671868750000002,-2.802960625,0,8,False,
60min,2024-11-05,2024-11-05,2024-11-05,9,lag_sensitivity,PP,c,unit_root,,Bartlett_short_bandwidth,True,ok,-2.235047668966454,0.19377189542322898,-4.6651863281249994,-3.3671868750000002,-2.802960625,2,8,False,
60min,2024-11-05,2024-11-05,2024-11-05,9,lag_sensitivity,KPSS,c,level_or_trend_stationarity,,Bartlett_short_bandwidth,True,ok,0.20894309908882233,0.2513516087699601,0.7428,0.4614,0.3475,2,9,False,
60min,2024-11-06,2024-11-06,2024-11-06,9,main,ADF,c,unit_root,0.0,bic,True,ok,-7.552080588094193,3.169288521996562e-11,-4.6651863281249994,-3.3671868750000002,-2.802960625,0,8,True,
60min,2024-11-06,2024-11-06,2024-11-06,9,main,PP,c,unit_root,,Bartlett_short_bandwidth,True,ok,-6.701805297822452,3.872399552013503e-09,-4.6651863281249994,-3.3671868750000002,-2.802960625,2,8,True,
60min,2024-11-06,2024-11-06,2024-11-06,9,main,KPSS,c,level_or_trend_stationarity,,Bartlett_short_bandwidth,True,ok,0.16517655855443486,0.3469874764988053,0.7428,0.4614,0.3475,2,9,False,
60min,2024-11-06,2024-11-06,2024-11-06,9,lag_sensitivity,ADF,c,unit_root,0.0,aic,True,ok,-7.552080588094193,3.169288521996562e-11,-4.6651863281249994,-3.3671868750000002,-2.802960625,0,8,True,
60min,2024-11-06,2024-11-06,2024-11-06,9,lag_sensitivity,PP,c,unit_root,,Bartlett_short_bandwidth,True,ok,-6.701805297822452,3.872399552013503e-09,-4.6651863281249994,-3.3671868750000002,-2.802960625,2,8,True,
60min,2024-11-06,2024-11-06,2024-11-06,9,lag_sensitivity,KPSS,c,level_or_trend_stationarity,,Bartlett_short_bandwidth,True,ok,0.16517655855443486,0.3469874764988053,0.7428,0.4614,0.3475,2,9,False,
60min,2024-11-07,2024-11-07,2024-11-07,9,main,ADF,c,unit_root,0.0,bic,True,ok,-3.1063292953281465,0.026088324254941033,-4.6651863281249994,-3.3671868750000002,-2.802960625,0,8,False,
60min,2024-11-07,2024-11-07,2024-11-07,9,main,PP,c,unit_root,,Bartlett_short_bandwidth,True,ok,-3.1607136974476155,0.02237435128223343,-4.6651863281249994,-3.3671868750000002,-2.802960625,2,8,False,
60min,2024-11-07,2024-11-07,2024-11-07,9,main,KPSS,c,level_or_trend_stationarity,,Bartlett_short_bandwidth,True,ok,0.16447375417987128,0.3489182577476063,0.7428,0.4614,0.3475,2,9,False,
60min,2024-11-07,2024-11-07,2024-11-07,9,lag_sensitivity,ADF,c,unit_root,0.0,aic,True,ok,-3.1063292953281465,0.026088324254941033,-4.6651863281249994,-3.3671868750000002,-2.802960625,0,8,False,
60min,2024-11-07,2024-11-07,2024-11-07,9,lag_sensitivity,PP,c,unit_root,,Bartlett_short_bandwidth,True,ok,-3.1607136974476155,0.02237435128223343,-4.6651863281249994,-3.3671868750000002,-2.802960625,2,8,False,
60min,2024-11-07,2024-11-07,2024-11-07,9,lag_sensitivity,KPSS,c,level_or_trend_stationarity,,Bartlett_short_bandwidth,True,ok,0.16447375417987128,0.3489182577476063,0.7428,0.4614,0.3475,2,9,False,
60min,2024-11-08,2024-11-08,2024-11-08,9,main,ADF,c,unit_root,0.0,bic,True,ok,-3.4296312513493796,0.009989276789221065,-4.6651863281249994,-3.3671868750000002,-2.802960625,0,8,True,
60min,2024-11-08,2024-11-08,2024-11-08,9,main,PP,c,unit_root,,Bartlett_short_bandwidth,True,ok,-3.316302542334174,0.014165292656627824,-4.6651863281249994,-3.3671868750000002,-2.802960625,2,8,False,
60min,2024-11-08,2024-11-08,2024-11-08,9,main,KPSS,c,level_or_trend_stationarity,,Bartlett_short_bandwidth,True,ok,0.2796293622047565,0.154761081036712,0.7428,0.4614,0.3475,2,9,False,
60min,2024-11-08,2024-11-08,2024-11-08,9,lag_sensitivity,ADF,c,unit_root,0.0,aic,True,ok,-3.4296312513493796,0.009989276789221065,-4.6651863281249994,-3.3671868750000002,-2.802960625,0,8,True,
60min,2024-11-08,2024-11-08,2024-11-08,9,lag_sensitivity,PP,c,unit_root,,Bartlett_short_bandwidth,True,ok,-3.316302542334174,0.014165292656627824,-4.6651863281249994,-3.3671868750000002,-2.802960625,2,8,False,
60min,2024-11-08,2024-11-08,2024-11-08,9,lag_sensitivity,KPSS,c,level_or_trend_stationarity,,Bartlett_short_bandwidth,True,ok,0.2796293622047565,0.154761081036712,0.7428,0.4614,0.3475,2,9,False,
60min,2024-11-11,2024-11-11,2024-11-11,9,main,ADF,c,unit_root,0.0,bic,True,ok,-4.157869779006706,0.0007758625848125902,-4.6651863281249994,-3.3671868750000002,-2.802960625,0,8,True,
60min,2024-11-11,2024-11-11,2024-11-11,9,main,PP,c,unit_root,,Bartlett_short_bandwidth,True,ok,-4.42545162292305,0.0002675144230423375,-4.6651863281249994,-3.3671868750000002,-2.802960625,2,8,True,
60min,2024-11-11,2024-11-11,2024-11-11,9,main,KPSS,c,level_or_trend_stationarity,,Bartlett_short_bandwidth,True,ok,0.1902528479025128,0.28775989807976,0.7428,0.4614,0.3475,2,9,False,
60min,2024-11-11,2024-11-11,2024-11-11,9,lag_sensitivity,ADF,c,unit_root,0.0,aic,True,ok,-4.157869779006706,0.0007758625848125902,-4.6651863281249994,-3.3671868750000002,-2.802960625,0,8,True,
60min,2024-11-11,2024-11-11,2024-11-11,9,lag_sensitivity,PP,c,unit_root,,Bartlett_short_bandwidth,True,ok,-4.42545162292305,0.0002675144230423375,-4.6651863281249994,-3.3671868750000002,-2.802960625,2,8,True,
60min,2024-11-11,2024-11-11,2024-11-11,9,lag_sensitivity,KPSS,c,level_or_trend_stationarity,,Bartlett_short_bandwidth,True,ok,0.1902528479025128,0.28775989807976,0.7428,0.4614,0.3475,2,9,False,
60min,2024-11-12,2024-11-12,2024-11-12,9,main,ADF,c,unit_root,0.0,bic,True,ok,-7.392703969668931,7.923753838170485e-11,-4.6651863281249994,-3.3671868750000002,-2.802960625,0,8,True,
60min,2024-11-12,2024-11-12,2024-11-12,9,main,PP,c,unit_root,,Bartlett_short_bandwidth,True,ok,-9.4407290513361,4.902974147625238e-16,-4.6651863281249994,-3.3671868750000002,-2.802960625,2,8,True,
60min,2024-11-12,2024-11-12,2024-11-12,9,main,KPSS,c,level_or_trend_stationarity,,Bartlett_short_bandwidth,True,ok,0.20853125682949514,0.25208704137590154,0.7428,0.4614,0.3475,2,9,False,
60min,2024-11-12,2024-11-12,2024-11-12,9,lag_sensitivity,ADF,c,unit_root,0.0,aic,True,ok,-7.392703969668931,7.923753838170485e-11,-4.6651863281249994,-3.3671868750000002,-2.802960625,0,8,True,
60min,2024-11-12,2024-11-12,2024-11-12,9,lag_sensitivity,PP,c,unit_root,,Bartlett_short_bandwidth,True,ok,-9.4407290513361,4.902974147625238e-16,-4.6651863281249994,-3.3671868750000002,-2.802960625,2,8,True,
60min,2024-11-12,2024-11-12,2024-11-12,9,lag_sensitivity,KPSS,c,level_or_trend_stationarity,,Bartlett_short_bandwidth,True,ok,0.20853125682949514,0.25208704137590154,0.7428,0.4614,0.3475,2,9,False,
60min,2024-11-13,2024-11-13,2024-11-13,9,main,ADF,c,unit_root,0.0,bic,True,ok,-3.317727623709183,0.014104408507142785,-4.6651863281249994,-3.3671868750000002,-2.802960625,0,8,False,
60min,2024-11-13,2024-11-13,2024-11-13,9,main,PP,c,unit_root,,Bartlett_short_bandwidth,True,ok,-3.2755221770547855,0.016008724156857754,-4.6651863281249994,-3.3671868750000002,-2.802960625,2,8,False,
60min,2024-11-13,2024-11-13,2024-11-13,9,main,KPSS,c,level_or_trend_stationarity,,Bartlett_short_bandwidth,True,ok,0.3244115530840286,0.11597816395568955,0.7428,0.4614,0.3475,2,9,False,
60min,2024-11-13,2024-11-13,2024-11-13,9,lag_sensitivity,ADF,c,unit_root,0.0,aic,True,ok,-3.317727623709183,0.014104408507142785,-4.6651863281249994,-3.3671868750000002,-2.802960625,0,8,False,
60min,2024-11-13,2024-11-13,2024-11-13,9,lag_sensitivity,PP,c,unit_root,,Bartlett_short_bandwidth,True,ok,-3.2755221770547855,0.016008724156857754,-4.6651863281249994,-3.3671868750000002,-2.802960625,2,8,False,
60min,2024-11-13,2024-11-13,2024-11-13,9,lag_sensitivity,KPSS,c,level_or_trend_stationarity,,Bartlett_short_bandwidth,True,ok,0.3244115530840286,0.11597816395568955,0.7428,0.4614,0.3475,2,9,False,
60min,2024-11-14,2024-11-14,2024-11-14,9,main,ADF,c,unit_root,0.0,bic,True,ok,-3.427491260498238,0.010056643684719799,-4.6651863281249994,-3.3671868750000002,-2.802960625,0,8,True,
60min,2024-11-14,2024-11-14,2024-11-14,9,main,PP,c,unit_root,,Bartlett_short_bandwidth,True,ok,-3.358120299908671,0.012472140155632562,-4.6651863281249994,-3.3671868750000002,-2.802960625,2,8,False,
60min,2024-11-14,2024-11-14,2024-11-14,9,main,KPSS,c,level_or_trend_stationarity,,Bartlett_short_bandwidth,True,ok,0.244448141579332,0.19590535891759445,0.7428,0.4614,0.3475,2,9,False,
60min,2024-11-14,2024-11-14,2024-11-14,9,lag_sensitivity,ADF,c,unit_root,0.0,aic,True,ok,-3.427491260498238,0.010056643684719799,-4.6651863281249994,-3.3671868750000002,-2.802960625,0,8,True,
60min,2024-11-14,2024-11-14,2024-11-14,9,lag_sensitivity,PP,c,unit_root,,Bartlett_short_bandwidth,True,ok,-3.358120299908671,0.012472140155632562,-4.6651863281249994,-3.3671868750000002,-2.802960625,2,8,False,
60min,2024-11-14,2024-11-14,2024-11-14,9,lag_sensitivity,KPSS,c,level_or_trend_stationarity,,Bartlett_short_bandwidth,True,ok,0.244448141579332,0.19590535891759445,0.7428,0.4614,0.3475,2,9,False,
60min,2024-11-18,2024-11-18,2024-11-18,9,main,ADF,c,unit_root,0.0,bic,True,ok,-7.202436493282668,2.346455932527245e-10,-4.6651863281249994,-3.3671868750000002,-2.802960625,0,8,True,
60min,2024-11-18,2024-11-18,2024-11-18,9,main,PP,c,unit_root,,Bartlett_short_bandwidth,True,ok,-6.844196417668773,1.7598126521528808e-09,-4.6651863281249994,-3.3671868750000002,-2.802960625,2,8,True,
60min,2024-11-18,2024-11-18,2024-11-18,9,main,KPSS,c,level_or_trend_stationarity,,Bartlett_short_bandwidth,True,ok,0.32891249407822926,0.1128633258974192,0.7428,0.4614,0.3475,2,9,False,
60min,2024-11-18,2024-11-18,2024-11-18,9,lag_sensitivity,ADF,c,unit_root,0.0,aic,True,ok,-7.202436493282668,2.346455932527245e-10,-4.6651863281249994,-3.3671868750000002,-2.802960625,0,8,True,
60min,2024-11-18,2024-11-18,2024-11-18,9,lag_sensitivity,PP,c,unit_root,,Bartlett_short_bandwidth,True,ok,-6.844196417668773,1.7598126521528808e-09,-4.6651863281249994,-3.3671868750000002,-2.802960625,2,8,True,
60min,2024-11-18,2024-11-18,2024-11-18,9,lag_sensitivity,KPSS,c,level_or_trend_stationarity,,Bartlett_short_bandwidth,True,ok,0.32891249407822926,0.1128633258974192,0.7428,0.4614,0.3475,2,9,False,
60min,2024-11-19,2024-11-19,2024-11-19,9,main,ADF,c,unit_root,0.0,bic,True,ok,-4.547626156101605,0.00016113909122016592,-4.6651863281249994,-3.3671868750000002,-2.802960625,0,8,True,
60min,2024-11-19,2024-11-19,2024-11-19,9,main,PP,c,unit_root,,Bartlett_short_bandwidth,True,ok,-4.256657242608572,0.0005275746385179332,-4.6651863281249994,-3.3671868750000002,-2.802960625,2,8,True,
60min,2024-11-19,2024-11-19,2024-11-19,9,main,KPSS,c,level_or_trend_stationarity,,Bartlett_short_bandwidth,True,ok,0.18251812221411307,0.3045560408870964,0.7428,0.4614,0.3475,2,9,False,
60min,2024-11-19,2024-11-19,2024-11-19,9,lag_sensitivity,ADF,c,unit_root,0.0,aic,True,ok,-4.547626156101605,0.00016113909122016592,-4.6651863281249994,-3.3671868750000002,-2.802960625,0,8,True,
60min,2024-11-19,2024-11-19,2024-11-19,9,lag_sensitivity,PP,c,unit_root,,Bartlett_short_bandwidth,True,ok,-4.256657242608572,0.0005275746385179332,-4.6651863281249994,-3.3671868750000002,-2.802960625,2,8,True,
60min,2024-11-19,2024-11-19,2024-11-19,9,lag_sensitivity,KPSS,c,level_or_trend_stationarity,,Bartlett_short_bandwidth,True,ok,0.18251812221411307,0.3045560408870964,0.7428,0.4614,0.3475,2,9,False,
60min,2024-11-21,2024-11-21,2024-11-21,9,main,ADF,c,unit_root,0.0,bic,True,ok,-3.0552907723968157,0.03004371431222716,-4.6651863281249994,-3.3671868750000002,-2.802960625,0,8,False,
60min,2024-11-21,2024-11-21,2024-11-21,9,main,PP,c,unit_root,,Bartlett_short_bandwidth,True,ok,-3.696331756184918,0.004165048129131835,-4.6651863281249994,-3.3671868750000002,-2.802960625,2,8,True,
60min,2024-11-21,2024-11-21,2024-11-21,9,main,KPSS,c,level_or_trend_stationarity,,Bartlett_short_bandwidth,True,ok,0.26714630793136346,0.16806195238688829,0.7428,0.4614,0.3475,2,9,False,
60min,2024-11-21,2024-11-21,2024-11-21,9,lag_sensitivity,ADF,c,unit_root,0.0,aic,True,ok,-3.0552907723968157,0.03004371431222716,-4.6651863281249994,-3.3671868750000002,-2.802960625,0,8,False,
60min,2024-11-21,2024-11-21,2024-11-21,9,lag_sensitivity,PP,c,unit_root,,Bartlett_short_bandwidth,True,ok,-3.696331756184918,0.004165048129131835,-4.6651863281249994,-3.3671868750000002,-2.802960625,2,8,True,
60min,2024-11-21,2024-11-21,2024-11-21,9,lag_sensitivity,KPSS,c,level_or_trend_stationarity,,Bartlett_short_bandwidth,True,ok,0.26714630793136346,0.16806195238688829,0.7428,0.4614,0.3475,2,9,False,
60min,2024-11-22,2024-11-22,2024-11-22,9,main,ADF,c,unit_root,0.0,bic,True,ok,-3.257906952099224,0.01686813120330001,-4.6651863281249994,-3.3671868750000002,-2.802960625,0,8,False,
60min,2024-11-22,2024-11-22,2024-11-22,9,main,PP,c,unit_root,,Bartlett_short_bandwidth,True,ok,-3.3833294770607174,0.011540467321143263,-4.6651863281249994,-3.3671868750000002,-2.802960625,2,8,True,
60min,2024-11-22,2024-11-22,2024-11-22,9,main,KPSS,c,level_or_trend_stationarity,,Bartlett_short_bandwidth,True,ok,0.16399252662770183,0.35024031146235757,0.7428,0.4614,0.3475,2,9,False,
60min,2024-11-22,2024-11-22,2024-11-22,9,lag_sensitivity,ADF,c,unit_root,0.0,aic,True,ok,-3.257906952099224,0.01686813120330001,-4.6651863281249994,-3.3671868750000002,-2.802960625,0,8,False,
60min,2024-11-22,2024-11-22,2024-11-22,9,lag_sensitivity,PP,c,unit_root,,Bartlett_short_bandwidth,True,ok,-3.3833294770607174,0.011540467321143263,-4.6651863281249994,-3.3671868750000002,-2.802960625,2,8,True,
60min,2024-11-22,2024-11-22,2024-11-22,9,lag_sensitivity,KPSS,c,level_or_trend_stationarity,,Bartlett_short_bandwidth,True,ok,0.16399252662770183,0.35024031146235757,0.7428,0.4614,0.3475,2,9,False,
60min,2024-11-25,2024-11-25,2024-11-25,9,main,ADF,c,unit_root,0.0,bic,True,ok,-1.7969675618418464,0.3819682509342457,-4.6651863281249994,-3.3671868750000002,-2.802960625,0,8,False,
60min,2024-11-25,2024-11-25,2024-11-25,9,main,PP,c,unit_root,,Bartlett_short_bandwidth,True,ok,-1.647643596877844,0.4582696468558284,-4.6651863281249994,-3.3671868750000002,-2.802960625,2,8,False,
60min,2024-11-25,2024-11-25,2024-11-25,9,main,KPSS,c,level_or_trend_stationarity,,Bartlett_short_bandwidth,True,ok,0.16330404931301162,0.35213173265656145,0.7428,0.4614,0.3475,2,9,False,
60min,2024-11-25,2024-11-25,2024-11-25,9,lag_sensitivity,ADF,c,unit_root,0.0,aic,True,ok,-1.7969675618418464,0.3819682509342457,-4.6651863281249994,-3.3671868750000002,-2.802960625,0,8,False,
60min,2024-11-25,2024-11-25,2024-11-25,9,lag_sensitivity,PP,c,unit_root,,Bartlett_short_bandwidth,True,ok,-1.647643596877844,0.4582696468558284,-4.6651863281249994,-3.3671868750000002,-2.802960625,2,8,False,
60min,2024-11-25,2024-11-25,2024-11-25,9,lag_sensitivity,KPSS,c,level_or_trend_stationarity,,Bartlett_short_bandwidth,True,ok,0.16330404931301162,0.35213173265656145,0.7428,0.4614,0.3475,2,9,False,
60min,2024-11-26,2024-11-26,2024-11-26,9,main,ADF,c,unit_root,0.0,bic,True,ok,-4.990844875343968,2.3137927919342464e-05,-4.6651863281249994,-3.3671868750000002,-2.802960625,0,8,True,
60min,2024-11-26,2024-11-26,2024-11-26,9,main,PP,c,unit_root,,Bartlett_short_bandwidth,True,ok,-5.0547699842914655,1.7272057438672308e-05,-4.6651863281249994,-3.3671868750000002,-2.802960625,2,8,True,
60min,2024-11-26,2024-11-26,2024-11-26,9,main,KPSS,c,level_or_trend_stationarity,,Bartlett_short_bandwidth,True,ok,0.41408307994211424,0.06642964229995357,0.7428,0.4614,0.3475,2,9,False,
60min,2024-11-26,2024-11-26,2024-11-26,9,lag_sensitivity,ADF,c,unit_root,0.0,aic,True,ok,-4.990844875343968,2.3137927919342464e-05,-4.6651863281249994,-3.3671868750000002,-2.802960625,0,8,True,
60min,2024-11-26,2024-11-26,2024-11-26,9,lag_sensitivity,PP,c,unit_root,,Bartlett_short_bandwidth,True,ok,-5.0547699842914655,1.7272057438672308e-05,-4.6651863281249994,-3.3671868750000002,-2.802960625,2,8,True,
60min,2024-11-26,2024-11-26,2024-11-26,9,lag_sensitivity,KPSS,c,level_or_trend_stationarity,,Bartlett_short_bandwidth,True,ok,0.41408307994211424,0.06642964229995357,0.7428,0.4614,0.3475,2,9,False,
60min,2024-11-27,2024-11-27,2024-11-27,9,main,ADF,c,unit_root,0.0,bic,True,ok,-3.265110634242796,0.016511907033339514,-4.6651863281249994,-3.3671868750000002,-2.802960625,0,8,False,
60min,2024-11-27,2024-11-27,2024-11-27,9,main,PP,c,unit_root,,Bartlett_short_bandwidth,True,ok,-3.407142678195902,0.010717774837182469,-4.6651863281249994,-3.3671868750000002,-2.802960625,2,8,True,
60min,2024-11-27,2024-11-27,2024-11-27,9,main,KPSS,c,level_or_trend_stationarity,,Bartlett_short_bandwidth,True,ok,0.13825585909228905,0.42802787982092794,0.7428,0.4614,0.3475,2,9,False,
60min,2024-11-27,2024-11-27,2024-11-27,9,lag_sensitivity,ADF,c,unit_root,0.0,aic,True,ok,-3.265110634242796,0.016511907033339514,-4.6651863281249994,-3.3671868750000002,-2.802960625,0,8,False,
60min,2024-11-27,2024-11-27,2024-11-27,9,lag_sensitivity,PP,c,unit_root,,Bartlett_short_bandwidth,True,ok,-3.407142678195902,0.010717774837182469,-4.6651863281249994,-3.3671868750000002,-2.802960625,2,8,True,
60min,2024-11-27,2024-11-27,2024-11-27,9,lag_sensitivity,KPSS,c,level_or_trend_stationarity,,Bartlett_short_bandwidth,True,ok,0.13825585909228905,0.42802787982092794,0.7428,0.4614,0.3475,2,9,False,
60min,2024-11-28,2024-11-28,2024-11-28,9,main,ADF,c,unit_root,0.0,bic,True,ok,-1.3758793285731363,0.5937836995363899,-4.6651863281249994,-3.3671868750000002,-2.802960625,0,8,False,
60min,2024-11-28,2024-11-28,2024-11-28,9,main,PP,c,unit_root,,Bartlett_short_bandwidth,True,ok,-1.6853434868992982,0.438679333577229,-4.6651863281249994,-3.3671868750000002,-2.802960625,2,8,False,
60min,2024-11-28,2024-11-28,2024-11-28,9,main,KPSS,c,level_or_trend_stationarity,,Bartlett_short_bandwidth,True,ok,0.17877172576640685,0.31316844651400727,0.7428,0.4614,0.3475,2,9,False,
60min,2024-11-28,2024-11-28,2024-11-28,9,lag_sensitivity,ADF,c,unit_root,0.0,aic,True,ok,-1.3758793285731363,0.5937836995363899,-4.6651863281249994,-3.3671868750000002,-2.802960625,0,8,False,
60min,2024-11-28,2024-11-28,2024-11-28,9,lag_sensitivity,PP,c,unit_root,,Bartlett_short_bandwidth,True,ok,-1.6853434868992982,0.438679333577229,-4.6651863281249994,-3.3671868750000002,-2.802960625,2,8,False,
60min,2024-11-28,2024-11-28,2024-11-28,9,lag_sensitivity,KPSS,c,level_or_trend_stationarity,,Bartlett_short_bandwidth,True,ok,0.17877172576640685,0.31316844651400727,0.7428,0.4614,0.3475,2,9,False,
60min,2024-11-29,2024-11-29,2024-11-29,9,main,ADF,c,unit_root,0.0,bic,True,ok,-1.9316840836479294,0.3173058129062556,-4.6651863281249994,-3.3671868750000002,-2.802960625,0,8,False,
60min,2024-11-29,2024-11-29,2024-11-29,9,main,PP,c,unit_root,,Bartlett_short_bandwidth,True,ok,-1.7431518948029516,0.40902756618871583,-4.6651863281249994,-3.3671868750000002,-2.802960625,2,8,False,
60min,2024-11-29,2024-11-29,2024-11-29,9,main,KPSS,c,level_or_trend_stationarity,,Bartlett_short_bandwidth,True,ok,0.24733259618794137,0.19213769719494697,0.7428,0.4614,0.3475,2,9,False,
60min,2024-11-29,2024-11-29,2024-11-29,9,lag_sensitivity,ADF,c,unit_root,0.0,aic,True,ok,-1.9316840836479294,0.3173058129062556,-4.6651863281249994,-3.3671868750000002,-2.802960625,0,8,False,
60min,2024-11-29,2024-11-29,2024-11-29,9,lag_sensitivity,PP,c,unit_root,,Bartlett_short_bandwidth,True,ok,-1.7431518948029516,0.40902756618871583,-4.6651863281249994,-3.3671868750000002,-2.802960625,2,8,False,
60min,2024-11-29,2024-11-29,2024-11-29,9,lag_sensitivity,KPSS,c,level_or_trend_stationarity,,Bartlett_short_bandwidth,True,ok,0.24733259618794137,0.19213769719494697,0.7428,0.4614,0.3475,2,9,False,
60min,2024-12-02,2024-12-02,2024-12-02,9,main,ADF,c,unit_root,0.0,bic,True,ok,-3.5006836286975536,0.00796955437642072,-4.6651863281249994,-3.3671868750000002,-2.802960625,0,8,True,
60min,2024-12-02,2024-12-02,2024-12-02,9,main,PP,c,unit_root,,Bartlett_short_bandwidth,True,ok,-3.6565192135837448,0.004768023310982633,-4.6651863281249994,-3.3671868750000002,-2.802960625,2,8,True,
60min,2024-12-02,2024-12-02,2024-12-02,9,main,KPSS,c,level_or_trend_stationarity,,Bartlett_short_bandwidth,True,ok,0.15779555895142178,0.36726494793565445,0.7428,0.4614,0.3475,2,9,False,
60min,2024-12-02,2024-12-02,2024-12-02,9,lag_sensitivity,ADF,c,unit_root,0.0,aic,True,ok,-3.5006836286975536,0.00796955437642072,-4.6651863281249994,-3.3671868750000002,-2.802960625,0,8,True,
60min,2024-12-02,2024-12-02,2024-12-02,9,lag_sensitivity,PP,c,unit_root,,Bartlett_short_bandwidth,True,ok,-3.6565192135837448,0.004768023310982633,-4.6651863281249994,-3.3671868750000002,-2.802960625,2,8,True,
60min,2024-12-02,2024-12-02,2024-12-02,9,lag_sensitivity,KPSS,c,level_or_trend_stationarity,,Bartlett_short_bandwidth,True,ok,0.15779555895142178,0.36726494793565445,0.7428,0.4614,0.3475,2,9,False,
60min,2024-12-03,2024-12-03,2024-12-03,9,main,ADF,c,unit_root,0.0,bic,True,ok,-8.125854851852612,1.1237361326930903e-12,-4.6651863281249994,-3.3671868750000002,-2.802960625,0,8,True,
60min,2024-12-03,2024-12-03,2024-12-03,9,main,PP,c,unit_root,,Bartlett_short_bandwidth,True,ok,-11.564069156676107,3.2179338806343585e-21,-4.6651863281249994,-3.3671868750000002,-2.802960625,2,8,True,
60min,2024-12-03,2024-12-03,2024-12-03,9,main,KPSS,c,level_or_trend_stationarity,,Bartlett_short_bandwidth,True,ok,0.2929158216269594,0.1416992174981339,0.7428,0.4614,0.3475,2,9,False,
60min,2024-12-03,2024-12-03,2024-12-03,9,lag_sensitivity,ADF,c,unit_root,0.0,aic,True,ok,-8.125854851852612,1.1237361326930903e-12,-4.6651863281249994,-3.3671868750000002,-2.802960625,0,8,True,
60min,2024-12-03,2024-12-03,2024-12-03,9,lag_sensitivity,PP,c,unit_root,,Bartlett_short_bandwidth,True,ok,-11.564069156676107,3.2179338806343585e-21,-4.6651863281249994,-3.3671868750000002,-2.802960625,2,8,True,
60min,2024-12-03,2024-12-03,2024-12-03,9,lag_sensitivity,KPSS,c,level_or_trend_stationarity,,Bartlett_short_bandwidth,True,ok,0.2929158216269594,0.1416992174981339,0.7428,0.4614,0.3475,2,9,False,
60min,2024-12-04,2024-12-04,2024-12-04,9,main,ADF,c,unit_root,0.0,bic,True,ok,-2.8337197356553365,0.053616233288509556,-4.6651863281249994,-3.3671868750000002,-2.802960625,0,8,False,
60min,2024-12-04,2024-12-04,2024-12-04,9,main,PP,c,unit_root,,Bartlett_short_bandwidth,True,ok,-2.8312433406026463,0.053947607545962936,-4.6651863281249994,-3.3671868750000002,-2.802960625,2,8,False,
60min,2024-12-04,2024-12-04,2024-12-04,9,main,KPSS,c,level_or_trend_stationarity,,Bartlett_short_bandwidth,True,ok,0.1487511149156431,0.3939550151320146,0.7428,0.4614,0.3475,2,9,False,
60min,2024-12-04,2024-12-04,2024-12-04,9,lag_sensitivity,ADF,c,unit_root,0.0,aic,True,ok,-2.8337197356553365,0.053616233288509556,-4.6651863281249994,-3.3671868750000002,-2.802960625,0,8,False,
60min,2024-12-04,2024-12-04,2024-12-04,9,lag_sensitivity,PP,c,unit_root,,Bartlett_short_bandwidth,True,ok,-2.8312433406026463,0.053947607545962936,-4.6651863281249994,-3.3671868750000002,-2.802960625,2,8,False,
60min,2024-12-04,2024-12-04,2024-12-04,9,lag_sensitivity,KPSS,c,level_or_trend_stationarity,,Bartlett_short_bandwidth,True,ok,0.1487511149156431,0.3939550151320146,0.7428,0.4614,0.3475,2,9,False,
60min,2024-12-05,2024-12-05,2024-12-05,9,main,ADF,c,unit_root,0.0,bic,True,ok,-3.828125418574654,0.002632313838111238,-4.6651863281249994,-3.3671868750000002,-2.802960625,0,8,True,
60min,2024-12-05,2024-12-05,2024-12-05,9,main,PP,c,unit_root,,Bartlett_short_bandwidth,True,ok,-4.928342347844462,3.070475632382534e-05,-4.6651863281249994,-3.3671868750000002,-2.802960625,2,8,True,
60min,2024-12-05,2024-12-05,2024-12-05,9,main,KPSS,c,level_or_trend_stationarity,,Bartlett_short_bandwidth,True,ok,0.3075584007830336,0.12923983198072503,0.7428,0.4614,0.3475,2,9,False,
60min,2024-12-05,2024-12-05,2024-12-05,9,lag_sensitivity,ADF,c,unit_root,0.0,aic,True,ok,-3.828125418574654,0.002632313838111238,-4.6651863281249994,-3.3671868750000002,-2.802960625,0,8,True,
60min,2024-12-05,2024-12-05,2024-12-05,9,lag_sensitivity,PP,c,unit_root,,Bartlett_short_bandwidth,True,ok,-4.928342347844462,3.070475632382534e-05,-4.6651863281249994,-3.3671868750000002,-2.802960625,2,8,True,
60min,2024-12-05,2024-12-05,2024-12-05,9,lag_sensitivity,KPSS,c,level_or_trend_stationarity,,Bartlett_short_bandwidth,True,ok,0.3075584007830336,0.12923983198072503,0.7428,0.4614,0.3475,2,9,False,
60min,2024-12-06,2024-12-06,2024-12-06,9,main,ADF,c,unit_root,0.0,bic,True,ok,-2.621093019544346,0.08871565934363906,-4.6651863281249994,-3.3671868750000002,-2.802960625,0,8,False,
60min,2024-12-06,2024-12-06,2024-12-06,9,main,PP,c,unit_root,,Bartlett_short_bandwidth,True,ok,-2.623764014898472,0.0881845168570356,-4.6651863281249994,-3.3671868750000002,-2.802960625,2,8,False,
60min,2024-12-06,2024-12-06,2024-12-06,9,main,KPSS,c,level_or_trend_stationarity,,Bartlett_short_bandwidth,True,ok,0.19192169387406946,0.28420916197006496,0.7428,0.4614,0.3475,2,9,False,
60min,2024-12-06,2024-12-06,2024-12-06,9,lag_sensitivity,ADF,c,unit_root,0.0,aic,True,ok,-2.621093019544346,0.08871565934363906,-4.6651863281249994,-3.3671868750000002,-2.802960625,0,8,False,
60min,2024-12-06,2024-12-06,2024-12-06,9,lag_sensitivity,PP,c,unit_root,,Bartlett_short_bandwidth,True,ok,-2.623764014898472,0.0881845168570356,-4.6651863281249994,-3.3671868750000002,-2.802960625,2,8,False,
60min,2024-12-06,2024-12-06,2024-12-06,9,lag_sensitivity,KPSS,c,level_or_trend_stationarity,,Bartlett_short_bandwidth,True,ok,0.19192169387406946,0.28420916197006496,0.7428,0.4614,0.3475,2,9,False,
60min,2024-12-09,2024-12-09,2024-12-09,9,main,ADF,c,unit_root,0.0,bic,True,ok,-1.9074847771145271,0.3285482692992625,-4.6651863281249994,-3.3671868750000002,-2.802960625,0,8,False,
60min,2024-12-09,2024-12-09,2024-12-09,9,main,PP,c,unit_root,,Bartlett_short_bandwidth,True,ok,-1.7595109022039797,0.40074047708319016,-4.6651863281249994,-3.3671868750000002,-2.802960625,2,8,False,
60min,2024-12-09,2024-12-09,2024-12-09,9,main,KPSS,c,level_or_trend_stationarity,,Bartlett_short_bandwidth,True,ok,0.29018427218310433,0.14430069315894825,0.7428,0.4614,0.3475,2,9,False,
60min,2024-12-09,2024-12-09,2024-12-09,9,lag_sensitivity,ADF,c,unit_root,0.0,aic,True,ok,-1.9074847771145271,0.3285482692992625,-4.6651863281249994,-3.3671868750000002,-2.802960625,0,8,False,
60min,2024-12-09,2024-12-09,2024-12-09,9,lag_sensitivity,PP,c,unit_root,,Bartlett_short_bandwidth,True,ok,-1.7595109022039797,0.40074047708319016,-4.6651863281249994,-3.3671868750000002,-2.802960625,2,8,False,
60min,2024-12-09,2024-12-09,2024-12-09,9,lag_sensitivity,KPSS,c,level_or_trend_stationarity,,Bartlett_short_bandwidth,True,ok,0.29018427218310433,0.14430069315894825,0.7428,0.4614,0.3475,2,9,False,
60min,2024-12-10,2024-12-10,2024-12-10,9,main,ADF,c,unit_root,0.0,bic,True,ok,-3.8463651192373156,0.002467013052271402,-4.6651863281249994,-3.3671868750000002,-2.802960625,0,8,True,
60min,2024-12-10,2024-12-10,2024-12-10,9,main,PP,c,unit_root,,Bartlett_short_bandwidth,True,ok,-3.8381709593362903,0.0025400517249528605,-4.6651863281249994,-3.3671868750000002,-2.802960625,2,8,True,
60min,2024-12-10,2024-12-10,2024-12-10,9,main,KPSS,c,level_or_trend_stationarity,,Bartlett_short_bandwidth,True,ok,0.37102040411018844,0.08640195428794106,0.7428,0.4614,0.3475,2,9,False,
60min,2024-12-10,2024-12-10,2024-12-10,9,lag_sensitivity,ADF,c,unit_root,0.0,aic,True,ok,-3.8463651192373156,0.002467013052271402,-4.6651863281249994,-3.3671868750000002,-2.802960625,0,8,True,
60min,2024-12-10,2024-12-10,2024-12-10,9,lag_sensitivity,PP,c,unit_root,,Bartlett_short_bandwidth,True,ok,-3.8381709593362903,0.0025400517249528605,-4.6651863281249994,-3.3671868750000002,-2.802960625,2,8,True,
60min,2024-12-10,2024-12-10,2024-12-10,9,lag_sensitivity,KPSS,c,level_or_trend_stationarity,,Bartlett_short_bandwidth,True,ok,0.37102040411018844,0.08640195428794106,0.7428,0.4614,0.3475,2,9,False,
60min,2024-12-11,2024-12-11,2024-12-11,9,main,ADF,c,unit_root,0.0,bic,True,ok,-3.172574917088651,0.021628052046436055,-4.6651863281249994,-3.3671868750000002,-2.802960625,0,8,False,
60min,2024-12-11,2024-12-11,2024-12-11,9,main,PP,c,unit_root,,Bartlett_short_bandwidth,True,ok,-3.1788940093507696,0.021239345296655637,-4.6651863281249994,-3.3671868750000002,-2.802960625,2,8,False,
60min,2024-12-11,2024-12-11,2024-12-11,9,main,KPSS,c,level_or_trend_stationarity,,Bartlett_short_bandwidth,True,ok,0.236590360845293,0.2068189432704264,0.7428,0.4614,0.3475,2,9,False,
60min,2024-12-11,2024-12-11,2024-12-11,9,lag_sensitivity,ADF,c,unit_root,0.0,aic,True,ok,-3.172574917088651,0.021628052046436055,-4.6651863281249994,-3.3671868750000002,-2.802960625,0,8,False,
60min,2024-12-11,2024-12-11,2024-12-11,9,lag_sensitivity,PP,c,unit_root,,Bartlett_short_bandwidth,True,ok,-3.1788940093507696,0.021239345296655637,-4.6651863281249994,-3.3671868750000002,-2.802960625,2,8,False,
60min,2024-12-11,2024-12-11,2024-12-11,9,lag_sensitivity,KPSS,c,level_or_trend_stationarity,,Bartlett_short_bandwidth,True,ok,0.236590360845293,0.2068189432704264,0.7428,0.4614,0.3475,2,9,False,
60min,2024-12-12,2024-12-12,2024-12-12,9,main,ADF,c,unit_root,0.0,bic,True,ok,-3.0281142853005205,0.03235099445995874,-4.6651863281249994,-3.3671868750000002,-2.802960625,0,8,False,
60min,2024-12-12,2024-12-12,2024-12-12,9,main,PP,c,unit_root,,Bartlett_short_bandwidth,True,ok,-4.233438606012379,0.0005780919987117513,-4.6651863281249994,-3.3671868750000002,-2.802960625,2,8,True,
60min,2024-12-12,2024-12-12,2024-12-12,9,main,KPSS,c,level_or_trend_stationarity,,Bartlett_short_bandwidth,True,ok,0.3817710563634732,0.08083109369210552,0.7428,0.4614,0.3475,2,9,False,
60min,2024-12-12,2024-12-12,2024-12-12,9,lag_sensitivity,ADF,c,unit_root,0.0,aic,True,ok,-3.0281142853005205,0.03235099445995874,-4.6651863281249994,-3.3671868750000002,-2.802960625,0,8,False,
60min,2024-12-12,2024-12-12,2024-12-12,9,lag_sensitivity,PP,c,unit_root,,Bartlett_short_bandwidth,True,ok,-4.233438606012379,0.0005780919987117513,-4.6651863281249994,-3.3671868750000002,-2.802960625,2,8,True,
60min,2024-12-12,2024-12-12,2024-12-12,9,lag_sensitivity,KPSS,c,level_or_trend_stationarity,,Bartlett_short_bandwidth,True,ok,0.3817710563634732,0.08083109369210552,0.7428,0.4614,0.3475,2,9,False,
60min,2024-12-13,2024-12-13,2024-12-13,9,main,ADF,c,unit_root,0.0,bic,True,ok,-2.848595881096702,0.051660463942199183,-4.6651863281249994,-3.3671868750000002,-2.802960625,0,8,False,
60min,2024-12-13,2024-12-13,2024-12-13,9,main,PP,c,unit_root,,Bartlett_short_bandwidth,True,ok,-2.865504234334659,0.04950895321317702,-4.6651863281249994,-3.3671868750000002,-2.802960625,2,8,False,
60min,2024-12-13,2024-12-13,2024-12-13,9,main,KPSS,c,level_or_trend_stationarity,,Bartlett_short_bandwidth,True,ok,0.19332157465000693,0.28123069223402775,0.7428,0.4614,0.3475,2,9,False,
60min,2024-12-13,2024-12-13,2024-12-13,9,lag_sensitivity,ADF,c,unit_root,0.0,aic,True,ok,-2.848595881096702,0.051660463942199183,-4.6651863281249994,-3.3671868750000002,-2.802960625,0,8,False,
60min,2024-12-13,2024-12-13,2024-12-13,9,lag_sensitivity,PP,c,unit_root,,Bartlett_short_bandwidth,True,ok,-2.865504234334659,0.04950895321317702,-4.6651863281249994,-3.3671868750000002,-2.802960625,2,8,False,
60min,2024-12-13,2024-12-13,2024-12-13,9,lag_sensitivity,KPSS,c,level_or_trend_stationarity,,Bartlett_short_bandwidth,True,ok,0.19332157465000693,0.28123069223402775,0.7428,0.4614,0.3475,2,9,False,
60min,2024-12-16,2024-12-16,2024-12-16,9,main,ADF,c,unit_root,0.0,bic,True,ok,-0.5485918884603149,0.8821802965218267,-4.6651863281249994,-3.3671868750000002,-2.802960625,0,8,False,
60min,2024-12-16,2024-12-16,2024-12-16,9,main,PP,c,unit_root,,Bartlett_short_bandwidth,True,ok,-0.696958847594495,0.8475356930605011,-4.6651863281249994,-3.3671868750000002,-2.802960625,2,8,False,
60min,2024-12-16,2024-12-16,2024-12-16,9,main,KPSS,c,level_or_trend_stationarity,,Bartlett_short_bandwidth,True,ok,0.3620764136324992,0.09133539446408091,0.7428,0.4614,0.3475,2,9,False,
60min,2024-12-16,2024-12-16,2024-12-16,9,lag_sensitivity,ADF,c,unit_root,0.0,aic,True,ok,-0.5485918884603149,0.8821802965218267,-4.6651863281249994,-3.3671868750000002,-2.802960625,0,8,False,
60min,2024-12-16,2024-12-16,2024-12-16,9,lag_sensitivity,PP,c,unit_root,,Bartlett_short_bandwidth,True,ok,-0.696958847594495,0.8475356930605011,-4.6651863281249994,-3.3671868750000002,-2.802960625,2,8,False,
60min,2024-12-16,2024-12-16,2024-12-16,9,lag_sensitivity,KPSS,c,level_or_trend_stationarity,,Bartlett_short_bandwidth,True,ok,0.3620764136324992,0.09133539446408091,0.7428,0.4614,0.3475,2,9,False,
60min,2024-12-17,2024-12-17,2024-12-17,9,main,ADF,c,unit_root,0.0,bic,True,ok,-2.7812768114997843,0.06099841411155267,-4.6651863281249994,-3.3671868750000002,-2.802960625,0,8,False,
60min,2024-12-17,2024-12-17,2024-12-17,9,main,PP,c,unit_root,,Bartlett_short_bandwidth,True,ok,-2.8589582477124456,0.05033298923937532,-4.6651863281249994,-3.3671868750000002,-2.802960625,2,8,False,
60min,2024-12-17,2024-12-17,2024-12-17,9,main,KPSS,c,level_or_trend_stationarity,,Bartlett_short_bandwidth,True,ok,0.12239521504331956,0.48659783535531753,0.7428,0.4614,0.3475,2,9,False,
60min,2024-12-17,2024-12-17,2024-12-17,9,lag_sensitivity,ADF,c,unit_root,0.0,aic,True,ok,-2.7812768114997843,0.06099841411155267,-4.6651863281249994,-3.3671868750000002,-2.802960625,0,8,False,
60min,2024-12-17,2024-12-17,2024-12-17,9,lag_sensitivity,PP,c,unit_root,,Bartlett_short_bandwidth,True,ok,-2.8589582477124456,0.05033298923937532,-4.6651863281249994,-3.3671868750000002,-2.802960625,2,8,False,
60min,2024-12-17,2024-12-17,2024-12-17,9,lag_sensitivity,KPSS,c,level_or_trend_stationarity,,Bartlett_short_bandwidth,True,ok,0.12239521504331956,0.48659783535531753,0.7428,0.4614,0.3475,2,9,False,
60min,2024-12-18,2024-12-18,2024-12-18,9,main,ADF,c,unit_root,0.0,bic,True,ok,-3.7520756407209235,0.0034375154471756432,-4.6651863281249994,-3.3671868750000002,-2.802960625,0,8,True,
60min,2024-12-18,2024-12-18,2024-12-18,9,main,PP,c,unit_root,,Bartlett_short_bandwidth,True,ok,-3.9159532740500445,0.0019205268467709768,-4.6651863281249994,-3.3671868750000002,-2.802960625,2,8,True,
60min,2024-12-18,2024-12-18,2024-12-18,9,main,KPSS,c,level_or_trend_stationarity,,Bartlett_short_bandwidth,True,ok,0.22219544897634474,0.22863387531371743,0.7428,0.4614,0.3475,2,9,False,
60min,2024-12-18,2024-12-18,2024-12-18,9,lag_sensitivity,ADF,c,unit_root,0.0,aic,True,ok,-3.7520756407209235,0.0034375154471756432,-4.6651863281249994,-3.3671868750000002,-2.802960625,0,8,True,
60min,2024-12-18,2024-12-18,2024-12-18,9,lag_sensitivity,PP,c,unit_root,,Bartlett_short_bandwidth,True,ok,-3.9159532740500445,0.0019205268467709768,-4.6651863281249994,-3.3671868750000002,-2.802960625,2,8,True,
60min,2024-12-18,2024-12-18,2024-12-18,9,lag_sensitivity,KPSS,c,level_or_trend_stationarity,,Bartlett_short_bandwidth,True,ok,0.22219544897634474,0.22863387531371743,0.7428,0.4614,0.3475,2,9,False,
60min,2024-12-19,2024-12-19,2024-12-19,9,main,ADF,c,unit_root,0.0,bic,True,ok,-6.138297784496745,8.086082200449194e-08,-4.6651863281249994,-3.3671868750000002,-2.802960625,0,8,True,
60min,2024-12-19,2024-12-19,2024-12-19,9,main,PP,c,unit_root,,Bartlett_short_bandwidth,True,ok,-6.462843818131371,1.4290220518927876e-08,-4.6651863281249994,-3.3671868750000002,-2.802960625,2,8,True,
60min,2024-12-19,2024-12-19,2024-12-19,9,main,KPSS,c,level_or_trend_stationarity,,Bartlett_short_bandwidth,True,ok,0.14174068849713364,0.4163439471245717,0.7428,0.4614,0.3475,2,9,False,
60min,2024-12-19,2024-12-19,2024-12-19,9,lag_sensitivity,ADF,c,unit_root,0.0,aic,True,ok,-6.138297784496745,8.086082200449194e-08,-4.6651863281249994,-3.3671868750000002,-2.802960625,0,8,True,
60min,2024-12-19,2024-12-19,2024-12-19,9,lag_sensitivity,PP,c,unit_root,,Bartlett_short_bandwidth,True,ok,-6.462843818131371,1.4290220518927876e-08,-4.6651863281249994,-3.3671868750000002,-2.802960625,2,8,True,
60min,2024-12-19,2024-12-19,2024-12-19,9,lag_sensitivity,KPSS,c,level_or_trend_stationarity,,Bartlett_short_bandwidth,True,ok,0.14174068849713364,0.4163439471245717,0.7428,0.4614,0.3475,2,9,False,
60min,2024-12-20,2024-12-20,2024-12-20,9,main,ADF,c,unit_root,0.0,bic,True,ok,-3.356556044973475,0.012532091069120068,-4.6651863281249994,-3.3671868750000002,-2.802960625,0,8,False,
60min,2024-12-20,2024-12-20,2024-12-20,9,main,PP,c,unit_root,,Bartlett_short_bandwidth,True,ok,-3.539423295725476,0.0070304989472165175,-4.6651863281249994,-3.3671868750000002,-2.802960625,2,8,True,
60min,2024-12-20,2024-12-20,2024-12-20,9,main,KPSS,c,level_or_trend_stationarity,,Bartlett_short_bandwidth,True,ok,0.24533986632260169,0.1946924790735876,0.7428,0.4614,0.3475,2,9,False,
60min,2024-12-20,2024-12-20,2024-12-20,9,lag_sensitivity,ADF,c,unit_root,0.0,aic,True,ok,-3.356556044973475,0.012532091069120068,-4.6651863281249994,-3.3671868750000002,-2.802960625,0,8,False,
60min,2024-12-20,2024-12-20,2024-12-20,9,lag_sensitivity,PP,c,unit_root,,Bartlett_short_bandwidth,True,ok,-3.539423295725476,0.0070304989472165175,-4.6651863281249994,-3.3671868750000002,-2.802960625,2,8,True,
60min,2024-12-20,2024-12-20,2024-12-20,9,lag_sensitivity,KPSS,c,level_or_trend_stationarity,,Bartlett_short_bandwidth,True,ok,0.24533986632260169,0.1946924790735876,0.7428,0.4614,0.3475,2,9,False,
60min,2024-12-23,2024-12-23,2024-12-23,9,main,ADF,c,unit_root,0.0,bic,True,ok,-1.5497083197311587,0.5087938909189198,-4.6651863281249994,-3.3671868750000002,-2.802960625,0,8,False,
60min,2024-12-23,2024-12-23,2024-12-23,9,main,PP,c,unit_root,,Bartlett_short_bandwidth,True,ok,-1.418897050953226,0.5731838584478902,-4.6651863281249994,-3.3671868750000002,-2.802960625,2,8,False,
60min,2024-12-23,2024-12-23,2024-12-23,9,main,KPSS,c,level_or_trend_stationarity,,Bartlett_short_bandwidth,True,ok,0.20118456316960853,0.26571654280468915,0.7428,0.4614,0.3475,2,9,False,
60min,2024-12-23,2024-12-23,2024-12-23,9,lag_sensitivity,ADF,c,unit_root,0.0,aic,True,ok,-1.5497083197311587,0.5087938909189198,-4.6651863281249994,-3.3671868750000002,-2.802960625,0,8,False,
60min,2024-12-23,2024-12-23,2024-12-23,9,lag_sensitivity,PP,c,unit_root,,Bartlett_short_bandwidth,True,ok,-1.418897050953226,0.5731838584478902,-4.6651863281249994,-3.3671868750000002,-2.802960625,2,8,False,
60min,2024-12-23,2024-12-23,2024-12-23,9,lag_sensitivity,KPSS,c,level_or_trend_stationarity,,Bartlett_short_bandwidth,True,ok,0.20118456316960853,0.26571654280468915,0.7428,0.4614,0.3475,2,9,False,
60min,2024-12-26,2024-12-26,2024-12-26,9,main,ADF,c,unit_root,0.0,bic,True,ok,-4.9209894812042165,3.173786515020746e-05,-4.6651863281249994,-3.3671868750000002,-2.802960625,0,8,True,
60min,2024-12-26,2024-12-26,2024-12-26,9,main,PP,c,unit_root,,Bartlett_short_bandwidth,True,ok,-4.539782228506347,0.0001665326253099047,-4.6651863281249994,-3.3671868750000002,-2.802960625,2,8,True,
60min,2024-12-26,2024-12-26,2024-12-26,9,main,KPSS,c,level_or_trend_stationarity,,Bartlett_short_bandwidth,True,ok,0.4043812453565151,0.0704065286033119,0.7428,0.4614,0.3475,2,9,False,
60min,2024-12-26,2024-12-26,2024-12-26,9,lag_sensitivity,ADF,c,unit_root,0.0,aic,True,ok,-4.9209894812042165,3.173786515020746e-05,-4.6651863281249994,-3.3671868750000002,-2.802960625,0,8,True,
60min,2024-12-26,2024-12-26,2024-12-26,9,lag_sensitivity,PP,c,unit_root,,Bartlett_short_bandwidth,True,ok,-4.539782228506347,0.0001665326253099047,-4.6651863281249994,-3.3671868750000002,-2.802960625,2,8,True,
60min,2024-12-26,2024-12-26,2024-12-26,9,lag_sensitivity,KPSS,c,level_or_trend_stationarity,,Bartlett_short_bandwidth,True,ok,0.4043812453565151,0.0704065286033119,0.7428,0.4614,0.3475,2,9,False,
60min,2024-12-27,2024-12-27,2024-12-27,9,main,ADF,c,unit_root,0.0,bic,True,ok,-10.463493504735194,1.340143530079708e-18,-4.6651863281249994,-3.3671868750000002,-2.802960625,0,8,True,
60min,2024-12-27,2024-12-27,2024-12-27,9,main,PP,c,unit_root,,Bartlett_short_bandwidth,True,ok,-11.251965810342007,1.703273436043522e-20,-4.6651863281249994,-3.3671868750000002,-2.802960625,2,8,True,
60min,2024-12-27,2024-12-27,2024-12-27,9,main,KPSS,c,level_or_trend_stationarity,,Bartlett_short_bandwidth,True,ok,0.20962408073864833,0.25013557010955656,0.7428,0.4614,0.3475,2,9,False,
60min,2024-12-27,2024-12-27,2024-12-27,9,lag_sensitivity,ADF,c,unit_root,0.0,aic,True,ok,-10.463493504735194,1.340143530079708e-18,-4.6651863281249994,-3.3671868750000002,-2.802960625,0,8,True,
60min,2024-12-27,2024-12-27,2024-12-27,9,lag_sensitivity,PP,c,unit_root,,Bartlett_short_bandwidth,True,ok,-11.251965810342007,1.703273436043522e-20,-4.6651863281249994,-3.3671868750000002,-2.802960625,2,8,True,
60min,2024-12-27,2024-12-27,2024-12-27,9,lag_sensitivity,KPSS,c,level_or_trend_stationarity,,Bartlett_short_bandwidth,True,ok,0.20962408073864833,0.25013557010955656,0.7428,0.4614,0.3475,2,9,False,
60min,2024-12-30,2024-12-30,2024-12-30,9,main,ADF,c,unit_root,0.0,bic,True,ok,-2.616034261899775,0.08972838741537975,-4.6651863281249994,-3.3671868750000002,-2.802960625,0,8,False,
60min,2024-12-30,2024-12-30,2024-12-30,9,main,PP,c,unit_root,,Bartlett_short_bandwidth,True,ok,-2.6099411508466757,0.09095999119200604,-4.6651863281249994,-3.3671868750000002,-2.802960625,2,8,False,
60min,2024-12-30,2024-12-30,2024-12-30,9,main,KPSS,c,level_or_trend_stationarity,,Bartlett_short_bandwidth,True,ok,0.13576972165695422,0.4365420491200198,0.7428,0.4614,0.3475,2,9,False,
60min,2024-12-30,2024-12-30,2024-12-30,9,lag_sensitivity,ADF,c,unit_root,0.0,aic,True,ok,-2.616034261899775,0.08972838741537975,-4.6651863281249994,-3.3671868750000002,-2.802960625,0,8,False,
60min,2024-12-30,2024-12-30,2024-12-30,9,lag_sensitivity,PP,c,unit_root,,Bartlett_short_bandwidth,True,ok,-2.6099411508466757,0.09095999119200604,-4.6651863281249994,-3.3671868750000002,-2.802960625,2,8,False,
60min,2024-12-30,2024-12-30,2024-12-30,9,lag_sensitivity,KPSS,c,level_or_trend_stationarity,,Bartlett_short_bandwidth,True,ok,0.13576972165695422,0.4365420491200198,0.7428,0.4614,0.3475,2,9,False,
