scale,segment,start,end,n,specification,test,trend,null,adf_max_lags,lag_rule,small_sample,status,statistic,pvalue,critical_1,critical_5,critical_10,lags,nobs,reject_5pct,warning
15min,2024-01-02,2024-01-02,2024-01-02,36,main,ADF,c,unit_root,6.0,bic,False,ok,-5.975559002661666,1.8912239816490567e-07,-3.6327426647230316,-2.9485102040816327,-2.6130173469387756,0,35,True,
15min,2024-01-02,2024-01-02,2024-01-02,36,main,PP,c,unit_root,,Bartlett_short_bandwidth,False,ok,-5.9873119769181145,1.7794864325276366e-07,-3.6327426647230316,-2.9485102040816327,-2.6130173469387756,3,35,True,
15min,2024-01-02,2024-01-02,2024-01-02,36,main,KPSS,c,level_or_trend_stationarity,,Bartlett_short_bandwidth,False,ok,0.09410130697432208,0.6149934651283896,0.7428,0.4614,0.3475,3,36,False,
15min,2024-01-02,2024-01-02,2024-01-02,36,trend_sensitivity,ADF,ct,unit_root,6.0,bic,False,ok,-5.880092025822307,3.909980466692079e-06,-4.243765510204081,-3.5443646122448977,-3.2046503498542274,0,35,True,
15min,2024-01-02,2024-01-02,2024-01-02,36,trend_sensitivity,PP,ct,unit_root,,Bartlett_short_bandwidth,False,ok,-5.896920004068314,3.607741339913522e-06,-4.243765510204081,-3.5443646122448977,-3.2046503498542274,3,35,True,
15min,2024-01-02,2024-01-02,2024-01-02,36,trend_sensitivity,KPSS,ct,level_or_trend_stationarity,,Bartlett_short_bandwidth,False,ok,0.09588821857430274,0.17944733373145372,0.2175,0.1479,0.1193,3,36,False,
15min,2024-01-02,2024-01-02,2024-01-02,36,lag_sensitivity,ADF,c,unit_root,6.0,aic,False,ok,-5.975559002661666,1.8912239816490567e-07,-3.6327426647230316,-2.9485102040816327,-2.6130173469387756,0,35,True,
15min,2024-01-02,2024-01-02,2024-01-02,36,lag_sensitivity,PP,c,unit_root,,Bartlett_short_bandwidth,False,ok,-5.984360766027285,1.8069200580252097e-07,-3.6327426647230316,-2.9485102040816327,-2.6130173469387756,6,35,True,
15min,2024-01-02,2024-01-02,2024-01-02,36,lag_sensitivity,KPSS,c,level_or_trend_stationarity,,Bartlett_short_bandwidth,False,ok,0.09678037498230906,0.6015981250884547,0.7428,0.4614,0.3475,6,36,False,
15min,2024-01-03,2024-01-03,2024-01-03,36,main,ADF,c,unit_root,6.0,bic,False,ok,-5.22942964561033,7.65382645613408e-06,-3.6327426647230316,-2.9485102040816327,-2.6130173469387756,0,35,True,
15min,2024-01-03,2024-01-03,2024-01-03,36,main,PP,c,unit_root,,Bartlett_short_bandwidth,False,ok,-5.184633918328052,9.449889348304922e-06,-3.6327426647230316,-2.9485102040816327,-2.6130173469387756,3,35,True,
15min,2024-01-03,2024-01-03,2024-01-03,36,main,KPSS,c,level_or_trend_stationarity,,Bartlett_short_bandwidth,False,ok,0.3076076972511468,0.12919857970615334,0.7428,0.4614,0.3475,3,36,False,
15min,2024-01-03,2024-01-03,2024-01-03,36,trend_sensitivity,ADF,ct,unit_root,6.0,bic,False,ok,-5.586023367286131,1.5542758287077133e-05,-4.243765510204081,-3.5443646122448977,-3.2046503498542274,0,35,True,
15min,2024-01-03,2024-01-03,2024-01-03,36,trend_sensitivity,PP,ct,unit_root,,Bartlett_short_bandwidth,False,ok,-5.611440286384483,1.3822966208073816e-05,-4.243765510204081,-3.5443646122448977,-3.2046503498542274,3,35,True,
15min,2024-01-03,2024-01-03,2024-01-03,36,trend_sensitivity,KPSS,ct,level_or_trend_stationarity,,Bartlett_short_bandwidth,False,ok,0.0616796601218331,0.4291759297741403,0.2175,0.1479,0.1193,3,36,False,
15min,2024-01-03,2024-01-03,2024-01-03,36,lag_sensitivity,ADF,c,unit_root,6.0,aic,False,ok,-5.22942964561033,7.65382645613408e-06,-3.6327426647230316,-2.9485102040816327,-2.6130173469387756,0,35,True,
15min,2024-01-03,2024-01-03,2024-01-03,36,lag_sensitivity,PP,c,unit_root,,Bartlett_short_bandwidth,False,ok,-5.1973593161091385,8.90188257347529e-06,-3.6327426647230316,-2.9485102040816327,-2.6130173469387756,6,35,True,
15min,2024-01-03,2024-01-03,2024-01-03,36,lag_sensitivity,KPSS,c,level_or_trend_stationarity,,Bartlett_short_bandwidth,False,ok,0.40372532926743043,0.07069675696131396,0.7428,0.4614,0.3475,6,36,False,
15min,2024-01-04,2024-01-04,2024-01-04,36,main,ADF,c,unit_root,6.0,bic,False,ok,-6.711953951774145,3.661654790054071e-09,-3.6327426647230316,-2.9485102040816327,-2.6130173469387756,0,35,True,
15min,2024-01-04,2024-01-04,2024-01-04,36,main,PP,c,unit_root,,Bartlett_short_bandwidth,False,ok,-6.676010204804553,4.4634777375470805e-09,-3.6327426647230316,-2.9485102040816327,-2.6130173469387756,3,35,True,
15min,2024-01-04,2024-01-04,2024-01-04,36,main,KPSS,c,level_or_trend_stationarity,,Bartlett_short_bandwidth,False,ok,0.21863185699418977,0.2345079280315553,0.7428,0.4614,0.3475,3,36,False,
15min,2024-01-04,2024-01-04,2024-01-04,36,trend_sensitivity,ADF,ct,unit_root,6.0,bic,False,ok,-6.925486193971961,2.0817773289402917e-08,-4.243765510204081,-3.5443646122448977,-3.2046503498542274,0,35,True,
15min,2024-01-04,2024-01-04,2024-01-04,36,trend_sensitivity,PP,ct,unit_root,,Bartlett_short_bandwidth,False,ok,-6.938287336823669,1.947895104198997e-08,-4.243765510204081,-3.5443646122448977,-3.2046503498542274,3,35,True,
15min,2024-01-04,2024-01-04,2024-01-04,36,trend_sensitivity,KPSS,ct,level_or_trend_stationarity,,Bartlett_short_bandwidth,False,ok,0.05256017857444316,0.5396339285303207,0.2175,0.1479,0.1193,3,36,False,
15min,2024-01-04,2024-01-04,2024-01-04,36,lag_sensitivity,ADF,c,unit_root,6.0,aic,False,ok,-6.711953951774145,3.661654790054071e-09,-3.6327426647230316,-2.9485102040816327,-2.6130173469387756,0,35,True,
15min,2024-01-04,2024-01-04,2024-01-04,36,lag_sensitivity,PP,c,unit_root,,Bartlett_short_bandwidth,False,ok,-6.683718423071104,4.2780873469939736e-09,-3.6327426647230316,-2.9485102040816327,-2.6130173469387756,6,35,True,
15min,2024-01-04,2024-01-04,2024-01-04,36,lag_sensitivity,KPSS,c,level_or_trend_stationarity,,Bartlett_short_bandwidth,False,ok,0.22438152694230512,0.22503045009510142,0.7428,0.4614,0.3475,6,36,False,
15min,2024-01-05,2024-01-05,2024-01-05,36,main,ADF,c,unit_root,6.0,bic,False,ok,-5.7445681149489065,6.163987535996381e-07,-3.6327426647230316,-2.9485102040816327,-2.6130173469387756,0,35,True,
15min,2024-01-05,2024-01-05,2024-01-05,36,main,PP,c,unit_root,,Bartlett_short_bandwidth,False,ok,-5.7909791497674235,4.873185349774816e-07,-3.6327426647230316,-2.9485102040816327,-2.6130173469387756,3,35,True,
15min,2024-01-05,2024-01-05,2024-01-05,36,main,KPSS,c,level_or_trend_stationarity,,Bartlett_short_bandwidth,False,ok,0.14386321951653722,0.4095409630880218,0.7428,0.4614,0.3475,3,36,False,
15min,2024-01-05,2024-01-05,2024-01-05,36,trend_sensitivity,ADF,ct,unit_root,6.0,bic,False,ok,-5.753353060059437,7.13095599746021e-06,-4.243765510204081,-3.5443646122448977,-3.2046503498542274,0,35,True,
15min,2024-01-05,2024-01-05,2024-01-05,36,trend_sensitivity,PP,ct,unit_root,,Bartlett_short_bandwidth,False,ok,-5.78449261487663,6.157277630612168e-06,-4.243765510204081,-3.5443646122448977,-3.2046503498542274,3,35,True,
15min,2024-01-05,2024-01-05,2024-01-05,36,trend_sensitivity,KPSS,ct,level_or_trend_stationarity,,Bartlett_short_bandwidth,False,ok,0.08648991868086481,0.2274604879148112,0.2175,0.1479,0.1193,3,36,False,
15min,2024-01-05,2024-01-05,2024-01-05,36,lag_sensitivity,ADF,c,unit_root,6.0,aic,False,ok,-5.7445681149489065,6.163987535996381e-07,-3.6327426647230316,-2.9485102040816327,-2.6130173469387756,0,35,True,
15min,2024-01-05,2024-01-05,2024-01-05,36,lag_sensitivity,PP,c,unit_root,,Bartlett_short_bandwidth,False,ok,-5.7962223511144435,4.745153746702897e-07,-3.6327426647230316,-2.9485102040816327,-2.6130173469387756,6,35,True,
15min,2024-01-05,2024-01-05,2024-01-05,36,lag_sensitivity,KPSS,c,level_or_trend_stationarity,,Bartlett_short_bandwidth,False,ok,0.1426125116031074,0.4135496422977327,0.7428,0.4614,0.3475,6,36,False,
15min,2024-01-08,2024-01-08,2024-01-08,36,main,ADF,c,unit_root,6.0,bic,False,ok,-7.574689238388076,2.781662080409025e-11,-3.6327426647230316,-2.9485102040816327,-2.6130173469387756,0,35,True,
15min,2024-01-08,2024-01-08,2024-01-08,36,main,PP,c,unit_root,,Bartlett_short_bandwidth,False,ok,-7.985171586906701,2.560445507892865e-12,-3.6327426647230316,-2.9485102040816327,-2.6130173469387756,3,35,True,
15min,2024-01-08,2024-01-08,2024-01-08,36,main,KPSS,c,level_or_trend_stationarity,,Bartlett_short_bandwidth,False,ok,0.08893120744230142,0.6425570503147194,0.7428,0.4614,0.3475,3,36,False,
15min,2024-01-08,2024-01-08,2024-01-08,36,trend_sensitivity,ADF,ct,unit_root,6.0,bic,False,ok,-7.45544120325926,1.2903248159112858e-09,-4.243765510204081,-3.5443646122448977,-3.2046503498542274,0,35,True,
15min,2024-01-08,2024-01-08,2024-01-08,36,trend_sensitivity,PP,ct,unit_root,,Bartlett_short_bandwidth,False,ok,-7.843746102241708,1.641488366510965e-10,-4.243765510204081,-3.5443646122448977,-3.2046503498542274,3,35,True,
15min,2024-01-08,2024-01-08,2024-01-08,36,trend_sensitivity,KPSS,ct,level_or_trend_stationarity,,Bartlett_short_bandwidth,False,ok,0.06922858919083599,0.3538914724927931,0.2175,0.1479,0.1193,3,36,False,
15min,2024-01-08,2024-01-08,2024-01-08,36,lag_sensitivity,ADF,c,unit_root,6.0,aic,False,ok,-2.532517627459821,0.10776154359183404,-3.653519805908203,-2.9572185644531253,-2.6175881640625,3,32,False,
15min,2024-01-08,2024-01-08,2024-01-08,36,lag_sensitivity,PP,c,unit_root,,Bartlett_short_bandwidth,False,ok,-7.948907896779325,3.1646417929289156e-12,-3.6327426647230316,-2.9485102040816327,-2.6130173469387756,6,35,True,
15min,2024-01-08,2024-01-08,2024-01-08,36,lag_sensitivity,KPSS,c,level_or_trend_stationarity,,Bartlett_short_bandwidth,False,ok,0.09480530984855501,0.611473450757225,0.7428,0.4614,0.3475,6,36,False,
15min,2024-01-09,2024-01-09,2024-01-09,36,main,ADF,c,unit_root,6.0,bic,False,ok,-6.211522658307204,5.4929096257849375e-08,-3.6327426647230316,-2.9485102040816327,-2.6130173469387756,0,35,True,
15min,2024-01-09,2024-01-09,2024-01-09,36,main,PP,c,unit_root,,Bartlett_short_bandwidth,False,ok,-6.662786794432522,4.80015988221543e-09,-3.6327426647230316,-2.9485102040816327,-2.6130173469387756,3,35,True,
15min,2024-01-09,2024-01-09,2024-01-09,36,main,KPSS,c,level_or_trend_stationarity,,Bartlett_short_bandwidth,False,ok,0.21141393216275567,0.24693940685222202,0.7428,0.4614,0.3475,3,36,False,
15min,2024-01-09,2024-01-09,2024-01-09,36,trend_sensitivity,ADF,ct,unit_root,6.0,bic,False,ok,-6.146691653742559,1.0745597520415156e-06,-4.243765510204081,-3.5443646122448977,-3.2046503498542274,0,35,True,
15min,2024-01-09,2024-01-09,2024-01-09,36,trend_sensitivity,PP,ct,unit_root,,Bartlett_short_bandwidth,False,ok,-6.587339945900891,1.1847716059576082e-07,-4.243765510204081,-3.5443646122448977,-3.2046503498542274,3,35,True,
15min,2024-01-09,2024-01-09,2024-01-09,36,trend_sensitivity,KPSS,ct,level_or_trend_stationarity,,Bartlett_short_bandwidth,False,ok,0.09014090259223234,0.20775049697840642,0.2175,0.1479,0.1193,3,36,False,
15min,2024-01-09,2024-01-09,2024-01-09,36,lag_sensitivity,ADF,c,unit_root,6.0,aic,False,ok,-5.946777374300344,2.194704263123839e-07,-3.639224104416853,-2.9512301791166293,-2.614446989619377,1,34,True,
15min,2024-01-09,2024-01-09,2024-01-09,36,lag_sensitivity,PP,c,unit_root,,Bartlett_short_bandwidth,False,ok,-7.391021968024546,8.000496740065453e-11,-3.6327426647230316,-2.9485102040816327,-2.6130173469387756,6,35,True,
15min,2024-01-09,2024-01-09,2024-01-09,36,lag_sensitivity,KPSS,c,level_or_trend_stationarity,,Bartlett_short_bandwidth,False,ok,0.2728761136979334,0.161795714897986,0.7428,0.4614,0.3475,6,36,False,
15min,2024-01-10,2024-01-10,2024-01-10,36,main,ADF,c,unit_root,6.0,bic,False,ok,-6.32381307487171,3.0205783661264136e-08,-3.6327426647230316,-2.9485102040816327,-2.6130173469387756,0,35,True,
15min,2024-01-10,2024-01-10,2024-01-10,36,main,PP,c,unit_root,,Bartlett_short_bandwidth,False,ok,-6.318772895691618,3.1031483292728704e-08,-3.6327426647230316,-2.9485102040816327,-2.6130173469387756,3,35,True,
15min,2024-01-10,2024-01-10,2024-01-10,36,main,KPSS,c,level_or_trend_stationarity,,Bartlett_short_bandwidth,False,ok,0.3707711994782485,0.08653739158790842,0.7428,0.4614,0.3475,3,36,False,
15min,2024-01-10,2024-01-10,2024-01-10,36,trend_sensitivity,ADF,ct,unit_root,6.0,bic,False,ok,-6.903030731561086,2.3390019776509294e-08,-4.243765510204081,-3.5443646122448977,-3.2046503498542274,0,35,True,
15min,2024-01-10,2024-01-10,2024-01-10,36,trend_sensitivity,PP,ct,unit_root,,Bartlett_short_bandwidth,False,ok,-7.198210806938988,5.009573898841311e-09,-4.243765510204081,-3.5443646122448977,-3.2046503498542274,3,35,True,
15min,2024-01-10,2024-01-10,2024-01-10,36,trend_sensitivity,KPSS,ct,level_or_trend_stationarity,,Bartlett_short_bandwidth,False,ok,0.08764671501057701,0.22099974101476605,0.2175,0.1479,0.1193,3,36,False,
15min,2024-01-10,2024-01-10,2024-01-10,36,lag_sensitivity,ADF,c,unit_root,6.0,aic,False,ok,-6.32381307487171,3.0205783661264136e-08,-3.6327426647230316,-2.9485102040816327,-2.6130173469387756,0,35,True,
15min,2024-01-10,2024-01-10,2024-01-10,36,lag_sensitivity,PP,c,unit_root,,Bartlett_short_bandwidth,False,ok,-6.330974039382849,2.906970403801128e-08,-3.6327426647230316,-2.9485102040816327,-2.6130173469387756,6,35,True,
15min,2024-01-10,2024-01-10,2024-01-10,36,lag_sensitivity,KPSS,c,level_or_trend_stationarity,,Bartlett_short_bandwidth,False,ok,0.2969187676503805,0.13814329066913766,0.7428,0.4614,0.3475,6,36,False,
15min,2024-01-11,2024-01-11,2024-01-11,36,main,ADF,c,unit_root,6.0,bic,False,ok,-5.349979511631871,4.310651869007365e-06,-3.639224104416853,-2.9512301791166293,-2.614446989619377,1,34,True,
15min,2024-01-11,2024-01-11,2024-01-11,36,main,PP,c,unit_root,,Bartlett_short_bandwidth,False,ok,-4.338934588968969,0.0003800818534404765,-3.6327426647230316,-2.9485102040816327,-2.6130173469387756,3,35,True,
15min,2024-01-11,2024-01-11,2024-01-11,36,main,KPSS,c,level_or_trend_stationarity,,Bartlett_short_bandwidth,False,ok,0.08198733882970949,0.6809742854033063,0.7428,0.4614,0.3475,3,36,False,
15min,2024-01-11,2024-01-11,2024-01-11,36,trend_sensitivity,ADF,ct,unit_root,6.0,bic,False,ok,-5.333282927528375,4.876768142078065e-05,-4.253042608385915,-3.5485904579686545,-3.2070617952371263,1,34,True,
15min,2024-01-11,2024-01-11,2024-01-11,36,trend_sensitivity,PP,ct,unit_root,,Bartlett_short_bandwidth,False,ok,-4.269926118409239,0.0035020560631826457,-4.243765510204081,-3.5443646122448977,-3.2046503498542274,3,35,True,
15min,2024-01-11,2024-01-11,2024-01-11,36,trend_sensitivity,KPSS,ct,level_or_trend_stationarity,,Bartlett_short_bandwidth,False,ok,0.06709031554218861,0.37413985197915617,0.2175,0.1479,0.1193,3,36,False,
15min,2024-01-11,2024-01-11,2024-01-11,36,lag_sensitivity,ADF,c,unit_root,6.0,aic,False,ok,-5.349979511631871,4.310651869007365e-06,-3.639224104416853,-2.9512301791166293,-2.614446989619377,1,34,True,
15min,2024-01-11,2024-01-11,2024-01-11,36,lag_sensitivity,PP,c,unit_root,,Bartlett_short_bandwidth,False,ok,-4.335963149578515,0.00038464969962244796,-3.6327426647230316,-2.9485102040816327,-2.6130173469387756,6,35,True,
15min,2024-01-11,2024-01-11,2024-01-11,36,lag_sensitivity,KPSS,c,level_or_trend_stationarity,,Bartlett_short_bandwidth,False,ok,0.11056562060198444,0.5360653609000707,0.7428,0.4614,0.3475,6,36,False,
15min,2024-01-12,2024-01-12,2024-01-12,36,main,ADF,c,unit_root,6.0,bic,False,ok,-3.160711329670746,0.022374502459688375,-3.661428725118324,-2.960525341210433,-2.6193188033298647,4,31,True,
15min,2024-01-12,2024-01-12,2024-01-12,36,main,PP,c,unit_root,,Bartlett_short_bandwidth,False,ok,-4.245970162673807,0.0005502868645406428,-3.6327426647230316,-2.9485102040816327,-2.6130173469387756,3,35,True,
15min,2024-01-12,2024-01-12,2024-01-12,36,main,KPSS,c,level_or_trend_stationarity,,Bartlett_short_bandwidth,False,ok,0.13716574068121729,0.43176116205062576,0.7428,0.4614,0.3475,3,36,False,
15min,2024-01-12,2024-01-12,2024-01-12,36,trend_sensitivity,ADF,ct,unit_root,6.0,bic,False,ok,-3.552046188039538,0.03414297782846047,-4.284890375281125,-3.5630415894061964,-3.2152919724077744,4,31,False,
15min,2024-01-12,2024-01-12,2024-01-12,36,trend_sensitivity,PP,ct,unit_root,,Bartlett_short_bandwidth,False,ok,-4.367542485110466,0.002465683803724711,-4.243765510204081,-3.5443646122448977,-3.2046503498542274,3,35,True,
15min,2024-01-12,2024-01-12,2024-01-12,36,trend_sensitivity,KPSS,ct,level_or_trend_stationarity,,Bartlett_short_bandwidth,False,ok,0.05710210318906972,0.48237476173116334,0.2175,0.1479,0.1193,3,36,False,
15min,2024-01-12,2024-01-12,2024-01-12,36,lag_sensitivity,ADF,c,unit_root,6.0,aic,False,ok,-3.160711329670746,0.022374502459688375,-3.661428725118324,-2.960525341210433,-2.6193188033298647,4,31,True,
15min,2024-01-12,2024-01-12,2024-01-12,36,lag_sensitivity,PP,c,unit_root,,Bartlett_short_bandwidth,False,ok,-4.131404030962359,0.0008590213487910163,-3.6327426647230316,-2.9485102040816327,-2.6130173469387756,6,35,True,
15min,2024-01-12,2024-01-12,2024-01-12,36,lag_sensitivity,KPSS,c,level_or_trend_stationarity,,Bartlett_short_bandwidth,False,ok,0.15369712628157123,0.3792347432096094,0.7428,0.4614,0.3475,6,36,False,
15min,2024-01-15,2024-01-15,2024-01-15,36,main,ADF,c,unit_root,6.0,bic,False,ok,-4.940878121947498,2.9017641403329995e-05,-3.639224104416853,-2.9512301791166293,-2.614446989619377,1,34,True,
15min,2024-01-15,2024-01-15,2024-01-15,36,main,PP,c,unit_root,,Bartlett_short_bandwidth,False,ok,-5.170559218672703,1.009404274954992e-05,-3.6327426647230316,-2.9485102040816327,-2.6130173469387756,3,35,True,
15min,2024-01-15,2024-01-15,2024-01-15,36,main,KPSS,c,level_or_trend_stationarity,,Bartlett_short_bandwidth,False,ok,0.24357866730622169,0.19711296207469212,0.7428,0.4614,0.3475,3,36,False,
15min,2024-01-15,2024-01-15,2024-01-15,36,trend_sensitivity,ADF,ct,unit_root,6.0,bic,False,ok,-4.940323251945354,0.0002638835660965042,-4.253042608385915,-3.5485904579686545,-3.2070617952371263,1,34,True,
15min,2024-01-15,2024-01-15,2024-01-15,36,trend_sensitivity,PP,ct,unit_root,,Bartlett_short_bandwidth,False,ok,-5.187072745681799,9.263638164666498e-05,-4.243765510204081,-3.5443646122448977,-3.2046503498542274,3,35,True,
15min,2024-01-15,2024-01-15,2024-01-15,36,trend_sensitivity,KPSS,ct,level_or_trend_stationarity,,Bartlett_short_bandwidth,False,ok,0.11031790614361532,0.12510352856898282,0.2175,0.1479,0.1193,3,36,False,
15min,2024-01-15,2024-01-15,2024-01-15,36,lag_sensitivity,ADF,c,unit_root,6.0,aic,False,ok,-4.940878121947498,2.9017641403329995e-05,-3.639224104416853,-2.9512301791166293,-2.614446989619377,1,34,True,
15min,2024-01-15,2024-01-15,2024-01-15,36,lag_sensitivity,PP,c,unit_root,,Bartlett_short_bandwidth,False,ok,-5.243294004859301,7.168392449654106e-06,-3.6327426647230316,-2.9485102040816327,-2.6130173469387756,6,35,True,
15min,2024-01-15,2024-01-15,2024-01-15,36,lag_sensitivity,KPSS,c,level_or_trend_stationarity,,Bartlett_short_bandwidth,False,ok,0.26481118621058186,0.17075632360317475,0.7428,0.4614,0.3475,6,36,False,
15min,2024-01-16,2024-01-16,2024-01-16,36,main,ADF,c,unit_root,6.0,bic,False,ok,-5.739358042568837,6.328252877018843e-07,-3.6327426647230316,-2.9485102040816327,-2.6130173469387756,0,35,True,
15min,2024-01-16,2024-01-16,2024-01-16,36,main,PP,c,unit_root,,Bartlett_short_bandwidth,False,ok,-5.818802802598912,4.2303528532734907e-07,-3.6327426647230316,-2.9485102040816327,-2.6130173469387756,3,35,True,
15min,2024-01-16,2024-01-16,2024-01-16,36,main,KPSS,c,level_or_trend_stationarity,,Bartlett_short_bandwidth,False,ok,0.20224256153086603,0.2636420362139882,0.7428,0.4614,0.3475,3,36,False,
15min,2024-01-16,2024-01-16,2024-01-16,36,trend_sensitivity,ADF,ct,unit_root,6.0,bic,False,ok,-5.551814447440263,1.8188453350225903e-05,-4.27353517944336,-3.5578989233398435,-3.2123659912109375,3,32,True,
15min,2024-01-16,2024-01-16,2024-01-16,36,trend_sensitivity,PP,ct,unit_root,,Bartlett_short_bandwidth,False,ok,-5.81463473868919,5.3388183360184315e-06,-4.243765510204081,-3.5443646122448977,-3.2046503498542274,3,35,True,
15min,2024-01-16,2024-01-16,2024-01-16,36,trend_sensitivity,KPSS,ct,level_or_trend_stationarity,,Bartlett_short_bandwidth,False,ok,0.059595832083864646,0.45277463541062907,0.2175,0.1479,0.1193,3,36,False,
15min,2024-01-16,2024-01-16,2024-01-16,36,lag_sensitivity,ADF,c,unit_root,6.0,aic,False,ok,-1.5029521444197111,0.5320504530467867,-3.6699197407407405,-2.9640707407407407,-2.621171111111111,5,30,False,
15min,2024-01-16,2024-01-16,2024-01-16,36,lag_sensitivity,PP,c,unit_root,,Bartlett_short_bandwidth,False,ok,-5.934312885901896,2.3404885178401899e-07,-3.6327426647230316,-2.9485102040816327,-2.6130173469387756,6,35,True,
15min,2024-01-16,2024-01-16,2024-01-16,36,lag_sensitivity,KPSS,c,level_or_trend_stationarity,,Bartlett_short_bandwidth,False,ok,0.24563336972718267,0.19431619265745811,0.7428,0.4614,0.3475,6,36,False,
15min,2024-01-17,2024-01-17,2024-01-17,36,main,ADF,c,unit_root,6.0,bic,False,ok,-7.459789194040011,5.3917747558603085e-11,-3.6327426647230316,-2.9485102040816327,-2.6130173469387756,0,35,True,
15min,2024-01-17,2024-01-17,2024-01-17,36,main,PP,c,unit_root,,Bartlett_short_bandwidth,False,ok,-8.95919188865427,8.313304180360159e-15,-3.6327426647230316,-2.9485102040816327,-2.6130173469387756,3,35,True,
15min,2024-01-17,2024-01-17,2024-01-17,36,main,KPSS,c,level_or_trend_stationarity,,Bartlett_short_bandwidth,False,ok,0.2326898857882736,0.21243956698746427,0.7428,0.4614,0.3475,3,36,False,
15min,2024-01-17,2024-01-17,2024-01-17,36,trend_sensitivity,ADF,ct,unit_root,6.0,bic,False,ok,-7.333555209118641,2.456945666292244e-09,-4.243765510204081,-3.5443646122448977,-3.2046503498542274,0,35,True,
15min,2024-01-17,2024-01-17,2024-01-17,36,trend_sensitivity,PP,ct,unit_root,,Bartlett_short_bandwidth,False,ok,-8.742835351472166,1.3935510757203665e-12,-4.243765510204081,-3.5443646122448977,-3.2046503498542274,3,35,True,
15min,2024-01-17,2024-01-17,2024-01-17,36,trend_sensitivity,KPSS,ct,level_or_trend_stationarity,,Bartlett_short_bandwidth,False,ok,0.14201908012176395,0.0576123887197723,0.2175,0.1479,0.1193,3,36,False,
15min,2024-01-17,2024-01-17,2024-01-17,36,lag_sensitivity,ADF,c,unit_root,6.0,aic,False,ok,-7.459789194040011,5.3917747558603085e-11,-3.6327426647230316,-2.9485102040816327,-2.6130173469387756,0,35,True,
15min,2024-01-17,2024-01-17,2024-01-17,36,lag_sensitivity,PP,c,unit_root,,Bartlett_short_bandwidth,False,ok,-9.75074067581451,8.028619076147093e-17,-3.6327426647230316,-2.9485102040816327,-2.6130173469387756,6,35,True,
15min,2024-01-17,2024-01-17,2024-01-17,36,lag_sensitivity,KPSS,c,level_or_trend_stationarity,,Bartlett_short_bandwidth,False,ok,0.22640054425930545,0.22196887233438567,0.7428,0.4614,0.3475,6,36,False,
15min,2024-01-18,2024-01-18,2024-01-18,36,main,ADF,c,unit_root,6.0,bic,False,ok,-5.185583132619925,9.40790970954121e-06,-3.6327426647230316,-2.9485102040816327,-2.6130173469387756,0,35,True,
15min,2024-01-18,2024-01-18,2024-01-18,36,main,PP,c,unit_root,,Bartlett_short_bandwidth,False,ok,-5.1651858569657065,1.0351006788879063e-05,-3.6327426647230316,-2.9485102040816327,-2.6130173469387756,3,35,True,
15min,2024-01-18,2024-01-18,2024-01-18,36,main,KPSS,c,level_or_trend_stationarity,,Bartlett_short_bandwidth,False,ok,0.2672974342359578,0.16788757588158712,0.7428,0.4614,0.3475,3,36,False,
15min,2024-01-18,2024-01-18,2024-01-18,36,trend_sensitivity,ADF,ct,unit_root,6.0,bic,False,ok,-5.418989354250691,3.324921430914575e-05,-4.243765510204081,-3.5443646122448977,-3.2046503498542274,0,35,True,
15min,2024-01-18,2024-01-18,2024-01-18,36,trend_sensitivity,PP,ct,unit_root,,Bartlett_short_bandwidth,False,ok,-5.40132732918917,3.599473828438846e-05,-4.243765510204081,-3.5443646122448977,-3.2046503498542274,3,35,True,
15min,2024-01-18,2024-01-18,2024-01-18,36,trend_sensitivity,KPSS,ct,level_or_trend_stationarity,,Bartlett_short_bandwidth,False,ok,0.09474103248348416,0.18439210136429243,0.2175,0.1479,0.1193,3,36,False,
15min,2024-01-18,2024-01-18,2024-01-18,36,lag_sensitivity,ADF,c,unit_root,6.0,aic,False,ok,-1.3356513574959443,0.6127081164223697,-3.6699197407407405,-2.9640707407407407,-2.621171111111111,5,30,False,
15min,2024-01-18,2024-01-18,2024-01-18,36,lag_sensitivity,PP,c,unit_root,,Bartlett_short_bandwidth,False,ok,-5.256084517419708,6.747113799967441e-06,-3.6327426647230316,-2.9485102040816327,-2.6130173469387756,6,35,True,
15min,2024-01-18,2024-01-18,2024-01-18,36,lag_sensitivity,KPSS,c,level_or_trend_stationarity,,Bartlett_short_bandwidth,False,ok,0.22452581122017637,0.2248093769391267,0.7428,0.4614,0.3475,6,36,False,
15min,2024-01-19,2024-01-19,2024-01-19,36,main,ADF,c,unit_root,6.0,bic,False,ok,-5.608147842599846,1.2207684996411006e-06,-3.6327426647230316,-2.9485102040816327,-2.6130173469387756,0,35,True,
15min,2024-01-19,2024-01-19,2024-01-19,36,main,PP,c,unit_root,,Bartlett_short_bandwidth,False,ok,-5.681074378259529,8.483740070499254e-07,-3.6327426647230316,-2.9485102040816327,-2.6130173469387756,3,35,True,
15min,2024-01-19,2024-01-19,2024-01-19,36,main,KPSS,c,level_or_trend_stationarity,,Bartlett_short_bandwidth,False,ok,0.49297248908286717,0.04158187772928321,0.7428,0.4614,0.3475,3,36,True,
15min,2024-01-19,2024-01-19,2024-01-19,36,trend_sensitivity,ADF,ct,unit_root,6.0,bic,False,ok,-6.819985378062292,3.5944737469555256e-08,-4.243765510204081,-3.5443646122448977,-3.2046503498542274,0,35,True,
15min,2024-01-19,2024-01-19,2024-01-19,36,trend_sensitivity,PP,ct,unit_root,,Bartlett_short_bandwidth,False,ok,-6.837900369550357,3.2768006744168414e-08,-4.243765510204081,-3.5443646122448977,-3.2046503498542274,3,35,True,
15min,2024-01-19,2024-01-19,2024-01-19,36,trend_sensitivity,KPSS,ct,level_or_trend_stationarity,,Bartlett_short_bandwidth,False,ok,0.08753424413631436,0.2216022635554588,0.2175,0.1479,0.1193,3,36,False,
15min,2024-01-19,2024-01-19,2024-01-19,36,lag_sensitivity,ADF,c,unit_root,6.0,aic,False,ok,-5.608147842599846,1.2207684996411006e-06,-3.6327426647230316,-2.9485102040816327,-2.6130173469387756,0,35,True,
15min,2024-01-19,2024-01-19,2024-01-19,36,lag_sensitivity,PP,c,unit_root,,Bartlett_short_bandwidth,False,ok,-5.846608375396638,3.6710449867698686e-07,-3.6327426647230316,-2.9485102040816327,-2.6130173469387756,6,35,True,
15min,2024-01-19,2024-01-19,2024-01-19,36,lag_sensitivity,KPSS,c,level_or_trend_stationarity,,Bartlett_short_bandwidth,False,ok,0.38363269853226883,0.07989023654138264,0.7428,0.4614,0.3475,6,36,False,
15min,2024-01-22,2024-01-22,2024-01-22,36,main,ADF,c,unit_root,6.0,bic,False,ok,-5.20762224506231,8.482458672007555e-06,-3.6327426647230316,-2.9485102040816327,-2.6130173469387756,0,35,True,
15min,2024-01-22,2024-01-22,2024-01-22,36,main,PP,c,unit_root,,Bartlett_short_bandwidth,False,ok,-5.163192338361902,1.0447941285142543e-05,-3.6327426647230316,-2.9485102040816327,-2.6130173469387756,3,35,True,
15min,2024-01-22,2024-01-22,2024-01-22,36,main,KPSS,c,level_or_trend_stationarity,,Bartlett_short_bandwidth,False,ok,0.1038787671791718,0.5668328501001355,0.7428,0.4614,0.3475,3,36,False,
15min,2024-01-22,2024-01-22,2024-01-22,36,trend_sensitivity,ADF,ct,unit_root,6.0,bic,False,ok,-5.131398932148449,0.00011779249780224445,-4.243765510204081,-3.5443646122448977,-3.2046503498542274,0,35,True,
15min,2024-01-22,2024-01-22,2024-01-22,36,trend_sensitivity,PP,ct,unit_root,,Bartlett_short_bandwidth,False,ok,-5.077101206655366,0.00014856088569358653,-4.243765510204081,-3.5443646122448977,-3.2046503498542274,3,35,True,
15min,2024-01-22,2024-01-22,2024-01-22,36,trend_sensitivity,KPSS,ct,level_or_trend_stationarity,,Bartlett_short_bandwidth,False,ok,0.10241063490586483,0.1524126984684346,0.2175,0.1479,0.1193,3,36,False,
15min,2024-01-22,2024-01-22,2024-01-22,36,lag_sensitivity,ADF,c,unit_root,6.0,aic,False,ok,-4.424414060036988,0.00026865388380282703,-3.639224104416853,-2.9512301791166293,-2.614446989619377,1,34,True,
15min,2024-01-22,2024-01-22,2024-01-22,36,lag_sensitivity,PP,c,unit_root,,Bartlett_short_bandwidth,False,ok,-5.179240584968951,9.691877597926558e-06,-3.6327426647230316,-2.9485102040816327,-2.6130173469387756,6,35,True,
15min,2024-01-22,2024-01-22,2024-01-22,36,lag_sensitivity,KPSS,c,level_or_trend_stationarity,,Bartlett_short_bandwidth,False,ok,0.12369973137026034,0.4814484288016039,0.7428,0.4614,0.3475,6,36,False,
15min,2024-01-23,2024-01-23,2024-01-23,36,main,ADF,c,unit_root,6.0,bic,False,ok,-6.6933005419473295,4.0581963426743805e-09,-3.6327426647230316,-2.9485102040816327,-2.6130173469387756,0,35,True,
15min,2024-01-23,2024-01-23,2024-01-23,36,main,PP,c,unit_root,,Bartlett_short_bandwidth,False,ok,-7.059583201352326,5.266000941248688e-10,-3.6327426647230316,-2.9485102040816327,-2.6130173469387756,3,35,True,
15min,2024-01-23,2024-01-23,2024-01-23,36,main,KPSS,c,level_or_trend_stationarity,,Bartlett_short_bandwidth,False,ok,0.052969714725477075,0.8583230172509196,0.7428,0.4614,0.3475,3,36,False,
15min,2024-01-23,2024-01-23,2024-01-23,36,trend_sensitivity,ADF,ct,unit_root,6.0,bic,False,ok,-6.582224124747626,1.216015374411418e-07,-4.243765510204081,-3.5443646122448977,-3.2046503498542274,0,35,True,
15min,2024-01-23,2024-01-23,2024-01-23,36,trend_sensitivity,PP,ct,unit_root,,Bartlett_short_bandwidth,False,ok,-6.933799121883547,1.9938354496503804e-08,-4.243765510204081,-3.5443646122448977,-3.2046503498542274,3,35,True,
15min,2024-01-23,2024-01-23,2024-01-23,36,trend_sensitivity,KPSS,ct,level_or_trend_stationarity,,Bartlett_short_bandwidth,False,ok,0.05101130515797724,0.5607549296639467,0.2175,0.1479,0.1193,3,36,False,
15min,2024-01-23,2024-01-23,2024-01-23,36,lag_sensitivity,ADF,c,unit_root,6.0,aic,False,ok,-6.6933005419473295,4.0581963426743805e-09,-3.6327426647230316,-2.9485102040816327,-2.6130173469387756,0,35,True,
15min,2024-01-23,2024-01-23,2024-01-23,36,lag_sensitivity,PP,c,unit_root,,Bartlett_short_bandwidth,False,ok,-7.854034451173698,5.503529181129943e-12,-3.6327426647230316,-2.9485102040816327,-2.6130173469387756,6,35,True,
15min,2024-01-23,2024-01-23,2024-01-23,36,lag_sensitivity,KPSS,c,level_or_trend_stationarity,,Bartlett_short_bandwidth,False,ok,0.09044614990773561,0.6344353728311936,0.7428,0.4614,0.3475,6,36,False,
15min,2024-01-24,2024-01-24,2024-01-24,36,main,ADF,c,unit_root,6.0,bic,False,ok,-5.462707511949174,2.497921715780442e-06,-3.6327426647230316,-2.9485102040816327,-2.6130173469387756,0,35,True,
15min,2024-01-24,2024-01-24,2024-01-24,36,main,PP,c,unit_root,,Bartlett_short_bandwidth,False,ok,-5.471229943977519,2.3961730362616934e-06,-3.6327426647230316,-2.9485102040816327,-2.6130173469387756,3,35,True,
15min,2024-01-24,2024-01-24,2024-01-24,36,main,KPSS,c,level_or_trend_stationarity,,Bartlett_short_bandwidth,False,ok,0.051592166419719365,0.8668024868964601,0.7428,0.4614,0.3475,3,36,False,
15min,2024-01-24,2024-01-24,2024-01-24,36,trend_sensitivity,ADF,ct,unit_root,6.0,bic,False,ok,-5.374177065361748,4.064711638770157e-05,-4.243765510204081,-3.5443646122448977,-3.2046503498542274,0,35,True,
15min,2024-01-24,2024-01-24,2024-01-24,36,trend_sensitivity,PP,ct,unit_root,,Bartlett_short_bandwidth,False,ok,-5.384380822771891,3.8834262445263216e-05,-4.243765510204081,-3.5443646122448977,-3.2046503498542274,3,35,True,
15min,2024-01-24,2024-01-24,2024-01-24,36,trend_sensitivity,KPSS,ct,level_or_trend_stationarity,,Bartlett_short_bandwidth,False,ok,0.049236327515521566,0.5854233369927223,0.2175,0.1479,0.1193,3,36,False,
15min,2024-01-24,2024-01-24,2024-01-24,36,lag_sensitivity,ADF,c,unit_root,6.0,aic,False,ok,-5.462707511949174,2.497921715780442e-06,-3.6327426647230316,-2.9485102040816327,-2.6130173469387756,0,35,True,
15min,2024-01-24,2024-01-24,2024-01-24,36,lag_sensitivity,PP,c,unit_root,,Bartlett_short_bandwidth,False,ok,-5.477623334428933,2.322502062577786e-06,-3.6327426647230316,-2.9485102040816327,-2.6130173469387756,6,35,True,
15min,2024-01-24,2024-01-24,2024-01-24,36,lag_sensitivity,KPSS,c,level_or_trend_stationarity,,Bartlett_short_bandwidth,False,ok,0.07266426411872982,0.7359915096283545,0.7428,0.4614,0.3475,6,36,False,
15min,2024-01-25,2024-01-25,2024-01-25,36,main,ADF,c,unit_root,6.0,bic,False,ok,-7.575476855966319,2.7690432200377357e-11,-3.6327426647230316,-2.9485102040816327,-2.6130173469387756,0,35,True,
15min,2024-01-25,2024-01-25,2024-01-25,36,main,PP,c,unit_root,,Bartlett_short_bandwidth,False,ok,-8.234277295363515,5.947897646308562e-13,-3.6327426647230316,-2.9485102040816327,-2.6130173469387756,3,35,True,
15min,2024-01-25,2024-01-25,2024-01-25,36,main,KPSS,c,level_or_trend_stationarity,,Bartlett_short_bandwidth,False,ok,0.0771140254012266,0.7091395018891498,0.7428,0.4614,0.3475,3,36,False,
15min,2024-01-25,2024-01-25,2024-01-25,36,trend_sensitivity,ADF,ct,unit_root,6.0,bic,False,ok,-7.4911929861437425,1.0678188723735152e-09,-4.243765510204081,-3.5443646122448977,-3.2046503498542274,0,35,True,
15min,2024-01-25,2024-01-25,2024-01-25,36,trend_sensitivity,PP,ct,unit_root,,Bartlett_short_bandwidth,False,ok,-8.209085765024986,2.348608937597617e-11,-4.243765510204081,-3.5443646122448977,-3.2046503498542274,3,35,True,
15min,2024-01-25,2024-01-25,2024-01-25,36,trend_sensitivity,KPSS,ct,level_or_trend_stationarity,,Bartlett_short_bandwidth,False,ok,0.05352403362791885,0.5267890312115941,0.2175,0.1479,0.1193,3,36,False,
15min,2024-01-25,2024-01-25,2024-01-25,36,lag_sensitivity,ADF,c,unit_root,6.0,aic,False,ok,-7.575476855966319,2.7690432200377357e-11,-3.6327426647230316,-2.9485102040816327,-2.6130173469387756,0,35,True,
15min,2024-01-25,2024-01-25,2024-01-25,36,lag_sensitivity,PP,c,unit_root,,Bartlett_short_bandwidth,False,ok,-9.126530953063988,3.1028517150551883e-15,-3.6327426647230316,-2.9485102040816327,-2.6130173469387756,6,35,True,
15min,2024-01-25,2024-01-25,2024-01-25,36,lag_sensitivity,KPSS,c,level_or_trend_stationarity,,Bartlett_short_bandwidth,False,ok,0.12208541376800802,0.4878207351262841,0.7428,0.4614,0.3475,6,36,False,
15min,2024-01-26,2024-01-26,2024-01-26,36,main,ADF,c,unit_root,6.0,bic,False,ok,-5.274179560458108,6.191876796259028e-06,-3.6461350877925254,-2.954126991123355,-2.6159676124885216,2,33,True,
15min,2024-01-26,2024-01-26,2024-01-26,36,main,PP,c,unit_root,,Bartlett_short_bandwidth,False,ok,-8.528098533151871,1.0556712855010569e-13,-3.6327426647230316,-2.9485102040816327,-2.6130173469387756,3,35,True,
15min,2024-01-26,2024-01-26,2024-01-26,36,main,KPSS,c,level_or_trend_stationarity,,Bartlett_short_bandwidth,False,ok,0.13588955910286776,0.4361316469079871,0.7428,0.4614,0.3475,3,36,False,
15min,2024-01-26,2024-01-26,2024-01-26,36,trend_sensitivity,ADF,ct,unit_root,6.0,bic,False,ok,-5.152091921098664,0.00010775917553174356,-4.262944107465843,-3.553092543339733,-3.2096284957008097,2,33,True,
15min,2024-01-26,2024-01-26,2024-01-26,36,trend_sensitivity,PP,ct,unit_root,,Bartlett_short_bandwidth,False,ok,-8.35207796135249,1.0987561680639597e-11,-4.243765510204081,-3.5443646122448977,-3.2046503498542274,3,35,True,
15min,2024-01-26,2024-01-26,2024-01-26,36,trend_sensitivity,KPSS,ct,level_or_trend_stationarity,,Bartlett_short_bandwidth,False,ok,0.1296021656862233,0.07768814291110904,0.2175,0.1479,0.1193,3,36,False,
15min,2024-01-26,2024-01-26,2024-01-26,36,lag_sensitivity,ADF,c,unit_root,6.0,aic,False,ok,-5.274179560458108,6.191876796259028e-06,-3.6461350877925254,-2.954126991123355,-2.6159676124885216,2,33,True,
15min,2024-01-26,2024-01-26,2024-01-26,36,lag_sensitivity,PP,c,unit_root,,Bartlett_short_bandwidth,False,ok,-8.602790404986346,6.797478234829492e-14,-3.6327426647230316,-2.9485102040816327,-2.6130173469387756,6,35,True,
15min,2024-01-26,2024-01-26,2024-01-26,36,lag_sensitivity,KPSS,c,level_or_trend_stationarity,,Bartlett_short_bandwidth,False,ok,0.13479633725893989,0.43987555733239764,0.7428,0.4614,0.3475,6,36,False,
15min,2024-01-29,2024-01-29,2024-01-29,36,main,ADF,c,unit_root,6.0,bic,False,ok,-5.577061784697489,1.4242151859497882e-06,-3.6327426647230316,-2.9485102040816327,-2.6130173469387756,0,35,True,
15min,2024-01-29,2024-01-29,2024-01-29,36,main,PP,c,unit_root,,Bartlett_short_bandwidth,False,ok,-5.578458354147859,1.414404769485766e-06,-3.6327426647230316,-2.9485102040816327,-2.6130173469387756,3,35,True,
15min,2024-01-29,2024-01-29,2024-01-29,36,main,KPSS,c,level_or_trend_stationarity,,Bartlett_short_bandwidth,False,ok,0.2972406631484934,0.13787392205146998,0.7428,0.4614,0.3475,3,36,False,
15min,2024-01-29,2024-01-29,2024-01-29,36,trend_sensitivity,ADF,ct,unit_root,6.0,bic,False,ok,-4.500515977765749,0.0015065872075172772,-4.284890375281125,-3.5630415894061964,-3.2152919724077744,4,31,True,
15min,2024-01-29,2024-01-29,2024-01-29,36,trend_sensitivity,PP,ct,unit_root,,Bartlett_short_bandwidth,False,ok,-5.910247126242546,3.3846847355939554e-06,-4.243765510204081,-3.5443646122448977,-3.2046503498542274,3,35,True,
15min,2024-01-29,2024-01-29,2024-01-29,36,trend_sensitivity,KPSS,ct,level_or_trend_stationarity,,Bartlett_short_bandwidth,False,ok,0.05087640532710413,0.5625944728122164,0.2175,0.1479,0.1193,3,36,False,
15min,2024-01-29,2024-01-29,2024-01-29,36,lag_sensitivity,ADF,c,unit_root,6.0,aic,False,ok,-1.353545343846761,0.6043335267505604,-3.6699197407407405,-2.9640707407407407,-2.621171111111111,5,30,False,
15min,2024-01-29,2024-01-29,2024-01-29,36,lag_sensitivity,PP,c,unit_root,,Bartlett_short_bandwidth,False,ok,-5.696426437946795,7.85488549979316e-07,-3.6327426647230316,-2.9485102040816327,-2.6130173469387756,6,35,True,
15min,2024-01-29,2024-01-29,2024-01-29,36,lag_sensitivity,KPSS,c,level_or_trend_stationarity,,Bartlett_short_bandwidth,False,ok,0.39438797472088943,0.07482832976951796,0.7428,0.4614,0.3475,6,36,False,
15min,2024-01-30,2024-01-30,2024-01-30,36,main,ADF,c,unit_root,6.0,bic,False,ok,-4.272919986228125,0.0004947015741120921,-3.6327426647230316,-2.9485102040816327,-2.6130173469387756,0,35,True,
15min,2024-01-30,2024-01-30,2024-01-30,36,main,PP,c,unit_root,,Bartlett_short_bandwidth,False,ok,-4.365679811979145,0.00034121449246432746,-3.6327426647230316,-2.9485102040816327,-2.6130173469387756,3,35,True,
15min,2024-01-30,2024-01-30,2024-01-30,36,main,KPSS,c,level_or_trend_stationarity,,Bartlett_short_bandwidth,False,ok,0.23241119292624327,0.21286182889963143,0.7428,0.4614,0.3475,3,36,False,
15min,2024-01-30,2024-01-30,2024-01-30,36,trend_sensitivity,ADF,ct,unit_root,6.0,bic,False,ok,-4.762373207238391,0.0005447856441955142,-4.243765510204081,-3.5443646122448977,-3.2046503498542274,0,35,True,
15min,2024-01-30,2024-01-30,2024-01-30,36,trend_sensitivity,PP,ct,unit_root,,Bartlett_short_bandwidth,False,ok,-4.761763867951222,0.0005461147582434189,-4.243765510204081,-3.5443646122448977,-3.2046503498542274,3,35,True,
15min,2024-01-30,2024-01-30,2024-01-30,36,trend_sensitivity,KPSS,ct,level_or_trend_stationarity,,Bartlett_short_bandwidth,False,ok,0.07333689230201,0.31885923081658324,0.2175,0.1479,0.1193,3,36,False,
15min,2024-01-30,2024-01-30,2024-01-30,36,lag_sensitivity,ADF,c,unit_root,6.0,aic,False,ok,-4.272919986228125,0.0004947015741120921,-3.6327426647230316,-2.9485102040816327,-2.6130173469387756,0,35,True,
15min,2024-01-30,2024-01-30,2024-01-30,36,lag_sensitivity,PP,c,unit_root,,Bartlett_short_bandwidth,False,ok,-4.399165869021595,0.0002978432047856242,-3.6327426647230316,-2.9485102040816327,-2.6130173469387756,6,35,True,
15min,2024-01-30,2024-01-30,2024-01-30,36,lag_sensitivity,KPSS,c,level_or_trend_stationarity,,Bartlett_short_bandwidth,False,ok,0.24321013963167093,0.19762480606712374,0.7428,0.4614,0.3475,6,36,False,
15min,2024-01-31,2024-01-31,2024-01-31,36,main,ADF,c,unit_root,6.0,bic,False,ok,-5.429860172617795,2.9308834855763368e-06,-3.6327426647230316,-2.9485102040816327,-2.6130173469387756,0,35,True,
15min,2024-01-31,2024-01-31,2024-01-31,36,main,PP,c,unit_root,,Bartlett_short_bandwidth,False,ok,-5.430405814952575,2.9231282222346367e-06,-3.6327426647230316,-2.9485102040816327,-2.6130173469387756,3,35,True,
15min,2024-01-31,2024-01-31,2024-01-31,36,main,KPSS,c,level_or_trend_stationarity,,Bartlett_short_bandwidth,False,ok,0.4545473458252905,0.052141454429596716,0.7428,0.4614,0.3475,3,36,False,
15min,2024-01-31,2024-01-31,2024-01-31,36,trend_sensitivity,ADF,ct,unit_root,6.0,bic,False,ok,-6.089109052113179,1.4245655172551742e-06,-4.243765510204081,-3.5443646122448977,-3.2046503498542274,0,35,True,
15min,2024-01-31,2024-01-31,2024-01-31,36,trend_sensitivity,PP,ct,unit_root,,Bartlett_short_bandwidth,False,ok,-6.182244628822284,9.021723293244457e-07,-4.243765510204081,-3.5443646122448977,-3.2046503498542274,3,35,True,
15min,2024-01-31,2024-01-31,2024-01-31,36,trend_sensitivity,KPSS,ct,level_or_trend_stationarity,,Bartlett_short_bandwidth,False,ok,0.05989718563213392,0.4493501632712055,0.2175,0.1479,0.1193,3,36,False,
15min,2024-01-31,2024-01-31,2024-01-31,36,lag_sensitivity,ADF,c,unit_root,6.0,aic,False,ok,-5.429860172617795,2.9308834855763368e-06,-3.6327426647230316,-2.9485102040816327,-2.6130173469387756,0,35,True,
15min,2024-01-31,2024-01-31,2024-01-31,36,lag_sensitivity,PP,c,unit_root,,Bartlett_short_bandwidth,False,ok,-5.4424653768391895,2.7567313238750892e-06,-3.6327426647230316,-2.9485102040816327,-2.6130173469387756,6,35,True,
15min,2024-01-31,2024-01-31,2024-01-31,36,lag_sensitivity,KPSS,c,level_or_trend_stationarity,,Bartlett_short_bandwidth,False,ok,0.4144832275677635,0.06626698066351078,0.7428,0.4614,0.3475,6,36,False,
15min,2024-02-01,2024-02-01,2024-02-01,36,main,ADF,c,unit_root,6.0,bic,False,ok,-5.896206855712501,2.8475203935901676e-07,-3.6327426647230316,-2.9485102040816327,-2.6130173469387756,0,35,True,
15min,2024-02-01,2024-02-01,2024-02-01,36,main,PP,c,unit_root,,Bartlett_short_bandwidth,False,ok,-6.031575796741198,1.4138409439509083e-07,-3.6327426647230316,-2.9485102040816327,-2.6130173469387756,3,35,True,
15min,2024-02-01,2024-02-01,2024-02-01,36,main,KPSS,c,level_or_trend_stationarity,,Bartlett_short_bandwidth,False,ok,0.11853294891278918,0.5019734552980739,0.7428,0.4614,0.3475,3,36,False,
15min,2024-02-01,2024-02-01,2024-02-01,36,trend_sensitivity,ADF,ct,unit_root,6.0,bic,False,ok,-5.869515756559189,4.1124416865030965e-06,-4.243765510204081,-3.5443646122448977,-3.2046503498542274,0,35,True,
15min,2024-02-01,2024-02-01,2024-02-01,36,trend_sensitivity,PP,ct,unit_root,,Bartlett_short_bandwidth,False,ok,-6.035897379614557,1.845966053320301e-06,-4.243765510204081,-3.5443646122448977,-3.2046503498542274,3,35,True,
15min,2024-02-01,2024-02-01,2024-02-01,36,trend_sensitivity,KPSS,ct,level_or_trend_stationarity,,Bartlett_short_bandwidth,False,ok,0.051713163369837244,0.5511841358658558,0.2175,0.1479,0.1193,3,36,False,
15min,2024-02-01,2024-02-01,2024-02-01,36,lag_sensitivity,ADF,c,unit_root,6.0,aic,False,ok,-5.122874444967914,1.260781037132589e-05,-3.6461350877925254,-2.954126991123355,-2.6159676124885216,2,33,True,
15min,2024-02-01,2024-02-01,2024-02-01,36,lag_sensitivity,PP,c,unit_root,,Bartlett_short_bandwidth,False,ok,-6.555587592904386,8.633108625340898e-09,-3.6327426647230316,-2.9485102040816327,-2.6130173469387756,6,35,True,
15min,2024-02-01,2024-02-01,2024-02-01,36,lag_sensitivity,KPSS,c,level_or_trend_stationarity,,Bartlett_short_bandwidth,False,ok,0.19734622571826527,0.27324269467006806,0.7428,0.4614,0.3475,6,36,False,
15min,2024-02-02,2024-02-02,2024-02-02,36,main,ADF,c,unit_root,6.0,bic,False,ok,-1.865421347381284,0.34849867803034845,-3.653519805908203,-2.9572185644531253,-2.6175881640625,3,32,False,
15min,2024-02-02,2024-02-02,2024-02-02,36,main,PP,c,unit_root,,Bartlett_short_bandwidth,False,ok,-5.786801764397124,4.977603176250101e-07,-3.6327426647230316,-2.9485102040816327,-2.6130173469387756,3,35,True,
15min,2024-02-02,2024-02-02,2024-02-02,36,main,KPSS,c,level_or_trend_stationarity,,Bartlett_short_bandwidth,False,ok,0.33011600670959784,0.1120304451836693,0.7428,0.4614,0.3475,3,36,False,
15min,2024-02-02,2024-02-02,2024-02-02,36,trend_sensitivity,ADF,ct,unit_root,6.0,bic,False,ok,-2.857861694769177,0.17650449813673508,-4.27353517944336,-3.5578989233398435,-3.2123659912109375,3,32,False,
15min,2024-02-02,2024-02-02,2024-02-02,36,trend_sensitivity,PP,ct,unit_root,,Bartlett_short_bandwidth,False,ok,-6.251212266653289,6.416025816161998e-07,-4.243765510204081,-3.5443646122448977,-3.2046503498542274,3,35,True,
15min,2024-02-02,2024-02-02,2024-02-02,36,trend_sensitivity,KPSS,ct,level_or_trend_stationarity,,Bartlett_short_bandwidth,False,ok,0.088957463059858,0.21397787646504646,0.2175,0.1479,0.1193,3,36,False,
15min,2024-02-02,2024-02-02,2024-02-02,36,lag_sensitivity,ADF,c,unit_root,6.0,aic,False,ok,-1.865421347381284,0.34849867803034845,-3.653519805908203,-2.9572185644531253,-2.6175881640625,3,32,False,
15min,2024-02-02,2024-02-02,2024-02-02,36,lag_sensitivity,PP,c,unit_root,,Bartlett_short_bandwidth,False,ok,-5.926066442016407,2.442109190116601e-07,-3.6327426647230316,-2.9485102040816327,-2.6130173469387756,6,35,True,
15min,2024-02-02,2024-02-02,2024-02-02,36,lag_sensitivity,KPSS,c,level_or_trend_stationarity,,Bartlett_short_bandwidth,False,ok,0.27092897201187854,0.1638239874876265,0.7428,0.4614,0.3475,6,36,False,
15min,2024-02-05,2024-02-05,2024-02-05,36,main,ADF,c,unit_root,6.0,bic,False,ok,-4.345968223249071,0.0003694729795269015,-3.6327426647230316,-2.9485102040816327,-2.6130173469387756,0,35,True,
15min,2024-02-05,2024-02-05,2024-02-05,36,main,PP,c,unit_root,,Bartlett_short_bandwidth,False,ok,-4.4511057696899385,0.0002407566763388132,-3.6327426647230316,-2.9485102040816327,-2.6130173469387756,3,35,True,
15min,2024-02-05,2024-02-05,2024-02-05,36,main,KPSS,c,level_or_trend_stationarity,,Bartlett_short_bandwidth,False,ok,0.10678931929552304,0.5532303668385317,0.7428,0.4614,0.3475,3,36,False,
15min,2024-02-05,2024-02-05,2024-02-05,36,trend_sensitivity,ADF,ct,unit_root,6.0,bic,False,ok,-4.274612637377669,0.0034442873529191937,-4.243765510204081,-3.5443646122448977,-3.2046503498542274,0,35,True,
15min,2024-02-05,2024-02-05,2024-02-05,36,trend_sensitivity,PP,ct,unit_root,,Bartlett_short_bandwidth,False,ok,-4.384831563589806,0.0023148951384222016,-4.243765510204081,-3.5443646122448977,-3.2046503498542274,3,35,True,
15min,2024-02-05,2024-02-05,2024-02-05,36,trend_sensitivity,KPSS,ct,level_or_trend_stationarity,,Bartlett_short_bandwidth,False,ok,0.08398626918341517,0.2425858176036552,0.2175,0.1479,0.1193,3,36,False,
15min,2024-02-05,2024-02-05,2024-02-05,36,lag_sensitivity,ADF,c,unit_root,6.0,aic,False,ok,-4.345968223249071,0.0003694729795269015,-3.6327426647230316,-2.9485102040816327,-2.6130173469387756,0,35,True,
15min,2024-02-05,2024-02-05,2024-02-05,36,lag_sensitivity,PP,c,unit_root,,Bartlett_short_bandwidth,False,ok,-4.503241630573173,0.0001940047641505657,-3.6327426647230316,-2.9485102040816327,-2.6130173469387756,6,35,True,
15min,2024-02-05,2024-02-05,2024-02-05,36,lag_sensitivity,KPSS,c,level_or_trend_stationarity,,Bartlett_short_bandwidth,False,ok,0.0978589285677221,0.5962053571613894,0.7428,0.4614,0.3475,6,36,False,
15min,2024-02-07,2024-02-07,2024-02-07,36,main,ADF,c,unit_root,6.0,bic,False,ok,-6.728205984855382,3.3475213368184448e-09,-3.6327426647230316,-2.9485102040816327,-2.6130173469387756,0,35,True,
15min,2024-02-07,2024-02-07,2024-02-07,36,main,PP,c,unit_root,,Bartlett_short_bandwidth,False,ok,-6.696909965572161,3.978292906529991e-09,-3.6327426647230316,-2.9485102040816327,-2.6130173469387756,3,35,True,
15min,2024-02-07,2024-02-07,2024-02-07,36,main,KPSS,c,level_or_trend_stationarity,,Bartlett_short_bandwidth,False,ok,0.29574526984759797,0.1391252971986628,0.7428,0.4614,0.3475,3,36,False,
15min,2024-02-07,2024-02-07,2024-02-07,36,trend_sensitivity,ADF,ct,unit_root,6.0,bic,False,ok,-6.9810750009526865,1.5593444668033354e-08,-4.243765510204081,-3.5443646122448977,-3.2046503498542274,0,35,True,
15min,2024-02-07,2024-02-07,2024-02-07,36,trend_sensitivity,PP,ct,unit_root,,Bartlett_short_bandwidth,False,ok,-7.008770322706313,1.3498838855317373e-08,-4.243765510204081,-3.5443646122448977,-3.2046503498542274,3,35,True,
15min,2024-02-07,2024-02-07,2024-02-07,36,trend_sensitivity,KPSS,ct,level_or_trend_stationarity,,Bartlett_short_bandwidth,False,ok,0.048725141415581326,0.592556166294214,0.2175,0.1479,0.1193,3,36,False,
15min,2024-02-07,2024-02-07,2024-02-07,36,lag_sensitivity,ADF,c,unit_root,6.0,aic,False,ok,-6.728205984855382,3.3475213368184448e-09,-3.6327426647230316,-2.9485102040816327,-2.6130173469387756,0,35,True,
15min,2024-02-07,2024-02-07,2024-02-07,36,lag_sensitivity,PP,c,unit_root,,Bartlett_short_bandwidth,False,ok,-6.70286603858547,3.849823619270627e-09,-3.6327426647230316,-2.9485102040816327,-2.6130173469387756,6,35,True,
15min,2024-02-07,2024-02-07,2024-02-07,36,lag_sensitivity,KPSS,c,level_or_trend_stationarity,,Bartlett_short_bandwidth,False,ok,0.303412841650612,0.13270891912082677,0.7428,0.4614,0.3475,6,36,False,
15min,2024-02-08,2024-02-08,2024-02-08,36,main,ADF,c,unit_root,6.0,bic,False,ok,-2.7435049847382786,0.06680778090306529,-3.639224104416853,-2.9512301791166293,-2.614446989619377,1,34,False,
15min,2024-02-08,2024-02-08,2024-02-08,36,main,PP,c,unit_root,,Bartlett_short_bandwidth,False,ok,-5.467230951465446,2.4434042099793493e-06,-3.6327426647230316,-2.9485102040816327,-2.6130173469387756,3,35,True,
15min,2024-02-08,2024-02-08,2024-02-08,36,main,KPSS,c,level_or_trend_stationarity,,Bartlett_short_bandwidth,False,ok,0.13503279741136906,0.43906576228983196,0.7428,0.4614,0.3475,3,36,False,
15min,2024-02-08,2024-02-08,2024-02-08,36,trend_sensitivity,ADF,ct,unit_root,6.0,bic,False,ok,-5.439789878644202,3.027504342835865e-05,-4.243765510204081,-3.5443646122448977,-3.2046503498542274,0,35,True,
15min,2024-02-08,2024-02-08,2024-02-08,36,trend_sensitivity,PP,ct,unit_root,,Bartlett_short_bandwidth,False,ok,-5.472738451354997,2.6083520343519612e-05,-4.243765510204081,-3.5443646122448977,-3.2046503498542274,3,35,True,
15min,2024-02-08,2024-02-08,2024-02-08,36,trend_sensitivity,KPSS,ct,level_or_trend_stationarity,,Bartlett_short_bandwidth,False,ok,0.10958101399004302,0.12748060003211928,0.2175,0.1479,0.1193,3,36,False,
15min,2024-02-08,2024-02-08,2024-02-08,36,lag_sensitivity,ADF,c,unit_root,6.0,aic,False,ok,-2.913308316421171,0.04382216434165658,-3.653519805908203,-2.9572185644531253,-2.6175881640625,3,32,False,
15min,2024-02-08,2024-02-08,2024-02-08,36,lag_sensitivity,PP,c,unit_root,,Bartlett_short_bandwidth,False,ok,-5.45528914076516,2.589901624797338e-06,-3.6327426647230316,-2.9485102040816327,-2.6130173469387756,6,35,True,
15min,2024-02-08,2024-02-08,2024-02-08,36,lag_sensitivity,KPSS,c,level_or_trend_stationarity,,Bartlett_short_bandwidth,False,ok,0.127550678111367,0.46645269361430225,0.7428,0.4614,0.3475,6,36,False,
15min,2024-02-09,2024-02-09,2024-02-09,36,main,ADF,c,unit_root,6.0,bic,False,ok,-6.512645739199791,1.0906996375910461e-08,-3.6327426647230316,-2.9485102040816327,-2.6130173469387756,0,35,True,
15min,2024-02-09,2024-02-09,2024-02-09,36,main,PP,c,unit_root,,Bartlett_short_bandwidth,False,ok,-6.493711619280379,1.208838966689333e-08,-3.6327426647230316,-2.9485102040816327,-2.6130173469387756,3,35,True,
15min,2024-02-09,2024-02-09,2024-02-09,36,main,KPSS,c,level_or_trend_stationarity,,Bartlett_short_bandwidth,False,ok,0.08561493095004584,0.6606458311815682,0.7428,0.4614,0.3475,3,36,False,
15min,2024-02-09,2024-02-09,2024-02-09,36,trend_sensitivity,ADF,ct,unit_root,6.0,bic,False,ok,-6.420854344221326,2.750467897223481e-07,-4.243765510204081,-3.5443646122448977,-3.2046503498542274,0,35,True,
15min,2024-02-09,2024-02-09,2024-02-09,36,trend_sensitivity,PP,ct,unit_root,,Bartlett_short_bandwidth,False,ok,-6.405736179825602,2.9675383060056497e-07,-4.243765510204081,-3.5443646122448977,-3.2046503498542274,3,35,True,
15min,2024-02-09,2024-02-09,2024-02-09,36,trend_sensitivity,KPSS,ct,level_or_trend_stationarity,,Bartlett_short_bandwidth,False,ok,0.05544878707471732,0.5022145551033921,0.2175,0.1479,0.1193,3,36,False,
15min,2024-02-09,2024-02-09,2024-02-09,36,lag_sensitivity,ADF,c,unit_root,6.0,aic,False,ok,-6.512645739199791,1.0906996375910461e-08,-3.6327426647230316,-2.9485102040816327,-2.6130173469387756,0,35,True,
15min,2024-02-09,2024-02-09,2024-02-09,36,lag_sensitivity,PP,c,unit_root,,Bartlett_short_bandwidth,False,ok,-6.569596201886631,7.997809110130261e-09,-3.6327426647230316,-2.9485102040816327,-2.6130173469387756,6,35,True,
15min,2024-02-09,2024-02-09,2024-02-09,36,lag_sensitivity,KPSS,c,level_or_trend_stationarity,,Bartlett_short_bandwidth,False,ok,0.11868731660952139,0.5013211974245575,0.7428,0.4614,0.3475,6,36,False,
15min,2024-02-15,2024-02-15,2024-02-15,36,main,ADF,c,unit_root,6.0,bic,False,ok,-6.292577809532229,3.569377199418085e-08,-3.6327426647230316,-2.9485102040816327,-2.6130173469387756,0,35,True,
15min,2024-02-15,2024-02-15,2024-02-15,36,main,PP,c,unit_root,,Bartlett_short_bandwidth,False,ok,-6.32675270721251,2.9734223463686288e-08,-3.6327426647230316,-2.9485102040816327,-2.6130173469387756,3,35,True,
15min,2024-02-15,2024-02-15,2024-02-15,36,main,KPSS,c,level_or_trend_stationarity,,Bartlett_short_bandwidth,False,ok,0.10109520723876075,0.5802153498136502,0.7428,0.4614,0.3475,3,36,False,
15min,2024-02-15,2024-02-15,2024-02-15,36,trend_sensitivity,ADF,ct,unit_root,6.0,bic,False,ok,-6.244087629685329,6.646606871625849e-07,-4.243765510204081,-3.5443646122448977,-3.2046503498542274,0,35,True,
15min,2024-02-15,2024-02-15,2024-02-15,36,trend_sensitivity,PP,ct,unit_root,,Bartlett_short_bandwidth,False,ok,-6.29828441137825,5.078269234463716e-07,-4.243765510204081,-3.5443646122448977,-3.2046503498542274,3,35,True,
15min,2024-02-15,2024-02-15,2024-02-15,36,trend_sensitivity,KPSS,ct,level_or_trend_stationarity,,Bartlett_short_bandwidth,False,ok,0.05333693301047933,0.5292508814410615,0.2175,0.1479,0.1193,3,36,False,
15min,2024-02-15,2024-02-15,2024-02-15,36,lag_sensitivity,ADF,c,unit_root,6.0,aic,False,ok,-2.950425115889687,0.03979064451628177,-3.6699197407407405,-2.9640707407407407,-2.621171111111111,5,30,False,
15min,2024-02-15,2024-02-15,2024-02-15,36,lag_sensitivity,PP,c,unit_root,,Bartlett_short_bandwidth,False,ok,-6.609052031848865,6.445918003589256e-09,-3.6327426647230316,-2.9485102040816327,-2.6130173469387756,6,35,True,
15min,2024-02-15,2024-02-15,2024-02-15,36,lag_sensitivity,KPSS,c,level_or_trend_stationarity,,Bartlett_short_bandwidth,False,ok,0.15287867461577695,0.3816706112625686,0.7428,0.4614,0.3475,6,36,False,
15min,2024-02-16,2024-02-16,2024-02-16,36,main,ADF,c,unit_root,6.0,bic,False,ok,-7.475487970146858,4.9264892622075454e-11,-3.6327426647230316,-2.9485102040816327,-2.6130173469387756,0,35,True,
15min,2024-02-16,2024-02-16,2024-02-16,36,main,PP,c,unit_root,,Bartlett_short_bandwidth,False,ok,-7.455532801885994,5.525277370862712e-11,-3.6327426647230316,-2.9485102040816327,-2.6130173469387756,3,35,True,
15min,2024-02-16,2024-02-16,2024-02-16,36,main,KPSS,c,level_or_trend_stationarity,,Bartlett_short_bandwidth,False,ok,0.0645842523377819,0.786108275620009,0.7428,0.4614,0.3475,3,36,False,
15min,2024-02-16,2024-02-16,2024-02-16,36,trend_sensitivity,ADF,ct,unit_root,6.0,bic,False,ok,-7.363078789833254,2.1024735978591784e-09,-4.243765510204081,-3.5443646122448977,-3.2046503498542274,0,35,True,
15min,2024-02-16,2024-02-16,2024-02-16,36,trend_sensitivity,PP,ct,unit_root,,Bartlett_short_bandwidth,False,ok,-7.338297894652769,2.396236450805613e-09,-4.243765510204081,-3.5443646122448977,-3.2046503498542274,3,35,True,
15min,2024-02-16,2024-02-16,2024-02-16,36,trend_sensitivity,KPSS,ct,level_or_trend_stationarity,,Bartlett_short_bandwidth,False,ok,0.055667790839002106,0.49958650993197473,0.2175,0.1479,0.1193,3,36,False,
15min,2024-02-16,2024-02-16,2024-02-16,36,lag_sensitivity,ADF,c,unit_root,6.0,aic,False,ok,-5.777670857149729,5.213513218875947e-07,-3.6790595944893187,-2.9678817237279103,-2.6231583472057074,6,29,True,
15min,2024-02-16,2024-02-16,2024-02-16,36,lag_sensitivity,PP,c,unit_root,,Bartlett_short_bandwidth,False,ok,-7.734636194290248,1.1019827569778124e-11,-3.6327426647230316,-2.9485102040816327,-2.6130173469387756,6,35,True,
15min,2024-02-16,2024-02-16,2024-02-16,36,lag_sensitivity,KPSS,c,level_or_trend_stationarity,,Bartlett_short_bandwidth,False,ok,0.08771773332578338,0.6491760000411816,0.7428,0.4614,0.3475,6,36,False,
15min,2024-02-19,2024-02-19,2024-02-19,36,main,ADF,c,unit_root,6.0,bic,False,ok,-9.06557784630453,4.442149613921794e-15,-3.6327426647230316,-2.9485102040816327,-2.6130173469387756,0,35,True,
15min,2024-02-19,2024-02-19,2024-02-19,36,main,PP,c,unit_root,,Bartlett_short_bandwidth,False,ok,-9.040666491779302,5.144070177390501e-15,-3.6327426647230316,-2.9485102040816327,-2.6130173469387756,3,35,True,
15min,2024-02-19,2024-02-19,2024-02-19,36,main,KPSS,c,level_or_trend_stationarity,,Bartlett_short_bandwidth,False,ok,0.14981954266453865,0.390775170641254,0.7428,0.4614,0.3475,3,36,False,
15min,2024-02-19,2024-02-19,2024-02-19,36,trend_sensitivity,ADF,ct,unit_root,6.0,bic,False,ok,-9.112580029281727,2.0229981061466962e-13,-4.243765510204081,-3.5443646122448977,-3.2046503498542274,0,35,True,
15min,2024-02-19,2024-02-19,2024-02-19,36,trend_sensitivity,PP,ct,unit_root,,Bartlett_short_bandwidth,False,ok,-9.212150796005801,1.2095850158905057e-13,-4.243765510204081,-3.5443646122448977,-3.2046503498542274,3,35,True,
15min,2024-02-19,2024-02-19,2024-02-19,36,trend_sensitivity,KPSS,ct,level_or_trend_stationarity,,Bartlett_short_bandwidth,False,ok,0.07806673667533792,0.2823804523190148,0.2175,0.1479,0.1193,3,36,False,
15min,2024-02-19,2024-02-19,2024-02-19,36,lag_sensitivity,ADF,c,unit_root,6.0,aic,False,ok,-9.06557784630453,4.442149613921794e-15,-3.6327426647230316,-2.9485102040816327,-2.6130173469387756,0,35,True,
15min,2024-02-19,2024-02-19,2024-02-19,36,lag_sensitivity,PP,c,unit_root,,Bartlett_short_bandwidth,False,ok,-9.420962929589692,5.504871391121244e-16,-3.6327426647230316,-2.9485102040816327,-2.6130173469387756,6,35,True,
15min,2024-02-19,2024-02-19,2024-02-19,36,lag_sensitivity,KPSS,c,level_or_trend_stationarity,,Bartlett_short_bandwidth,False,ok,0.1855189146392248,0.29783209651228765,0.7428,0.4614,0.3475,6,36,False,
15min,2024-02-20,2024-02-20,2024-02-20,36,main,ADF,c,unit_root,6.0,bic,False,ok,-5.117569694641914,1.2922299582939135e-05,-3.6327426647230316,-2.9485102040816327,-2.6130173469387756,0,35,True,
15min,2024-02-20,2024-02-20,2024-02-20,36,main,PP,c,unit_root,,Bartlett_short_bandwidth,False,ok,-5.207073767903163,8.504381236348903e-06,-3.6327426647230316,-2.9485102040816327,-2.6130173469387756,3,35,True,
15min,2024-02-20,2024-02-20,2024-02-20,36,main,KPSS,c,level_or_trend_stationarity,,Bartlett_short_bandwidth,False,ok,0.19406444354799682,0.27967756167059443,0.7428,0.4614,0.3475,3,36,False,
15min,2024-02-20,2024-02-20,2024-02-20,36,trend_sensitivity,ADF,ct,unit_root,6.0,bic,False,ok,-5.249283190460126,7.063654441611299e-05,-4.243765510204081,-3.5443646122448977,-3.2046503498542274,0,35,True,
15min,2024-02-20,2024-02-20,2024-02-20,36,trend_sensitivity,PP,ct,unit_root,,Bartlett_short_bandwidth,False,ok,-5.2773724936256095,6.244046809006028e-05,-4.243765510204081,-3.5443646122448977,-3.2046503498542274,3,35,True,
15min,2024-02-20,2024-02-20,2024-02-20,36,trend_sensitivity,KPSS,ct,level_or_trend_stationarity,,Bartlett_short_bandwidth,False,ok,0.09517878979642096,0.18250521639473727,0.2175,0.1479,0.1193,3,36,False,
15min,2024-02-20,2024-02-20,2024-02-20,36,lag_sensitivity,ADF,c,unit_root,6.0,aic,False,ok,-2.3415201346386993,0.15892623395408878,-3.6461350877925254,-2.954126991123355,-2.6159676124885216,2,33,False,
15min,2024-02-20,2024-02-20,2024-02-20,36,lag_sensitivity,PP,c,unit_root,,Bartlett_short_bandwidth,False,ok,-5.279936340592131,6.0247167094697785e-06,-3.6327426647230316,-2.9485102040816327,-2.6130173469387756,6,35,True,
15min,2024-02-20,2024-02-20,2024-02-20,36,lag_sensitivity,KPSS,c,level_or_trend_stationarity,,Bartlett_short_bandwidth,False,ok,0.17859812136082617,0.31356753710154905,0.7428,0.4614,0.3475,6,36,False,
15min,2024-02-21,2024-02-21,2024-02-21,36,main,ADF,c,unit_root,6.0,bic,False,ok,-7.266225020509272,1.6323623792989648e-10,-3.6327426647230316,-2.9485102040816327,-2.6130173469387756,0,35,True,
15min,2024-02-21,2024-02-21,2024-02-21,36,main,PP,c,unit_root,,Bartlett_short_bandwidth,False,ok,-7.281968178821762,1.4922665596669587e-10,-3.6327426647230316,-2.9485102040816327,-2.6130173469387756,3,35,True,
15min,2024-02-21,2024-02-21,2024-02-21,36,main,KPSS,c,level_or_trend_stationarity,,Bartlett_short_bandwidth,False,ok,0.12085969169385834,0.49265911173476973,0.7428,0.4614,0.3475,3,36,False,
15min,2024-02-21,2024-02-21,2024-02-21,36,trend_sensitivity,ADF,ct,unit_root,6.0,bic,False,ok,-7.2343857223973815,4.142268306859612e-09,-4.243765510204081,-3.5443646122448977,-3.2046503498542274,0,35,True,
15min,2024-02-21,2024-02-21,2024-02-21,36,trend_sensitivity,PP,ct,unit_root,,Bartlett_short_bandwidth,False,ok,-7.249830593160438,3.8190632685318935e-09,-4.243765510204081,-3.5443646122448977,-3.2046503498542274,3,35,True,
15min,2024-02-21,2024-02-21,2024-02-21,36,trend_sensitivity,KPSS,ct,level_or_trend_stationarity,,Bartlett_short_bandwidth,False,ok,0.07868745102142888,0.2779467784183652,0.2175,0.1479,0.1193,3,36,False,
15min,2024-02-21,2024-02-21,2024-02-21,36,lag_sensitivity,ADF,c,unit_root,6.0,aic,False,ok,-7.266225020509272,1.6323623792989648e-10,-3.6327426647230316,-2.9485102040816327,-2.6130173469387756,0,35,True,
15min,2024-02-21,2024-02-21,2024-02-21,36,lag_sensitivity,PP,c,unit_root,,Bartlett_short_bandwidth,False,ok,-7.812019636354281,7.028592040911672e-12,-3.6327426647230316,-2.9485102040816327,-2.6130173469387756,6,35,True,
15min,2024-02-21,2024-02-21,2024-02-21,36,lag_sensitivity,KPSS,c,level_or_trend_stationarity,,Bartlett_short_bandwidth,False,ok,0.19211744096161212,0.2837926788050806,0.7428,0.4614,0.3475,6,36,False,
15min,2024-02-22,2024-02-22,2024-02-22,36,main,ADF,c,unit_root,6.0,bic,False,ok,-6.596814436127256,6.892422785953592e-09,-3.6327426647230316,-2.9485102040816327,-2.6130173469387756,0,35,True,
15min,2024-02-22,2024-02-22,2024-02-22,36,main,PP,c,unit_root,,Bartlett_short_bandwidth,False,ok,-6.558841977036994,8.481222187464518e-09,-3.6327426647230316,-2.9485102040816327,-2.6130173469387756,3,35,True,
15min,2024-02-22,2024-02-22,2024-02-22,36,main,KPSS,c,level_or_trend_stationarity,,Bartlett_short_bandwidth,False,ok,0.1393806139205292,0.4241759797242151,0.7428,0.4614,0.3475,3,36,False,
15min,2024-02-22,2024-02-22,2024-02-22,36,trend_sensitivity,ADF,ct,unit_root,6.0,bic,False,ok,-6.636031871066185,9.243683735200465e-08,-4.243765510204081,-3.5443646122448977,-3.2046503498542274,0,35,True,
15min,2024-02-22,2024-02-22,2024-02-22,36,trend_sensitivity,PP,ct,unit_root,,Bartlett_short_bandwidth,False,ok,-6.590500312029788,1.1658675308440106e-07,-4.243765510204081,-3.5443646122448977,-3.2046503498542274,3,35,True,
15min,2024-02-22,2024-02-22,2024-02-22,36,trend_sensitivity,KPSS,ct,level_or_trend_stationarity,,Bartlett_short_bandwidth,False,ok,0.0657450769709062,0.387549230290938,0.2175,0.1479,0.1193,3,36,False,
15min,2024-02-22,2024-02-22,2024-02-22,36,lag_sensitivity,ADF,c,unit_root,6.0,aic,False,ok,-3.1383547842271087,0.023841924299283952,-3.639224104416853,-2.9512301791166293,-2.614446989619377,1,34,True,
15min,2024-02-22,2024-02-22,2024-02-22,36,lag_sensitivity,PP,c,unit_root,,Bartlett_short_bandwidth,False,ok,-6.603368277010664,6.649631520584629e-09,-3.6327426647230316,-2.9485102040816327,-2.6130173469387756,6,35,True,
15min,2024-02-22,2024-02-22,2024-02-22,36,lag_sensitivity,KPSS,c,level_or_trend_stationarity,,Bartlett_short_bandwidth,False,ok,0.1770845117388668,0.31704709945088094,0.7428,0.4614,0.3475,6,36,False,
15min,2024-02-23,2024-02-23,2024-02-23,36,main,ADF,c,unit_root,6.0,bic,False,ok,-4.539376200790101,0.00016681644187732634,-3.6327426647230316,-2.9485102040816327,-2.6130173469387756,0,35,True,
15min,2024-02-23,2024-02-23,2024-02-23,36,main,PP,c,unit_root,,Bartlett_short_bandwidth,False,ok,-4.528696580788063,0.00017444913105803427,-3.6327426647230316,-2.9485102040816327,-2.6130173469387756,3,35,True,
15min,2024-02-23,2024-02-23,2024-02-23,36,main,KPSS,c,level_or_trend_stationarity,,Bartlett_short_bandwidth,False,ok,0.12689253945581344,0.46890843486636774,0.7428,0.4614,0.3475,3,36,False,
15min,2024-02-23,2024-02-23,2024-02-23,36,trend_sensitivity,ADF,ct,unit_root,6.0,bic,False,ok,-4.555067313841859,0.0012250660268773594,-4.243765510204081,-3.5443646122448977,-3.2046503498542274,0,35,True,
15min,2024-02-23,2024-02-23,2024-02-23,36,trend_sensitivity,PP,ct,unit_root,,Bartlett_short_bandwidth,False,ok,-4.515584966265972,0.0014233025324117815,-4.243765510204081,-3.5443646122448977,-3.2046503498542274,3,35,True,
15min,2024-02-23,2024-02-23,2024-02-23,36,trend_sensitivity,KPSS,ct,level_or_trend_stationarity,,Bartlett_short_bandwidth,False,ok,0.061593021840046634,0.4300792972721974,0.2175,0.1479,0.1193,3,36,False,
15min,2024-02-23,2024-02-23,2024-02-23,36,lag_sensitivity,ADF,c,unit_root,6.0,aic,False,ok,-4.539376200790101,0.00016681644187732634,-3.6327426647230316,-2.9485102040816327,-2.6130173469387756,0,35,True,
15min,2024-02-23,2024-02-23,2024-02-23,36,lag_sensitivity,PP,c,unit_root,,Bartlett_short_bandwidth,False,ok,-4.416645535224046,0.00027733281399388194,-3.6327426647230316,-2.9485102040816327,-2.6130173469387756,6,35,True,
15min,2024-02-23,2024-02-23,2024-02-23,36,lag_sensitivity,KPSS,c,level_or_trend_stationarity,,Bartlett_short_bandwidth,False,ok,0.15322756926918976,0.3806322343178876,0.7428,0.4614,0.3475,6,36,False,
15min,2024-02-26,2024-02-26,2024-02-26,36,main,ADF,c,unit_root,6.0,bic,False,ok,-4.496064217130356,0.00019988508588058835,-3.6327426647230316,-2.9485102040816327,-2.6130173469387756,0,35,True,
15min,2024-02-26,2024-02-26,2024-02-26,36,main,PP,c,unit_root,,Bartlett_short_bandwidth,False,ok,-4.394778532470526,0.0003032125411619627,-3.6327426647230316,-2.9485102040816327,-2.6130173469387756,3,35,True,
15min,2024-02-26,2024-02-26,2024-02-26,36,main,KPSS,c,level_or_trend_stationarity,,Bartlett_short_bandwidth,False,ok,0.05383533275113436,0.852940936262377,0.7428,0.4614,0.3475,3,36,False,
15min,2024-02-26,2024-02-26,2024-02-26,36,trend_sensitivity,ADF,ct,unit_root,6.0,bic,False,ok,-4.420489066423328,0.0020305690165687076,-4.243765510204081,-3.5443646122448977,-3.2046503498542274,0,35,True,
15min,2024-02-26,2024-02-26,2024-02-26,36,trend_sensitivity,PP,ct,unit_root,,Bartlett_short_bandwidth,False,ok,-4.307975457048165,0.0030577655528219285,-4.243765510204081,-3.5443646122448977,-3.2046503498542274,3,35,True,
15min,2024-02-26,2024-02-26,2024-02-26,36,trend_sensitivity,KPSS,ct,level_or_trend_stationarity,,Bartlett_short_bandwidth,False,ok,0.053854118960624114,0.5224458031496827,0.2175,0.1479,0.1193,3,36,False,
15min,2024-02-26,2024-02-26,2024-02-26,36,lag_sensitivity,ADF,c,unit_root,6.0,aic,False,ok,-4.496064217130356,0.00019988508588058835,-3.6327426647230316,-2.9485102040816327,-2.6130173469387756,0,35,True,
15min,2024-02-26,2024-02-26,2024-02-26,36,lag_sensitivity,PP,c,unit_root,,Bartlett_short_bandwidth,False,ok,-4.3269819745615035,0.00039877361619049376,-3.6327426647230316,-2.9485102040816327,-2.6130173469387756,6,35,True,
15min,2024-02-26,2024-02-26,2024-02-26,36,lag_sensitivity,KPSS,c,level_or_trend_stationarity,,Bartlett_short_bandwidth,False,ok,0.06399980681962211,0.7897421337640076,0.7428,0.4614,0.3475,6,36,False,
15min,2024-02-27,2024-02-27,2024-02-27,36,main,ADF,c,unit_root,6.0,bic,False,ok,-6.221298541663954,5.2154998942256754e-08,-3.6327426647230316,-2.9485102040816327,-2.6130173469387756,0,35,True,
15min,2024-02-27,2024-02-27,2024-02-27,36,main,PP,c,unit_root,,Bartlett_short_bandwidth,False,ok,-6.340787064016583,2.7580893139577133e-08,-3.6327426647230316,-2.9485102040816327,-2.6130173469387756,3,35,True,
15min,2024-02-27,2024-02-27,2024-02-27,36,main,KPSS,c,level_or_trend_stationarity,,Bartlett_short_bandwidth,False,ok,0.2452952648382715,0.1947496604637545,0.7428,0.4614,0.3475,3,36,False,
15min,2024-02-27,2024-02-27,2024-02-27,36,trend_sensitivity,ADF,ct,unit_root,6.0,bic,False,ok,-6.388140117406532,3.2414829802584437e-07,-4.243765510204081,-3.5443646122448977,-3.2046503498542274,0,35,True,
15min,2024-02-27,2024-02-27,2024-02-27,36,trend_sensitivity,PP,ct,unit_root,,Bartlett_short_bandwidth,False,ok,-6.695599977879684,6.815737326089586e-08,-4.243765510204081,-3.5443646122448977,-3.2046503498542274,3,35,True,
15min,2024-02-27,2024-02-27,2024-02-27,36,trend_sensitivity,KPSS,ct,level_or_trend_stationarity,,Bartlett_short_bandwidth,False,ok,0.07670759985721586,0.2922492318675703,0.2175,0.1479,0.1193,3,36,False,
15min,2024-02-27,2024-02-27,2024-02-27,36,lag_sensitivity,ADF,c,unit_root,6.0,aic,False,ok,-5.774090396442732,5.308973000106457e-07,-3.639224104416853,-2.9512301791166293,-2.614446989619377,1,34,True,
15min,2024-02-27,2024-02-27,2024-02-27,36,lag_sensitivity,PP,c,unit_root,,Bartlett_short_bandwidth,False,ok,-6.410922563853905,1.8917704203912785e-08,-3.6327426647230316,-2.9485102040816327,-2.6130173469387756,6,35,True,
15min,2024-02-27,2024-02-27,2024-02-27,36,lag_sensitivity,KPSS,c,level_or_trend_stationarity,,Bartlett_short_bandwidth,False,ok,0.2811801479102691,0.15314567926013636,0.7428,0.4614,0.3475,6,36,False,
15min,2024-02-28,2024-02-28,2024-02-28,36,main,ADF,c,unit_root,6.0,bic,False,ok,-7.119287510687421,3.759055657462737e-10,-3.6327426647230316,-2.9485102040816327,-2.6130173469387756,0,35,True,
15min,2024-02-28,2024-02-28,2024-02-28,36,main,PP,c,unit_root,,Bartlett_short_bandwidth,False,ok,-7.0865699356719345,4.5223613867258884e-10,-3.6327426647230316,-2.9485102040816327,-2.6130173469387756,3,35,True,
15min,2024-02-28,2024-02-28,2024-02-28,36,main,KPSS,c,level_or_trend_stationarity,,Bartlett_short_bandwidth,False,ok,0.09678873647256,0.6015563176372,0.7428,0.4614,0.3475,3,36,False,
15min,2024-02-28,2024-02-28,2024-02-28,36,trend_sensitivity,ADF,ct,unit_root,6.0,bic,False,ok,-7.012897941645897,1.321152982837851e-08,-4.243765510204081,-3.5443646122448977,-3.2046503498542274,0,35,True,
15min,2024-02-28,2024-02-28,2024-02-28,36,trend_sensitivity,PP,ct,unit_root,,Bartlett_short_bandwidth,False,ok,-6.982960530783566,1.5441149300465192e-08,-4.243765510204081,-3.5443646122448977,-3.2046503498542274,3,35,True,
15min,2024-02-28,2024-02-28,2024-02-28,36,trend_sensitivity,KPSS,ct,level_or_trend_stationarity,,Bartlett_short_bandwidth,False,ok,0.09703955622209047,0.1744846714565066,0.2175,0.1479,0.1193,3,36,False,
15min,2024-02-28,2024-02-28,2024-02-28,36,lag_sensitivity,ADF,c,unit_root,6.0,aic,False,ok,-7.119287510687421,3.759055657462737e-10,-3.6327426647230316,-2.9485102040816327,-2.6130173469387756,0,35,True,
15min,2024-02-28,2024-02-28,2024-02-28,36,lag_sensitivity,PP,c,unit_root,,Bartlett_short_bandwidth,False,ok,-7.2091163772423945,2.2590840068597448e-10,-3.6327426647230316,-2.9485102040816327,-2.6130173469387756,6,35,True,
15min,2024-02-28,2024-02-28,2024-02-28,36,lag_sensitivity,KPSS,c,level_or_trend_stationarity,,Bartlett_short_bandwidth,False,ok,0.12021269724734085,0.49521303718154924,0.7428,0.4614,0.3475,6,36,False,
15min,2024-02-29,2024-02-29,2024-02-29,36,main,ADF,c,unit_root,6.0,bic,False,ok,-7.178893235840128,2.6819577834962525e-10,-3.6327426647230316,-2.9485102040816327,-2.6130173469387756,0,35,True,
15min,2024-02-29,2024-02-29,2024-02-29,36,main,PP,c,unit_root,,Bartlett_short_bandwidth,False,ok,-7.221676777896888,2.103437255162946e-10,-3.6327426647230316,-2.9485102040816327,-2.6130173469387756,3,35,True,
15min,2024-02-29,2024-02-29,2024-02-29,36,main,KPSS,c,level_or_trend_stationarity,,Bartlett_short_bandwidth,False,ok,0.40439842543269816,0.07039892679969108,0.7428,0.4614,0.3475,3,36,False,
15min,2024-02-29,2024-02-29,2024-02-29,36,trend_sensitivity,ADF,ct,unit_root,6.0,bic,False,ok,-7.625601193728626,5.23516598173028e-10,-4.243765510204081,-3.5443646122448977,-3.2046503498542274,0,35,True,
15min,2024-02-29,2024-02-29,2024-02-29,36,trend_sensitivity,PP,ct,unit_root,,Bartlett_short_bandwidth,False,ok,-7.915228892243833,1.1220122752746853e-10,-4.243765510204081,-3.5443646122448977,-3.2046503498542274,3,35,True,
15min,2024-02-29,2024-02-29,2024-02-29,36,trend_sensitivity,KPSS,ct,level_or_trend_stationarity,,Bartlett_short_bandwidth,False,ok,0.06431242645859991,0.4019404159455181,0.2175,0.1479,0.1193,3,36,False,
15min,2024-02-29,2024-02-29,2024-02-29,36,lag_sensitivity,ADF,c,unit_root,6.0,aic,False,ok,-3.043777465953941,0.031003490332044813,-3.653519805908203,-2.9572185644531253,-2.6175881640625,3,32,True,
15min,2024-02-29,2024-02-29,2024-02-29,36,lag_sensitivity,PP,c,unit_root,,Bartlett_short_bandwidth,False,ok,-7.297890711614243,1.3627074605171674e-10,-3.6327426647230316,-2.9485102040816327,-2.6130173469387756,6,35,True,
15min,2024-02-29,2024-02-29,2024-02-29,36,lag_sensitivity,KPSS,c,level_or_trend_stationarity,,Bartlett_short_bandwidth,False,ok,0.4440024533259598,0.05548191264622077,0.7428,0.4614,0.3475,6,36,False,
15min,2024-03-01,2024-03-01,2024-03-01,36,main,ADF,c,unit_root,6.0,bic,False,ok,-5.034709647846214,1.8937914488549114e-05,-3.6327426647230316,-2.9485102040816327,-2.6130173469387756,0,35,True,
15min,2024-03-01,2024-03-01,2024-03-01,36,main,PP,c,unit_root,,Bartlett_short_bandwidth,False,ok,-4.978070784881132,2.452119825712849e-05,-3.6327426647230316,-2.9485102040816327,-2.6130173469387756,3,35,True,
15min,2024-03-01,2024-03-01,2024-03-01,36,main,KPSS,c,level_or_trend_stationarity,,Bartlett_short_bandwidth,False,ok,0.059890026777687455,0.8152951702941712,0.7428,0.4614,0.3475,3,36,False,
15min,2024-03-01,2024-03-01,2024-03-01,36,trend_sensitivity,ADF,ct,unit_root,6.0,bic,False,ok,-4.976535848821867,0.00022697365365364572,-4.243765510204081,-3.5443646122448977,-3.2046503498542274,0,35,True,
15min,2024-03-01,2024-03-01,2024-03-01,36,trend_sensitivity,PP,ct,unit_root,,Bartlett_short_bandwidth,False,ok,-4.910661147055649,0.0002983131066655952,-4.243765510204081,-3.5443646122448977,-3.2046503498542274,3,35,True,
15min,2024-03-01,2024-03-01,2024-03-01,36,trend_sensitivity,KPSS,ct,level_or_trend_stationarity,,Bartlett_short_bandwidth,False,ok,0.06000360287378374,0.4481408764342757,0.2175,0.1479,0.1193,3,36,False,
15min,2024-03-01,2024-03-01,2024-03-01,36,lag_sensitivity,ADF,c,unit_root,6.0,aic,False,ok,-1.577756365780905,0.4947568351842,-3.6790595944893187,-2.9678817237279103,-2.6231583472057074,6,29,False,
15min,2024-03-01,2024-03-01,2024-03-01,36,lag_sensitivity,PP,c,unit_root,,Bartlett_short_bandwidth,False,ok,-5.080457347563742,1.534451963549777e-05,-3.6327426647230316,-2.9485102040816327,-2.6130173469387756,6,35,True,
15min,2024-03-01,2024-03-01,2024-03-01,36,lag_sensitivity,KPSS,c,level_or_trend_stationarity,,Bartlett_short_bandwidth,False,ok,0.08887099013251595,0.6428855083680948,0.7428,0.4614,0.3475,6,36,False,
15min,2024-03-04,2024-03-04,2024-03-04,36,main,ADF,c,unit_root,6.0,bic,False,ok,-4.4047788723754016,0.0002911051947374007,-3.6327426647230316,-2.9485102040816327,-2.6130173469387756,0,35,True,
15min,2024-03-04,2024-03-04,2024-03-04,36,main,PP,c,unit_root,,Bartlett_short_bandwidth,False,ok,-4.474577288526801,0.0002185190035815711,-3.6327426647230316,-2.9485102040816327,-2.6130173469387756,3,35,True,
15min,2024-03-04,2024-03-04,2024-03-04,36,main,KPSS,c,level_or_trend_stationarity,,Bartlett_short_bandwidth,False,ok,0.1147939710280661,0.5177719534025376,0.7428,0.4614,0.3475,3,36,False,
15min,2024-03-04,2024-03-04,2024-03-04,36,trend_sensitivity,ADF,ct,unit_root,6.0,bic,False,ok,-4.407466409671621,0.002130414895918841,-4.243765510204081,-3.5443646122448977,-3.2046503498542274,0,35,True,
15min,2024-03-04,2024-03-04,2024-03-04,36,trend_sensitivity,PP,ct,unit_root,,Bartlett_short_bandwidth,False,ok,-4.462201871249096,0.0017393122788813813,-4.243765510204081,-3.5443646122448977,-3.2046503498542274,3,35,True,
15min,2024-03-04,2024-03-04,2024-03-04,36,trend_sensitivity,KPSS,ct,level_or_trend_stationarity,,Bartlett_short_bandwidth,False,ok,0.058684153497741254,0.463521982169747,0.2175,0.1479,0.1193,3,36,False,
15min,2024-03-04,2024-03-04,2024-03-04,36,lag_sensitivity,ADF,c,unit_root,6.0,aic,False,ok,-4.4047788723754016,0.0002911051947374007,-3.6327426647230316,-2.9485102040816327,-2.6130173469387756,0,35,True,
15min,2024-03-04,2024-03-04,2024-03-04,36,lag_sensitivity,PP,c,unit_root,,Bartlett_short_bandwidth,False,ok,-4.416760523500954,0.0002772024328822944,-3.6327426647230316,-2.9485102040816327,-2.6130173469387756,6,35,True,
15min,2024-03-04,2024-03-04,2024-03-04,36,lag_sensitivity,KPSS,c,level_or_trend_stationarity,,Bartlett_short_bandwidth,False,ok,0.11922871752542931,0.499097167662779,0.7428,0.4614,0.3475,6,36,False,
15min,2024-03-05,2024-03-05,2024-03-05,36,main,ADF,c,unit_root,6.0,bic,False,ok,-6.6561854089357535,4.9774976784806874e-09,-3.639224104416853,-2.9512301791166293,-2.614446989619377,1,34,True,
15min,2024-03-05,2024-03-05,2024-03-05,36,main,PP,c,unit_root,,Bartlett_short_bandwidth,False,ok,-8.472060810691882,1.4685940145919709e-13,-3.6327426647230316,-2.9485102040816327,-2.6130173469387756,3,35,True,
15min,2024-03-05,2024-03-05,2024-03-05,36,main,KPSS,c,level_or_trend_stationarity,,Bartlett_short_bandwidth,False,ok,0.09496303010697446,0.6106848494651277,0.7428,0.4614,0.3475,3,36,False,
15min,2024-03-05,2024-03-05,2024-03-05,36,trend_sensitivity,ADF,ct,unit_root,6.0,bic,False,ok,-6.626783105118614,9.690494970281089e-08,-4.253042608385915,-3.5485904579686545,-3.2070617952371263,1,34,True,
15min,2024-03-05,2024-03-05,2024-03-05,36,trend_sensitivity,PP,ct,unit_root,,Bartlett_short_bandwidth,False,ok,-8.427973571633684,7.346697890350889e-12,-4.243765510204081,-3.5443646122448977,-3.2046503498542274,3,35,True,
15min,2024-03-05,2024-03-05,2024-03-05,36,trend_sensitivity,KPSS,ct,level_or_trend_stationarity,,Bartlett_short_bandwidth,False,ok,0.07705444070035089,0.2896111378546365,0.2175,0.1479,0.1193,3,36,False,
15min,2024-03-05,2024-03-05,2024-03-05,36,lag_sensitivity,ADF,c,unit_root,6.0,aic,False,ok,-6.6561854089357535,4.9774976784806874e-09,-3.639224104416853,-2.9512301791166293,-2.614446989619377,1,34,True,
15min,2024-03-05,2024-03-05,2024-03-05,36,lag_sensitivity,PP,c,unit_root,,Bartlett_short_bandwidth,False,ok,-8.63349211357384,5.672097623661347e-14,-3.6327426647230316,-2.9485102040816327,-2.6130173469387756,6,35,True,
15min,2024-03-05,2024-03-05,2024-03-05,36,lag_sensitivity,KPSS,c,level_or_trend_stationarity,,Bartlett_short_bandwidth,False,ok,0.10582818767807971,0.5575991469178195,0.7428,0.4614,0.3475,6,36,False,
15min,2024-03-06,2024-03-06,2024-03-06,36,main,ADF,c,unit_root,6.0,bic,False,ok,-3.1386752715638484,0.023820315128670718,-3.639224104416853,-2.9512301791166293,-2.614446989619377,1,34,True,
15min,2024-03-06,2024-03-06,2024-03-06,36,main,PP,c,unit_root,,Bartlett_short_bandwidth,False,ok,-6.382710079611884,2.2021643689235307e-08,-3.6327426647230316,-2.9485102040816327,-2.6130173469387756,3,35,True,
15min,2024-03-06,2024-03-06,2024-03-06,36,main,KPSS,c,level_or_trend_stationarity,,Bartlett_short_bandwidth,False,ok,0.055551443567015885,0.8422708171999013,0.7428,0.4614,0.3475,3,36,False,
15min,2024-03-06,2024-03-06,2024-03-06,36,trend_sensitivity,ADF,ct,unit_root,6.0,bic,False,ok,-6.3029477347806875,4.961727923966304e-07,-4.243765510204081,-3.5443646122448977,-3.2046503498542274,0,35,True,
15min,2024-03-06,2024-03-06,2024-03-06,36,trend_sensitivity,PP,ct,unit_root,,Bartlett_short_bandwidth,False,ok,-6.294941029108051,5.163475613521033e-07,-4.243765510204081,-3.5443646122448977,-3.2046503498542274,3,35,True,
15min,2024-03-06,2024-03-06,2024-03-06,36,trend_sensitivity,KPSS,ct,level_or_trend_stationarity,,Bartlett_short_bandwidth,False,ok,0.05644678149571014,0.4902386220514783,0.2175,0.1479,0.1193,3,36,False,
15min,2024-03-06,2024-03-06,2024-03-06,36,lag_sensitivity,ADF,c,unit_root,6.0,aic,False,ok,-4.000824597833448,0.0014061995665747263,-3.6699197407407405,-2.9640707407407407,-2.621171111111111,5,30,True,
15min,2024-03-06,2024-03-06,2024-03-06,36,lag_sensitivity,PP,c,unit_root,,Bartlett_short_bandwidth,False,ok,-6.447551684352903,1.55229450371355e-08,-3.6327426647230316,-2.9485102040816327,-2.6130173469387756,6,35,True,
15min,2024-03-06,2024-03-06,2024-03-06,36,lag_sensitivity,KPSS,c,level_or_trend_stationarity,,Bartlett_short_bandwidth,False,ok,0.07788068273746337,0.704537066260456,0.7428,0.4614,0.3475,6,36,False,
15min,2024-03-07,2024-03-07,2024-03-07,36,main,ADF,c,unit_root,6.0,bic,False,ok,-5.818339131675341,4.2403526358149765e-07,-3.6327426647230316,-2.9485102040816327,-2.6130173469387756,0,35,True,
15min,2024-03-07,2024-03-07,2024-03-07,36,main,PP,c,unit_root,,Bartlett_short_bandwidth,False,ok,-5.819933488083914,4.2060644740180785e-07,-3.6327426647230316,-2.9485102040816327,-2.6130173469387756,3,35,True,
15min,2024-03-07,2024-03-07,2024-03-07,36,main,KPSS,c,level_or_trend_stationarity,,Bartlett_short_bandwidth,False,ok,0.23726371670873359,0.2058837267934256,0.7428,0.4614,0.3475,3,36,False,
15min,2024-03-07,2024-03-07,2024-03-07,36,trend_sensitivity,ADF,ct,unit_root,6.0,bic,False,ok,-5.9962440498552745,2.237143953543313e-06,-4.243765510204081,-3.5443646122448977,-3.2046503498542274,0,35,True,
15min,2024-03-07,2024-03-07,2024-03-07,36,trend_sensitivity,PP,ct,unit_root,,Bartlett_short_bandwidth,False,ok,-6.026144847213696,1.9354611952627592e-06,-4.243765510204081,-3.5443646122448977,-3.2046503498542274,3,35,True,
15min,2024-03-07,2024-03-07,2024-03-07,36,trend_sensitivity,KPSS,ct,level_or_trend_stationarity,,Bartlett_short_bandwidth,False,ok,0.05235647049739114,0.5424117659446663,0.2175,0.1479,0.1193,3,36,False,
15min,2024-03-07,2024-03-07,2024-03-07,36,lag_sensitivity,ADF,c,unit_root,6.0,aic,False,ok,-5.818339131675341,4.2403526358149765e-07,-3.6327426647230316,-2.9485102040816327,-2.6130173469387756,0,35,True,
15min,2024-03-07,2024-03-07,2024-03-07,36,lag_sensitivity,PP,c,unit_root,,Bartlett_short_bandwidth,False,ok,-5.8444602264620364,3.711542251316909e-07,-3.6327426647230316,-2.9485102040816327,-2.6130173469387756,6,35,True,
15min,2024-03-07,2024-03-07,2024-03-07,36,lag_sensitivity,KPSS,c,level_or_trend_stationarity,,Bartlett_short_bandwidth,False,ok,0.2739507689820378,0.1606762823103773,0.7428,0.4614,0.3475,6,36,False,
15min,2024-03-11,2024-03-11,2024-03-11,36,main,ADF,c,unit_root,6.0,bic,False,ok,-4.553443587291417,0.00015724690277689278,-3.6327426647230316,-2.9485102040816327,-2.6130173469387756,0,35,True,
15min,2024-03-11,2024-03-11,2024-03-11,36,main,PP,c,unit_root,,Bartlett_short_bandwidth,False,ok,-4.461166992786982,0.00023097317804546432,-3.6327426647230316,-2.9485102040816327,-2.6130173469387756,3,35,True,
15min,2024-03-11,2024-03-11,2024-03-11,36,main,KPSS,c,level_or_trend_stationarity,,Bartlett_short_bandwidth,False,ok,0.06948146337964195,0.7556592950488583,0.7428,0.4614,0.3475,3,36,False,
15min,2024-03-11,2024-03-11,2024-03-11,36,trend_sensitivity,ADF,ct,unit_root,6.0,bic,False,ok,-3.804029849283481,0.016357792203064426,-4.2970953703703705,-3.5685571851851847,-3.2184266666666668,5,30,True,
15min,2024-03-11,2024-03-11,2024-03-11,36,trend_sensitivity,PP,ct,unit_root,,Bartlett_short_bandwidth,False,ok,-4.4454163411951235,0.001851487509958494,-4.243765510204081,-3.5443646122448977,-3.2046503498542274,3,35,True,
15min,2024-03-11,2024-03-11,2024-03-11,36,trend_sensitivity,KPSS,ct,level_or_trend_stationarity,,Bartlett_short_bandwidth,False,ok,0.04883069638371061,0.5910833062738053,0.2175,0.1479,0.1193,3,36,False,
15min,2024-03-11,2024-03-11,2024-03-11,36,lag_sensitivity,ADF,c,unit_root,6.0,aic,False,ok,-3.464625603623271,0.008943440700352082,-3.6699197407407405,-2.9640707407407407,-2.621171111111111,5,30,True,
15min,2024-03-11,2024-03-11,2024-03-11,36,lag_sensitivity,PP,c,unit_root,,Bartlett_short_bandwidth,False,ok,-4.461767883585114,0.0002304009881280476,-3.6327426647230316,-2.9485102040816327,-2.6130173469387756,6,35,True,
15min,2024-03-11,2024-03-11,2024-03-11,36,lag_sensitivity,KPSS,c,level_or_trend_stationarity,,Bartlett_short_bandwidth,False,ok,0.10653955431895024,0.5543656621865899,0.7428,0.4614,0.3475,6,36,False,
15min,2024-03-12,2024-03-12,2024-03-12,36,main,ADF,c,unit_root,6.0,bic,False,ok,-6.220481705717747,5.238142021804331e-08,-3.6327426647230316,-2.9485102040816327,-2.6130173469387756,0,35,True,
15min,2024-03-12,2024-03-12,2024-03-12,36,main,PP,c,unit_root,,Bartlett_short_bandwidth,False,ok,-6.211190028019298,5.502599412452881e-08,-3.6327426647230316,-2.9485102040816327,-2.6130173469387756,3,35,True,
15min,2024-03-12,2024-03-12,2024-03-12,36,main,KPSS,c,level_or_trend_stationarity,,Bartlett_short_bandwidth,False,ok,0.08062055529329337,0.6888164860220871,0.7428,0.4614,0.3475,3,36,False,
15min,2024-03-12,2024-03-12,2024-03-12,36,trend_sensitivity,ADF,ct,unit_root,6.0,bic,False,ok,-6.116868823253653,1.243756050205595e-06,-4.243765510204081,-3.5443646122448977,-3.2046503498542274,0,35,True,
15min,2024-03-12,2024-03-12,2024-03-12,36,trend_sensitivity,PP,ct,unit_root,,Bartlett_short_bandwidth,False,ok,-6.110094636940664,1.2856855140498341e-06,-4.243765510204081,-3.5443646122448977,-3.2046503498542274,3,35,True,
15min,2024-03-12,2024-03-12,2024-03-12,36,trend_sensitivity,KPSS,ct,level_or_trend_stationarity,,Bartlett_short_bandwidth,False,ok,0.0661298348790763,0.3837016512092371,0.2175,0.1479,0.1193,3,36,False,
15min,2024-03-12,2024-03-12,2024-03-12,36,lag_sensitivity,ADF,c,unit_root,6.0,aic,False,ok,-6.220481705717747,5.238142021804331e-08,-3.6327426647230316,-2.9485102040816327,-2.6130173469387756,0,35,True,
15min,2024-03-12,2024-03-12,2024-03-12,36,lag_sensitivity,PP,c,unit_root,,Bartlett_short_bandwidth,False,ok,-6.240105878136444,4.7199831207938656e-08,-3.6327426647230316,-2.9485102040816327,-2.6130173469387756,6,35,True,
15min,2024-03-12,2024-03-12,2024-03-12,36,lag_sensitivity,KPSS,c,level_or_trend_stationarity,,Bartlett_short_bandwidth,False,ok,0.09642569415499203,0.6033715292250399,0.7428,0.4614,0.3475,6,36,False,
15min,2024-03-13,2024-03-13,2024-03-13,36,main,ADF,c,unit_root,6.0,bic,False,ok,-4.908773243207197,3.352868272932042e-05,-3.6327426647230316,-2.9485102040816327,-2.6130173469387756,0,35,True,
15min,2024-03-13,2024-03-13,2024-03-13,36,main,PP,c,unit_root,,Bartlett_short_bandwidth,False,ok,-4.951824339690799,2.7617775915704768e-05,-3.6327426647230316,-2.9485102040816327,-2.6130173469387756,3,35,True,
15min,2024-03-13,2024-03-13,2024-03-13,36,main,KPSS,c,level_or_trend_stationarity,,Bartlett_short_bandwidth,False,ok,0.1874090151290767,0.2938106061083474,0.7428,0.4614,0.3475,3,36,False,
15min,2024-03-13,2024-03-13,2024-03-13,36,trend_sensitivity,ADF,ct,unit_root,6.0,bic,False,ok,-4.890775213445748,0.0003237467994511404,-4.243765510204081,-3.5443646122448977,-3.2046503498542274,0,35,True,
15min,2024-03-13,2024-03-13,2024-03-13,36,trend_sensitivity,PP,ct,unit_root,,Bartlett_short_bandwidth,False,ok,-4.921641800216763,0.0002850964930805222,-4.243765510204081,-3.5443646122448977,-3.2046503498542274,3,35,True,
15min,2024-03-13,2024-03-13,2024-03-13,36,trend_sensitivity,KPSS,ct,level_or_trend_stationarity,,Bartlett_short_bandwidth,False,ok,0.044262373254843744,0.6570644011773439,0.2175,0.1479,0.1193,3,36,False,
15min,2024-03-13,2024-03-13,2024-03-13,36,lag_sensitivity,ADF,c,unit_root,6.0,aic,False,ok,-4.908773243207197,3.352868272932042e-05,-3.6327426647230316,-2.9485102040816327,-2.6130173469387756,0,35,True,
15min,2024-03-13,2024-03-13,2024-03-13,36,lag_sensitivity,PP,c,unit_root,,Bartlett_short_bandwidth,False,ok,-4.87791823306396,3.8495273924278656e-05,-3.6327426647230316,-2.9485102040816327,-2.6130173469387756,6,35,True,
15min,2024-03-13,2024-03-13,2024-03-13,36,lag_sensitivity,KPSS,c,level_or_trend_stationarity,,Bartlett_short_bandwidth,False,ok,0.2520479571133213,0.1860923626752291,0.7428,0.4614,0.3475,6,36,False,
15min,2024-03-14,2024-03-14,2024-03-14,36,main,ADF,c,unit_root,6.0,bic,False,ok,-5.040512750186225,1.8440701534955527e-05,-3.639224104416853,-2.9512301791166293,-2.614446989619377,1,34,True,
15min,2024-03-14,2024-03-14,2024-03-14,36,main,PP,c,unit_root,,Bartlett_short_bandwidth,False,ok,-4.724105091743592,7.580281841735588e-05,-3.6327426647230316,-2.9485102040816327,-2.6130173469387756,3,35,True,
15min,2024-03-14,2024-03-14,2024-03-14,36,main,KPSS,c,level_or_trend_stationarity,,Bartlett_short_bandwidth,False,ok,0.10171718478251035,0.5772250731610079,0.7428,0.4614,0.3475,3,36,False,
15min,2024-03-14,2024-03-14,2024-03-14,36,trend_sensitivity,ADF,ct,unit_root,6.0,bic,False,ok,-5.161812374337964,0.00010333431044754365,-4.253042608385915,-3.5485904579686545,-3.2070617952371263,1,34,True,
15min,2024-03-14,2024-03-14,2024-03-14,36,trend_sensitivity,PP,ct,unit_root,,Bartlett_short_bandwidth,False,ok,-4.686327158462017,0.0007365931079031686,-4.243765510204081,-3.5443646122448977,-3.2046503498542274,3,35,True,
15min,2024-03-14,2024-03-14,2024-03-14,36,trend_sensitivity,KPSS,ct,level_or_trend_stationarity,,Bartlett_short_bandwidth,False,ok,0.04748364341778848,0.6098793941703932,0.2175,0.1479,0.1193,3,36,False,
15min,2024-03-14,2024-03-14,2024-03-14,36,lag_sensitivity,ADF,c,unit_root,6.0,aic,False,ok,-5.040512750186225,1.8440701534955527e-05,-3.639224104416853,-2.9512301791166293,-2.614446989619377,1,34,True,
15min,2024-03-14,2024-03-14,2024-03-14,36,lag_sensitivity,PP,c,unit_root,,Bartlett_short_bandwidth,False,ok,-4.9532077039809845,2.7445563180276864e-05,-3.6327426647230316,-2.9485102040816327,-2.6130173469387756,6,35,True,
15min,2024-03-14,2024-03-14,2024-03-14,36,lag_sensitivity,KPSS,c,level_or_trend_stationarity,,Bartlett_short_bandwidth,False,ok,0.2129287397000898,0.24423439339269679,0.7428,0.4614,0.3475,6,36,False,
15min,2024-03-15,2024-03-15,2024-03-15,36,main,ADF,c,unit_root,6.0,bic,False,ok,-2.3550854412658633,0.15481638225947714,-3.6461350877925254,-2.954126991123355,-2.6159676124885216,2,33,False,
15min,2024-03-15,2024-03-15,2024-03-15,36,main,PP,c,unit_root,,Bartlett_short_bandwidth,False,ok,-6.3668792640625655,2.3977598760148882e-08,-3.6327426647230316,-2.9485102040816327,-2.6130173469387756,3,35,True,
15min,2024-03-15,2024-03-15,2024-03-15,36,main,KPSS,c,level_or_trend_stationarity,,Bartlett_short_bandwidth,False,ok,0.33554463674554524,0.10827360778854998,0.7428,0.4614,0.3475,3,36,False,
15min,2024-03-15,2024-03-15,2024-03-15,36,trend_sensitivity,ADF,ct,unit_root,6.0,bic,False,ok,-6.63313726035681,9.381291495991473e-08,-4.243765510204081,-3.5443646122448977,-3.2046503498542274,0,35,True,
15min,2024-03-15,2024-03-15,2024-03-15,36,trend_sensitivity,PP,ct,unit_root,,Bartlett_short_bandwidth,False,ok,-6.592339513919428,1.1550034633707413e-07,-4.243765510204081,-3.5443646122448977,-3.2046503498542274,3,35,True,
15min,2024-03-15,2024-03-15,2024-03-15,36,trend_sensitivity,KPSS,ct,level_or_trend_stationarity,,Bartlett_short_bandwidth,False,ok,0.05372847525509077,0.5240990098014372,0.2175,0.1479,0.1193,3,36,False,
15min,2024-03-15,2024-03-15,2024-03-15,36,lag_sensitivity,ADF,c,unit_root,6.0,aic,False,ok,-2.3550854412658633,0.15481638225947714,-3.6461350877925254,-2.954126991123355,-2.6159676124885216,2,33,False,
15min,2024-03-15,2024-03-15,2024-03-15,36,lag_sensitivity,PP,c,unit_root,,Bartlett_short_bandwidth,False,ok,-6.364720080506706,2.4257293331833992e-08,-3.6327426647230316,-2.9485102040816327,-2.6130173469387756,6,35,True,
15min,2024-03-15,2024-03-15,2024-03-15,36,lag_sensitivity,KPSS,c,level_or_trend_stationarity,,Bartlett_short_bandwidth,False,ok,0.3381521821682595,0.10646907808424948,0.7428,0.4614,0.3475,6,36,False,
15min,2024-03-18,2024-03-18,2024-03-18,36,main,ADF,c,unit_root,6.0,bic,False,ok,-2.6736451031829107,0.07871089834953932,-3.653519805908203,-2.9572185644531253,-2.6175881640625,3,32,False,
15min,2024-03-18,2024-03-18,2024-03-18,36,main,PP,c,unit_root,,Bartlett_short_bandwidth,False,ok,-5.0503516310856655,1.762635598130018e-05,-3.6327426647230316,-2.9485102040816327,-2.6130173469387756,3,35,True,
15min,2024-03-18,2024-03-18,2024-03-18,36,main,KPSS,c,level_or_trend_stationarity,,Bartlett_short_bandwidth,False,ok,0.3409822235292399,0.1045105719520831,0.7428,0.4614,0.3475,3,36,False,
15min,2024-03-18,2024-03-18,2024-03-18,36,trend_sensitivity,ADF,ct,unit_root,6.0,bic,False,ok,-6.285083818476333,5.422949250048352e-07,-4.253042608385915,-3.5485904579686545,-3.2070617952371263,1,34,True,
15min,2024-03-18,2024-03-18,2024-03-18,36,trend_sensitivity,PP,ct,unit_root,,Bartlett_short_bandwidth,False,ok,-5.1160058045706585,0.00012583120871279018,-4.243765510204081,-3.5443646122448977,-3.2046503498542274,3,35,True,
15min,2024-03-18,2024-03-18,2024-03-18,36,trend_sensitivity,KPSS,ct,level_or_trend_stationarity,,Bartlett_short_bandwidth,False,ok,0.07470440790563104,0.307658400725915,0.2175,0.1479,0.1193,3,36,False,
15min,2024-03-18,2024-03-18,2024-03-18,36,lag_sensitivity,ADF,c,unit_root,6.0,aic,False,ok,-2.6736451031829107,0.07871089834953932,-3.653519805908203,-2.9572185644531253,-2.6175881640625,3,32,False,
15min,2024-03-18,2024-03-18,2024-03-18,36,lag_sensitivity,PP,c,unit_root,,Bartlett_short_bandwidth,False,ok,-5.033232695821807,1.9066511486500025e-05,-3.6327426647230316,-2.9485102040816327,-2.6130173469387756,6,35,True,
15min,2024-03-18,2024-03-18,2024-03-18,36,lag_sensitivity,KPSS,c,level_or_trend_stationarity,,Bartlett_short_bandwidth,False,ok,0.31163893521893893,0.1258251588126034,0.7428,0.4614,0.3475,6,36,False,
15min,2024-03-19,2024-03-19,2024-03-19,36,main,ADF,c,unit_root,6.0,bic,False,ok,-5.281185286606781,5.989033095002134e-06,-3.6327426647230316,-2.9485102040816327,-2.6130173469387756,0,35,True,
15min,2024-03-19,2024-03-19,2024-03-19,36,main,PP,c,unit_root,,Bartlett_short_bandwidth,False,ok,-5.253241589003837,6.838624342482824e-06,-3.6327426647230316,-2.9485102040816327,-2.6130173469387756,3,35,True,
15min,2024-03-19,2024-03-19,2024-03-19,36,main,KPSS,c,level_or_trend_stationarity,,Bartlett_short_bandwidth,False,ok,0.27487813410890255,0.15971027696989318,0.7428,0.4614,0.3475,3,36,False,
15min,2024-03-19,2024-03-19,2024-03-19,36,trend_sensitivity,ADF,ct,unit_root,6.0,bic,False,ok,-5.515089416878541,2.1514332739826958e-05,-4.243765510204081,-3.5443646122448977,-3.2046503498542274,0,35,True,
15min,2024-03-19,2024-03-19,2024-03-19,36,trend_sensitivity,PP,ct,unit_root,,Bartlett_short_bandwidth,False,ok,-5.501537045509928,2.2884794171767455e-05,-4.243765510204081,-3.5443646122448977,-3.2046503498542274,3,35,True,
15min,2024-03-19,2024-03-19,2024-03-19,36,trend_sensitivity,KPSS,ct,level_or_trend_stationarity,,Bartlett_short_bandwidth,False,ok,0.04862450489483772,0.5939603968162178,0.2175,0.1479,0.1193,3,36,False,
15min,2024-03-19,2024-03-19,2024-03-19,36,lag_sensitivity,ADF,c,unit_root,6.0,aic,False,ok,-5.281185286606781,5.989033095002134e-06,-3.6327426647230316,-2.9485102040816327,-2.6130173469387756,0,35,True,
15min,2024-03-19,2024-03-19,2024-03-19,36,lag_sensitivity,PP,c,unit_root,,Bartlett_short_bandwidth,False,ok,-5.2672335917423645,6.399560612648982e-06,-3.6327426647230316,-2.9485102040816327,-2.6130173469387756,6,35,True,
15min,2024-03-19,2024-03-19,2024-03-19,36,lag_sensitivity,KPSS,c,level_or_trend_stationarity,,Bartlett_short_bandwidth,False,ok,0.3348751111200068,0.1087369473217946,0.7428,0.4614,0.3475,6,36,False,
15min,2024-03-20,2024-03-20,2024-03-20,36,main,ADF,c,unit_root,6.0,bic,False,ok,-6.27537268027815,3.912405397941103e-08,-3.6327426647230316,-2.9485102040816327,-2.6130173469387756,0,35,True,
15min,2024-03-20,2024-03-20,2024-03-20,36,main,PP,c,unit_root,,Bartlett_short_bandwidth,False,ok,-6.376733552912917,2.2740881664816626e-08,-3.6327426647230316,-2.9485102040816327,-2.6130173469387756,3,35,True,
15min,2024-03-20,2024-03-20,2024-03-20,36,main,KPSS,c,level_or_trend_stationarity,,Bartlett_short_bandwidth,False,ok,0.176478849620016,0.3184394261608828,0.7428,0.4614,0.3475,3,36,False,
15min,2024-03-20,2024-03-20,2024-03-20,36,trend_sensitivity,ADF,ct,unit_root,6.0,bic,False,ok,-6.315222038796668,4.6674005331640073e-07,-4.243765510204081,-3.5443646122448977,-3.2046503498542274,0,35,True,
15min,2024-03-20,2024-03-20,2024-03-20,36,trend_sensitivity,PP,ct,unit_root,,Bartlett_short_bandwidth,False,ok,-6.512162549758414,1.7351997903247168e-07,-4.243765510204081,-3.5443646122448977,-3.2046503498542274,3,35,True,
15min,2024-03-20,2024-03-20,2024-03-20,36,trend_sensitivity,KPSS,ct,level_or_trend_stationarity,,Bartlett_short_bandwidth,False,ok,0.06805563856519785,0.3649462993790681,0.2175,0.1479,0.1193,3,36,False,
15min,2024-03-20,2024-03-20,2024-03-20,36,lag_sensitivity,ADF,c,unit_root,6.0,aic,False,ok,-6.27537268027815,3.912405397941103e-08,-3.6327426647230316,-2.9485102040816327,-2.6130173469387756,0,35,True,
15min,2024-03-20,2024-03-20,2024-03-20,36,lag_sensitivity,PP,c,unit_root,,Bartlett_short_bandwidth,False,ok,-6.42856313949259,1.7200211667249608e-08,-3.6327426647230316,-2.9485102040816327,-2.6130173469387756,6,35,True,
15min,2024-03-20,2024-03-20,2024-03-20,36,lag_sensitivity,KPSS,c,level_or_trend_stationarity,,Bartlett_short_bandwidth,False,ok,0.19575041071177968,0.2763717437023928,0.7428,0.4614,0.3475,6,36,False,
15min,2024-03-21,2024-03-21,2024-03-21,36,main,ADF,c,unit_root,6.0,bic,False,ok,-5.237216063689367,7.377410421290794e-06,-3.6327426647230316,-2.9485102040816327,-2.6130173469387756,0,35,True,
15min,2024-03-21,2024-03-21,2024-03-21,36,main,PP,c,unit_root,,Bartlett_short_bandwidth,False,ok,-5.213813489407846,8.238760685807362e-06,-3.6327426647230316,-2.9485102040816327,-2.6130173469387756,3,35,True,
15min,2024-03-21,2024-03-21,2024-03-21,36,main,KPSS,c,level_or_trend_stationarity,,Bartlett_short_bandwidth,False,ok,0.25278789824986914,0.18514372019247546,0.7428,0.4614,0.3475,3,36,False,
15min,2024-03-21,2024-03-21,2024-03-21,36,trend_sensitivity,ADF,ct,unit_root,6.0,bic,False,ok,-5.418388446606584,3.3339203114760234e-05,-4.243765510204081,-3.5443646122448977,-3.2046503498542274,0,35,True,
15min,2024-03-21,2024-03-21,2024-03-21,36,trend_sensitivity,PP,ct,unit_root,,Bartlett_short_bandwidth,False,ok,-5.396730960911402,3.67444172725496e-05,-4.243765510204081,-3.5443646122448977,-3.2046503498542274,3,35,True,
15min,2024-03-21,2024-03-21,2024-03-21,36,trend_sensitivity,KPSS,ct,level_or_trend_stationarity,,Bartlett_short_bandwidth,False,ok,0.08145562610516667,0.2587543027229885,0.2175,0.1479,0.1193,3,36,False,
15min,2024-03-21,2024-03-21,2024-03-21,36,lag_sensitivity,ADF,c,unit_root,6.0,aic,False,ok,-4.049778056810024,0.0011711552099247127,-3.639224104416853,-2.9512301791166293,-2.614446989619377,1,34,True,
15min,2024-03-21,2024-03-21,2024-03-21,36,lag_sensitivity,PP,c,unit_root,,Bartlett_short_bandwidth,False,ok,-5.196801145555847,8.925260583535314e-06,-3.6327426647230316,-2.9485102040816327,-2.6130173469387756,6,35,True,
15min,2024-03-21,2024-03-21,2024-03-21,36,lag_sensitivity,KPSS,c,level_or_trend_stationarity,,Bartlett_short_bandwidth,False,ok,0.2744048147073029,0.16020331801322615,0.7428,0.4614,0.3475,6,36,False,
15min,2024-03-22,2024-03-22,2024-03-22,36,main,ADF,c,unit_root,6.0,bic,False,ok,-6.5884640261141785,7.2144721602457586e-09,-3.639224104416853,-2.9512301791166293,-2.614446989619377,1,34,True,
15min,2024-03-22,2024-03-22,2024-03-22,36,main,PP,c,unit_root,,Bartlett_short_bandwidth,False,ok,-8.169566437376496,8.696282351293092e-13,-3.6327426647230316,-2.9485102040816327,-2.6130173469387756,3,35,True,
15min,2024-03-22,2024-03-22,2024-03-22,36,main,KPSS,c,level_or_trend_stationarity,,Bartlett_short_bandwidth,False,ok,0.08686904367428207,0.6538052163220978,0.7428,0.4614,0.3475,3,36,False,
15min,2024-03-22,2024-03-22,2024-03-22,36,trend_sensitivity,ADF,ct,unit_root,6.0,bic,False,ok,-6.604214300786026,1.0872252552143142e-07,-4.253042608385915,-3.5485904579686545,-3.2070617952371263,1,34,True,
15min,2024-03-22,2024-03-22,2024-03-22,36,trend_sensitivity,PP,ct,unit_root,,Bartlett_short_bandwidth,False,ok,-8.34737464030568,1.126528068225929e-11,-4.243765510204081,-3.5443646122448977,-3.2046503498542274,3,35,True,
15min,2024-03-22,2024-03-22,2024-03-22,36,trend_sensitivity,KPSS,ct,level_or_trend_stationarity,,Bartlett_short_bandwidth,False,ok,0.08204124320577759,0.2547422299638901,0.2175,0.1479,0.1193,3,36,False,
15min,2024-03-22,2024-03-22,2024-03-22,36,lag_sensitivity,ADF,c,unit_root,6.0,aic,False,ok,-6.5884640261141785,7.2144721602457586e-09,-3.639224104416853,-2.9512301791166293,-2.614446989619377,1,34,True,
15min,2024-03-22,2024-03-22,2024-03-22,36,lag_sensitivity,PP,c,unit_root,,Bartlett_short_bandwidth,False,ok,-9.085589417230807,3.948403652263327e-15,-3.6327426647230316,-2.9485102040816327,-2.6130173469387756,6,35,True,
15min,2024-03-22,2024-03-22,2024-03-22,36,lag_sensitivity,KPSS,c,level_or_trend_stationarity,,Bartlett_short_bandwidth,False,ok,0.133715363344538,0.4435775227926781,0.7428,0.4614,0.3475,6,36,False,
15min,2024-03-25,2024-03-25,2024-03-25,36,main,ADF,c,unit_root,6.0,bic,False,ok,-5.778766202953578,5.184646524220996e-07,-3.639224104416853,-2.9512301791166293,-2.614446989619377,1,34,True,
15min,2024-03-25,2024-03-25,2024-03-25,36,main,PP,c,unit_root,,Bartlett_short_bandwidth,False,ok,-5.636457393190229,1.0603439657592858e-06,-3.6327426647230316,-2.9485102040816327,-2.6130173469387756,3,35,True,
15min,2024-03-25,2024-03-25,2024-03-25,36,main,KPSS,c,level_or_trend_stationarity,,Bartlett_short_bandwidth,False,ok,0.15161380835958785,0.38543509416789334,0.7428,0.4614,0.3475,3,36,False,
15min,2024-03-25,2024-03-25,2024-03-25,36,trend_sensitivity,ADF,ct,unit_root,6.0,bic,False,ok,-5.722290478555272,8.251032575477962e-06,-4.253042608385915,-3.5485904579686545,-3.2070617952371263,1,34,True,
15min,2024-03-25,2024-03-25,2024-03-25,36,trend_sensitivity,PP,ct,unit_root,,Bartlett_short_bandwidth,False,ok,-5.580890156357402,1.5914471554346817e-05,-4.243765510204081,-3.5443646122448977,-3.2046503498542274,3,35,True,
15min,2024-03-25,2024-03-25,2024-03-25,36,trend_sensitivity,KPSS,ct,level_or_trend_stationarity,,Bartlett_short_bandwidth,False,ok,0.06914704530681355,0.35459443701022797,0.2175,0.1479,0.1193,3,36,False,
15min,2024-03-25,2024-03-25,2024-03-25,36,lag_sensitivity,ADF,c,unit_root,6.0,aic,False,ok,-4.127188062608039,0.0008730160129322953,-3.661428725118324,-2.960525341210433,-2.6193188033298647,4,31,True,
15min,2024-03-25,2024-03-25,2024-03-25,36,lag_sensitivity,PP,c,unit_root,,Bartlett_short_bandwidth,False,ok,-6.099283963283607,9.925213124211989e-08,-3.6327426647230316,-2.9485102040816327,-2.6130173469387756,6,35,True,
15min,2024-03-25,2024-03-25,2024-03-25,36,lag_sensitivity,KPSS,c,level_or_trend_stationarity,,Bartlett_short_bandwidth,False,ok,0.22841301680380383,0.21891967150938815,0.7428,0.4614,0.3475,6,36,False,
15min,2024-03-26,2024-03-26,2024-03-26,36,main,ADF,c,unit_root,6.0,bic,False,ok,-5.93017776155369,2.3909167010374314e-07,-3.6327426647230316,-2.9485102040816327,-2.6130173469387756,0,35,True,
15min,2024-03-26,2024-03-26,2024-03-26,36,main,PP,c,unit_root,,Bartlett_short_bandwidth,False,ok,-5.96898725391342,1.9566706391717275e-07,-3.6327426647230316,-2.9485102040816327,-2.6130173469387756,3,35,True,
15min,2024-03-26,2024-03-26,2024-03-26,36,main,KPSS,c,level_or_trend_stationarity,,Bartlett_short_bandwidth,False,ok,0.18752761077112254,0.29355827495505843,0.7428,0.4614,0.3475,3,36,False,
15min,2024-03-26,2024-03-26,2024-03-26,36,trend_sensitivity,ADF,ct,unit_root,6.0,bic,False,ok,-6.097968891323272,1.3642254437618154e-06,-4.243765510204081,-3.5443646122448977,-3.2046503498542274,0,35,True,
15min,2024-03-26,2024-03-26,2024-03-26,36,trend_sensitivity,PP,ct,unit_root,,Bartlett_short_bandwidth,False,ok,-6.322858088051469,4.4930278097159693e-07,-4.243765510204081,-3.5443646122448977,-3.2046503498542274,3,35,True,
15min,2024-03-26,2024-03-26,2024-03-26,36,trend_sensitivity,KPSS,ct,level_or_trend_stationarity,,Bartlett_short_bandwidth,False,ok,0.06283733448242168,0.41719998811287917,0.2175,0.1479,0.1193,3,36,False,
15min,2024-03-26,2024-03-26,2024-03-26,36,lag_sensitivity,ADF,c,unit_root,6.0,aic,False,ok,-5.93017776155369,2.3909167010374314e-07,-3.6327426647230316,-2.9485102040816327,-2.6130173469387756,0,35,True,
15min,2024-03-26,2024-03-26,2024-03-26,36,lag_sensitivity,PP,c,unit_root,,Bartlett_short_bandwidth,False,ok,-6.000881916402933,1.6585093281179872e-07,-3.6327426647230316,-2.9485102040816327,-2.6130173469387756,6,35,True,
15min,2024-03-26,2024-03-26,2024-03-26,36,lag_sensitivity,KPSS,c,level_or_trend_stationarity,,Bartlett_short_bandwidth,False,ok,0.21204346747257927,0.24581523665610847,0.7428,0.4614,0.3475,6,36,False,
15min,2024-03-27,2024-03-27,2024-03-27,36,main,ADF,c,unit_root,6.0,bic,False,ok,-6.776871862594125,2.557516400336443e-09,-3.6327426647230316,-2.9485102040816327,-2.6130173469387756,0,35,True,
15min,2024-03-27,2024-03-27,2024-03-27,36,main,PP,c,unit_root,,Bartlett_short_bandwidth,False,ok,-6.893814733189219,1.3346335623092338e-09,-3.6327426647230316,-2.9485102040816327,-2.6130173469387756,3,35,True,
15min,2024-03-27,2024-03-27,2024-03-27,36,main,KPSS,c,level_or_trend_stationarity,,Bartlett_short_bandwidth,False,ok,0.14168126301535505,0.4165344134123236,0.7428,0.4614,0.3475,3,36,False,
15min,2024-03-27,2024-03-27,2024-03-27,36,trend_sensitivity,ADF,ct,unit_root,6.0,bic,False,ok,-6.684013468774288,7.232555044951402e-08,-4.243765510204081,-3.5443646122448977,-3.2046503498542274,0,35,True,
15min,2024-03-27,2024-03-27,2024-03-27,36,trend_sensitivity,PP,ct,unit_root,,Bartlett_short_bandwidth,False,ok,-6.80487775543362,3.885907701807841e-08,-4.243765510204081,-3.5443646122448977,-3.2046503498542274,3,35,True,
15min,2024-03-27,2024-03-27,2024-03-27,36,trend_sensitivity,KPSS,ct,level_or_trend_stationarity,,Bartlett_short_bandwidth,False,ok,0.09391311905052381,0.18850449464018468,0.2175,0.1479,0.1193,3,36,False,
15min,2024-03-27,2024-03-27,2024-03-27,36,lag_sensitivity,ADF,c,unit_root,6.0,aic,False,ok,-5.065069645013516,1.647264376723407e-05,-3.639224104416853,-2.9512301791166293,-2.614446989619377,1,34,True,
15min,2024-03-27,2024-03-27,2024-03-27,36,lag_sensitivity,PP,c,unit_root,,Bartlett_short_bandwidth,False,ok,-7.017651355455541,6.66827659203738e-10,-3.6327426647230316,-2.9485102040816327,-2.6130173469387756,6,35,True,
15min,2024-03-27,2024-03-27,2024-03-27,36,lag_sensitivity,KPSS,c,level_or_trend_stationarity,,Bartlett_short_bandwidth,False,ok,0.15641488123056602,0.37114618681379163,0.7428,0.4614,0.3475,6,36,False,
15min,2024-03-28,2024-03-28,2024-03-28,36,main,ADF,c,unit_root,6.0,bic,False,ok,-5.1529653345134925,1.0959203139524065e-05,-3.6327426647230316,-2.9485102040816327,-2.6130173469387756,0,35,True,
15min,2024-03-28,2024-03-28,2024-03-28,36,main,PP,c,unit_root,,Bartlett_short_bandwidth,False,ok,-5.101887397716539,1.3897003518688791e-05,-3.6327426647230316,-2.9485102040816327,-2.6130173469387756,3,35,True,
15min,2024-03-28,2024-03-28,2024-03-28,36,main,KPSS,c,level_or_trend_stationarity,,Bartlett_short_bandwidth,False,ok,0.25611621732423445,0.18087664445610965,0.7428,0.4614,0.3475,3,36,False,
15min,2024-03-28,2024-03-28,2024-03-28,36,trend_sensitivity,ADF,ct,unit_root,6.0,bic,False,ok,-5.25954493194055,6.752890030476236e-05,-4.243765510204081,-3.5443646122448977,-3.2046503498542274,0,35,True,
15min,2024-03-28,2024-03-28,2024-03-28,36,trend_sensitivity,PP,ct,unit_root,,Bartlett_short_bandwidth,False,ok,-5.193039571969981,9.026938711886036e-05,-4.243765510204081,-3.5443646122448977,-3.2046503498542274,3,35,True,
15min,2024-03-28,2024-03-28,2024-03-28,36,trend_sensitivity,KPSS,ct,level_or_trend_stationarity,,Bartlett_short_bandwidth,False,ok,0.09004499120624754,0.20823984078445135,0.2175,0.1479,0.1193,3,36,False,
15min,2024-03-28,2024-03-28,2024-03-28,36,lag_sensitivity,ADF,c,unit_root,6.0,aic,False,ok,-5.1529653345134925,1.0959203139524065e-05,-3.6327426647230316,-2.9485102040816327,-2.6130173469387756,0,35,True,
15min,2024-03-28,2024-03-28,2024-03-28,36,lag_sensitivity,PP,c,unit_root,,Bartlett_short_bandwidth,False,ok,-5.094495566407562,1.4380712628966052e-05,-3.6327426647230316,-2.9485102040816327,-2.6130173469387756,6,35,True,
15min,2024-03-28,2024-03-28,2024-03-28,36,lag_sensitivity,KPSS,c,level_or_trend_stationarity,,Bartlett_short_bandwidth,False,ok,0.25800304935213114,0.17861186613215632,0.7428,0.4614,0.3475,6,36,False,
15min,2024-04-01,2024-04-01,2024-04-01,36,main,ADF,c,unit_root,6.0,bic,False,ok,-4.668841695913387,9.625651290145114e-05,-3.6327426647230316,-2.9485102040816327,-2.6130173469387756,0,35,True,
15min,2024-04-01,2024-04-01,2024-04-01,36,main,PP,c,unit_root,,Bartlett_short_bandwidth,False,ok,-4.690315343151631,8.774955229342707e-05,-3.6327426647230316,-2.9485102040816327,-2.6130173469387756,3,35,True,
15min,2024-04-01,2024-04-01,2024-04-01,36,main,KPSS,c,level_or_trend_stationarity,,Bartlett_short_bandwidth,False,ok,0.28400367620451195,0.1502045039536334,0.7428,0.4614,0.3475,3,36,False,
15min,2024-04-01,2024-04-01,2024-04-01,36,trend_sensitivity,ADF,ct,unit_root,6.0,bic,False,ok,-4.994652421042837,0.00021041118719220542,-4.243765510204081,-3.5443646122448977,-3.2046503498542274,0,35,True,
15min,2024-04-01,2024-04-01,2024-04-01,36,trend_sensitivity,PP,ct,unit_root,,Bartlett_short_bandwidth,False,ok,-4.965465246006044,0.00023769956122206645,-4.243765510204081,-3.5443646122448977,-3.2046503498542274,3,35,True,
15min,2024-04-01,2024-04-01,2024-04-01,36,trend_sensitivity,KPSS,ct,level_or_trend_stationarity,,Bartlett_short_bandwidth,False,ok,0.061179514516178805,0.43477824413433175,0.2175,0.1479,0.1193,3,36,False,
15min,2024-04-01,2024-04-01,2024-04-01,36,lag_sensitivity,ADF,c,unit_root,6.0,aic,False,ok,-2.996163615310551,0.03525422687625023,-3.639224104416853,-2.9512301791166293,-2.614446989619377,1,34,True,
15min,2024-04-01,2024-04-01,2024-04-01,36,lag_sensitivity,PP,c,unit_root,,Bartlett_short_bandwidth,False,ok,-4.649030837249894,0.00010479963855309886,-3.6327426647230316,-2.9485102040816327,-2.6130173469387756,6,35,True,
15min,2024-04-01,2024-04-01,2024-04-01,36,lag_sensitivity,KPSS,c,level_or_trend_stationarity,,Bartlett_short_bandwidth,False,ok,0.2894770743548782,0.14497421490011603,0.7428,0.4614,0.3475,6,36,False,
15min,2024-04-02,2024-04-02,2024-04-02,36,main,ADF,c,unit_root,6.0,bic,False,ok,-7.837185944516135,6.070926192498477e-12,-3.6327426647230316,-2.9485102040816327,-2.6130173469387756,0,35,True,
15min,2024-04-02,2024-04-02,2024-04-02,36,main,PP,c,unit_root,,Bartlett_short_bandwidth,False,ok,-7.681970922644334,1.4956316194491364e-11,-3.6327426647230316,-2.9485102040816327,-2.6130173469387756,3,35,True,
15min,2024-04-02,2024-04-02,2024-04-02,36,main,KPSS,c,level_or_trend_stationarity,,Bartlett_short_bandwidth,False,ok,0.2195429809811612,0.23300607530577822,0.7428,0.4614,0.3475,3,36,False,
15min,2024-04-02,2024-04-02,2024-04-02,36,trend_sensitivity,ADF,ct,unit_root,6.0,bic,False,ok,-7.736974505398931,2.896782829439854e-10,-4.243765510204081,-3.5443646122448977,-3.2046503498542274,0,35,True,
15min,2024-04-02,2024-04-02,2024-04-02,36,trend_sensitivity,PP,ct,unit_root,,Bartlett_short_bandwidth,False,ok,-7.583997725266122,6.528780180546269e-10,-4.243765510204081,-3.5443646122448977,-3.2046503498542274,3,35,True,
15min,2024-04-02,2024-04-02,2024-04-02,36,trend_sensitivity,KPSS,ct,level_or_trend_stationarity,,Bartlett_short_bandwidth,False,ok,0.07936592832297969,0.27316601156565734,0.2175,0.1479,0.1193,3,36,False,
15min,2024-04-02,2024-04-02,2024-04-02,36,lag_sensitivity,ADF,c,unit_root,6.0,aic,False,ok,-3.4192771470772096,0.010319008194191336,-3.6461350877925254,-2.954126991123355,-2.6159676124885216,2,33,True,
15min,2024-04-02,2024-04-02,2024-04-02,36,lag_sensitivity,PP,c,unit_root,,Bartlett_short_bandwidth,False,ok,-7.574939800706216,2.7776414971090175e-11,-3.6327426647230316,-2.9485102040816327,-2.6130173469387756,6,35,True,
15min,2024-04-02,2024-04-02,2024-04-02,36,lag_sensitivity,KPSS,c,level_or_trend_stationarity,,Bartlett_short_bandwidth,False,ok,0.21726446665659935,0.23676186814846262,0.7428,0.4614,0.3475,6,36,False,
15min,2024-04-03,2024-04-03,2024-04-03,36,main,ADF,c,unit_root,6.0,bic,False,ok,-4.952241744022973,2.7565704584664357e-05,-3.6327426647230316,-2.9485102040816327,-2.6130173469387756,0,35,True,
15min,2024-04-03,2024-04-03,2024-04-03,36,main,PP,c,unit_root,,Bartlett_short_bandwidth,False,ok,-4.9874034471240165,2.3503002282598808e-05,-3.6327426647230316,-2.9485102040816327,-2.6130173469387756,3,35,True,
15min,2024-04-03,2024-04-03,2024-04-03,36,main,KPSS,c,level_or_trend_stationarity,,Bartlett_short_bandwidth,False,ok,0.10440358850145068,0.5643096706661025,0.7428,0.4614,0.3475,3,36,False,
15min,2024-04-03,2024-04-03,2024-04-03,36,trend_sensitivity,ADF,ct,unit_root,6.0,bic,False,ok,-4.972089835920072,0.00023122451985534067,-4.243765510204081,-3.5443646122448977,-3.2046503498542274,0,35,True,
15min,2024-04-03,2024-04-03,2024-04-03,36,trend_sensitivity,PP,ct,unit_root,,Bartlett_short_bandwidth,False,ok,-4.9910158804657625,0.00021364030770124455,-4.243765510204081,-3.5443646122448977,-3.2046503498542274,3,35,True,
15min,2024-04-03,2024-04-03,2024-04-03,36,trend_sensitivity,KPSS,ct,level_or_trend_stationarity,,Bartlett_short_bandwidth,False,ok,0.08784432315023612,0.21994112598087795,0.2175,0.1479,0.1193,3,36,False,
15min,2024-04-03,2024-04-03,2024-04-03,36,lag_sensitivity,ADF,c,unit_root,6.0,aic,False,ok,-4.952241744022973,2.7565704584664357e-05,-3.6327426647230316,-2.9485102040816327,-2.6130173469387756,0,35,True,
15min,2024-04-03,2024-04-03,2024-04-03,36,lag_sensitivity,PP,c,unit_root,,Bartlett_short_bandwidth,False,ok,-4.986551821330167,2.359419820146158e-05,-3.6327426647230316,-2.9485102040816327,-2.6130173469387756,6,35,True,
15min,2024-04-03,2024-04-03,2024-04-03,36,lag_sensitivity,KPSS,c,level_or_trend_stationarity,,Bartlett_short_bandwidth,False,ok,0.10670253550660606,0.553624838606336,0.7428,0.4614,0.3475,6,36,False,
15min,2024-04-04,2024-04-04,2024-04-04,36,main,ADF,c,unit_root,6.0,bic,False,ok,-3.8248459349185624,0.0026630966765384496,-3.6327426647230316,-2.9485102040816327,-2.6130173469387756,0,35,True,
15min,2024-04-04,2024-04-04,2024-04-04,36,main,PP,c,unit_root,,Bartlett_short_bandwidth,False,ok,-3.9143733820916258,0.0019315767969136117,-3.6327426647230316,-2.9485102040816327,-2.6130173469387756,3,35,True,
15min,2024-04-04,2024-04-04,2024-04-04,36,main,KPSS,c,level_or_trend_stationarity,,Bartlett_short_bandwidth,False,ok,0.4300888953823982,0.06030492654797061,0.7428,0.4614,0.3475,3,36,False,
15min,2024-04-04,2024-04-04,2024-04-04,36,trend_sensitivity,ADF,ct,unit_root,6.0,bic,False,ok,-4.435390813598084,0.0019216662423891064,-4.243765510204081,-3.5443646122448977,-3.2046503498542274,0,35,True,
15min,2024-04-04,2024-04-04,2024-04-04,36,trend_sensitivity,PP,ct,unit_root,,Bartlett_short_bandwidth,False,ok,-4.47602415335423,0.0016517347602479921,-4.243765510204081,-3.5443646122448977,-3.2046503498542274,3,35,True,
15min,2024-04-04,2024-04-04,2024-04-04,36,trend_sensitivity,KPSS,ct,level_or_trend_stationarity,,Bartlett_short_bandwidth,False,ok,0.07465507586718141,0.30803787794475834,0.2175,0.1479,0.1193,3,36,False,
15min,2024-04-04,2024-04-04,2024-04-04,36,lag_sensitivity,ADF,c,unit_root,6.0,aic,False,ok,-3.8248459349185624,0.0026630966765384496,-3.6327426647230316,-2.9485102040816327,-2.6130173469387756,0,35,True,
15min,2024-04-04,2024-04-04,2024-04-04,36,lag_sensitivity,PP,c,unit_root,,Bartlett_short_bandwidth,False,ok,-3.8927546821468684,0.002088820437752381,-3.6327426647230316,-2.9485102040816327,-2.6130173469387756,6,35,True,
15min,2024-04-04,2024-04-04,2024-04-04,36,lag_sensitivity,KPSS,c,level_or_trend_stationarity,,Bartlett_short_bandwidth,False,ok,0.3824400512391786,0.0804897697759293,0.7428,0.4614,0.3475,6,36,False,
15min,2024-04-05,2024-04-05,2024-04-05,36,main,ADF,c,unit_root,6.0,bic,False,ok,-5.083183537656185,1.5152595209911472e-05,-3.6327426647230316,-2.9485102040816327,-2.6130173469387756,0,35,True,
15min,2024-04-05,2024-04-05,2024-04-05,36,main,PP,c,unit_root,,Bartlett_short_bandwidth,False,ok,-5.115485207752454,1.304794154833475e-05,-3.6327426647230316,-2.9485102040816327,-2.6130173469387756,3,35,True,
15min,2024-04-05,2024-04-05,2024-04-05,36,main,KPSS,c,level_or_trend_stationarity,,Bartlett_short_bandwidth,False,ok,0.1447043285954562,0.4068451006555891,0.7428,0.4614,0.3475,3,36,False,
15min,2024-04-05,2024-04-05,2024-04-05,36,trend_sensitivity,ADF,ct,unit_root,6.0,bic,False,ok,-5.255694291486215,6.867926726606002e-05,-4.243765510204081,-3.5443646122448977,-3.2046503498542274,0,35,True,
15min,2024-04-05,2024-04-05,2024-04-05,36,trend_sensitivity,PP,ct,unit_root,,Bartlett_short_bandwidth,False,ok,-5.268146014567031,6.502598306661121e-05,-4.243765510204081,-3.5443646122448977,-3.2046503498542274,3,35,True,
15min,2024-04-05,2024-04-05,2024-04-05,36,trend_sensitivity,KPSS,ct,level_or_trend_stationarity,,Bartlett_short_bandwidth,False,ok,0.07347218789550859,0.3177317675374283,0.2175,0.1479,0.1193,3,36,False,
15min,2024-04-05,2024-04-05,2024-04-05,36,lag_sensitivity,ADF,c,unit_root,6.0,aic,False,ok,-5.083183537656185,1.5152595209911472e-05,-3.6327426647230316,-2.9485102040816327,-2.6130173469387756,0,35,True,
15min,2024-04-05,2024-04-05,2024-04-05,36,lag_sensitivity,PP,c,unit_root,,Bartlett_short_bandwidth,False,ok,-5.14408394710911,1.1422763907049594e-05,-3.6327426647230316,-2.9485102040816327,-2.6130173469387756,6,35,True,
15min,2024-04-05,2024-04-05,2024-04-05,36,lag_sensitivity,KPSS,c,level_or_trend_stationarity,,Bartlett_short_bandwidth,False,ok,0.14358619517072785,0.41042886163228254,0.7428,0.4614,0.3475,6,36,False,
15min,2024-04-08,2024-04-08,2024-04-08,36,main,ADF,c,unit_root,6.0,bic,False,ok,-5.828406107108607,4.0283532571487406e-07,-3.6327426647230316,-2.9485102040816327,-2.6130173469387756,0,35,True,
15min,2024-04-08,2024-04-08,2024-04-08,36,main,PP,c,unit_root,,Bartlett_short_bandwidth,False,ok,-5.837850508392402,3.8389108885492513e-07,-3.6327426647230316,-2.9485102040816327,-2.6130173469387756,3,35,True,
15min,2024-04-08,2024-04-08,2024-04-08,36,main,KPSS,c,level_or_trend_stationarity,,Bartlett_short_bandwidth,False,ok,0.2310033285932307,0.2149949566769232,0.7428,0.4614,0.3475,3,36,False,
15min,2024-04-08,2024-04-08,2024-04-08,36,trend_sensitivity,ADF,ct,unit_root,6.0,bic,False,ok,-6.062612361124193,1.62105341533684e-06,-4.243765510204081,-3.5443646122448977,-3.2046503498542274,0,35,True,
15min,2024-04-08,2024-04-08,2024-04-08,36,trend_sensitivity,PP,ct,unit_root,,Bartlett_short_bandwidth,False,ok,-6.193213901819014,8.546895766923363e-07,-4.243765510204081,-3.5443646122448977,-3.2046503498542274,3,35,True,
15min,2024-04-08,2024-04-08,2024-04-08,36,trend_sensitivity,KPSS,ct,level_or_trend_stationarity,,Bartlett_short_bandwidth,False,ok,0.05682223974107698,0.4857331231070762,0.2175,0.1479,0.1193,3,36,False,
15min,2024-04-08,2024-04-08,2024-04-08,36,lag_sensitivity,ADF,c,unit_root,6.0,aic,False,ok,-5.053566798830972,1.7367851177352442e-05,-3.639224104416853,-2.9512301791166293,-2.614446989619377,1,34,True,
15min,2024-04-08,2024-04-08,2024-04-08,36,lag_sensitivity,PP,c,unit_root,,Bartlett_short_bandwidth,False,ok,-5.868686178016401,3.279102628905542e-07,-3.6327426647230316,-2.9485102040816327,-2.6130173469387756,6,35,True,
15min,2024-04-08,2024-04-08,2024-04-08,36,lag_sensitivity,KPSS,c,level_or_trend_stationarity,,Bartlett_short_bandwidth,False,ok,0.26950516702748856,0.16534019189135932,0.7428,0.4614,0.3475,6,36,False,
15min,2024-04-09,2024-04-09,2024-04-09,36,main,ADF,c,unit_root,6.0,bic,False,ok,-5.968791186600662,1.9586569469271526e-07,-3.6327426647230316,-2.9485102040816327,-2.6130173469387756,0,35,True,
15min,2024-04-09,2024-04-09,2024-04-09,36,main,PP,c,unit_root,,Bartlett_short_bandwidth,False,ok,-6.143325700884738,7.874878500501868e-08,-3.6327426647230316,-2.9485102040816327,-2.6130173469387756,3,35,True,
15min,2024-04-09,2024-04-09,2024-04-09,36,main,KPSS,c,level_or_trend_stationarity,,Bartlett_short_bandwidth,False,ok,0.0823791417315365,0.6787262359665938,0.7428,0.4614,0.3475,3,36,False,
15min,2024-04-09,2024-04-09,2024-04-09,36,trend_sensitivity,ADF,ct,unit_root,6.0,bic,False,ok,-5.889279417767883,3.7420310406352246e-06,-4.243765510204081,-3.5443646122448977,-3.2046503498542274,0,35,True,
15min,2024-04-09,2024-04-09,2024-04-09,36,trend_sensitivity,PP,ct,unit_root,,Bartlett_short_bandwidth,False,ok,-6.060071037699241,1.6412380109502978e-06,-4.243765510204081,-3.5443646122448977,-3.2046503498542274,3,35,True,
15min,2024-04-09,2024-04-09,2024-04-09,36,trend_sensitivity,KPSS,ct,level_or_trend_stationarity,,Bartlett_short_bandwidth,False,ok,0.0782395671627822,0.28114594883727,0.2175,0.1479,0.1193,3,36,False,
15min,2024-04-09,2024-04-09,2024-04-09,36,lag_sensitivity,ADF,c,unit_root,6.0,aic,False,ok,-5.404078673214955,3.3210269763366025e-06,-3.639224104416853,-2.9512301791166293,-2.614446989619377,1,34,True,
15min,2024-04-09,2024-04-09,2024-04-09,36,lag_sensitivity,PP,c,unit_root,,Bartlett_short_bandwidth,False,ok,-6.721177910802536,3.4799589115861357e-09,-3.6327426647230316,-2.9485102040816327,-2.6130173469387756,6,35,True,
15min,2024-04-09,2024-04-09,2024-04-09,36,lag_sensitivity,KPSS,c,level_or_trend_stationarity,,Bartlett_short_bandwidth,False,ok,0.13430658144606264,0.44155280326690877,0.7428,0.4614,0.3475,6,36,False,
15min,2024-04-10,2024-04-10,2024-04-10,36,main,ADF,c,unit_root,6.0,bic,False,ok,-6.40179356535638,1.987172492729777e-08,-3.6327426647230316,-2.9485102040816327,-2.6130173469387756,0,35,True,
15min,2024-04-10,2024-04-10,2024-04-10,36,main,PP,c,unit_root,,Bartlett_short_bandwidth,False,ok,-6.38591472302711,2.164525658943513e-08,-3.6327426647230316,-2.9485102040816327,-2.6130173469387756,3,35,True,
15min,2024-04-10,2024-04-10,2024-04-10,36,main,KPSS,c,level_or_trend_stationarity,,Bartlett_short_bandwidth,False,ok,0.49963589691231575,0.03992666006281316,0.7428,0.4614,0.3475,3,36,True,
15min,2024-04-10,2024-04-10,2024-04-10,36,trend_sensitivity,ADF,ct,unit_root,6.0,bic,False,ok,-7.874077522833633,1.396784573472463e-10,-4.243765510204081,-3.5443646122448977,-3.2046503498542274,0,35,True,
15min,2024-04-10,2024-04-10,2024-04-10,36,trend_sensitivity,PP,ct,unit_root,,Bartlett_short_bandwidth,False,ok,-7.635836932809008,4.958221380418122e-10,-4.243765510204081,-3.5443646122448977,-3.2046503498542274,3,35,True,
15min,2024-04-10,2024-04-10,2024-04-10,36,trend_sensitivity,KPSS,ct,level_or_trend_stationarity,,Bartlett_short_bandwidth,False,ok,0.09628505793196813,0.17773681925875806,0.2175,0.1479,0.1193,3,36,False,
15min,2024-04-10,2024-04-10,2024-04-10,36,lag_sensitivity,ADF,c,unit_root,6.0,aic,False,ok,-6.40179356535638,1.987172492729777e-08,-3.6327426647230316,-2.9485102040816327,-2.6130173469387756,0,35,True,
15min,2024-04-10,2024-04-10,2024-04-10,36,lag_sensitivity,PP,c,unit_root,,Bartlett_short_bandwidth,False,ok,-6.417205258329488,1.8287483543114848e-08,-3.6327426647230316,-2.9485102040816327,-2.6130173469387756,6,35,True,
15min,2024-04-10,2024-04-10,2024-04-10,36,lag_sensitivity,KPSS,c,level_or_trend_stationarity,,Bartlett_short_bandwidth,False,ok,0.45631827275858433,0.05158803976294239,0.7428,0.4614,0.3475,6,36,False,
15min,2024-04-11,2024-04-11,2024-04-11,36,main,ADF,c,unit_root,6.0,bic,False,ok,-5.748751241297436,6.035122452172585e-07,-3.6327426647230316,-2.9485102040816327,-2.6130173469387756,0,35,True,
15min,2024-04-11,2024-04-11,2024-04-11,36,main,PP,c,unit_root,,Bartlett_short_bandwidth,False,ok,-5.7507330458557115,5.974993876873912e-07,-3.6327426647230316,-2.9485102040816327,-2.6130173469387756,3,35,True,
15min,2024-04-11,2024-04-11,2024-04-11,36,main,KPSS,c,level_or_trend_stationarity,,Bartlett_short_bandwidth,False,ok,0.06785503371605978,0.7657718110918563,0.7428,0.4614,0.3475,3,36,False,
15min,2024-04-11,2024-04-11,2024-04-11,36,trend_sensitivity,ADF,ct,unit_root,6.0,bic,False,ok,-5.65096633837149,1.1509677320095483e-05,-4.243765510204081,-3.5443646122448977,-3.2046503498542274,0,35,True,
15min,2024-04-11,2024-04-11,2024-04-11,36,trend_sensitivity,PP,ct,unit_root,,Bartlett_short_bandwidth,False,ok,-5.655220250234527,1.1284401112757411e-05,-4.243765510204081,-3.5443646122448977,-3.2046503498542274,3,35,True,
15min,2024-04-11,2024-04-11,2024-04-11,36,trend_sensitivity,KPSS,ct,level_or_trend_stationarity,,Bartlett_short_bandwidth,False,ok,0.05787216038306591,0.47318856686826294,0.2175,0.1479,0.1193,3,36,False,
15min,2024-04-11,2024-04-11,2024-04-11,36,lag_sensitivity,ADF,c,unit_root,6.0,aic,False,ok,-5.748751241297436,6.035122452172585e-07,-3.6327426647230316,-2.9485102040816327,-2.6130173469387756,0,35,True,
15min,2024-04-11,2024-04-11,2024-04-11,36,lag_sensitivity,PP,c,unit_root,,Bartlett_short_bandwidth,False,ok,-5.804851798808666,4.541561739647431e-07,-3.6327426647230316,-2.9485102040816327,-2.6130173469387756,6,35,True,
15min,2024-04-11,2024-04-11,2024-04-11,36,lag_sensitivity,KPSS,c,level_or_trend_stationarity,,Bartlett_short_bandwidth,False,ok,0.0972721863853946,0.599139068073027,0.7428,0.4614,0.3475,6,36,False,
15min,2024-04-12,2024-04-12,2024-04-12,36,main,ADF,c,unit_root,6.0,bic,False,ok,-7.001402870607188,7.305988770966432e-10,-3.6327426647230316,-2.9485102040816327,-2.6130173469387756,0,35,True,
15min,2024-04-12,2024-04-12,2024-04-12,36,main,PP,c,unit_root,,Bartlett_short_bandwidth,False,ok,-6.912045657188876,1.205422331483881e-09,-3.6327426647230316,-2.9485102040816327,-2.6130173469387756,3,35,True,
15min,2024-04-12,2024-04-12,2024-04-12,36,main,KPSS,c,level_or_trend_stationarity,,Bartlett_short_bandwidth,False,ok,0.13648870196578788,0.4340797877883977,0.7428,0.4614,0.3475,3,36,False,
15min,2024-04-12,2024-04-12,2024-04-12,36,trend_sensitivity,ADF,ct,unit_root,6.0,bic,False,ok,-7.0967424963938335,8.52699256631409e-09,-4.243765510204081,-3.5443646122448977,-3.2046503498542274,0,35,True,
15min,2024-04-12,2024-04-12,2024-04-12,36,trend_sensitivity,PP,ct,unit_root,,Bartlett_short_bandwidth,False,ok,-6.995144128662387,1.4491998557323583e-08,-4.243765510204081,-3.5443646122448977,-3.2046503498542274,3,35,True,
15min,2024-04-12,2024-04-12,2024-04-12,36,trend_sensitivity,KPSS,ct,level_or_trend_stationarity,,Bartlett_short_bandwidth,False,ok,0.09989104854506725,0.16219375627126187,0.2175,0.1479,0.1193,3,36,False,
15min,2024-04-12,2024-04-12,2024-04-12,36,lag_sensitivity,ADF,c,unit_root,6.0,aic,False,ok,-7.001402870607188,7.305988770966432e-10,-3.6327426647230316,-2.9485102040816327,-2.6130173469387756,0,35,True,
15min,2024-04-12,2024-04-12,2024-04-12,36,lag_sensitivity,PP,c,unit_root,,Bartlett_short_bandwidth,False,ok,-6.987508137495269,7.898941716278865e-10,-3.6327426647230316,-2.9485102040816327,-2.6130173469387756,6,35,True,
15min,2024-04-12,2024-04-12,2024-04-12,36,lag_sensitivity,KPSS,c,level_or_trend_stationarity,,Bartlett_short_bandwidth,False,ok,0.16559069572510052,0.34584973701895455,0.7428,0.4614,0.3475,6,36,False,
15min,2024-04-15,2024-04-15,2024-04-15,36,main,ADF,c,unit_root,6.0,bic,False,ok,-6.5088184792284975,1.1136239032973675e-08,-3.6327426647230316,-2.9485102040816327,-2.6130173469387756,0,35,True,
15min,2024-04-15,2024-04-15,2024-04-15,36,main,PP,c,unit_root,,Bartlett_short_bandwidth,False,ok,-6.7248016109048745,3.4110400774769525e-09,-3.6327426647230316,-2.9485102040816327,-2.6130173469387756,3,35,True,
15min,2024-04-15,2024-04-15,2024-04-15,36,main,KPSS,c,level_or_trend_stationarity,,Bartlett_short_bandwidth,False,ok,0.09727974235527564,0.5991012882236217,0.7428,0.4614,0.3475,3,36,False,
15min,2024-04-15,2024-04-15,2024-04-15,36,trend_sensitivity,ADF,ct,unit_root,6.0,bic,False,ok,-6.387028041050079,3.25960903744612e-07,-4.243765510204081,-3.5443646122448977,-3.2046503498542274,0,35,True,
15min,2024-04-15,2024-04-15,2024-04-15,36,trend_sensitivity,PP,ct,unit_root,,Bartlett_short_bandwidth,False,ok,-6.58146141340857,1.2207425722205346e-07,-4.243765510204081,-3.5443646122448977,-3.2046503498542274,3,35,True,
15min,2024-04-15,2024-04-15,2024-04-15,36,trend_sensitivity,KPSS,ct,level_or_trend_stationarity,,Bartlett_short_bandwidth,False,ok,0.0756028500137185,0.30074730758678075,0.2175,0.1479,0.1193,3,36,False,
15min,2024-04-15,2024-04-15,2024-04-15,36,lag_sensitivity,ADF,c,unit_root,6.0,aic,False,ok,-6.5088184792284975,1.1136239032973675e-08,-3.6327426647230316,-2.9485102040816327,-2.6130173469387756,0,35,True,
15min,2024-04-15,2024-04-15,2024-04-15,36,lag_sensitivity,PP,c,unit_root,,Bartlett_short_bandwidth,False,ok,-6.908564526135903,1.2291001266651972e-09,-3.6327426647230316,-2.9485102040816327,-2.6130173469387756,6,35,True,
15min,2024-04-15,2024-04-15,2024-04-15,36,lag_sensitivity,KPSS,c,level_or_trend_stationarity,,Bartlett_short_bandwidth,False,ok,0.1053053665248767,0.5599756067051059,0.7428,0.4614,0.3475,6,36,False,
15min,2024-04-17,2024-04-17,2024-04-17,36,main,ADF,c,unit_root,6.0,bic,False,ok,-7.915936578849042,3.836267869575705e-12,-3.6327426647230316,-2.9485102040816327,-2.6130173469387756,0,35,True,
15min,2024-04-17,2024-04-17,2024-04-17,36,main,PP,c,unit_root,,Bartlett_short_bandwidth,False,ok,-8.287951976772721,4.339112614514898e-13,-3.6327426647230316,-2.9485102040816327,-2.6130173469387756,3,35,True,
15min,2024-04-17,2024-04-17,2024-04-17,36,main,KPSS,c,level_or_trend_stationarity,,Bartlett_short_bandwidth,False,ok,0.2157929103867844,0.2391875103514543,0.7428,0.4614,0.3475,3,36,False,
15min,2024-04-17,2024-04-17,2024-04-17,36,trend_sensitivity,ADF,ct,unit_root,6.0,bic,False,ok,-7.95050307064838,9.299174518108728e-11,-4.243765510204081,-3.5443646122448977,-3.2046503498542274,0,35,True,
15min,2024-04-17,2024-04-17,2024-04-17,36,trend_sensitivity,PP,ct,unit_root,,Bartlett_short_bandwidth,False,ok,-8.467893463690746,5.946303724400079e-12,-4.243765510204081,-3.5443646122448977,-3.2046503498542274,3,35,True,
15min,2024-04-17,2024-04-17,2024-04-17,36,trend_sensitivity,KPSS,ct,level_or_trend_stationarity,,Bartlett_short_bandwidth,False,ok,0.06023957971663624,0.44545932140186095,0.2175,0.1479,0.1193,3,36,False,
15min,2024-04-17,2024-04-17,2024-04-17,36,lag_sensitivity,ADF,c,unit_root,6.0,aic,False,ok,-7.915936578849042,3.836267869575705e-12,-3.6327426647230316,-2.9485102040816327,-2.6130173469387756,0,35,True,
15min,2024-04-17,2024-04-17,2024-04-17,36,lag_sensitivity,PP,c,unit_root,,Bartlett_short_bandwidth,False,ok,-9.10837914701266,3.4526920415782974e-15,-3.6327426647230316,-2.9485102040816327,-2.6130173469387756,6,35,True,
15min,2024-04-17,2024-04-17,2024-04-17,36,lag_sensitivity,KPSS,c,level_or_trend_stationarity,,Bartlett_short_bandwidth,False,ok,0.31667350432344243,0.12161213027326992,0.7428,0.4614,0.3475,6,36,False,
15min,2024-04-18,2024-04-18,2024-04-18,36,main,ADF,c,unit_root,6.0,bic,False,ok,-3.8116110776620755,0.002790727692067282,-3.639224104416853,-2.9512301791166293,-2.614446989619377,1,34,True,
15min,2024-04-18,2024-04-18,2024-04-18,36,main,PP,c,unit_root,,Bartlett_short_bandwidth,False,ok,-5.1755296361866225,9.861852805134337e-06,-3.6327426647230316,-2.9485102040816327,-2.6130173469387756,3,35,True,
15min,2024-04-18,2024-04-18,2024-04-18,36,main,KPSS,c,level_or_trend_stationarity,,Bartlett_short_bandwidth,False,ok,0.10275672882236404,0.572227265277096,0.7428,0.4614,0.3475,3,36,False,
15min,2024-04-18,2024-04-18,2024-04-18,36,trend_sensitivity,ADF,ct,unit_root,6.0,bic,False,ok,-3.8010645326463406,0.016506864391173732,-4.253042608385915,-3.5485904579686545,-3.2070617952371263,1,34,True,
15min,2024-04-18,2024-04-18,2024-04-18,36,trend_sensitivity,PP,ct,unit_root,,Bartlett_short_bandwidth,False,ok,-5.092217669317546,0.00013929734988078665,-4.243765510204081,-3.5443646122448977,-3.2046503498542274,3,35,True,
15min,2024-04-18,2024-04-18,2024-04-18,36,trend_sensitivity,KPSS,ct,level_or_trend_stationarity,,Bartlett_short_bandwidth,False,ok,0.08701674300308129,0.22437459105492166,0.2175,0.1479,0.1193,3,36,False,
15min,2024-04-18,2024-04-18,2024-04-18,36,lag_sensitivity,ADF,c,unit_root,6.0,aic,False,ok,-2.357576239217181,0.15406981218061305,-3.6790595944893187,-2.9678817237279103,-2.6231583472057074,6,29,False,
15min,2024-04-18,2024-04-18,2024-04-18,36,lag_sensitivity,PP,c,unit_root,,Bartlett_short_bandwidth,False,ok,-5.25746337504893,6.7031586057721215e-06,-3.6327426647230316,-2.9485102040816327,-2.6130173469387756,6,35,True,
15min,2024-04-18,2024-04-18,2024-04-18,36,lag_sensitivity,KPSS,c,level_or_trend_stationarity,,Bartlett_short_bandwidth,False,ok,0.0958386789127462,0.606306605436269,0.7428,0.4614,0.3475,6,36,False,
15min,2024-04-19,2024-04-19,2024-04-19,36,main,ADF,c,unit_root,6.0,bic,False,ok,-7.177199955205429,2.707843634173184e-10,-3.6327426647230316,-2.9485102040816327,-2.6130173469387756,0,35,True,
15min,2024-04-19,2024-04-19,2024-04-19,36,main,PP,c,unit_root,,Bartlett_short_bandwidth,False,ok,-7.339056713080819,1.077183007600046e-10,-3.6327426647230316,-2.9485102040816327,-2.6130173469387756,3,35,True,
15min,2024-04-19,2024-04-19,2024-04-19,36,main,KPSS,c,level_or_trend_stationarity,,Bartlett_short_bandwidth,False,ok,0.37792620751990635,0.0827927512653539,0.7428,0.4614,0.3475,3,36,False,
15min,2024-04-19,2024-04-19,2024-04-19,36,trend_sensitivity,ADF,ct,unit_root,6.0,bic,False,ok,-7.258321107424268,3.6521941258307557e-09,-4.243765510204081,-3.5443646122448977,-3.2046503498542274,0,35,True,
15min,2024-04-19,2024-04-19,2024-04-19,36,trend_sensitivity,PP,ct,unit_root,,Bartlett_short_bandwidth,False,ok,-7.527426828509966,8.812974993448874e-10,-4.243765510204081,-3.5443646122448977,-3.2046503498542274,3,35,True,
15min,2024-04-19,2024-04-19,2024-04-19,36,trend_sensitivity,KPSS,ct,level_or_trend_stationarity,,Bartlett_short_bandwidth,False,ok,0.11368059221640543,0.11518758860430964,0.2175,0.1479,0.1193,3,36,False,
15min,2024-04-19,2024-04-19,2024-04-19,36,lag_sensitivity,ADF,c,unit_root,6.0,aic,False,ok,-7.177199955205429,2.707843634173184e-10,-3.6327426647230316,-2.9485102040816327,-2.6130173469387756,0,35,True,
15min,2024-04-19,2024-04-19,2024-04-19,36,lag_sensitivity,PP,c,unit_root,,Bartlett_short_bandwidth,False,ok,-7.276218357980377,1.5419942007789273e-10,-3.6327426647230316,-2.9485102040816327,-2.6130173469387756,6,35,True,
15min,2024-04-19,2024-04-19,2024-04-19,36,lag_sensitivity,KPSS,c,level_or_trend_stationarity,,Bartlett_short_bandwidth,False,ok,0.34443685028902976,0.10211982678959877,0.7428,0.4614,0.3475,6,36,False,
15min,2024-04-22,2024-04-22,2024-04-22,36,main,ADF,c,unit_root,6.0,bic,False,ok,-4.9012497108609185,3.4679548584447635e-05,-3.6327426647230316,-2.9485102040816327,-2.6130173469387756,0,35,True,
15min,2024-04-22,2024-04-22,2024-04-22,36,main,PP,c,unit_root,,Bartlett_short_bandwidth,False,ok,-4.883204186963852,3.759693354193534e-05,-3.6327426647230316,-2.9485102040816327,-2.6130173469387756,3,35,True,
15min,2024-04-22,2024-04-22,2024-04-22,36,main,KPSS,c,level_or_trend_stationarity,,Bartlett_short_bandwidth,False,ok,0.0808083914875017,0.6877387373667935,0.7428,0.4614,0.3475,3,36,False,
15min,2024-04-22,2024-04-22,2024-04-22,36,trend_sensitivity,ADF,ct,unit_root,6.0,bic,False,ok,-4.837742236580522,0.0004020496691335855,-4.243765510204081,-3.5443646122448977,-3.2046503498542274,0,35,True,
15min,2024-04-22,2024-04-22,2024-04-22,36,trend_sensitivity,PP,ct,unit_root,,Bartlett_short_bandwidth,False,ok,-4.8167582876985024,0.0004377474470156977,-4.243765510204081,-3.5443646122448977,-3.2046503498542274,3,35,True,
15min,2024-04-22,2024-04-22,2024-04-22,36,trend_sensitivity,KPSS,ct,level_or_trend_stationarity,,Bartlett_short_bandwidth,False,ok,0.08101760453577096,0.2617751411326141,0.2175,0.1479,0.1193,3,36,False,
15min,2024-04-22,2024-04-22,2024-04-22,36,lag_sensitivity,ADF,c,unit_root,6.0,aic,False,ok,-4.9012497108609185,3.4679548584447635e-05,-3.6327426647230316,-2.9485102040816327,-2.6130173469387756,0,35,True,
15min,2024-04-22,2024-04-22,2024-04-22,36,lag_sensitivity,PP,c,unit_root,,Bartlett_short_bandwidth,False,ok,-4.8168252030649,5.049548784070387e-05,-3.6327426647230316,-2.9485102040816327,-2.6130173469387756,6,35,True,
15min,2024-04-22,2024-04-22,2024-04-22,36,lag_sensitivity,KPSS,c,level_or_trend_stationarity,,Bartlett_short_bandwidth,False,ok,0.11295262405956455,0.5255522927060653,0.7428,0.4614,0.3475,6,36,False,
15min,2024-04-23,2024-04-23,2024-04-23,36,main,ADF,c,unit_root,6.0,bic,False,ok,-5.163674134796465,1.0424433832253742e-05,-3.6327426647230316,-2.9485102040816327,-2.6130173469387756,0,35,True,
15min,2024-04-23,2024-04-23,2024-04-23,36,main,PP,c,unit_root,,Bartlett_short_bandwidth,False,ok,-5.163897505281204,1.0413552679323146e-05,-3.6327426647230316,-2.9485102040816327,-2.6130173469387756,3,35,True,
15min,2024-04-23,2024-04-23,2024-04-23,36,main,KPSS,c,level_or_trend_stationarity,,Bartlett_short_bandwidth,False,ok,0.15586796454834798,0.3727739150346786,0.7428,0.4614,0.3475,3,36,False,
15min,2024-04-23,2024-04-23,2024-04-23,36,trend_sensitivity,ADF,ct,unit_root,6.0,bic,False,ok,-5.062326322824597,0.00015818344643742904,-4.243765510204081,-3.5443646122448977,-3.2046503498542274,0,35,True,
15min,2024-04-23,2024-04-23,2024-04-23,36,trend_sensitivity,PP,ct,unit_root,,Bartlett_short_bandwidth,False,ok,-5.061231942707583,0.00015891944650616655,-4.243765510204081,-3.5443646122448977,-3.2046503498542274,3,35,True,
15min,2024-04-23,2024-04-23,2024-04-23,36,trend_sensitivity,KPSS,ct,level_or_trend_stationarity,,Bartlett_short_bandwidth,False,ok,0.15830648896763844,0.03911711494066803,0.2175,0.1479,0.1193,3,36,True,
15min,2024-04-23,2024-04-23,2024-04-23,36,lag_sensitivity,ADF,c,unit_root,6.0,aic,False,ok,-5.163674134796465,1.0424433832253742e-05,-3.6327426647230316,-2.9485102040816327,-2.6130173469387756,0,35,True,
15min,2024-04-23,2024-04-23,2024-04-23,36,lag_sensitivity,PP,c,unit_root,,Bartlett_short_bandwidth,False,ok,-5.16749948480073,1.0239598052208757e-05,-3.6327426647230316,-2.9485102040816327,-2.6130173469387756,6,35,True,
15min,2024-04-23,2024-04-23,2024-04-23,36,lag_sensitivity,KPSS,c,level_or_trend_stationarity,,Bartlett_short_bandwidth,False,ok,0.14043492151638579,0.4205653372726514,0.7428,0.4614,0.3475,6,36,False,
15min,2024-04-24,2024-04-24,2024-04-24,36,main,ADF,c,unit_root,6.0,bic,False,ok,-5.076073024562916,1.565811194835068e-05,-3.639224104416853,-2.9512301791166293,-2.614446989619377,1,34,True,
15min,2024-04-24,2024-04-24,2024-04-24,36,main,PP,c,unit_root,,Bartlett_short_bandwidth,False,ok,-5.29041539297362,5.731601943223844e-06,-3.6327426647230316,-2.9485102040816327,-2.6130173469387756,3,35,True,
15min,2024-04-24,2024-04-24,2024-04-24,36,main,KPSS,c,level_or_trend_stationarity,,Bartlett_short_bandwidth,False,ok,0.32171850861099677,0.1178418625529434,0.7428,0.4614,0.3475,3,36,False,
15min,2024-04-24,2024-04-24,2024-04-24,36,trend_sensitivity,ADF,ct,unit_root,6.0,bic,False,ok,-5.367076655763898,4.195656132560436e-05,-4.253042608385915,-3.5485904579686545,-3.2070617952371263,1,34,True,
15min,2024-04-24,2024-04-24,2024-04-24,36,trend_sensitivity,PP,ct,unit_root,,Bartlett_short_bandwidth,False,ok,-5.619627636785243,1.3309441252738245e-05,-4.243765510204081,-3.5443646122448977,-3.2046503498542274,3,35,True,
15min,2024-04-24,2024-04-24,2024-04-24,36,trend_sensitivity,KPSS,ct,level_or_trend_stationarity,,Bartlett_short_bandwidth,False,ok,0.10506238191301241,0.14240610598863243,0.2175,0.1479,0.1193,3,36,False,
15min,2024-04-24,2024-04-24,2024-04-24,36,lag_sensitivity,ADF,c,unit_root,6.0,aic,False,ok,-5.076073024562916,1.565811194835068e-05,-3.639224104416853,-2.9512301791166293,-2.614446989619377,1,34,True,
15min,2024-04-24,2024-04-24,2024-04-24,36,lag_sensitivity,PP,c,unit_root,,Bartlett_short_bandwidth,False,ok,-5.292418097477492,5.677180021743822e-06,-3.6327426647230316,-2.9485102040816327,-2.6130173469387756,6,35,True,
15min,2024-04-24,2024-04-24,2024-04-24,36,lag_sensitivity,KPSS,c,level_or_trend_stationarity,,Bartlett_short_bandwidth,False,ok,0.3057668971955815,0.13073899816269333,0.7428,0.4614,0.3475,6,36,False,
15min,2024-04-25,2024-04-25,2024-04-25,36,main,ADF,c,unit_root,6.0,bic,False,ok,-5.580969791451093,1.3969282755241788e-06,-3.6327426647230316,-2.9485102040816327,-2.6130173469387756,0,35,True,
15min,2024-04-25,2024-04-25,2024-04-25,36,main,PP,c,unit_root,,Bartlett_short_bandwidth,False,ok,-5.655307830746291,9.65133902202109e-07,-3.6327426647230316,-2.9485102040816327,-2.6130173469387756,3,35,True,
15min,2024-04-25,2024-04-25,2024-04-25,36,main,KPSS,c,level_or_trend_stationarity,,Bartlett_short_bandwidth,False,ok,0.0938974337809447,0.6160774798885921,0.7428,0.4614,0.3475,3,36,False,
15min,2024-04-25,2024-04-25,2024-04-25,36,trend_sensitivity,ADF,ct,unit_root,6.0,bic,False,ok,-5.7877255474682325,6.063948706414469e-06,-4.243765510204081,-3.5443646122448977,-3.2046503498542274,0,35,True,
15min,2024-04-25,2024-04-25,2024-04-25,36,trend_sensitivity,PP,ct,unit_root,,Bartlett_short_bandwidth,False,ok,-5.792561906108289,5.926900901128675e-06,-4.243765510204081,-3.5443646122448977,-3.2046503498542274,3,35,True,
15min,2024-04-25,2024-04-25,2024-04-25,36,trend_sensitivity,KPSS,ct,level_or_trend_stationarity,,Bartlett_short_bandwidth,False,ok,0.06487884109873296,0.39621158901267045,0.2175,0.1479,0.1193,3,36,False,
15min,2024-04-25,2024-04-25,2024-04-25,36,lag_sensitivity,ADF,c,unit_root,6.0,aic,False,ok,-6.136855308583013,8.147695199933828e-08,-3.6699197407407405,-2.9640707407407407,-2.621171111111111,5,30,True,
15min,2024-04-25,2024-04-25,2024-04-25,36,lag_sensitivity,PP,c,unit_root,,Bartlett_short_bandwidth,False,ok,-5.6854731889086825,8.298696796729618e-07,-3.6327426647230316,-2.9485102040816327,-2.6130173469387756,6,35,True,
15min,2024-04-25,2024-04-25,2024-04-25,36,lag_sensitivity,KPSS,c,level_or_trend_stationarity,,Bartlett_short_bandwidth,False,ok,0.11260869541576025,0.5270055123277736,0.7428,0.4614,0.3475,6,36,False,
15min,2024-04-26,2024-04-26,2024-04-26,36,main,ADF,c,unit_root,6.0,bic,False,ok,-5.327260798670955,4.806831081138541e-06,-3.6327426647230316,-2.9485102040816327,-2.6130173469387756,0,35,True,
15min,2024-04-26,2024-04-26,2024-04-26,36,main,PP,c,unit_root,,Bartlett_short_bandwidth,False,ok,-5.3349807092785495,4.632309164553737e-06,-3.6327426647230316,-2.9485102040816327,-2.6130173469387756,3,35,True,
15min,2024-04-26,2024-04-26,2024-04-26,36,main,KPSS,c,level_or_trend_stationarity,,Bartlett_short_bandwidth,False,ok,0.20790497160902952,0.25320540784101875,0.7428,0.4614,0.3475,3,36,False,
15min,2024-04-26,2024-04-26,2024-04-26,36,trend_sensitivity,ADF,ct,unit_root,6.0,bic,False,ok,-5.91352164529998,3.331975093464547e-06,-4.243765510204081,-3.5443646122448977,-3.2046503498542274,0,35,True,
15min,2024-04-26,2024-04-26,2024-04-26,36,trend_sensitivity,PP,ct,unit_root,,Bartlett_short_bandwidth,False,ok,-5.996943272141609,2.2295901850623663e-06,-4.243765510204081,-3.5443646122448977,-3.2046503498542274,3,35,True,
15min,2024-04-26,2024-04-26,2024-04-26,36,trend_sensitivity,KPSS,ct,level_or_trend_stationarity,,Bartlett_short_bandwidth,False,ok,0.05512705426325144,0.5060753488409827,0.2175,0.1479,0.1193,3,36,False,
15min,2024-04-26,2024-04-26,2024-04-26,36,lag_sensitivity,ADF,c,unit_root,6.0,aic,False,ok,-3.558591507065403,0.006603839784135645,-3.661428725118324,-2.960525341210433,-2.6193188033298647,4,31,True,
15min,2024-04-26,2024-04-26,2024-04-26,36,lag_sensitivity,PP,c,unit_root,,Bartlett_short_bandwidth,False,ok,-5.375152205736731,3.818931367317118e-06,-3.6327426647230316,-2.9485102040816327,-2.6130173469387756,6,35,True,
15min,2024-04-26,2024-04-26,2024-04-26,36,lag_sensitivity,KPSS,c,level_or_trend_stationarity,,Bartlett_short_bandwidth,False,ok,0.22944512646313633,0.21735586899524797,0.7428,0.4614,0.3475,6,36,False,
15min,2024-04-29,2024-04-29,2024-04-29,36,main,ADF,c,unit_root,6.0,bic,False,ok,-7.057588626413235,5.325539227459096e-10,-3.6327426647230316,-2.9485102040816327,-2.6130173469387756,0,35,True,
15min,2024-04-29,2024-04-29,2024-04-29,36,main,PP,c,unit_root,,Bartlett_short_bandwidth,False,ok,-7.389020943207601,8.092756634462778e-11,-3.6327426647230316,-2.9485102040816327,-2.6130173469387756,3,35,True,
15min,2024-04-29,2024-04-29,2024-04-29,36,main,KPSS,c,level_or_trend_stationarity,,Bartlett_short_bandwidth,False,ok,0.05704276683459109,0.8329983409248222,0.7428,0.4614,0.3475,3,36,False,
15min,2024-04-29,2024-04-29,2024-04-29,36,trend_sensitivity,ADF,ct,unit_root,6.0,bic,False,ok,-6.941845128532558,1.9122247052150886e-08,-4.243765510204081,-3.5443646122448977,-3.2046503498542274,0,35,True,
15min,2024-04-29,2024-04-29,2024-04-29,36,trend_sensitivity,PP,ct,unit_root,,Bartlett_short_bandwidth,False,ok,-7.2525194202831225,3.765414450345645e-09,-4.243765510204081,-3.5443646122448977,-3.2046503498542274,3,35,True,
15min,2024-04-29,2024-04-29,2024-04-29,36,trend_sensitivity,KPSS,ct,level_or_trend_stationarity,,Bartlett_short_bandwidth,False,ok,0.0467948395861473,0.6194906104258515,0.2175,0.1479,0.1193,3,36,False,
15min,2024-04-29,2024-04-29,2024-04-29,36,lag_sensitivity,ADF,c,unit_root,6.0,aic,False,ok,-7.057588626413235,5.325539227459096e-10,-3.6327426647230316,-2.9485102040816327,-2.6130173469387756,0,35,True,
15min,2024-04-29,2024-04-29,2024-04-29,36,lag_sensitivity,PP,c,unit_root,,Bartlett_short_bandwidth,False,ok,-8.113785133912545,1.2061162732150224e-12,-3.6327426647230316,-2.9485102040816327,-2.6130173469387756,6,35,True,
15min,2024-04-29,2024-04-29,2024-04-29,36,lag_sensitivity,KPSS,c,level_or_trend_stationarity,,Bartlett_short_bandwidth,False,ok,0.0890154583795654,0.6420974997478252,0.7428,0.4614,0.3475,6,36,False,
15min,2024-04-30,2024-04-30,2024-04-30,36,main,ADF,c,unit_root,6.0,bic,False,ok,-2.688468995155374,0.07605497979425342,-3.6461350877925254,-2.954126991123355,-2.6159676124885216,2,33,False,
15min,2024-04-30,2024-04-30,2024-04-30,36,main,PP,c,unit_root,,Bartlett_short_bandwidth,False,ok,-8.788625533465025,2.2723624749014172e-14,-3.6327426647230316,-2.9485102040816327,-2.6130173469387756,3,35,True,
15min,2024-04-30,2024-04-30,2024-04-30,36,main,KPSS,c,level_or_trend_stationarity,,Bartlett_short_bandwidth,False,ok,0.533077212903915,0.03295541110828666,0.7428,0.4614,0.3475,3,36,True,
15min,2024-04-30,2024-04-30,2024-04-30,36,trend_sensitivity,ADF,ct,unit_root,6.0,bic,False,ok,-11.064348603611323,1.6816000312960775e-17,-4.243765510204081,-3.5443646122448977,-3.2046503498542274,0,35,True,
15min,2024-04-30,2024-04-30,2024-04-30,36,trend_sensitivity,PP,ct,unit_root,,Bartlett_short_bandwidth,False,ok,-11.262897322049989,7.19245621021061e-18,-4.243765510204081,-3.5443646122448977,-3.2046503498542274,3,35,True,
15min,2024-04-30,2024-04-30,2024-04-30,36,trend_sensitivity,KPSS,ct,level_or_trend_stationarity,,Bartlett_short_bandwidth,False,ok,0.06819075110940143,0.3636595132437959,0.2175,0.1479,0.1193,3,36,False,
15min,2024-04-30,2024-04-30,2024-04-30,36,lag_sensitivity,ADF,c,unit_root,6.0,aic,False,ok,-2.688468995155374,0.07605497979425342,-3.6461350877925254,-2.954126991123355,-2.6159676124885216,2,33,False,
15min,2024-04-30,2024-04-30,2024-04-30,36,lag_sensitivity,PP,c,unit_root,,Bartlett_short_bandwidth,False,ok,-8.488373026324144,1.33405310186724e-13,-3.6327426647230316,-2.9485102040816327,-2.6130173469387756,6,35,True,
15min,2024-04-30,2024-04-30,2024-04-30,36,lag_sensitivity,KPSS,c,level_or_trend_stationarity,,Bartlett_short_bandwidth,False,ok,0.4221464128113699,0.0632908222513647,0.7428,0.4614,0.3475,6,36,False,
15min,2024-05-02,2024-05-02,2024-05-02,36,main,ADF,c,unit_root,6.0,bic,False,ok,-5.09841234692672,1.4122413588754219e-05,-3.6327426647230316,-2.9485102040816327,-2.6130173469387756,0,35,True,
15min,2024-05-02,2024-05-02,2024-05-02,36,main,PP,c,unit_root,,Bartlett_short_bandwidth,False,ok,-5.071050713041944,1.6024946093224164e-05,-3.6327426647230316,-2.9485102040816327,-2.6130173469387756,3,35,True,
15min,2024-05-02,2024-05-02,2024-05-02,36,main,KPSS,c,level_or_trend_stationarity,,Bartlett_short_bandwidth,False,ok,0.06868647713918571,0.760602214678638,0.7428,0.4614,0.3475,3,36,False,
15min,2024-05-02,2024-05-02,2024-05-02,36,trend_sensitivity,ADF,ct,unit_root,6.0,bic,False,ok,-5.023692381986476,0.00018624622763091202,-4.243765510204081,-3.5443646122448977,-3.2046503498542274,0,35,True,
15min,2024-05-02,2024-05-02,2024-05-02,36,trend_sensitivity,PP,ct,unit_root,,Bartlett_short_bandwidth,False,ok,-4.991671357635938,0.00021305479160663537,-4.243765510204081,-3.5443646122448977,-3.2046503498542274,3,35,True,
15min,2024-05-02,2024-05-02,2024-05-02,36,trend_sensitivity,KPSS,ct,level_or_trend_stationarity,,Bartlett_short_bandwidth,False,ok,0.06921969495679063,0.35396814692421863,0.2175,0.1479,0.1193,3,36,False,
15min,2024-05-02,2024-05-02,2024-05-02,36,lag_sensitivity,ADF,c,unit_root,6.0,aic,False,ok,-3.8900602661365684,0.0021092281144390636,-3.653519805908203,-2.9572185644531253,-2.6175881640625,3,32,True,
15min,2024-05-02,2024-05-02,2024-05-02,36,lag_sensitivity,PP,c,unit_root,,Bartlett_short_bandwidth,False,ok,-5.075718309997976,1.568375214800664e-05,-3.6327426647230316,-2.9485102040816327,-2.6130173469387756,6,35,True,
15min,2024-05-02,2024-05-02,2024-05-02,36,lag_sensitivity,KPSS,c,level_or_trend_stationarity,,Bartlett_short_bandwidth,False,ok,0.10242232311442442,0.5738349850268056,0.7428,0.4614,0.3475,6,36,False,
15min,2024-05-03,2024-05-03,2024-05-03,36,main,ADF,c,unit_root,6.0,bic,False,ok,-6.440071531083715,1.616351082090784e-08,-3.6327426647230316,-2.9485102040816327,-2.6130173469387756,0,35,True,
15min,2024-05-03,2024-05-03,2024-05-03,36,main,PP,c,unit_root,,Bartlett_short_bandwidth,False,ok,-6.410443593024133,1.8966618097765973e-08,-3.6327426647230316,-2.9485102040816327,-2.6130173469387756,3,35,True,
15min,2024-05-03,2024-05-03,2024-05-03,36,main,KPSS,c,level_or_trend_stationarity,,Bartlett_short_bandwidth,False,ok,0.2111285403914791,0.24744903501521587,0.7428,0.4614,0.3475,3,36,False,
15min,2024-05-03,2024-05-03,2024-05-03,36,trend_sensitivity,ADF,ct,unit_root,6.0,bic,False,ok,-4.490083606481181,0.0015668914812177993,-4.2970953703703705,-3.5685571851851847,-3.2184266666666668,5,30,True,
15min,2024-05-03,2024-05-03,2024-05-03,36,trend_sensitivity,PP,ct,unit_root,,Bartlett_short_bandwidth,False,ok,-6.706842524989217,6.4340065718265e-08,-4.243765510204081,-3.5443646122448977,-3.2046503498542274,3,35,True,
15min,2024-05-03,2024-05-03,2024-05-03,36,trend_sensitivity,KPSS,ct,level_or_trend_stationarity,,Bartlett_short_bandwidth,False,ok,0.09905888527137309,0.16578066693373672,0.2175,0.1479,0.1193,3,36,False,
15min,2024-05-03,2024-05-03,2024-05-03,36,lag_sensitivity,ADF,c,unit_root,6.0,aic,False,ok,-4.45812225235829,0.00023389329778124396,-3.6699197407407405,-2.9640707407407407,-2.621171111111111,5,30,True,
15min,2024-05-03,2024-05-03,2024-05-03,36,lag_sensitivity,PP,c,unit_root,,Bartlett_short_bandwidth,False,ok,-6.421061345247354,1.7910964721926802e-08,-3.6327426647230316,-2.9485102040816327,-2.6130173469387756,6,35,True,
15min,2024-05-03,2024-05-03,2024-05-03,36,lag_sensitivity,KPSS,c,level_or_trend_stationarity,,Bartlett_short_bandwidth,False,ok,0.25715957488968016,0.17958510589652285,0.7428,0.4614,0.3475,6,36,False,
15min,2024-05-06,2024-05-06,2024-05-06,36,main,ADF,c,unit_root,6.0,bic,False,ok,-3.0732762694716858,0.02859512085735934,-3.639224104416853,-2.9512301791166293,-2.614446989619377,1,34,True,
15min,2024-05-06,2024-05-06,2024-05-06,36,main,PP,c,unit_root,,Bartlett_short_bandwidth,False,ok,-4.962374783255577,2.6330234696046404e-05,-3.6327426647230316,-2.9485102040816327,-2.6130173469387756,3,35,True,
15min,2024-05-06,2024-05-06,2024-05-06,36,main,KPSS,c,level_or_trend_stationarity,,Bartlett_short_bandwidth,False,ok,0.09257866843922713,0.6230921891530472,0.7428,0.4614,0.3475,3,36,False,
15min,2024-05-06,2024-05-06,2024-05-06,36,trend_sensitivity,ADF,ct,unit_root,6.0,bic,False,ok,-3.2779108589303667,0.0699645113977475,-4.253042608385915,-3.5485904579686545,-3.2070617952371263,1,34,False,
15min,2024-05-06,2024-05-06,2024-05-06,36,trend_sensitivity,PP,ct,unit_root,,Bartlett_short_bandwidth,False,ok,-4.944788809789346,0.0002590404368522632,-4.243765510204081,-3.5443646122448977,-3.2046503498542274,3,35,True,
15min,2024-05-06,2024-05-06,2024-05-06,36,trend_sensitivity,KPSS,ct,level_or_trend_stationarity,,Bartlett_short_bandwidth,False,ok,0.07313817458287192,0.3205152118094006,0.2175,0.1479,0.1193,3,36,False,
15min,2024-05-06,2024-05-06,2024-05-06,36,lag_sensitivity,ADF,c,unit_root,6.0,aic,False,ok,-3.0732762694716858,0.02859512085735934,-3.639224104416853,-2.9512301791166293,-2.614446989619377,1,34,True,
15min,2024-05-06,2024-05-06,2024-05-06,36,lag_sensitivity,PP,c,unit_root,,Bartlett_short_bandwidth,False,ok,-4.941050371498127,2.8995093076005307e-05,-3.6327426647230316,-2.9485102040816327,-2.6130173469387756,6,35,True,
15min,2024-05-06,2024-05-06,2024-05-06,36,lag_sensitivity,KPSS,c,level_or_trend_stationarity,,Bartlett_short_bandwidth,False,ok,0.1020345331883579,0.5756993596713563,0.7428,0.4614,0.3475,6,36,False,
15min,2024-05-07,2024-05-07,2024-05-07,36,main,ADF,c,unit_root,6.0,bic,False,ok,-5.714727614590654,7.164532795823386e-07,-3.6327426647230316,-2.9485102040816327,-2.6130173469387756,0,35,True,
15min,2024-05-07,2024-05-07,2024-05-07,36,main,PP,c,unit_root,,Bartlett_short_bandwidth,False,ok,-5.715264564756817,7.14520019354055e-07,-3.6327426647230316,-2.9485102040816327,-2.6130173469387756,3,35,True,
15min,2024-05-07,2024-05-07,2024-05-07,36,main,KPSS,c,level_or_trend_stationarity,,Bartlett_short_bandwidth,False,ok,0.2719726345396796,0.16273683902116706,0.7428,0.4614,0.3475,3,36,False,
15min,2024-05-07,2024-05-07,2024-05-07,36,trend_sensitivity,ADF,ct,unit_root,6.0,bic,False,ok,-6.237391617600281,6.870724907978357e-07,-4.243765510204081,-3.5443646122448977,-3.2046503498542274,0,35,True,
15min,2024-05-07,2024-05-07,2024-05-07,36,trend_sensitivity,PP,ct,unit_root,,Bartlett_short_bandwidth,False,ok,-6.350976292293606,3.904433310310357e-07,-4.243765510204081,-3.5443646122448977,-3.2046503498542274,3,35,True,
15min,2024-05-07,2024-05-07,2024-05-07,36,trend_sensitivity,KPSS,ct,level_or_trend_stationarity,,Bartlett_short_bandwidth,False,ok,0.08038748252428567,0.26612081017734024,0.2175,0.1479,0.1193,3,36,False,
15min,2024-05-07,2024-05-07,2024-05-07,36,lag_sensitivity,ADF,c,unit_root,6.0,aic,False,ok,-1.5819531663684976,0.49265237555553437,-3.6790595944893187,-2.9678817237279103,-2.6231583472057074,6,29,False,
15min,2024-05-07,2024-05-07,2024-05-07,36,lag_sensitivity,PP,c,unit_root,,Bartlett_short_bandwidth,False,ok,-5.718620344618177,7.025526362448733e-07,-3.6327426647230316,-2.9485102040816327,-2.6130173469387756,6,35,True,
15min,2024-05-07,2024-05-07,2024-05-07,36,lag_sensitivity,KPSS,c,level_or_trend_stationarity,,Bartlett_short_bandwidth,False,ok,0.29393094720363544,0.14073243123463292,0.7428,0.4614,0.3475,6,36,False,
15min,2024-05-08,2024-05-08,2024-05-08,36,main,ADF,c,unit_root,6.0,bic,False,ok,-4.7527595665827596,6.690753170489061e-05,-3.6327426647230316,-2.9485102040816327,-2.6130173469387756,0,35,True,
15min,2024-05-08,2024-05-08,2024-05-08,36,main,PP,c,unit_root,,Bartlett_short_bandwidth,False,ok,-4.728066217884333,7.450893515024885e-05,-3.6327426647230316,-2.9485102040816327,-2.6130173469387756,3,35,True,
15min,2024-05-08,2024-05-08,2024-05-08,36,main,KPSS,c,level_or_trend_stationarity,,Bartlett_short_bandwidth,False,ok,0.05979035786787124,0.8159148733603859,0.7428,0.4614,0.3475,3,36,False,
15min,2024-05-08,2024-05-08,2024-05-08,36,trend_sensitivity,ADF,ct,unit_root,6.0,bic,False,ok,-4.711806590067731,0.0006661569649857779,-4.243765510204081,-3.5443646122448977,-3.2046503498542274,0,35,True,
15min,2024-05-08,2024-05-08,2024-05-08,36,trend_sensitivity,PP,ct,unit_root,,Bartlett_short_bandwidth,False,ok,-4.6889049367423254,0.0007291595726406868,-4.243765510204081,-3.5443646122448977,-3.2046503498542274,3,35,True,
15min,2024-05-08,2024-05-08,2024-05-08,36,trend_sensitivity,KPSS,ct,level_or_trend_stationarity,,Bartlett_short_bandwidth,False,ok,0.06057085534146941,0.44169482566512036,0.2175,0.1479,0.1193,3,36,False,
15min,2024-05-08,2024-05-08,2024-05-08,36,lag_sensitivity,ADF,c,unit_root,6.0,aic,False,ok,-4.7527595665827596,6.690753170489061e-05,-3.6327426647230316,-2.9485102040816327,-2.6130173469387756,0,35,True,
15min,2024-05-08,2024-05-08,2024-05-08,36,lag_sensitivity,PP,c,unit_root,,Bartlett_short_bandwidth,False,ok,-4.8502323927610576,4.354788077253411e-05,-3.6327426647230316,-2.9485102040816327,-2.6130173469387756,6,35,True,
15min,2024-05-08,2024-05-08,2024-05-08,36,lag_sensitivity,KPSS,c,level_or_trend_stationarity,,Bartlett_short_bandwidth,False,ok,0.08989536077814463,0.6373651022439115,0.7428,0.4614,0.3475,6,36,False,
15min,2024-05-09,2024-05-09,2024-05-09,36,main,ADF,c,unit_root,6.0,bic,False,ok,-6.432674009506645,1.68225878426421e-08,-3.6327426647230316,-2.9485102040816327,-2.6130173469387756,0,35,True,
15min,2024-05-09,2024-05-09,2024-05-09,36,main,PP,c,unit_root,,Bartlett_short_bandwidth,False,ok,-6.350612174824059,2.616548000226749e-08,-3.6327426647230316,-2.9485102040816327,-2.6130173469387756,3,35,True,
15min,2024-05-09,2024-05-09,2024-05-09,36,main,KPSS,c,level_or_trend_stationarity,,Bartlett_short_bandwidth,False,ok,0.426109528796492,0.0618009290238752,0.7428,0.4614,0.3475,3,36,False,
15min,2024-05-09,2024-05-09,2024-05-09,36,trend_sensitivity,ADF,ct,unit_root,6.0,bic,False,ok,-6.728620524565109,5.75365866740805e-08,-4.243765510204081,-3.5443646122448977,-3.2046503498542274,0,35,True,
15min,2024-05-09,2024-05-09,2024-05-09,36,trend_sensitivity,PP,ct,unit_root,,Bartlett_short_bandwidth,False,ok,-6.664581520225945,7.988843429353152e-08,-4.243765510204081,-3.5443646122448977,-3.2046503498542274,3,35,True,
15min,2024-05-09,2024-05-09,2024-05-09,36,trend_sensitivity,KPSS,ct,level_or_trend_stationarity,,Bartlett_short_bandwidth,False,ok,0.09610836136585434,0.17849844238855891,0.2175,0.1479,0.1193,3,36,False,
15min,2024-05-09,2024-05-09,2024-05-09,36,lag_sensitivity,ADF,c,unit_root,6.0,aic,False,ok,-1.9795478880657986,0.2956120016754983,-3.653519805908203,-2.9572185644531253,-2.6175881640625,3,32,False,
15min,2024-05-09,2024-05-09,2024-05-09,36,lag_sensitivity,PP,c,unit_root,,Bartlett_short_bandwidth,False,ok,-6.391643604603902,2.0988112739317744e-08,-3.6327426647230316,-2.9485102040816327,-2.6130173469387756,6,35,True,
15min,2024-05-09,2024-05-09,2024-05-09,36,lag_sensitivity,KPSS,c,level_or_trend_stationarity,,Bartlett_short_bandwidth,False,ok,0.37732269605522706,0.08310066527794538,0.7428,0.4614,0.3475,6,36,False,
15min,2024-05-10,2024-05-10,2024-05-10,36,main,ADF,c,unit_root,6.0,bic,False,ok,-6.3892133511643765,2.1264446185632423e-08,-3.6327426647230316,-2.9485102040816327,-2.6130173469387756,0,35,True,
15min,2024-05-10,2024-05-10,2024-05-10,36,main,PP,c,unit_root,,Bartlett_short_bandwidth,False,ok,-6.378519430234912,2.2523573592898516e-08,-3.6327426647230316,-2.9485102040816327,-2.6130173469387756,3,35,True,
15min,2024-05-10,2024-05-10,2024-05-10,36,main,KPSS,c,level_or_trend_stationarity,,Bartlett_short_bandwidth,False,ok,0.22259243454791647,0.22797950349244536,0.7428,0.4614,0.3475,3,36,False,
15min,2024-05-10,2024-05-10,2024-05-10,36,trend_sensitivity,ADF,ct,unit_root,6.0,bic,False,ok,-6.403562588104586,3.0001030368991e-07,-4.243765510204081,-3.5443646122448977,-3.2046503498542274,0,35,True,
15min,2024-05-10,2024-05-10,2024-05-10,36,trend_sensitivity,PP,ct,unit_root,,Bartlett_short_bandwidth,False,ok,-6.404364102046472,2.9880540279640945e-07,-4.243765510204081,-3.5443646122448977,-3.2046503498542274,3,35,True,
15min,2024-05-10,2024-05-10,2024-05-10,36,trend_sensitivity,KPSS,ct,level_or_trend_stationarity,,Bartlett_short_bandwidth,False,ok,0.06319877483477179,0.41346094998511945,0.2175,0.1479,0.1193,3,36,False,
15min,2024-05-10,2024-05-10,2024-05-10,36,lag_sensitivity,ADF,c,unit_root,6.0,aic,False,ok,-2.7635959983639773,0.06366491380445007,-3.661428725118324,-2.960525341210433,-2.6193188033298647,4,31,False,
15min,2024-05-10,2024-05-10,2024-05-10,36,lag_sensitivity,PP,c,unit_root,,Bartlett_short_bandwidth,False,ok,-6.3546019304269015,2.561134227995679e-08,-3.6327426647230316,-2.9485102040816327,-2.6130173469387756,6,35,True,
15min,2024-05-10,2024-05-10,2024-05-10,36,lag_sensitivity,KPSS,c,level_or_trend_stationarity,,Bartlett_short_bandwidth,False,ok,0.21768802982048868,0.2360636871090846,0.7428,0.4614,0.3475,6,36,False,
15min,2024-05-13,2024-05-13,2024-05-13,36,main,ADF,c,unit_root,6.0,bic,False,ok,-6.566302730704312,8.14289305330542e-09,-3.6327426647230316,-2.9485102040816327,-2.6130173469387756,0,35,True,
15min,2024-05-13,2024-05-13,2024-05-13,36,main,PP,c,unit_root,,Bartlett_short_bandwidth,False,ok,-6.413159080747147,1.8690943864055924e-08,-3.6327426647230316,-2.9485102040816327,-2.6130173469387756,3,35,True,
15min,2024-05-13,2024-05-13,2024-05-13,36,main,KPSS,c,level_or_trend_stationarity,,Bartlett_short_bandwidth,False,ok,0.05574960815408483,0.8410387057777109,0.7428,0.4614,0.3475,3,36,False,
15min,2024-05-13,2024-05-13,2024-05-13,36,trend_sensitivity,ADF,ct,unit_root,6.0,bic,False,ok,-6.523845901632167,1.6355110863814565e-07,-4.243765510204081,-3.5443646122448977,-3.2046503498542274,0,35,True,
15min,2024-05-13,2024-05-13,2024-05-13,36,trend_sensitivity,PP,ct,unit_root,,Bartlett_short_bandwidth,False,ok,-6.3843829713281774,3.3031235243371984e-07,-4.243765510204081,-3.5443646122448977,-3.2046503498542274,3,35,True,
15min,2024-05-13,2024-05-13,2024-05-13,36,trend_sensitivity,KPSS,ct,level_or_trend_stationarity,,Bartlett_short_bandwidth,False,ok,0.05416306184932558,0.518380765140453,0.2175,0.1479,0.1193,3,36,False,
15min,2024-05-13,2024-05-13,2024-05-13,36,lag_sensitivity,ADF,c,unit_root,6.0,aic,False,ok,-6.566302730704312,8.14289305330542e-09,-3.6327426647230316,-2.9485102040816327,-2.6130173469387756,0,35,True,
15min,2024-05-13,2024-05-13,2024-05-13,36,lag_sensitivity,PP,c,unit_root,,Bartlett_short_bandwidth,False,ok,-6.417814339772552,1.8227497006470046e-08,-3.6327426647230316,-2.9485102040816327,-2.6130173469387756,6,35,True,
15min,2024-05-13,2024-05-13,2024-05-13,36,lag_sensitivity,KPSS,c,level_or_trend_stationarity,,Bartlett_short_bandwidth,False,ok,0.07251612042173988,0.7368854802136385,0.7428,0.4614,0.3475,6,36,False,
15min,2024-05-14,2024-05-14,2024-05-14,36,main,ADF,c,unit_root,6.0,bic,False,ok,-7.969979357514424,2.798152255483568e-12,-3.6327426647230316,-2.9485102040816327,-2.6130173469387756,0,35,True,
15min,2024-05-14,2024-05-14,2024-05-14,36,main,PP,c,unit_root,,Bartlett_short_bandwidth,False,ok,-7.891574312665124,4.422048475659999e-12,-3.6327426647230316,-2.9485102040816327,-2.6130173469387756,3,35,True,
15min,2024-05-14,2024-05-14,2024-05-14,36,main,KPSS,c,level_or_trend_stationarity,,Bartlett_short_bandwidth,False,ok,0.14533071955169646,0.4048374373343062,0.7428,0.4614,0.3475,3,36,False,
15min,2024-05-14,2024-05-14,2024-05-14,36,trend_sensitivity,ADF,ct,unit_root,6.0,bic,False,ok,-7.938264842172442,9.925204690044114e-11,-4.243765510204081,-3.5443646122448977,-3.2046503498542274,0,35,True,
15min,2024-05-14,2024-05-14,2024-05-14,36,trend_sensitivity,PP,ct,unit_root,,Bartlett_short_bandwidth,False,ok,-7.91676872044825,1.1128526700128677e-10,-4.243765510204081,-3.5443646122448977,-3.2046503498542274,3,35,True,
15min,2024-05-14,2024-05-14,2024-05-14,36,trend_sensitivity,KPSS,ct,level_or_trend_stationarity,,Bartlett_short_bandwidth,False,ok,0.07849613834047682,0.27931329756802276,0.2175,0.1479,0.1193,3,36,False,
15min,2024-05-14,2024-05-14,2024-05-14,36,lag_sensitivity,ADF,c,unit_root,6.0,aic,False,ok,-7.969979357514424,2.798152255483568e-12,-3.6327426647230316,-2.9485102040816327,-2.6130173469387756,0,35,True,
15min,2024-05-14,2024-05-14,2024-05-14,36,lag_sensitivity,PP,c,unit_root,,Bartlett_short_bandwidth,False,ok,-7.879504129585129,4.7444410558022585e-12,-3.6327426647230316,-2.9485102040816327,-2.6130173469387756,6,35,True,
15min,2024-05-14,2024-05-14,2024-05-14,36,lag_sensitivity,KPSS,c,level_or_trend_stationarity,,Bartlett_short_bandwidth,False,ok,0.15483784134534176,0.37583975790076857,0.7428,0.4614,0.3475,6,36,False,
15min,2024-05-15,2024-05-15,2024-05-15,36,main,ADF,c,unit_root,6.0,bic,False,ok,-8.774940586191862,2.4633357521773217e-14,-3.6327426647230316,-2.9485102040816327,-2.6130173469387756,0,35,True,
15min,2024-05-15,2024-05-15,2024-05-15,36,main,PP,c,unit_root,,Bartlett_short_bandwidth,False,ok,-8.60668798085401,6.6430817300102e-14,-3.6327426647230316,-2.9485102040816327,-2.6130173469387756,3,35,True,
15min,2024-05-15,2024-05-15,2024-05-15,36,main,KPSS,c,level_or_trend_stationarity,,Bartlett_short_bandwidth,False,ok,0.043161899892786834,0.9167794742484904,0.7428,0.4614,0.3475,3,36,False,
15min,2024-05-15,2024-05-15,2024-05-15,36,trend_sensitivity,ADF,ct,unit_root,6.0,bic,False,ok,-8.726423114175173,1.5191387722598487e-12,-4.243765510204081,-3.5443646122448977,-3.2046503498542274,0,35,True,
15min,2024-05-15,2024-05-15,2024-05-15,36,trend_sensitivity,PP,ct,unit_root,,Bartlett_short_bandwidth,False,ok,-8.592748021854078,3.072712064583056e-12,-4.243765510204081,-3.5443646122448977,-3.2046503498542274,3,35,True,
15min,2024-05-15,2024-05-15,2024-05-15,36,trend_sensitivity,KPSS,ct,level_or_trend_stationarity,,Bartlett_short_bandwidth,False,ok,0.04340597515294382,0.6699103727058427,0.2175,0.1479,0.1193,3,36,False,
15min,2024-05-15,2024-05-15,2024-05-15,36,lag_sensitivity,ADF,c,unit_root,6.0,aic,False,ok,-4.546673167511645,0.0001617853793086773,-3.661428725118324,-2.960525341210433,-2.6193188033298647,4,31,True,
15min,2024-05-15,2024-05-15,2024-05-15,36,lag_sensitivity,PP,c,unit_root,,Bartlett_short_bandwidth,False,ok,-10.609254732797707,5.891948267914227e-19,-3.6327426647230316,-2.9485102040816327,-2.6130173469387756,6,35,True,
15min,2024-05-15,2024-05-15,2024-05-15,36,lag_sensitivity,KPSS,c,level_or_trend_stationarity,,Bartlett_short_bandwidth,False,ok,0.11066096416472572,0.5356319810694286,0.7428,0.4614,0.3475,6,36,False,
15min,2024-05-16,2024-05-16,2024-05-16,36,main,ADF,c,unit_root,6.0,bic,False,ok,-5.294221014435901,5.628616199218741e-06,-3.6327426647230316,-2.9485102040816327,-2.6130173469387756,0,35,True,
15min,2024-05-16,2024-05-16,2024-05-16,36,main,PP,c,unit_root,,Bartlett_short_bandwidth,False,ok,-5.300573579300456,5.460692960332981e-06,-3.6327426647230316,-2.9485102040816327,-2.6130173469387756,3,35,True,
15min,2024-05-16,2024-05-16,2024-05-16,36,main,KPSS,c,level_or_trend_stationarity,,Bartlett_short_bandwidth,False,ok,0.052683743364873116,0.8600998214437615,0.7428,0.4614,0.3475,3,36,False,
15min,2024-05-16,2024-05-16,2024-05-16,36,trend_sensitivity,ADF,ct,unit_root,6.0,bic,False,ok,-5.234199200627162,7.545569295982104e-05,-4.243765510204081,-3.5443646122448977,-3.2046503498542274,0,35,True,
15min,2024-05-16,2024-05-16,2024-05-16,36,trend_sensitivity,PP,ct,unit_root,,Bartlett_short_bandwidth,False,ok,-5.251758779372119,6.987447734141852e-05,-4.243765510204081,-3.5443646122448977,-3.2046503498542274,3,35,True,
15min,2024-05-16,2024-05-16,2024-05-16,36,trend_sensitivity,KPSS,ct,level_or_trend_stationarity,,Bartlett_short_bandwidth,False,ok,0.05547850495134863,0.5018579405838165,0.2175,0.1479,0.1193,3,36,False,
15min,2024-05-16,2024-05-16,2024-05-16,36,lag_sensitivity,ADF,c,unit_root,6.0,aic,False,ok,-4.085329875951839,0.001024037637252727,-3.6699197407407405,-2.9640707407407407,-2.621171111111111,5,30,True,
15min,2024-05-16,2024-05-16,2024-05-16,36,lag_sensitivity,PP,c,unit_root,,Bartlett_short_bandwidth,False,ok,-5.517426678684452,1.9110343727365826e-06,-3.6327426647230316,-2.9485102040816327,-2.6130173469387756,6,35,True,
15min,2024-05-16,2024-05-16,2024-05-16,36,lag_sensitivity,KPSS,c,level_or_trend_stationarity,,Bartlett_short_bandwidth,False,ok,0.08541133587793352,0.6617563497567263,0.7428,0.4614,0.3475,6,36,False,
15min,2024-05-17,2024-05-17,2024-05-17,36,main,ADF,c,unit_root,6.0,bic,False,ok,-5.067752311521856,1.6270365461928076e-05,-3.6461350877925254,-2.954126991123355,-2.6159676124885216,2,33,True,
15min,2024-05-17,2024-05-17,2024-05-17,36,main,PP,c,unit_root,,Bartlett_short_bandwidth,False,ok,-10.056308057087037,1.3701592155833832e-17,-3.6327426647230316,-2.9485102040816327,-2.6130173469387756,3,35,True,
15min,2024-05-17,2024-05-17,2024-05-17,36,main,KPSS,c,level_or_trend_stationarity,,Bartlett_short_bandwidth,False,ok,0.2477907607022312,0.1915503067920113,0.7428,0.4614,0.3475,3,36,False,
15min,2024-05-17,2024-05-17,2024-05-17,36,trend_sensitivity,ADF,ct,unit_root,6.0,bic,False,ok,-5.2126914491457725,8.287774355318795e-05,-4.262944107465843,-3.553092543339733,-3.2096284957008097,2,33,True,
15min,2024-05-17,2024-05-17,2024-05-17,36,trend_sensitivity,PP,ct,unit_root,,Bartlett_short_bandwidth,False,ok,-10.319488168831644,4.963199281786712e-16,-4.243765510204081,-3.5443646122448977,-3.2046503498542274,3,35,True,
15min,2024-05-17,2024-05-17,2024-05-17,36,trend_sensitivity,KPSS,ct,level_or_trend_stationarity,,Bartlett_short_bandwidth,False,ok,0.10265947665831769,0.15147367298748043,0.2175,0.1479,0.1193,3,36,False,
15min,2024-05-17,2024-05-17,2024-05-17,36,lag_sensitivity,ADF,c,unit_root,6.0,aic,False,ok,-5.067752311521856,1.6270365461928076e-05,-3.6461350877925254,-2.954126991123355,-2.6159676124885216,2,33,True,
15min,2024-05-17,2024-05-17,2024-05-17,36,lag_sensitivity,PP,c,unit_root,,Bartlett_short_bandwidth,False,ok,-10.31000232150193,3.2038470000987806e-18,-3.6327426647230316,-2.9485102040816327,-2.6130173469387756,6,35,True,
15min,2024-05-17,2024-05-17,2024-05-17,36,lag_sensitivity,KPSS,c,level_or_trend_stationarity,,Bartlett_short_bandwidth,False,ok,0.276815310442798,0.15769238495541874,0.7428,0.4614,0.3475,6,36,False,
15min,2024-05-20,2024-05-20,2024-05-20,36,main,ADF,c,unit_root,6.0,bic,False,ok,-5.814456093513104,4.3250089470256846e-07,-3.6327426647230316,-2.9485102040816327,-2.6130173469387756,0,35,True,
15min,2024-05-20,2024-05-20,2024-05-20,36,main,PP,c,unit_root,,Bartlett_short_bandwidth,False,ok,-5.828063491862384,4.035394854504744e-07,-3.6327426647230316,-2.9485102040816327,-2.6130173469387756,3,35,True,
15min,2024-05-20,2024-05-20,2024-05-20,36,main,KPSS,c,level_or_trend_stationarity,,Bartlett_short_bandwidth,False,ok,0.11718841555829246,0.50765458214806,0.7428,0.4614,0.3475,3,36,False,
15min,2024-05-20,2024-05-20,2024-05-20,36,trend_sensitivity,ADF,ct,unit_root,6.0,bic,False,ok,-5.778972570380708,6.319877124586829e-06,-4.243765510204081,-3.5443646122448977,-3.2046503498542274,0,35,True,
15min,2024-05-20,2024-05-20,2024-05-20,36,trend_sensitivity,PP,ct,unit_root,,Bartlett_short_bandwidth,False,ok,-5.80062455652091,5.705113883654801e-06,-4.243765510204081,-3.5443646122448977,-3.2046503498542274,3,35,True,
15min,2024-05-20,2024-05-20,2024-05-20,36,trend_sensitivity,KPSS,ct,level_or_trend_stationarity,,Bartlett_short_bandwidth,False,ok,0.09522593991003114,0.18230198314641752,0.2175,0.1479,0.1193,3,36,False,
15min,2024-05-20,2024-05-20,2024-05-20,36,lag_sensitivity,ADF,c,unit_root,6.0,aic,False,ok,-5.814456093513104,4.3250089470256846e-07,-3.6327426647230316,-2.9485102040816327,-2.6130173469387756,0,35,True,
15min,2024-05-20,2024-05-20,2024-05-20,36,lag_sensitivity,PP,c,unit_root,,Bartlett_short_bandwidth,False,ok,-5.815203278234703,4.308591727603483e-07,-3.6327426647230316,-2.9485102040816327,-2.6130173469387756,6,35,True,
15min,2024-05-20,2024-05-20,2024-05-20,36,lag_sensitivity,KPSS,c,level_or_trend_stationarity,,Bartlett_short_bandwidth,False,ok,0.09808810495431086,0.5950594752284456,0.7428,0.4614,0.3475,6,36,False,
15min,2024-05-21,2024-05-21,2024-05-21,36,main,ADF,c,unit_root,6.0,bic,False,ok,-6.8243590420646445,1.965070051006558e-09,-3.6327426647230316,-2.9485102040816327,-2.6130173469387756,0,35,True,
15min,2024-05-21,2024-05-21,2024-05-21,36,main,PP,c,unit_root,,Bartlett_short_bandwidth,False,ok,-7.145110026904184,3.2479768954909977e-10,-3.6327426647230316,-2.9485102040816327,-2.6130173469387756,3,35,True,
15min,2024-05-21,2024-05-21,2024-05-21,36,main,KPSS,c,level_or_trend_stationarity,,Bartlett_short_bandwidth,False,ok,0.08366718611047441,0.6713358173989173,0.7428,0.4614,0.3475,3,36,False,
15min,2024-05-21,2024-05-21,2024-05-21,36,trend_sensitivity,ADF,ct,unit_root,6.0,bic,False,ok,-6.716441638130741,6.124851188633384e-08,-4.243765510204081,-3.5443646122448977,-3.2046503498542274,0,35,True,
15min,2024-05-21,2024-05-21,2024-05-21,36,trend_sensitivity,PP,ct,unit_root,,Bartlett_short_bandwidth,False,ok,-7.015722406715382,1.3018430503048325e-08,-4.243765510204081,-3.5443646122448977,-3.2046503498542274,3,35,True,
15min,2024-05-21,2024-05-21,2024-05-21,36,trend_sensitivity,KPSS,ct,level_or_trend_stationarity,,Bartlett_short_bandwidth,False,ok,0.06383954664851028,0.40683227604989364,0.2175,0.1479,0.1193,3,36,False,
15min,2024-05-21,2024-05-21,2024-05-21,36,lag_sensitivity,ADF,c,unit_root,6.0,aic,False,ok,-6.8243590420646445,1.965070051006558e-09,-3.6327426647230316,-2.9485102040816327,-2.6130173469387756,0,35,True,
15min,2024-05-21,2024-05-21,2024-05-21,36,lag_sensitivity,PP,c,unit_root,,Bartlett_short_bandwidth,False,ok,-7.308199053956448,1.2848451628647377e-10,-3.6327426647230316,-2.9485102040816327,-2.6130173469387756,6,35,True,
15min,2024-05-21,2024-05-21,2024-05-21,36,lag_sensitivity,KPSS,c,level_or_trend_stationarity,,Bartlett_short_bandwidth,False,ok,0.09521902529248794,0.6094048735375603,0.7428,0.4614,0.3475,6,36,False,
15min,2024-05-22,2024-05-22,2024-05-22,36,main,ADF,c,unit_root,6.0,bic,False,ok,-8.419858105111825,1.9971137188017677e-13,-3.6327426647230316,-2.9485102040816327,-2.6130173469387756,0,35,True,
15min,2024-05-22,2024-05-22,2024-05-22,36,main,PP,c,unit_root,,Bartlett_short_bandwidth,False,ok,-8.366926252544076,2.727079832660383e-13,-3.6327426647230316,-2.9485102040816327,-2.6130173469387756,3,35,True,
15min,2024-05-22,2024-05-22,2024-05-22,36,main,KPSS,c,level_or_trend_stationarity,,Bartlett_short_bandwidth,False,ok,0.09314574190101906,0.6200758409520263,0.7428,0.4614,0.3475,3,36,False,
15min,2024-05-22,2024-05-22,2024-05-22,36,trend_sensitivity,ADF,ct,unit_root,6.0,bic,False,ok,-8.279085033369444,1.6189402237258217e-11,-4.243765510204081,-3.5443646122448977,-3.2046503498542274,0,35,True,
15min,2024-05-22,2024-05-22,2024-05-22,36,trend_sensitivity,PP,ct,unit_root,,Bartlett_short_bandwidth,False,ok,-8.228816670278068,2.114717828432879e-11,-4.243765510204081,-3.5443646122448977,-3.2046503498542274,3,35,True,
15min,2024-05-22,2024-05-22,2024-05-22,36,trend_sensitivity,KPSS,ct,level_or_trend_stationarity,,Bartlett_short_bandwidth,False,ok,0.08307759681719111,0.2482650198925556,0.2175,0.1479,0.1193,3,36,False,
15min,2024-05-22,2024-05-22,2024-05-22,36,lag_sensitivity,ADF,c,unit_root,6.0,aic,False,ok,-8.419858105111825,1.9971137188017677e-13,-3.6327426647230316,-2.9485102040816327,-2.6130173469387756,0,35,True,
15min,2024-05-22,2024-05-22,2024-05-22,36,lag_sensitivity,PP,c,unit_root,,Bartlett_short_bandwidth,False,ok,-8.525944565950704,1.069155146809393e-13,-3.6327426647230316,-2.9485102040816327,-2.6130173469387756,6,35,True,
15min,2024-05-22,2024-05-22,2024-05-22,36,lag_sensitivity,KPSS,c,level_or_trend_stationarity,,Bartlett_short_bandwidth,False,ok,0.11390256493323185,0.5215384580285978,0.7428,0.4614,0.3475,6,36,False,
15min,2024-05-23,2024-05-23,2024-05-23,36,main,ADF,c,unit_root,6.0,bic,False,ok,-5.545751966890088,1.6624079005870445e-06,-3.6327426647230316,-2.9485102040816327,-2.6130173469387756,0,35,True,
15min,2024-05-23,2024-05-23,2024-05-23,36,main,PP,c,unit_root,,Bartlett_short_bandwidth,False,ok,-5.542721492118634,1.6874236327390988e-06,-3.6327426647230316,-2.9485102040816327,-2.6130173469387756,3,35,True,
15min,2024-05-23,2024-05-23,2024-05-23,36,main,KPSS,c,level_or_trend_stationarity,,Bartlett_short_bandwidth,False,ok,0.29281074002764407,0.14179929521176757,0.7428,0.4614,0.3475,3,36,False,
15min,2024-05-23,2024-05-23,2024-05-23,36,trend_sensitivity,ADF,ct,unit_root,6.0,bic,False,ok,-5.668591914317173,1.060383611622201e-05,-4.243765510204081,-3.5443646122448977,-3.2046503498542274,0,35,True,
15min,2024-05-23,2024-05-23,2024-05-23,36,trend_sensitivity,PP,ct,unit_root,,Bartlett_short_bandwidth,False,ok,-5.6716113421033745,1.0455775668776846e-05,-4.243765510204081,-3.5443646122448977,-3.2046503498542274,3,35,True,
15min,2024-05-23,2024-05-23,2024-05-23,36,trend_sensitivity,KPSS,ct,level_or_trend_stationarity,,Bartlett_short_bandwidth,False,ok,0.05676598080170131,0.48640823037958425,0.2175,0.1479,0.1193,3,36,False,
15min,2024-05-23,2024-05-23,2024-05-23,36,lag_sensitivity,ADF,c,unit_root,6.0,aic,False,ok,-5.545751966890088,1.6624079005870445e-06,-3.6327426647230316,-2.9485102040816327,-2.6130173469387756,0,35,True,
15min,2024-05-23,2024-05-23,2024-05-23,36,lag_sensitivity,PP,c,unit_root,,Bartlett_short_bandwidth,False,ok,-5.542123515825064,1.6924029038758079e-06,-3.6327426647230316,-2.9485102040816327,-2.6130173469387756,6,35,True,
15min,2024-05-23,2024-05-23,2024-05-23,36,lag_sensitivity,KPSS,c,level_or_trend_stationarity,,Bartlett_short_bandwidth,False,ok,0.2810405186560135,0.15329112639998596,0.7428,0.4614,0.3475,6,36,False,
15min,2024-05-24,2024-05-24,2024-05-24,36,main,ADF,c,unit_root,6.0,bic,False,ok,-7.19717048441073,2.417688440290236e-10,-3.6327426647230316,-2.9485102040816327,-2.6130173469387756,0,35,True,
15min,2024-05-24,2024-05-24,2024-05-24,36,main,PP,c,unit_root,,Bartlett_short_bandwidth,False,ok,-7.366993812997563,9.180829528701819e-11,-3.6327426647230316,-2.9485102040816327,-2.6130173469387756,3,35,True,
15min,2024-05-24,2024-05-24,2024-05-24,36,main,KPSS,c,level_or_trend_stationarity,,Bartlett_short_bandwidth,False,ok,0.21135752369408192,0.24704013626056798,0.7428,0.4614,0.3475,3,36,False,
15min,2024-05-24,2024-05-24,2024-05-24,36,trend_sensitivity,ADF,ct,unit_root,6.0,bic,False,ok,-7.255067415729963,3.715266883726203e-09,-4.243765510204081,-3.5443646122448977,-3.2046503498542274,0,35,True,
15min,2024-05-24,2024-05-24,2024-05-24,36,trend_sensitivity,PP,ct,unit_root,,Bartlett_short_bandwidth,False,ok,-7.51987592978517,9.172812773660292e-10,-4.243765510204081,-3.5443646122448977,-3.2046503498542274,3,35,True,
15min,2024-05-24,2024-05-24,2024-05-24,36,trend_sensitivity,KPSS,ct,level_or_trend_stationarity,,Bartlett_short_bandwidth,False,ok,0.05166348319058246,0.5518615928556937,0.2175,0.1479,0.1193,3,36,False,
15min,2024-05-24,2024-05-24,2024-05-24,36,lag_sensitivity,ADF,c,unit_root,6.0,aic,False,ok,-7.19717048441073,2.417688440290236e-10,-3.6327426647230316,-2.9485102040816327,-2.6130173469387756,0,35,True,
15min,2024-05-24,2024-05-24,2024-05-24,36,lag_sensitivity,PP,c,unit_root,,Bartlett_short_bandwidth,False,ok,-7.7765795963943845,8.637172864479094e-12,-3.6327426647230316,-2.9485102040816327,-2.6130173469387756,6,35,True,
15min,2024-05-24,2024-05-24,2024-05-24,36,lag_sensitivity,KPSS,c,level_or_trend_stationarity,,Bartlett_short_bandwidth,False,ok,0.30249908483222376,0.13347356917805542,0.7428,0.4614,0.3475,6,36,False,
15min,2024-05-27,2024-05-27,2024-05-27,36,main,ADF,c,unit_root,6.0,bic,False,ok,-8.30733593204722,3.871798207271427e-13,-3.6327426647230316,-2.9485102040816327,-2.6130173469387756,0,35,True,
15min,2024-05-27,2024-05-27,2024-05-27,36,main,PP,c,unit_root,,Bartlett_short_bandwidth,False,ok,-8.58871136883183,7.385676142145599e-14,-3.6327426647230316,-2.9485102040816327,-2.6130173469387756,3,35,True,
15min,2024-05-27,2024-05-27,2024-05-27,36,main,KPSS,c,level_or_trend_stationarity,,Bartlett_short_bandwidth,False,ok,0.0553854035868514,0.8433031901335665,0.7428,0.4614,0.3475,3,36,False,
15min,2024-05-27,2024-05-27,2024-05-27,36,trend_sensitivity,ADF,ct,unit_root,6.0,bic,False,ok,-8.21113181062902,2.3231967177833445e-11,-4.243765510204081,-3.5443646122448977,-3.2046503498542274,0,35,True,
15min,2024-05-27,2024-05-27,2024-05-27,36,trend_sensitivity,PP,ct,unit_root,,Bartlett_short_bandwidth,False,ok,-8.55185549358051,3.813598152865088e-12,-4.243765510204081,-3.5443646122448977,-3.2046503498542274,3,35,True,
15min,2024-05-27,2024-05-27,2024-05-27,36,trend_sensitivity,KPSS,ct,level_or_trend_stationarity,,Bartlett_short_bandwidth,False,ok,0.05690692598912668,0.4847168881304798,0.2175,0.1479,0.1193,3,36,False,
15min,2024-05-27,2024-05-27,2024-05-27,36,lag_sensitivity,ADF,c,unit_root,6.0,aic,False,ok,-8.30733593204722,3.871798207271427e-13,-3.6327426647230316,-2.9485102040816327,-2.6130173469387756,0,35,True,
15min,2024-05-27,2024-05-27,2024-05-27,36,lag_sensitivity,PP,c,unit_root,,Bartlett_short_bandwidth,False,ok,-9.332647676141962,9.239662673233555e-16,-3.6327426647230316,-2.9485102040816327,-2.6130173469387756,6,35,True,
15min,2024-05-27,2024-05-27,2024-05-27,36,lag_sensitivity,KPSS,c,level_or_trend_stationarity,,Bartlett_short_bandwidth,False,ok,0.07288601100522143,0.7346533818650429,0.7428,0.4614,0.3475,6,36,False,
15min,2024-05-28,2024-05-28,2024-05-28,36,main,ADF,c,unit_root,6.0,bic,False,ok,-6.611545848984137,6.3584912674890375e-09,-3.6327426647230316,-2.9485102040816327,-2.6130173469387756,0,35,True,
15min,2024-05-28,2024-05-28,2024-05-28,36,main,PP,c,unit_root,,Bartlett_short_bandwidth,False,ok,-6.680681877422349,4.350193931435751e-09,-3.6327426647230316,-2.9485102040816327,-2.6130173469387756,3,35,True,
15min,2024-05-28,2024-05-28,2024-05-28,36,main,KPSS,c,level_or_trend_stationarity,,Bartlett_short_bandwidth,False,ok,0.08234510953782995,0.6789215026517954,0.7428,0.4614,0.3475,3,36,False,
15min,2024-05-28,2024-05-28,2024-05-28,36,trend_sensitivity,ADF,ct,unit_root,6.0,bic,False,ok,-6.476464877945958,2.0783866993362878e-07,-4.243765510204081,-3.5443646122448977,-3.2046503498542274,0,35,True,
15min,2024-05-28,2024-05-28,2024-05-28,36,trend_sensitivity,PP,ct,unit_root,,Bartlett_short_bandwidth,False,ok,-6.582092330293391,1.2168309287337692e-07,-4.243765510204081,-3.5443646122448977,-3.2046503498542274,3,35,True,
15min,2024-05-28,2024-05-28,2024-05-28,36,trend_sensitivity,KPSS,ct,level_or_trend_stationarity,,Bartlett_short_bandwidth,False,ok,0.0714187703228087,0.3350106006654422,0.2175,0.1479,0.1193,3,36,False,
15min,2024-05-28,2024-05-28,2024-05-28,36,lag_sensitivity,ADF,c,unit_root,6.0,aic,False,ok,-6.611545848984137,6.3584912674890375e-09,-3.6327426647230316,-2.9485102040816327,-2.6130173469387756,0,35,True,
15min,2024-05-28,2024-05-28,2024-05-28,36,lag_sensitivity,PP,c,unit_root,,Bartlett_short_bandwidth,False,ok,-6.92369514971571,1.1294189363326938e-09,-3.6327426647230316,-2.9485102040816327,-2.6130173469387756,6,35,True,
15min,2024-05-28,2024-05-28,2024-05-28,36,lag_sensitivity,KPSS,c,level_or_trend_stationarity,,Bartlett_short_bandwidth,False,ok,0.10625571268648741,0.5556558514250572,0.7428,0.4614,0.3475,6,36,False,
15min,2024-05-29,2024-05-29,2024-05-29,36,main,ADF,c,unit_root,6.0,bic,False,ok,-5.2253904928152535,7.801142157446883e-06,-3.6327426647230316,-2.9485102040816327,-2.6130173469387756,0,35,True,
15min,2024-05-29,2024-05-29,2024-05-29,36,main,PP,c,unit_root,,Bartlett_short_bandwidth,False,ok,-5.194592294741382,9.018359003122486e-06,-3.6327426647230316,-2.9485102040816327,-2.6130173469387756,3,35,True,
15min,2024-05-29,2024-05-29,2024-05-29,36,main,KPSS,c,level_or_trend_stationarity,,Bartlett_short_bandwidth,False,ok,0.09691637471734198,0.6009181264132901,0.7428,0.4614,0.3475,3,36,False,
15min,2024-05-29,2024-05-29,2024-05-29,36,trend_sensitivity,ADF,ct,unit_root,6.0,bic,False,ok,-5.157218901718994,0.0001054031215248038,-4.243765510204081,-3.5443646122448977,-3.2046503498542274,0,35,True,
15min,2024-05-29,2024-05-29,2024-05-29,36,trend_sensitivity,PP,ct,unit_root,,Bartlett_short_bandwidth,False,ok,-5.113677248508697,0.0001270921498769099,-4.243765510204081,-3.5443646122448977,-3.2046503498542274,3,35,True,
15min,2024-05-29,2024-05-29,2024-05-29,36,trend_sensitivity,KPSS,ct,level_or_trend_stationarity,,Bartlett_short_bandwidth,False,ok,0.06782496143167853,0.3671432244602045,0.2175,0.1479,0.1193,3,36,False,
15min,2024-05-29,2024-05-29,2024-05-29,36,lag_sensitivity,ADF,c,unit_root,6.0,aic,False,ok,-4.553319813073052,0.00015732877395820323,-3.639224104416853,-2.9512301791166293,-2.614446989619377,1,34,True,
15min,2024-05-29,2024-05-29,2024-05-29,36,lag_sensitivity,PP,c,unit_root,,Bartlett_short_bandwidth,False,ok,-5.343561673186769,4.445539367824307e-06,-3.6327426647230316,-2.9485102040816327,-2.6130173469387756,6,35,True,
15min,2024-05-29,2024-05-29,2024-05-29,36,lag_sensitivity,KPSS,c,level_or_trend_stationarity,,Bartlett_short_bandwidth,False,ok,0.12598785185820802,0.4724163742439157,0.7428,0.4614,0.3475,6,36,False,
15min,2024-05-31,2024-05-31,2024-05-31,36,main,ADF,c,unit_root,6.0,bic,False,ok,-3.6484270277153463,0.004899912453543082,-3.639224104416853,-2.9512301791166293,-2.614446989619377,1,34,True,
15min,2024-05-31,2024-05-31,2024-05-31,36,main,PP,c,unit_root,,Bartlett_short_bandwidth,False,ok,-6.6449503500807205,5.2942973739617115e-09,-3.6327426647230316,-2.9485102040816327,-2.6130173469387756,3,35,True,
15min,2024-05-31,2024-05-31,2024-05-31,36,main,KPSS,c,level_or_trend_stationarity,,Bartlett_short_bandwidth,False,ok,0.54545277241809,0.03062917811690037,0.7428,0.4614,0.3475,3,36,True,
15min,2024-05-31,2024-05-31,2024-05-31,36,trend_sensitivity,ADF,ct,unit_root,6.0,bic,False,ok,-7.419427516892914,1.5611084381380318e-09,-4.243765510204081,-3.5443646122448977,-3.2046503498542274,0,35,True,
15min,2024-05-31,2024-05-31,2024-05-31,36,trend_sensitivity,PP,ct,unit_root,,Bartlett_short_bandwidth,False,ok,-7.692142844420574,3.676354492027685e-10,-4.243765510204081,-3.5443646122448977,-3.2046503498542274,3,35,True,
15min,2024-05-31,2024-05-31,2024-05-31,36,trend_sensitivity,KPSS,ct,level_or_trend_stationarity,,Bartlett_short_bandwidth,False,ok,0.06414307551262834,0.40369232228315516,0.2175,0.1479,0.1193,3,36,False,
15min,2024-05-31,2024-05-31,2024-05-31,36,lag_sensitivity,ADF,c,unit_root,6.0,aic,False,ok,-3.6484270277153463,0.004899912453543082,-3.639224104416853,-2.9512301791166293,-2.614446989619377,1,34,True,
15min,2024-05-31,2024-05-31,2024-05-31,36,lag_sensitivity,PP,c,unit_root,,Bartlett_short_bandwidth,False,ok,-6.617721886799663,6.14697975880328e-09,-3.6327426647230316,-2.9485102040816327,-2.6130173469387756,6,35,True,
15min,2024-05-31,2024-05-31,2024-05-31,36,lag_sensitivity,KPSS,c,level_or_trend_stationarity,,Bartlett_short_bandwidth,False,ok,0.4627414917049206,0.04962528164667021,0.7428,0.4614,0.3475,6,36,True,
15min,2024-06-03,2024-06-03,2024-06-03,36,main,ADF,c,unit_root,6.0,bic,False,ok,-5.2773297128015075,6.099856137614459e-06,-3.6327426647230316,-2.9485102040816327,-2.6130173469387756,0,35,True,
15min,2024-06-03,2024-06-03,2024-06-03,36,main,PP,c,unit_root,,Bartlett_short_bandwidth,False,ok,-5.270719373208758,6.29450557796966e-06,-3.6327426647230316,-2.9485102040816327,-2.6130173469387756,3,35,True,
15min,2024-06-03,2024-06-03,2024-06-03,36,main,KPSS,c,level_or_trend_stationarity,,Bartlett_short_bandwidth,False,ok,0.06287296576662209,0.7967483993785155,0.7428,0.4614,0.3475,3,36,False,
15min,2024-06-03,2024-06-03,2024-06-03,36,trend_sensitivity,ADF,ct,unit_root,6.0,bic,False,ok,-5.229204220173452,7.712014054527914e-05,-4.243765510204081,-3.5443646122448977,-3.2046503498542274,0,35,True,
15min,2024-06-03,2024-06-03,2024-06-03,36,trend_sensitivity,PP,ct,unit_root,,Bartlett_short_bandwidth,False,ok,-5.223010907685353,7.923299558815757e-05,-4.243765510204081,-3.5443646122448977,-3.2046503498542274,3,35,True,
15min,2024-06-03,2024-06-03,2024-06-03,36,trend_sensitivity,KPSS,ct,level_or_trend_stationarity,,Bartlett_short_bandwidth,False,ok,0.05864258840447188,0.4640168047086681,0.2175,0.1479,0.1193,3,36,False,
15min,2024-06-03,2024-06-03,2024-06-03,36,lag_sensitivity,ADF,c,unit_root,6.0,aic,False,ok,-5.2773297128015075,6.099856137614459e-06,-3.6327426647230316,-2.9485102040816327,-2.6130173469387756,0,35,True,
15min,2024-06-03,2024-06-03,2024-06-03,36,lag_sensitivity,PP,c,unit_root,,Bartlett_short_bandwidth,False,ok,-5.2878258172472155,5.802722341009606e-06,-3.6327426647230316,-2.9485102040816327,-2.6130173469387756,6,35,True,
15min,2024-06-03,2024-06-03,2024-06-03,36,lag_sensitivity,KPSS,c,level_or_trend_stationarity,,Bartlett_short_bandwidth,False,ok,0.09277563558239263,0.6220444915830179,0.7428,0.4614,0.3475,6,36,False,
15min,2024-06-04,2024-06-04,2024-06-04,36,main,ADF,c,unit_root,6.0,bic,False,ok,-4.481124263332465,0.00021267322936159604,-3.639224104416853,-2.9512301791166293,-2.614446989619377,1,34,True,
15min,2024-06-04,2024-06-04,2024-06-04,36,main,PP,c,unit_root,,Bartlett_short_bandwidth,False,ok,-6.096198096516107,1.0087076434090581e-07,-3.6327426647230316,-2.9485102040816327,-2.6130173469387756,3,35,True,
15min,2024-06-04,2024-06-04,2024-06-04,36,main,KPSS,c,level_or_trend_stationarity,,Bartlett_short_bandwidth,False,ok,0.09568684536507417,0.6070657731746292,0.7428,0.4614,0.3475,3,36,False,
15min,2024-06-04,2024-06-04,2024-06-04,36,trend_sensitivity,ADF,ct,unit_root,6.0,bic,False,ok,-4.7986877036218605,0.0004708799340107767,-4.253042608385915,-3.5485904579686545,-3.2070617952371263,1,34,True,
15min,2024-06-04,2024-06-04,2024-06-04,36,trend_sensitivity,PP,ct,unit_root,,Bartlett_short_bandwidth,False,ok,-6.442468358384599,2.4670316696602424e-07,-4.243765510204081,-3.5443646122448977,-3.2046503498542274,3,35,True,
15min,2024-06-04,2024-06-04,2024-06-04,36,trend_sensitivity,KPSS,ct,level_or_trend_stationarity,,Bartlett_short_bandwidth,False,ok,0.05397954519867373,0.5207954579121878,0.2175,0.1479,0.1193,3,36,False,
15min,2024-06-04,2024-06-04,2024-06-04,36,lag_sensitivity,ADF,c,unit_root,6.0,aic,False,ok,-4.481124263332465,0.00021267322936159604,-3.639224104416853,-2.9512301791166293,-2.614446989619377,1,34,True,
15min,2024-06-04,2024-06-04,2024-06-04,36,lag_sensitivity,PP,c,unit_root,,Bartlett_short_bandwidth,False,ok,-6.072795459091787,1.1401879457975319e-07,-3.6327426647230316,-2.9485102040816327,-2.6130173469387756,6,35,True,
15min,2024-06-04,2024-06-04,2024-06-04,36,lag_sensitivity,KPSS,c,level_or_trend_stationarity,,Bartlett_short_bandwidth,False,ok,0.12854051213692608,0.4627592830711713,0.7428,0.4614,0.3475,6,36,False,
15min,2024-06-05,2024-06-05,2024-06-05,36,main,ADF,c,unit_root,6.0,bic,False,ok,-6.271387081881236,3.9963807343853906e-08,-3.6327426647230316,-2.9485102040816327,-2.6130173469387756,0,35,True,
15min,2024-06-05,2024-06-05,2024-06-05,36,main,PP,c,unit_root,,Bartlett_short_bandwidth,False,ok,-6.263648732827626,4.164517786615222e-08,-3.6327426647230316,-2.9485102040816327,-2.6130173469387756,3,35,True,
15min,2024-06-05,2024-06-05,2024-06-05,36,main,KPSS,c,level_or_trend_stationarity,,Bartlett_short_bandwidth,False,ok,0.0678614970723781,0.7657316244204471,0.7428,0.4614,0.3475,3,36,False,
15min,2024-06-05,2024-06-05,2024-06-05,36,trend_sensitivity,ADF,ct,unit_root,6.0,bic,False,ok,-6.17590442750857,9.307877126044117e-07,-4.243765510204081,-3.5443646122448977,-3.2046503498542274,0,35,True,
15min,2024-06-05,2024-06-05,2024-06-05,36,trend_sensitivity,PP,ct,unit_root,,Bartlett_short_bandwidth,False,ok,-6.17032874853617,9.566871353507645e-07,-4.243765510204081,-3.5443646122448977,-3.2046503498542274,3,35,True,
15min,2024-06-05,2024-06-05,2024-06-05,36,trend_sensitivity,KPSS,ct,level_or_trend_stationarity,,Bartlett_short_bandwidth,False,ok,0.06670006007762391,0.3779993992237609,0.2175,0.1479,0.1193,3,36,False,
15min,2024-06-05,2024-06-05,2024-06-05,36,lag_sensitivity,ADF,c,unit_root,6.0,aic,False,ok,-6.271387081881236,3.9963807343853906e-08,-3.6327426647230316,-2.9485102040816327,-2.6130173469387756,0,35,True,
15min,2024-06-05,2024-06-05,2024-06-05,36,lag_sensitivity,PP,c,unit_root,,Bartlett_short_bandwidth,False,ok,-6.307981594777083,3.287473737637895e-08,-3.6327426647230316,-2.9485102040816327,-2.6130173469387756,6,35,True,
15min,2024-06-05,2024-06-05,2024-06-05,36,lag_sensitivity,KPSS,c,level_or_trend_stationarity,,Bartlett_short_bandwidth,False,ok,0.08300279979195922,0.6751478700461356,0.7428,0.4614,0.3475,6,36,False,
15min,2024-06-06,2024-06-06,2024-06-06,36,main,ADF,c,unit_root,6.0,bic,False,ok,-7.003450935828021,7.222397069607051e-10,-3.6327426647230316,-2.9485102040816327,-2.6130173469387756,0,35,True,
15min,2024-06-06,2024-06-06,2024-06-06,36,main,PP,c,unit_root,,Bartlett_short_bandwidth,False,ok,-7.043168833005895,5.776258130063076e-10,-3.6327426647230316,-2.9485102040816327,-2.6130173469387756,3,35,True,
15min,2024-06-06,2024-06-06,2024-06-06,36,main,KPSS,c,level_or_trend_stationarity,,Bartlett_short_bandwidth,False,ok,0.2731170410338633,0.16154474892305906,0.7428,0.4614,0.3475,3,36,False,
15min,2024-06-06,2024-06-06,2024-06-06,36,trend_sensitivity,ADF,ct,unit_root,6.0,bic,False,ok,-7.254043004811087,3.735348228658106e-09,-4.243765510204081,-3.5443646122448977,-3.2046503498542274,0,35,True,
15min,2024-06-06,2024-06-06,2024-06-06,36,trend_sensitivity,PP,ct,unit_root,,Bartlett_short_bandwidth,False,ok,-7.552666567630526,7.709196017954557e-10,-4.243765510204081,-3.5443646122448977,-3.2046503498542274,3,35,True,
15min,2024-06-06,2024-06-06,2024-06-06,36,trend_sensitivity,KPSS,ct,level_or_trend_stationarity,,Bartlett_short_bandwidth,False,ok,0.06382203558486796,0.40701342498412457,0.2175,0.1479,0.1193,3,36,False,
15min,2024-06-06,2024-06-06,2024-06-06,36,lag_sensitivity,ADF,c,unit_root,6.0,aic,False,ok,-1.5850951306636865,0.4910762679995712,-3.6790595944893187,-2.9678817237279103,-2.6231583472057074,6,29,False,
15min,2024-06-06,2024-06-06,2024-06-06,36,lag_sensitivity,PP,c,unit_root,,Bartlett_short_bandwidth,False,ok,-7.145602168119789,3.2389371532638764e-10,-3.6327426647230316,-2.9485102040816327,-2.6130173469387756,6,35,True,
15min,2024-06-06,2024-06-06,2024-06-06,36,lag_sensitivity,KPSS,c,level_or_trend_stationarity,,Bartlett_short_bandwidth,False,ok,0.325820438889711,0.11500315647770863,0.7428,0.4614,0.3475,6,36,False,
15min,2024-06-10,2024-06-10,2024-06-10,36,main,ADF,c,unit_root,6.0,bic,False,ok,-6.689702135266401,4.139432603845709e-09,-3.6327426647230316,-2.9485102040816327,-2.6130173469387756,0,35,True,
15min,2024-06-10,2024-06-10,2024-06-10,36,main,PP,c,unit_root,,Bartlett_short_bandwidth,False,ok,-6.830485359273676,1.8992764541212737e-09,-3.6327426647230316,-2.9485102040816327,-2.6130173469387756,3,35,True,
15min,2024-06-10,2024-06-10,2024-06-10,36,main,KPSS,c,level_or_trend_stationarity,,Bartlett_short_bandwidth,False,ok,0.08999742943897211,0.6368221838352547,0.7428,0.4614,0.3475,3,36,False,
15min,2024-06-10,2024-06-10,2024-06-10,36,trend_sensitivity,ADF,ct,unit_root,6.0,bic,False,ok,-6.618847493323301,1.0090812672680807e-07,-4.243765510204081,-3.5443646122448977,-3.2046503498542274,0,35,True,
15min,2024-06-10,2024-06-10,2024-06-10,36,trend_sensitivity,PP,ct,unit_root,,Bartlett_short_bandwidth,False,ok,-6.7410515986415085,5.3977140809678906e-08,-4.243765510204081,-3.5443646122448977,-3.2046503498542274,3,35,True,
15min,2024-06-10,2024-06-10,2024-06-10,36,trend_sensitivity,KPSS,ct,level_or_trend_stationarity,,Bartlett_short_bandwidth,False,ok,0.06423797431691226,0.4027106105147007,0.2175,0.1479,0.1193,3,36,False,
15min,2024-06-10,2024-06-10,2024-06-10,36,lag_sensitivity,ADF,c,unit_root,6.0,aic,False,ok,-6.689702135266401,4.139432603845709e-09,-3.6327426647230316,-2.9485102040816327,-2.6130173469387756,0,35,True,
15min,2024-06-10,2024-06-10,2024-06-10,36,lag_sensitivity,PP,c,unit_root,,Bartlett_short_bandwidth,False,ok,-7.29672722286575,1.3717844099088458e-10,-3.6327426647230316,-2.9485102040816327,-2.6130173469387756,6,35,True,
15min,2024-06-10,2024-06-10,2024-06-10,36,lag_sensitivity,KPSS,c,level_or_trend_stationarity,,Bartlett_short_bandwidth,False,ok,0.12611632599564299,0.4719092394908829,0.7428,0.4614,0.3475,6,36,False,
15min,2024-06-11,2024-06-11,2024-06-11,36,main,ADF,c,unit_root,6.0,bic,False,ok,-8.553883684129252,9.068560110525269e-14,-3.6327426647230316,-2.9485102040816327,-2.6130173469387756,0,35,True,
15min,2024-06-11,2024-06-11,2024-06-11,36,main,PP,c,unit_root,,Bartlett_short_bandwidth,False,ok,-9.891675498635523,3.544368695622849e-17,-3.6327426647230316,-2.9485102040816327,-2.6130173469387756,3,35,True,
15min,2024-06-11,2024-06-11,2024-06-11,36,main,KPSS,c,level_or_trend_stationarity,,Bartlett_short_bandwidth,False,ok,0.22050232556489208,0.2314247380798482,0.7428,0.4614,0.3475,3,36,False,
15min,2024-06-11,2024-06-11,2024-06-11,36,trend_sensitivity,ADF,ct,unit_root,6.0,bic,False,ok,-8.364286880399142,1.0298284919372306e-11,-4.243765510204081,-3.5443646122448977,-3.2046503498542274,0,35,True,
15min,2024-06-11,2024-06-11,2024-06-11,36,trend_sensitivity,PP,ct,unit_root,,Bartlett_short_bandwidth,False,ok,-9.67407059677357,1.1560819364900578e-14,-4.243765510204081,-3.5443646122448977,-3.2046503498542274,3,35,True,
15min,2024-06-11,2024-06-11,2024-06-11,36,trend_sensitivity,KPSS,ct,level_or_trend_stationarity,,Bartlett_short_bandwidth,False,ok,0.0829462349000996,0.24908603187437753,0.2175,0.1479,0.1193,3,36,False,
15min,2024-06-11,2024-06-11,2024-06-11,36,lag_sensitivity,ADF,c,unit_root,6.0,aic,False,ok,-5.230560778219048,7.613057348527651e-06,-3.6461350877925254,-2.954126991123355,-2.6159676124885216,2,33,True,
15min,2024-06-11,2024-06-11,2024-06-11,36,lag_sensitivity,PP,c,unit_root,,Bartlett_short_bandwidth,False,ok,-10.847536960821225,1.5585565967022409e-19,-3.6327426647230316,-2.9485102040816327,-2.6130173469387756,6,35,True,
15min,2024-06-11,2024-06-11,2024-06-11,36,lag_sensitivity,KPSS,c,level_or_trend_stationarity,,Bartlett_short_bandwidth,False,ok,0.25921336201540157,0.17721535152069046,0.7428,0.4614,0.3475,6,36,False,
15min,2024-06-12,2024-06-12,2024-06-12,36,main,ADF,c,unit_root,6.0,bic,False,ok,-3.7477883179441913,0.003489031884554276,-3.6461350877925254,-2.954126991123355,-2.6159676124885216,2,33,True,
15min,2024-06-12,2024-06-12,2024-06-12,36,main,PP,c,unit_root,,Bartlett_short_bandwidth,False,ok,-5.049395824881753,1.7703917995557083e-05,-3.6327426647230316,-2.9485102040816327,-2.6130173469387756,3,35,True,
15min,2024-06-12,2024-06-12,2024-06-12,36,main,KPSS,c,level_or_trend_stationarity,,Bartlett_short_bandwidth,False,ok,0.05290560522084013,0.8587216255699058,0.7428,0.4614,0.3475,3,36,False,
15min,2024-06-12,2024-06-12,2024-06-12,36,trend_sensitivity,ADF,ct,unit_root,6.0,bic,False,ok,-3.8769287390369827,0.013048296738261989,-4.262944107465843,-3.553092543339733,-3.2096284957008097,2,33,True,
15min,2024-06-12,2024-06-12,2024-06-12,36,trend_sensitivity,PP,ct,unit_root,,Bartlett_short_bandwidth,False,ok,-4.971899815100193,0.0002314078828844405,-4.243765510204081,-3.5443646122448977,-3.2046503498542274,3,35,True,
15min,2024-06-12,2024-06-12,2024-06-12,36,trend_sensitivity,KPSS,ct,level_or_trend_stationarity,,Bartlett_short_bandwidth,False,ok,0.05371805624667643,0.5242361020174154,0.2175,0.1479,0.1193,3,36,False,
15min,2024-06-12,2024-06-12,2024-06-12,36,lag_sensitivity,ADF,c,unit_root,6.0,aic,False,ok,-3.862883274433669,0.002325637199838486,-3.653519805908203,-2.9572185644531253,-2.6175881640625,3,32,True,
15min,2024-06-12,2024-06-12,2024-06-12,36,lag_sensitivity,PP,c,unit_root,,Bartlett_short_bandwidth,False,ok,-5.007338978426528,2.1462772186620024e-05,-3.6327426647230316,-2.9485102040816327,-2.6130173469387756,6,35,True,
15min,2024-06-12,2024-06-12,2024-06-12,36,lag_sensitivity,KPSS,c,level_or_trend_stationarity,,Bartlett_short_bandwidth,False,ok,0.07926836881859226,0.6965749330080772,0.7428,0.4614,0.3475,6,36,False,
15min,2024-06-13,2024-06-13,2024-06-13,36,main,ADF,c,unit_root,6.0,bic,False,ok,-6.9815875797798,8.165844140080067e-10,-3.6327426647230316,-2.9485102040816327,-2.6130173469387756,0,35,True,
15min,2024-06-13,2024-06-13,2024-06-13,36,main,PP,c,unit_root,,Bartlett_short_bandwidth,False,ok,-6.793428029185415,2.3332432994307235e-09,-3.6327426647230316,-2.9485102040816327,-2.6130173469387756,3,35,True,
15min,2024-06-13,2024-06-13,2024-06-13,36,main,KPSS,c,level_or_trend_stationarity,,Bartlett_short_bandwidth,False,ok,0.06960892864328727,0.7548667649122035,0.7428,0.4614,0.3475,3,36,False,
15min,2024-06-13,2024-06-13,2024-06-13,36,trend_sensitivity,ADF,ct,unit_root,6.0,bic,False,ok,-6.921252448723703,2.1280314724626823e-08,-4.243765510204081,-3.5443646122448977,-3.2046503498542274,0,35,True,
15min,2024-06-13,2024-06-13,2024-06-13,36,trend_sensitivity,PP,ct,unit_root,,Bartlett_short_bandwidth,False,ok,-6.745097808227069,5.286621052056002e-08,-4.243765510204081,-3.5443646122448977,-3.2046503498542274,3,35,True,
15min,2024-06-13,2024-06-13,2024-06-13,36,trend_sensitivity,KPSS,ct,level_or_trend_stationarity,,Bartlett_short_bandwidth,False,ok,0.06936921668717407,0.35267916648987874,0.2175,0.1479,0.1193,3,36,False,
15min,2024-06-13,2024-06-13,2024-06-13,36,lag_sensitivity,ADF,c,unit_root,6.0,aic,False,ok,-4.9150583690310645,3.25955135349534e-05,-3.661428725118324,-2.960525341210433,-2.6193188033298647,4,31,True,
15min,2024-06-13,2024-06-13,2024-06-13,36,lag_sensitivity,PP,c,unit_root,,Bartlett_short_bandwidth,False,ok,-7.006381860231152,7.104415632382351e-10,-3.6327426647230316,-2.9485102040816327,-2.6130173469387756,6,35,True,
15min,2024-06-13,2024-06-13,2024-06-13,36,lag_sensitivity,KPSS,c,level_or_trend_stationarity,,Bartlett_short_bandwidth,False,ok,0.11347109035558507,0.5233615900468237,0.7428,0.4614,0.3475,6,36,False,
15min,2024-06-14,2024-06-14,2024-06-14,36,main,ADF,c,unit_root,6.0,bic,False,ok,-5.1308806223479415,1.2147138880081896e-05,-3.6327426647230316,-2.9485102040816327,-2.6130173469387756,0,35,True,
15min,2024-06-14,2024-06-14,2024-06-14,36,main,PP,c,unit_root,,Bartlett_short_bandwidth,False,ok,-5.108797268117504,1.3459079356452971e-05,-3.6327426647230316,-2.9485102040816327,-2.6130173469387756,3,35,True,
15min,2024-06-14,2024-06-14,2024-06-14,36,main,KPSS,c,level_or_trend_stationarity,,Bartlett_short_bandwidth,False,ok,0.051824190935018444,0.865377774960413,0.7428,0.4614,0.3475,3,36,False,
15min,2024-06-14,2024-06-14,2024-06-14,36,trend_sensitivity,ADF,ct,unit_root,6.0,bic,False,ok,-5.055575216375409,0.00016277630949523215,-4.243765510204081,-3.5443646122448977,-3.2046503498542274,0,35,True,
15min,2024-06-14,2024-06-14,2024-06-14,36,trend_sensitivity,PP,ct,unit_root,,Bartlett_short_bandwidth,False,ok,-5.028423447675528,0.0001825697823313281,-4.243765510204081,-3.5443646122448977,-3.2046503498542274,3,35,True,
15min,2024-06-14,2024-06-14,2024-06-14,36,trend_sensitivity,KPSS,ct,level_or_trend_stationarity,,Bartlett_short_bandwidth,False,ok,0.05093759828573139,0.5617600233763901,0.2175,0.1479,0.1193,3,36,False,
15min,2024-06-14,2024-06-14,2024-06-14,36,lag_sensitivity,ADF,c,unit_root,6.0,aic,False,ok,-5.1308806223479415,1.2147138880081896e-05,-3.6327426647230316,-2.9485102040816327,-2.6130173469387756,0,35,True,
15min,2024-06-14,2024-06-14,2024-06-14,36,lag_sensitivity,PP,c,unit_root,,Bartlett_short_bandwidth,False,ok,-5.095427541746937,1.431884107898565e-05,-3.6327426647230316,-2.9485102040816327,-2.6130173469387756,6,35,True,
15min,2024-06-14,2024-06-14,2024-06-14,36,lag_sensitivity,KPSS,c,level_or_trend_stationarity,,Bartlett_short_bandwidth,False,ok,0.06598015815478707,0.7774290684676451,0.7428,0.4614,0.3475,6,36,False,
15min,2024-06-17,2024-06-17,2024-06-17,36,main,ADF,c,unit_root,6.0,bic,False,ok,-7.7181747294825955,1.2124426245643082e-11,-3.6327426647230316,-2.9485102040816327,-2.6130173469387756,0,35,True,
15min,2024-06-17,2024-06-17,2024-06-17,36,main,PP,c,unit_root,,Bartlett_short_bandwidth,False,ok,-7.48180103578268,4.750825067175422e-11,-3.6327426647230316,-2.9485102040816327,-2.6130173469387756,3,35,True,
15min,2024-06-17,2024-06-17,2024-06-17,36,main,KPSS,c,level_or_trend_stationarity,,Bartlett_short_bandwidth,False,ok,0.09696633728380882,0.600668313580956,0.7428,0.4614,0.3475,3,36,False,
15min,2024-06-17,2024-06-17,2024-06-17,36,trend_sensitivity,ADF,ct,unit_root,6.0,bic,False,ok,-7.5977319924475495,6.069878936445603e-10,-4.243765510204081,-3.5443646122448977,-3.2046503498542274,0,35,True,
15min,2024-06-17,2024-06-17,2024-06-17,36,trend_sensitivity,PP,ct,unit_root,,Bartlett_short_bandwidth,False,ok,-7.379179893239537,1.9311004860469808e-09,-4.243765510204081,-3.5443646122448977,-3.2046503498542274,3,35,True,
15min,2024-06-17,2024-06-17,2024-06-17,36,trend_sensitivity,KPSS,ct,level_or_trend_stationarity,,Bartlett_short_bandwidth,False,ok,0.09717095900078387,0.17391828016903502,0.2175,0.1479,0.1193,3,36,False,
15min,2024-06-17,2024-06-17,2024-06-17,36,lag_sensitivity,ADF,c,unit_root,6.0,aic,False,ok,-2.2561371306814695,0.186504903913778,-3.6461350877925254,-2.954126991123355,-2.6159676124885216,2,33,False,
15min,2024-06-17,2024-06-17,2024-06-17,36,lag_sensitivity,PP,c,unit_root,,Bartlett_short_bandwidth,False,ok,-7.463107278320658,5.289928120830117e-11,-3.6327426647230316,-2.9485102040816327,-2.6130173469387756,6,35,True,
15min,2024-06-17,2024-06-17,2024-06-17,36,lag_sensitivity,KPSS,c,level_or_trend_stationarity,,Bartlett_short_bandwidth,False,ok,0.09802853904074467,0.5953573047962767,0.7428,0.4614,0.3475,6,36,False,
15min,2024-06-18,2024-06-18,2024-06-18,36,main,ADF,c,unit_root,6.0,bic,False,ok,-5.173201487800189,9.96995982405294e-06,-3.639224104416853,-2.9512301791166293,-2.614446989619377,1,34,True,
15min,2024-06-18,2024-06-18,2024-06-18,36,main,PP,c,unit_root,,Bartlett_short_bandwidth,False,ok,-5.894257973427499,2.876159458501573e-07,-3.6327426647230316,-2.9485102040816327,-2.6130173469387756,3,35,True,
15min,2024-06-18,2024-06-18,2024-06-18,36,main,KPSS,c,level_or_trend_stationarity,,Bartlett_short_bandwidth,False,ok,0.27127026956500283,0.16346846920312202,0.7428,0.4614,0.3475,3,36,False,
15min,2024-06-18,2024-06-18,2024-06-18,36,trend_sensitivity,ADF,ct,unit_root,6.0,bic,False,ok,-5.320737245340885,5.1558367422631135e-05,-4.253042608385915,-3.5485904579686545,-3.2070617952371263,1,34,True,
15min,2024-06-18,2024-06-18,2024-06-18,36,trend_sensitivity,PP,ct,unit_root,,Bartlett_short_bandwidth,False,ok,-6.036797537676423,1.8379128722440701e-06,-4.243765510204081,-3.5443646122448977,-3.2046503498542274,3,35,True,
15min,2024-06-18,2024-06-18,2024-06-18,36,trend_sensitivity,KPSS,ct,level_or_trend_stationarity,,Bartlett_short_bandwidth,False,ok,0.07455545854915208,0.30880416500652247,0.2175,0.1479,0.1193,3,36,False,
15min,2024-06-18,2024-06-18,2024-06-18,36,lag_sensitivity,ADF,c,unit_root,6.0,aic,False,ok,-5.173201487800189,9.96995982405294e-06,-3.639224104416853,-2.9512301791166293,-2.614446989619377,1,34,True,
15min,2024-06-18,2024-06-18,2024-06-18,36,lag_sensitivity,PP,c,unit_root,,Bartlett_short_bandwidth,False,ok,-5.991158399958693,1.7443432682951049e-07,-3.6327426647230316,-2.9485102040816327,-2.6130173469387756,6,35,True,
15min,2024-06-18,2024-06-18,2024-06-18,36,lag_sensitivity,KPSS,c,level_or_trend_stationarity,,Bartlett_short_bandwidth,False,ok,0.29785519705133584,0.13735966773946792,0.7428,0.4614,0.3475,6,36,False,
15min,2024-06-19,2024-06-19,2024-06-19,36,main,ADF,c,unit_root,6.0,bic,False,ok,-6.54172436212283,9.310737472469795e-09,-3.6327426647230316,-2.9485102040816327,-2.6130173469387756,0,35,True,
15min,2024-06-19,2024-06-19,2024-06-19,36,main,PP,c,unit_root,,Bartlett_short_bandwidth,False,ok,-6.54965405915704,8.916968795336369e-09,-3.6327426647230316,-2.9485102040816327,-2.6130173469387756,3,35,True,
15min,2024-06-19,2024-06-19,2024-06-19,36,main,KPSS,c,level_or_trend_stationarity,,Bartlett_short_bandwidth,False,ok,0.4469801590013431,0.05450620031208029,0.7428,0.4614,0.3475,3,36,False,
15min,2024-06-19,2024-06-19,2024-06-19,36,trend_sensitivity,ADF,ct,unit_root,6.0,bic,False,ok,-7.0199087057032825,1.273736263789155e-08,-4.243765510204081,-3.5443646122448977,-3.2046503498542274,0,35,True,
15min,2024-06-19,2024-06-19,2024-06-19,36,trend_sensitivity,PP,ct,unit_root,,Bartlett_short_bandwidth,False,ok,-7.197584155220149,5.026087865864447e-09,-4.243765510204081,-3.5443646122448977,-3.2046503498542274,3,35,True,
15min,2024-06-19,2024-06-19,2024-06-19,36,trend_sensitivity,KPSS,ct,level_or_trend_stationarity,,Bartlett_short_bandwidth,False,ok,0.10690278839360909,0.13612003743997067,0.2175,0.1479,0.1193,3,36,False,
15min,2024-06-19,2024-06-19,2024-06-19,36,lag_sensitivity,ADF,c,unit_root,6.0,aic,False,ok,-4.934240653838504,2.9899497460420902e-05,-3.639224104416853,-2.9512301791166293,-2.614446989619377,1,34,True,
15min,2024-06-19,2024-06-19,2024-06-19,36,lag_sensitivity,PP,c,unit_root,,Bartlett_short_bandwidth,False,ok,-6.497646426562996,1.1832926747180623e-08,-3.6327426647230316,-2.9485102040816327,-2.6130173469387756,6,35,True,
15min,2024-06-19,2024-06-19,2024-06-19,36,lag_sensitivity,KPSS,c,level_or_trend_stationarity,,Bartlett_short_bandwidth,False,ok,0.35662310032501454,0.09446948257183074,0.7428,0.4614,0.3475,6,36,False,
15min,2024-06-20,2024-06-20,2024-06-20,36,main,ADF,c,unit_root,6.0,bic,False,ok,-6.527693426024869,1.004991674794787e-08,-3.6327426647230316,-2.9485102040816327,-2.6130173469387756,0,35,True,
15min,2024-06-20,2024-06-20,2024-06-20,36,main,PP,c,unit_root,,Bartlett_short_bandwidth,False,ok,-6.5094798704366825,1.1096286812472179e-08,-3.6327426647230316,-2.9485102040816327,-2.6130173469387756,3,35,True,
15min,2024-06-20,2024-06-20,2024-06-20,36,main,KPSS,c,level_or_trend_stationarity,,Bartlett_short_bandwidth,False,ok,0.11657290968471541,0.5102553111913433,0.7428,0.4614,0.3475,3,36,False,
15min,2024-06-20,2024-06-20,2024-06-20,36,trend_sensitivity,ADF,ct,unit_root,6.0,bic,False,ok,-6.613403058203499,1.0374857569538749e-07,-4.243765510204081,-3.5443646122448977,-3.2046503498542274,0,35,True,
15min,2024-06-20,2024-06-20,2024-06-20,36,trend_sensitivity,PP,ct,unit_root,,Bartlett_short_bandwidth,False,ok,-6.613154248922485,1.0388025210621603e-07,-4.243765510204081,-3.5443646122448977,-3.2046503498542274,3,35,True,
15min,2024-06-20,2024-06-20,2024-06-20,36,trend_sensitivity,KPSS,ct,level_or_trend_stationarity,,Bartlett_short_bandwidth,False,ok,0.06031906234785166,0.4445561096835039,0.2175,0.1479,0.1193,3,36,False,
15min,2024-06-20,2024-06-20,2024-06-20,36,lag_sensitivity,ADF,c,unit_root,6.0,aic,False,ok,-6.527693426024869,1.004991674794787e-08,-3.6327426647230316,-2.9485102040816327,-2.6130173469387756,0,35,True,
15min,2024-06-20,2024-06-20,2024-06-20,36,lag_sensitivity,PP,c,unit_root,,Bartlett_short_bandwidth,False,ok,-6.662893670856625,4.797340698808144e-09,-3.6327426647230316,-2.9485102040816327,-2.6130173469387756,6,35,True,
15min,2024-06-20,2024-06-20,2024-06-20,36,lag_sensitivity,KPSS,c,level_or_trend_stationarity,,Bartlett_short_bandwidth,False,ok,0.16500421682323876,0.3474609427933001,0.7428,0.4614,0.3475,6,36,False,
15min,2024-06-21,2024-06-21,2024-06-21,36,main,ADF,c,unit_root,6.0,bic,False,ok,-4.840062747296626,4.555921917562971e-05,-3.6327426647230316,-2.9485102040816327,-2.6130173469387756,0,35,True,
15min,2024-06-21,2024-06-21,2024-06-21,36,main,PP,c,unit_root,,Bartlett_short_bandwidth,False,ok,-4.895923686849265,3.551714123735034e-05,-3.6327426647230316,-2.9485102040816327,-2.6130173469387756,3,35,True,
15min,2024-06-21,2024-06-21,2024-06-21,36,main,KPSS,c,level_or_trend_stationarity,,Bartlett_short_bandwidth,False,ok,0.06176780946146165,0.8036198375453162,0.7428,0.4614,0.3475,3,36,False,
15min,2024-06-21,2024-06-21,2024-06-21,36,trend_sensitivity,ADF,ct,unit_root,6.0,bic,False,ok,-4.762345711617701,0.0005448455526535095,-4.243765510204081,-3.5443646122448977,-3.2046503498542274,0,35,True,
15min,2024-06-21,2024-06-21,2024-06-21,36,trend_sensitivity,PP,ct,unit_root,,Bartlett_short_bandwidth,False,ok,-4.818800903205573,0.0004341446403675274,-4.243765510204081,-3.5443646122448977,-3.2046503498542274,3,35,True,
15min,2024-06-21,2024-06-21,2024-06-21,36,trend_sensitivity,KPSS,ct,level_or_trend_stationarity,,Bartlett_short_bandwidth,False,ok,0.044721484221703474,0.6501777366744479,0.2175,0.1479,0.1193,3,36,False,
15min,2024-06-21,2024-06-21,2024-06-21,36,lag_sensitivity,ADF,c,unit_root,6.0,aic,False,ok,-3.3758419653792577,0.011810508112542915,-3.661428725118324,-2.960525341210433,-2.6193188033298647,4,31,True,
15min,2024-06-21,2024-06-21,2024-06-21,36,lag_sensitivity,PP,c,unit_root,,Bartlett_short_bandwidth,False,ok,-4.7498078489590245,6.777544013966923e-05,-3.6327426647230316,-2.9485102040816327,-2.6130173469387756,6,35,True,
15min,2024-06-21,2024-06-21,2024-06-21,36,lag_sensitivity,KPSS,c,level_or_trend_stationarity,,Bartlett_short_bandwidth,False,ok,0.09746753048888407,0.5981623475555796,0.7428,0.4614,0.3475,6,36,False,
15min,2024-06-24,2024-06-24,2024-06-24,36,main,ADF,c,unit_root,6.0,bic,False,ok,-4.595529500202484,0.00013164268995556462,-3.6327426647230316,-2.9485102040816327,-2.6130173469387756,0,35,True,
15min,2024-06-24,2024-06-24,2024-06-24,36,main,PP,c,unit_root,,Bartlett_short_bandwidth,False,ok,-4.6749860375996475,9.374503932180566e-05,-3.6327426647230316,-2.9485102040816327,-2.6130173469387756,3,35,True,
15min,2024-06-24,2024-06-24,2024-06-24,36,main,KPSS,c,level_or_trend_stationarity,,Bartlett_short_bandwidth,False,ok,0.2534271719713316,0.18432413849829282,0.7428,0.4614,0.3475,3,36,False,
15min,2024-06-24,2024-06-24,2024-06-24,36,trend_sensitivity,ADF,ct,unit_root,6.0,bic,False,ok,-4.9005089039467356,0.0003110500686938087,-4.243765510204081,-3.5443646122448977,-3.2046503498542274,0,35,True,
15min,2024-06-24,2024-06-24,2024-06-24,36,trend_sensitivity,PP,ct,unit_root,,Bartlett_short_bandwidth,False,ok,-4.935186423953788,0.00026956148430959544,-4.243765510204081,-3.5443646122448977,-3.2046503498542274,3,35,True,
15min,2024-06-24,2024-06-24,2024-06-24,36,trend_sensitivity,KPSS,ct,level_or_trend_stationarity,,Bartlett_short_bandwidth,False,ok,0.09555342787626314,0.18089039708507268,0.2175,0.1479,0.1193,3,36,False,
15min,2024-06-24,2024-06-24,2024-06-24,36,lag_sensitivity,ADF,c,unit_root,6.0,aic,False,ok,-4.595529500202484,0.00013164268995556462,-3.6327426647230316,-2.9485102040816327,-2.6130173469387756,0,35,True,
15min,2024-06-24,2024-06-24,2024-06-24,36,lag_sensitivity,PP,c,unit_root,,Bartlett_short_bandwidth,False,ok,-4.676402284232909,9.317510647685694e-05,-3.6327426647230316,-2.9485102040816327,-2.6130173469387756,6,35,True,
15min,2024-06-24,2024-06-24,2024-06-24,36,lag_sensitivity,KPSS,c,level_or_trend_stationarity,,Bartlett_short_bandwidth,False,ok,0.24548404087517633,0.1945076399036201,0.7428,0.4614,0.3475,6,36,False,
15min,2024-06-25,2024-06-25,2024-06-25,36,main,ADF,c,unit_root,6.0,bic,False,ok,-5.689832055592341,8.119223136642318e-07,-3.6327426647230316,-2.9485102040816327,-2.6130173469387756,0,35,True,
15min,2024-06-25,2024-06-25,2024-06-25,36,main,PP,c,unit_root,,Bartlett_short_bandwidth,False,ok,-5.686985381515112,8.235998717585471e-07,-3.6327426647230316,-2.9485102040816327,-2.6130173469387756,3,35,True,
15min,2024-06-25,2024-06-25,2024-06-25,36,main,KPSS,c,level_or_trend_stationarity,,Bartlett_short_bandwidth,False,ok,0.17965924550742957,0.31112817124728837,0.7428,0.4614,0.3475,3,36,False,
15min,2024-06-25,2024-06-25,2024-06-25,36,trend_sensitivity,ADF,ct,unit_root,6.0,bic,False,ok,-5.843157033729283,4.662597476348934e-06,-4.243765510204081,-3.5443646122448977,-3.2046503498542274,0,35,True,
15min,2024-06-25,2024-06-25,2024-06-25,36,trend_sensitivity,PP,ct,unit_root,,Bartlett_short_bandwidth,False,ok,-5.879792583239947,3.915576459386565e-06,-4.243765510204081,-3.5443646122448977,-3.2046503498542274,3,35,True,
15min,2024-06-25,2024-06-25,2024-06-25,36,trend_sensitivity,KPSS,ct,level_or_trend_stationarity,,Bartlett_short_bandwidth,False,ok,0.07168042640296103,0.3327549448020601,0.2175,0.1479,0.1193,3,36,False,
15min,2024-06-25,2024-06-25,2024-06-25,36,lag_sensitivity,ADF,c,unit_root,6.0,aic,False,ok,-4.484717528145221,0.00020952831066128725,-3.639224104416853,-2.9512301791166293,-2.614446989619377,1,34,True,
15min,2024-06-25,2024-06-25,2024-06-25,36,lag_sensitivity,PP,c,unit_root,,Bartlett_short_bandwidth,False,ok,-5.687642213624293,8.208909634349262e-07,-3.6327426647230316,-2.9485102040816327,-2.6130173469387756,6,35,True,
15min,2024-06-25,2024-06-25,2024-06-25,36,lag_sensitivity,KPSS,c,level_or_trend_stationarity,,Bartlett_short_bandwidth,False,ok,0.17380512234446438,0.32503756983721116,0.7428,0.4614,0.3475,6,36,False,
15min,2024-06-26,2024-06-26,2024-06-26,36,main,ADF,c,unit_root,6.0,bic,False,ok,-5.512383218825754,1.958949972348596e-06,-3.6327426647230316,-2.9485102040816327,-2.6130173469387756,0,35,True,
15min,2024-06-26,2024-06-26,2024-06-26,36,main,PP,c,unit_root,,Bartlett_short_bandwidth,False,ok,-5.504141482160713,2.039779781949716e-06,-3.6327426647230316,-2.9485102040816327,-2.6130173469387756,3,35,True,
15min,2024-06-26,2024-06-26,2024-06-26,36,main,KPSS,c,level_or_trend_stationarity,,Bartlett_short_bandwidth,False,ok,0.3325522968856882,0.11034443122097701,0.7428,0.4614,0.3475,3,36,False,
15min,2024-06-26,2024-06-26,2024-06-26,36,trend_sensitivity,ADF,ct,unit_root,6.0,bic,False,ok,-5.783978567009157,6.1722456918533076e-06,-4.243765510204081,-3.5443646122448977,-3.2046503498542274,0,35,True,
15min,2024-06-26,2024-06-26,2024-06-26,36,trend_sensitivity,PP,ct,unit_root,,Bartlett_short_bandwidth,False,ok,-5.789819234930234,6.004244894205233e-06,-4.243765510204081,-3.5443646122448977,-3.2046503498542274,3,35,True,
15min,2024-06-26,2024-06-26,2024-06-26,36,trend_sensitivity,KPSS,ct,level_or_trend_stationarity,,Bartlett_short_bandwidth,False,ok,0.14528478869547548,0.05326901413065565,0.2175,0.1479,0.1193,3,36,False,
15min,2024-06-26,2024-06-26,2024-06-26,36,lag_sensitivity,ADF,c,unit_root,6.0,aic,False,ok,-5.137902120688178,1.1756558587511898e-05,-3.639224104416853,-2.9512301791166293,-2.614446989619377,1,34,True,
15min,2024-06-26,2024-06-26,2024-06-26,36,lag_sensitivity,PP,c,unit_root,,Bartlett_short_bandwidth,False,ok,-5.502465245719904,2.0566121927233404e-06,-3.6327426647230316,-2.9485102040816327,-2.6130173469387756,6,35,True,
15min,2024-06-26,2024-06-26,2024-06-26,36,lag_sensitivity,KPSS,c,level_or_trend_stationarity,,Bartlett_short_bandwidth,False,ok,0.3030180182225426,0.13303931529494345,0.7428,0.4614,0.3475,6,36,False,
15min,2024-06-27,2024-06-27,2024-06-27,36,main,ADF,c,unit_root,6.0,bic,False,ok,-5.011518695538714,2.1057222422461442e-05,-3.639224104416853,-2.9512301791166293,-2.614446989619377,1,34,True,
15min,2024-06-27,2024-06-27,2024-06-27,36,main,PP,c,unit_root,,Bartlett_short_bandwidth,False,ok,-4.533307479803815,0.00017111381320324546,-3.6327426647230316,-2.9485102040816327,-2.6130173469387756,3,35,True,
15min,2024-06-27,2024-06-27,2024-06-27,36,main,KPSS,c,level_or_trend_stationarity,,Bartlett_short_bandwidth,False,ok,0.11917672820917907,0.49930238864797727,0.7428,0.4614,0.3475,3,36,False,
15min,2024-06-27,2024-06-27,2024-06-27,36,trend_sensitivity,ADF,ct,unit_root,6.0,bic,False,ok,-5.082596787888682,0.00014512685810759104,-4.253042608385915,-3.5485904579686545,-3.2070617952371263,1,34,True,
15min,2024-06-27,2024-06-27,2024-06-27,36,trend_sensitivity,PP,ct,unit_root,,Bartlett_short_bandwidth,False,ok,-4.615590976541498,0.000970770396661925,-4.243765510204081,-3.5443646122448977,-3.2046503498542274,3,35,True,
15min,2024-06-27,2024-06-27,2024-06-27,36,trend_sensitivity,KPSS,ct,level_or_trend_stationarity,,Bartlett_short_bandwidth,False,ok,0.05799755624647469,0.47169575897053945,0.2175,0.1479,0.1193,3,36,False,
15min,2024-06-27,2024-06-27,2024-06-27,36,lag_sensitivity,ADF,c,unit_root,6.0,aic,False,ok,-5.011518695538714,2.1057222422461442e-05,-3.639224104416853,-2.9512301791166293,-2.614446989619377,1,34,True,
15min,2024-06-27,2024-06-27,2024-06-27,36,lag_sensitivity,PP,c,unit_root,,Bartlett_short_bandwidth,False,ok,-4.529865923030254,0.00017359747091332035,-3.6327426647230316,-2.9485102040816327,-2.6130173469387756,6,35,True,
15min,2024-06-27,2024-06-27,2024-06-27,36,lag_sensitivity,KPSS,c,level_or_trend_stationarity,,Bartlett_short_bandwidth,False,ok,0.1845437215764741,0.299906975369204,0.7428,0.4614,0.3475,6,36,False,
15min,2024-06-28,2024-06-28,2024-06-28,36,main,ADF,c,unit_root,6.0,bic,False,ok,-4.703338259929903,8.294601399353444e-05,-3.6327426647230316,-2.9485102040816327,-2.6130173469387756,0,35,True,
15min,2024-06-28,2024-06-28,2024-06-28,36,main,PP,c,unit_root,,Bartlett_short_bandwidth,False,ok,-4.7064611253486905,8.183212245593328e-05,-3.6327426647230316,-2.9485102040816327,-2.6130173469387756,3,35,True,
15min,2024-06-28,2024-06-28,2024-06-28,36,main,KPSS,c,level_or_trend_stationarity,,Bartlett_short_bandwidth,False,ok,0.04026683067574819,0.9320166806539569,0.7428,0.4614,0.3475,3,36,False,
15min,2024-06-28,2024-06-28,2024-06-28,36,trend_sensitivity,ADF,ct,unit_root,6.0,bic,False,ok,-4.674999587236672,0.0007701140478080248,-4.243765510204081,-3.5443646122448977,-3.2046503498542274,0,35,True,
15min,2024-06-28,2024-06-28,2024-06-28,36,trend_sensitivity,PP,ct,unit_root,,Bartlett_short_bandwidth,False,ok,-4.6676406033785645,0.0007926564509607604,-4.243765510204081,-3.5443646122448977,-3.2046503498542274,3,35,True,
15min,2024-06-28,2024-06-28,2024-06-28,36,trend_sensitivity,KPSS,ct,level_or_trend_stationarity,,Bartlett_short_bandwidth,False,ok,0.03953704878554431,0.729181345902094,0.2175,0.1479,0.1193,3,36,False,
15min,2024-06-28,2024-06-28,2024-06-28,36,lag_sensitivity,ADF,c,unit_root,6.0,aic,False,ok,-4.703338259929903,8.294601399353444e-05,-3.6327426647230316,-2.9485102040816327,-2.6130173469387756,0,35,True,
15min,2024-06-28,2024-06-28,2024-06-28,36,lag_sensitivity,PP,c,unit_root,,Bartlett_short_bandwidth,False,ok,-4.670810382853814,9.544489775049333e-05,-3.6327426647230316,-2.9485102040816327,-2.6130173469387756,6,35,True,
15min,2024-06-28,2024-06-28,2024-06-28,36,lag_sensitivity,KPSS,c,level_or_trend_stationarity,,Bartlett_short_bandwidth,False,ok,0.07183482520092074,0.7410269935694046,0.7428,0.4614,0.3475,6,36,False,
15min,2024-07-01,2024-07-01,2024-07-01,36,main,ADF,c,unit_root,6.0,bic,False,ok,-5.789945617303021,4.898818337840345e-07,-3.6327426647230316,-2.9485102040816327,-2.6130173469387756,0,35,True,
15min,2024-07-01,2024-07-01,2024-07-01,36,main,PP,c,unit_root,,Bartlett_short_bandwidth,False,ok,-6.148813290583377,7.650546494013369e-08,-3.6327426647230316,-2.9485102040816327,-2.6130173469387756,3,35,True,
15min,2024-07-01,2024-07-01,2024-07-01,36,main,KPSS,c,level_or_trend_stationarity,,Bartlett_short_bandwidth,False,ok,0.2744126810373002,0.16019512391947896,0.7428,0.4614,0.3475,3,36,False,
15min,2024-07-01,2024-07-01,2024-07-01,36,trend_sensitivity,ADF,ct,unit_root,6.0,bic,False,ok,-6.154168267321978,1.0358135347409248e-06,-4.262944107465843,-3.553092543339733,-3.2096284957008097,2,33,True,
15min,2024-07-01,2024-07-01,2024-07-01,36,trend_sensitivity,PP,ct,unit_root,,Bartlett_short_bandwidth,False,ok,-6.077964211340139,1.5041912778904721e-06,-4.243765510204081,-3.5443646122448977,-3.2046503498542274,3,35,True,
15min,2024-07-01,2024-07-01,2024-07-01,36,trend_sensitivity,KPSS,ct,level_or_trend_stationarity,,Bartlett_short_bandwidth,False,ok,0.07229537620946776,0.32753853158776863,0.2175,0.1479,0.1193,3,36,False,
15min,2024-07-01,2024-07-01,2024-07-01,36,lag_sensitivity,ADF,c,unit_root,6.0,aic,False,ok,-1.7010612407324375,0.4305657768306651,-3.6790595944893187,-2.9678817237279103,-2.6231583472057074,6,29,False,
15min,2024-07-01,2024-07-01,2024-07-01,36,lag_sensitivity,PP,c,unit_root,,Bartlett_short_bandwidth,False,ok,-6.540803319034045,9.357571016823868e-09,-3.6327426647230316,-2.9485102040816327,-2.6130173469387756,6,35,True,
15min,2024-07-01,2024-07-01,2024-07-01,36,lag_sensitivity,KPSS,c,level_or_trend_stationarity,,Bartlett_short_bandwidth,False,ok,0.31608272324662107,0.12210650774341333,0.7428,0.4614,0.3475,6,36,False,
15min,2024-07-02,2024-07-02,2024-07-02,36,main,ADF,c,unit_root,6.0,bic,False,ok,-2.5904122339722635,0.09499509932186417,-3.661428725118324,-2.960525341210433,-2.6193188033298647,4,31,False,
15min,2024-07-02,2024-07-02,2024-07-02,36,main,PP,c,unit_root,,Bartlett_short_bandwidth,False,ok,-8.499411869327114,1.2500614267016386e-13,-3.6327426647230316,-2.9485102040816327,-2.6130173469387756,3,35,True,
15min,2024-07-02,2024-07-02,2024-07-02,36,main,KPSS,c,level_or_trend_stationarity,,Bartlett_short_bandwidth,False,ok,0.14936501849716374,0.39212792113939365,0.7428,0.4614,0.3475,3,36,False,
15min,2024-07-02,2024-07-02,2024-07-02,36,trend_sensitivity,ADF,ct,unit_root,6.0,bic,False,ok,-2.4881003414215277,0.3339370090516016,-4.284890375281125,-3.5630415894061964,-3.2152919724077744,4,31,False,
15min,2024-07-02,2024-07-02,2024-07-02,36,trend_sensitivity,PP,ct,unit_root,,Bartlett_short_bandwidth,False,ok,-8.376105668448632,9.672374559878847e-12,-4.243765510204081,-3.5443646122448977,-3.2046503498542274,3,35,True,
15min,2024-07-02,2024-07-02,2024-07-02,36,trend_sensitivity,KPSS,ct,level_or_trend_stationarity,,Bartlett_short_bandwidth,False,ok,0.1391718504065412,0.061709317565846675,0.2175,0.1479,0.1193,3,36,False,
15min,2024-07-02,2024-07-02,2024-07-02,36,lag_sensitivity,ADF,c,unit_root,6.0,aic,False,ok,-1.409371695566558,0.5777750545620717,-3.6699197407407405,-2.9640707407407407,-2.621171111111111,5,30,False,
15min,2024-07-02,2024-07-02,2024-07-02,36,lag_sensitivity,PP,c,unit_root,,Bartlett_short_bandwidth,False,ok,-8.206293933360921,7.010102501071108e-13,-3.6327426647230316,-2.9485102040816327,-2.6130173469387756,6,35,True,
15min,2024-07-02,2024-07-02,2024-07-02,36,lag_sensitivity,KPSS,c,level_or_trend_stationarity,,Bartlett_short_bandwidth,False,ok,0.13104503122214597,0.4534140626039329,0.7428,0.4614,0.3475,6,36,False,
15min,2024-07-03,2024-07-03,2024-07-03,36,main,ADF,c,unit_root,6.0,bic,False,ok,-5.559432649614032,1.5539033993290422e-06,-3.6327426647230316,-2.9485102040816327,-2.6130173469387756,0,35,True,
15min,2024-07-03,2024-07-03,2024-07-03,36,main,PP,c,unit_root,,Bartlett_short_bandwidth,False,ok,-5.573680003927552,1.4482466015398274e-06,-3.6327426647230316,-2.9485102040816327,-2.6130173469387756,3,35,True,
15min,2024-07-03,2024-07-03,2024-07-03,36,main,KPSS,c,level_or_trend_stationarity,,Bartlett_short_bandwidth,False,ok,0.33638608238534956,0.10769129246688611,0.7428,0.4614,0.3475,3,36,False,
15min,2024-07-03,2024-07-03,2024-07-03,36,trend_sensitivity,ADF,ct,unit_root,6.0,bic,False,ok,-5.9379783233188554,2.9628743735672607e-06,-4.243765510204081,-3.5443646122448977,-3.2046503498542274,0,35,True,
15min,2024-07-03,2024-07-03,2024-07-03,36,trend_sensitivity,PP,ct,unit_root,,Bartlett_short_bandwidth,False,ok,-5.9409100890751825,2.9214051726126287e-06,-4.243765510204081,-3.5443646122448977,-3.2046503498542274,3,35,True,
15min,2024-07-03,2024-07-03,2024-07-03,36,trend_sensitivity,KPSS,ct,level_or_trend_stationarity,,Bartlett_short_bandwidth,False,ok,0.08891788906521052,0.21418988000780081,0.2175,0.1479,0.1193,3,36,False,
15min,2024-07-03,2024-07-03,2024-07-03,36,lag_sensitivity,ADF,c,unit_root,6.0,aic,False,ok,-5.559432649614032,1.5539033993290422e-06,-3.6327426647230316,-2.9485102040816327,-2.6130173469387756,0,35,True,
15min,2024-07-03,2024-07-03,2024-07-03,36,lag_sensitivity,PP,c,unit_root,,Bartlett_short_bandwidth,False,ok,-5.574488367036516,1.44246656166284e-06,-3.6327426647230316,-2.9485102040816327,-2.6130173469387756,6,35,True,
15min,2024-07-03,2024-07-03,2024-07-03,36,lag_sensitivity,KPSS,c,level_or_trend_stationarity,,Bartlett_short_bandwidth,False,ok,0.323319837272222,0.11673367662822004,0.7428,0.4614,0.3475,6,36,False,
15min,2024-07-04,2024-07-04,2024-07-04,36,main,ADF,c,unit_root,6.0,bic,False,ok,-8.10775677324101,1.2494888063642053e-12,-3.6327426647230316,-2.9485102040816327,-2.6130173469387756,0,35,True,
15min,2024-07-04,2024-07-04,2024-07-04,36,main,PP,c,unit_root,,Bartlett_short_bandwidth,False,ok,-8.443946686593078,1.7330359944728435e-13,-3.6327426647230316,-2.9485102040816327,-2.6130173469387756,3,35,True,
15min,2024-07-04,2024-07-04,2024-07-04,36,main,KPSS,c,level_or_trend_stationarity,,Bartlett_short_bandwidth,False,ok,0.22043450434176134,0.23153653130478896,0.7428,0.4614,0.3475,3,36,False,
15min,2024-07-04,2024-07-04,2024-07-04,36,trend_sensitivity,ADF,ct,unit_root,6.0,bic,False,ok,-8.229430766338647,2.1078254678937604e-11,-4.243765510204081,-3.5443646122448977,-3.2046503498542274,0,35,True,
15min,2024-07-04,2024-07-04,2024-07-04,36,trend_sensitivity,PP,ct,unit_root,,Bartlett_short_bandwidth,False,ok,-8.908285927545979,5.855193282946381e-13,-4.243765510204081,-3.5443646122448977,-3.2046503498542274,3,35,True,
15min,2024-07-04,2024-07-04,2024-07-04,36,trend_sensitivity,KPSS,ct,level_or_trend_stationarity,,Bartlett_short_bandwidth,False,ok,0.06198476155417172,0.42601970806029255,0.2175,0.1479,0.1193,3,36,False,
15min,2024-07-04,2024-07-04,2024-07-04,36,lag_sensitivity,ADF,c,unit_root,6.0,aic,False,ok,-8.10775677324101,1.2494888063642053e-12,-3.6327426647230316,-2.9485102040816327,-2.6130173469387756,0,35,True,
15min,2024-07-04,2024-07-04,2024-07-04,36,lag_sensitivity,PP,c,unit_root,,Bartlett_short_bandwidth,False,ok,-8.820810389158718,1.8795641983926462e-14,-3.6327426647230316,-2.9485102040816327,-2.6130173469387756,6,35,True,
15min,2024-07-04,2024-07-04,2024-07-04,36,lag_sensitivity,KPSS,c,level_or_trend_stationarity,,Bartlett_short_bandwidth,False,ok,0.2609170249259842,0.1752495866238644,0.7428,0.4614,0.3475,6,36,False,
15min,2024-07-05,2024-07-05,2024-07-05,36,main,ADF,c,unit_root,6.0,bic,False,ok,-7.929390292119158,3.5465925576125755e-12,-3.6327426647230316,-2.9485102040816327,-2.6130173469387756,0,35,True,
15min,2024-07-05,2024-07-05,2024-07-05,36,main,PP,c,unit_root,,Bartlett_short_bandwidth,False,ok,-8.529281706947781,1.0483370198895804e-13,-3.6327426647230316,-2.9485102040816327,-2.6130173469387756,3,35,True,
15min,2024-07-05,2024-07-05,2024-07-05,36,main,KPSS,c,level_or_trend_stationarity,,Bartlett_short_bandwidth,False,ok,0.10673018196151406,0.5534991729022088,0.7428,0.4614,0.3475,3,36,False,
15min,2024-07-05,2024-07-05,2024-07-05,36,trend_sensitivity,ADF,ct,unit_root,6.0,bic,False,ok,-7.903359432222604,1.195193396760682e-10,-4.243765510204081,-3.5443646122448977,-3.2046503498542274,0,35,True,
15min,2024-07-05,2024-07-05,2024-07-05,36,trend_sensitivity,PP,ct,unit_root,,Bartlett_short_bandwidth,False,ok,-8.653319749338285,2.2322923810173647e-12,-4.243765510204081,-3.5443646122448977,-3.2046503498542274,3,35,True,
15min,2024-07-05,2024-07-05,2024-07-05,36,trend_sensitivity,KPSS,ct,level_or_trend_stationarity,,Bartlett_short_bandwidth,False,ok,0.050696615787834735,0.5650472215650967,0.2175,0.1479,0.1193,3,36,False,
15min,2024-07-05,2024-07-05,2024-07-05,36,lag_sensitivity,ADF,c,unit_root,6.0,aic,False,ok,-7.929390292119158,3.5465925576125755e-12,-3.6327426647230316,-2.9485102040816327,-2.6130173469387756,0,35,True,
15min,2024-07-05,2024-07-05,2024-07-05,36,lag_sensitivity,PP,c,unit_root,,Bartlett_short_bandwidth,False,ok,-8.969060710897038,7.843617657581611e-15,-3.6327426647230316,-2.9485102040816327,-2.6130173469387756,6,35,True,
15min,2024-07-05,2024-07-05,2024-07-05,36,lag_sensitivity,KPSS,c,level_or_trend_stationarity,,Bartlett_short_bandwidth,False,ok,0.141398806038906,0.41743972423427567,0.7428,0.4614,0.3475,6,36,False,
15min,2024-07-08,2024-07-08,2024-07-08,36,main,ADF,c,unit_root,6.0,bic,False,ok,-9.426529866995267,5.328220995205479e-16,-3.6327426647230316,-2.9485102040816327,-2.6130173469387756,0,35,True,
15min,2024-07-08,2024-07-08,2024-07-08,36,main,PP,c,unit_root,,Bartlett_short_bandwidth,False,ok,-9.603423834824186,1.893790435987155e-16,-3.6327426647230316,-2.9485102040816327,-2.6130173469387756,3,35,True,
15min,2024-07-08,2024-07-08,2024-07-08,36,main,KPSS,c,level_or_trend_stationarity,,Bartlett_short_bandwidth,False,ok,0.07515137447976745,0.7209830850358859,0.7428,0.4614,0.3475,3,36,False,
15min,2024-07-08,2024-07-08,2024-07-08,36,trend_sensitivity,ADF,ct,unit_root,6.0,bic,False,ok,-9.429768978341034,3.968557604654548e-14,-4.243765510204081,-3.5443646122448977,-3.2046503498542274,0,35,True,
15min,2024-07-08,2024-07-08,2024-07-08,36,trend_sensitivity,PP,ct,unit_root,,Bartlett_short_bandwidth,False,ok,-9.791100388544589,6.450935786478701e-15,-4.243765510204081,-3.5443646122448977,-3.2046503498542274,3,35,True,
15min,2024-07-08,2024-07-08,2024-07-08,36,trend_sensitivity,KPSS,ct,level_or_trend_stationarity,,Bartlett_short_bandwidth,False,ok,0.05246975393820874,0.5408669917516991,0.2175,0.1479,0.1193,3,36,False,
15min,2024-07-08,2024-07-08,2024-07-08,36,lag_sensitivity,ADF,c,unit_root,6.0,aic,False,ok,-4.442846497896797,0.0002490807941556081,-3.653519805908203,-2.9572185644531253,-2.6175881640625,3,32,True,
15min,2024-07-08,2024-07-08,2024-07-08,36,lag_sensitivity,PP,c,unit_root,,Bartlett_short_bandwidth,False,ok,-10.743835140582961,2.7741589458501865e-19,-3.6327426647230316,-2.9485102040816327,-2.6130173469387756,6,35,True,
15min,2024-07-08,2024-07-08,2024-07-08,36,lag_sensitivity,KPSS,c,level_or_trend_stationarity,,Bartlett_short_bandwidth,False,ok,0.14945941585509293,0.3918469766217473,0.7428,0.4614,0.3475,6,36,False,
15min,2024-07-09,2024-07-09,2024-07-09,36,main,ADF,c,unit_root,6.0,bic,False,ok,-9.309700939510371,1.0571813690799852e-15,-3.6327426647230316,-2.9485102040816327,-2.6130173469387756,0,35,True,
15min,2024-07-09,2024-07-09,2024-07-09,36,main,PP,c,unit_root,,Bartlett_short_bandwidth,False,ok,-10.033801455811217,1.5597671072872723e-17,-3.6327426647230316,-2.9485102040816327,-2.6130173469387756,3,35,True,
15min,2024-07-09,2024-07-09,2024-07-09,36,main,KPSS,c,level_or_trend_stationarity,,Bartlett_short_bandwidth,False,ok,0.15189571006354619,0.38459610100135067,0.7428,0.4614,0.3475,3,36,False,
15min,2024-07-09,2024-07-09,2024-07-09,36,trend_sensitivity,ADF,ct,unit_root,6.0,bic,False,ok,-9.33626859079333,6.395130766851118e-14,-4.243765510204081,-3.5443646122448977,-3.2046503498542274,0,35,True,
15min,2024-07-09,2024-07-09,2024-07-09,36,trend_sensitivity,PP,ct,unit_root,,Bartlett_short_bandwidth,False,ok,-10.574040820936613,1.5101657168157388e-16,-4.243765510204081,-3.5443646122448977,-3.2046503498542274,3,35,True,
15min,2024-07-09,2024-07-09,2024-07-09,36,trend_sensitivity,KPSS,ct,level_or_trend_stationarity,,Bartlett_short_bandwidth,False,ok,0.07012686410069828,0.3461477232698424,0.2175,0.1479,0.1193,3,36,False,
15min,2024-07-09,2024-07-09,2024-07-09,36,lag_sensitivity,ADF,c,unit_root,6.0,aic,False,ok,-9.309700939510371,1.0571813690799852e-15,-3.6327426647230316,-2.9485102040816327,-2.6130173469387756,0,35,True,
15min,2024-07-09,2024-07-09,2024-07-09,36,lag_sensitivity,PP,c,unit_root,,Bartlett_short_bandwidth,False,ok,-10.319325479806594,3.0381220943510427e-18,-3.6327426647230316,-2.9485102040816327,-2.6130173469387756,6,35,True,
15min,2024-07-09,2024-07-09,2024-07-09,36,lag_sensitivity,KPSS,c,level_or_trend_stationarity,,Bartlett_short_bandwidth,False,ok,0.187072704178615,0.29452616132209575,0.7428,0.4614,0.3475,6,36,False,
15min,2024-07-10,2024-07-10,2024-07-10,36,main,ADF,c,unit_root,6.0,bic,False,ok,-7.746509963422466,1.0285772840499241e-11,-3.6327426647230316,-2.9485102040816327,-2.6130173469387756,0,35,True,
15min,2024-07-10,2024-07-10,2024-07-10,36,main,PP,c,unit_root,,Bartlett_short_bandwidth,False,ok,-8.42505659308598,1.9369183667720591e-13,-3.6327426647230316,-2.9485102040816327,-2.6130173469387756,3,35,True,
15min,2024-07-10,2024-07-10,2024-07-10,36,main,KPSS,c,level_or_trend_stationarity,,Bartlett_short_bandwidth,False,ok,0.09495716435727243,0.6107141782136378,0.7428,0.4614,0.3475,3,36,False,
15min,2024-07-10,2024-07-10,2024-07-10,36,trend_sensitivity,ADF,ct,unit_root,6.0,bic,False,ok,-7.827825630544452,1.7866189367553295e-10,-4.243765510204081,-3.5443646122448977,-3.2046503498542274,0,35,True,
15min,2024-07-10,2024-07-10,2024-07-10,36,trend_sensitivity,PP,ct,unit_root,,Bartlett_short_bandwidth,False,ok,-8.934515696324402,5.105704460479684e-13,-4.243765510204081,-3.5443646122448977,-3.2046503498542274,3,35,True,
15min,2024-07-10,2024-07-10,2024-07-10,36,trend_sensitivity,KPSS,ct,level_or_trend_stationarity,,Bartlett_short_bandwidth,False,ok,0.07571679131367488,0.2998708360486547,0.2175,0.1479,0.1193,3,36,False,
15min,2024-07-10,2024-07-10,2024-07-10,36,lag_sensitivity,ADF,c,unit_root,6.0,aic,False,ok,-7.15736155466959,3.030200167937894e-10,-3.639224104416853,-2.9512301791166293,-2.614446989619377,1,34,True,
15min,2024-07-10,2024-07-10,2024-07-10,36,lag_sensitivity,PP,c,unit_root,,Bartlett_short_bandwidth,False,ok,-8.276134716193248,4.651193948382017e-13,-3.6327426647230316,-2.9485102040816327,-2.6130173469387756,6,35,True,
15min,2024-07-10,2024-07-10,2024-07-10,36,lag_sensitivity,KPSS,c,level_or_trend_stationarity,,Bartlett_short_bandwidth,False,ok,0.10303489676363971,0.5708899194055783,0.7428,0.4614,0.3475,6,36,False,
15min,2024-07-11,2024-07-11,2024-07-11,36,main,ADF,c,unit_root,6.0,bic,False,ok,-5.1815512908318535,9.587475123398674e-06,-3.653519805908203,-2.9572185644531253,-2.6175881640625,3,32,True,
15min,2024-07-11,2024-07-11,2024-07-11,36,main,PP,c,unit_root,,Bartlett_short_bandwidth,False,ok,-9.09697184595729,3.692494400310189e-15,-3.6327426647230316,-2.9485102040816327,-2.6130173469387756,3,35,True,
15min,2024-07-11,2024-07-11,2024-07-11,36,main,KPSS,c,level_or_trend_stationarity,,Bartlett_short_bandwidth,False,ok,0.24479705645718067,0.19542075492058242,0.7428,0.4614,0.3475,3,36,False,
15min,2024-07-11,2024-07-11,2024-07-11,36,trend_sensitivity,ADF,ct,unit_root,6.0,bic,False,ok,-5.235804326415969,7.492820496867297e-05,-4.27353517944336,-3.5578989233398435,-3.2123659912109375,3,32,True,
15min,2024-07-11,2024-07-11,2024-07-11,36,trend_sensitivity,PP,ct,unit_root,,Bartlett_short_bandwidth,False,ok,-9.413173015088768,4.318452522374749e-14,-4.243765510204081,-3.5443646122448977,-3.2046503498542274,3,35,True,
15min,2024-07-11,2024-07-11,2024-07-11,36,trend_sensitivity,KPSS,ct,level_or_trend_stationarity,,Bartlett_short_bandwidth,False,ok,0.10212937989456122,0.15347403813373126,0.2175,0.1479,0.1193,3,36,False,
15min,2024-07-11,2024-07-11,2024-07-11,36,lag_sensitivity,ADF,c,unit_root,6.0,aic,False,ok,-4.259580062926332,0.0005215186623524373,-3.6790595944893187,-2.9678817237279103,-2.6231583472057074,6,29,True,
15min,2024-07-11,2024-07-11,2024-07-11,36,lag_sensitivity,PP,c,unit_root,,Bartlett_short_bandwidth,False,ok,-9.16836973091241,2.4257967399458174e-15,-3.6327426647230316,-2.9485102040816327,-2.6130173469387756,6,35,True,
15min,2024-07-11,2024-07-11,2024-07-11,36,lag_sensitivity,KPSS,c,level_or_trend_stationarity,,Bartlett_short_bandwidth,False,ok,0.2685526470458125,0.16643925340867788,0.7428,0.4614,0.3475,6,36,False,
15min,2024-07-12,2024-07-12,2024-07-12,36,main,ADF,c,unit_root,6.0,bic,False,ok,-8.049726882929114,1.7552263284089404e-12,-3.6327426647230316,-2.9485102040816327,-2.6130173469387756,0,35,True,
15min,2024-07-12,2024-07-12,2024-07-12,36,main,PP,c,unit_root,,Bartlett_short_bandwidth,False,ok,-8.716091282577212,3.485240313336979e-14,-3.6327426647230316,-2.9485102040816327,-2.6130173469387756,3,35,True,
15min,2024-07-12,2024-07-12,2024-07-12,36,main,KPSS,c,level_or_trend_stationarity,,Bartlett_short_bandwidth,False,ok,0.07726806412656219,0.7082099578569523,0.7428,0.4614,0.3475,3,36,False,
15min,2024-07-12,2024-07-12,2024-07-12,36,trend_sensitivity,ADF,ct,unit_root,6.0,bic,False,ok,-7.92653328411613,1.0564833041234977e-10,-4.243765510204081,-3.5443646122448977,-3.2046503498542274,0,35,True,
15min,2024-07-12,2024-07-12,2024-07-12,36,trend_sensitivity,PP,ct,unit_root,,Bartlett_short_bandwidth,False,ok,-8.56352105852456,3.5856056085706627e-12,-4.243765510204081,-3.5443646122448977,-3.2046503498542274,3,35,True,
15min,2024-07-12,2024-07-12,2024-07-12,36,trend_sensitivity,KPSS,ct,level_or_trend_stationarity,,Bartlett_short_bandwidth,False,ok,0.07521814770480993,0.30370655611684666,0.2175,0.1479,0.1193,3,36,False,
15min,2024-07-12,2024-07-12,2024-07-12,36,lag_sensitivity,ADF,c,unit_root,6.0,aic,False,ok,-6.363505148320149,2.4416081488224773e-08,-3.639224104416853,-2.9512301791166293,-2.614446989619377,1,34,True,
15min,2024-07-12,2024-07-12,2024-07-12,36,lag_sensitivity,PP,c,unit_root,,Bartlett_short_bandwidth,False,ok,-9.328845991329132,9.44812117125521e-16,-3.6327426647230316,-2.9485102040816327,-2.6130173469387756,6,35,True,
15min,2024-07-12,2024-07-12,2024-07-12,36,lag_sensitivity,KPSS,c,level_or_trend_stationarity,,Bartlett_short_bandwidth,False,ok,0.10908046468069826,0.5428160696331897,0.7428,0.4614,0.3475,6,36,False,
15min,2024-07-15,2024-07-15,2024-07-15,36,main,ADF,c,unit_root,6.0,bic,False,ok,-8.480003216805212,1.4014732081659995e-13,-3.6327426647230316,-2.9485102040816327,-2.6130173469387756,0,35,True,
15min,2024-07-15,2024-07-15,2024-07-15,36,main,PP,c,unit_root,,Bartlett_short_bandwidth,False,ok,-9.419865508626014,5.540382102998014e-16,-3.6327426647230316,-2.9485102040816327,-2.6130173469387756,3,35,True,
15min,2024-07-15,2024-07-15,2024-07-15,36,main,KPSS,c,level_or_trend_stationarity,,Bartlett_short_bandwidth,False,ok,0.09907050489523173,0.5901474755238414,0.7428,0.4614,0.3475,3,36,False,
15min,2024-07-15,2024-07-15,2024-07-15,36,trend_sensitivity,ADF,ct,unit_root,6.0,bic,False,ok,-8.342780267859126,1.1543363992498299e-11,-4.243765510204081,-3.5443646122448977,-3.2046503498542274,0,35,True,
15min,2024-07-15,2024-07-15,2024-07-15,36,trend_sensitivity,PP,ct,unit_root,,Bartlett_short_bandwidth,False,ok,-9.262898834888547,9.31620291044441e-14,-4.243765510204081,-3.5443646122448977,-3.2046503498542274,3,35,True,
15min,2024-07-15,2024-07-15,2024-07-15,36,trend_sensitivity,KPSS,ct,level_or_trend_stationarity,,Bartlett_short_bandwidth,False,ok,0.05049745805573319,0.5678261666641881,0.2175,0.1479,0.1193,3,36,False,
15min,2024-07-15,2024-07-15,2024-07-15,36,lag_sensitivity,ADF,c,unit_root,6.0,aic,False,ok,-8.480003216805212,1.4014732081659995e-13,-3.6327426647230316,-2.9485102040816327,-2.6130173469387756,0,35,True,
15min,2024-07-15,2024-07-15,2024-07-15,36,lag_sensitivity,PP,c,unit_root,,Bartlett_short_bandwidth,False,ok,-10.213410466386907,5.561529490398642e-18,-3.6327426647230316,-2.9485102040816327,-2.6130173469387756,6,35,True,
15min,2024-07-15,2024-07-15,2024-07-15,36,lag_sensitivity,KPSS,c,level_or_trend_stationarity,,Bartlett_short_bandwidth,False,ok,0.16316014493194522,0.35252707436278785,0.7428,0.4614,0.3475,6,36,False,
15min,2024-07-16,2024-07-16,2024-07-16,36,main,ADF,c,unit_root,6.0,bic,False,ok,-7.951576204853385,3.11571139338604e-12,-3.6327426647230316,-2.9485102040816327,-2.6130173469387756,0,35,True,
15min,2024-07-16,2024-07-16,2024-07-16,36,main,PP,c,unit_root,,Bartlett_short_bandwidth,False,ok,-8.265262366536446,4.958057860224234e-13,-3.6327426647230316,-2.9485102040816327,-2.6130173469387756,3,35,True,
15min,2024-07-16,2024-07-16,2024-07-16,36,main,KPSS,c,level_or_trend_stationarity,,Bartlett_short_bandwidth,False,ok,0.09294121427039946,0.621163753880854,0.7428,0.4614,0.3475,3,36,False,
15min,2024-07-16,2024-07-16,2024-07-16,36,trend_sensitivity,ADF,ct,unit_root,6.0,bic,False,ok,-8.037397104429811,5.855244017481673e-11,-4.243765510204081,-3.5443646122448977,-3.2046503498542274,0,35,True,
15min,2024-07-16,2024-07-16,2024-07-16,36,trend_sensitivity,PP,ct,unit_root,,Bartlett_short_bandwidth,False,ok,-8.713349194874974,1.6272852844481914e-12,-4.243765510204081,-3.5443646122448977,-3.2046503498542274,3,35,True,
15min,2024-07-16,2024-07-16,2024-07-16,36,trend_sensitivity,KPSS,ct,level_or_trend_stationarity,,Bartlett_short_bandwidth,False,ok,0.0776779350458609,0.28515760681527924,0.2175,0.1479,0.1193,3,36,False,
15min,2024-07-16,2024-07-16,2024-07-16,36,lag_sensitivity,ADF,c,unit_root,6.0,aic,False,ok,-7.951576204853385,3.11571139338604e-12,-3.6327426647230316,-2.9485102040816327,-2.6130173469387756,0,35,True,
15min,2024-07-16,2024-07-16,2024-07-16,36,lag_sensitivity,PP,c,unit_root,,Bartlett_short_bandwidth,False,ok,-9.085475666228216,3.951048772876369e-15,-3.6327426647230316,-2.9485102040816327,-2.6130173469387756,6,35,True,
15min,2024-07-16,2024-07-16,2024-07-16,36,lag_sensitivity,KPSS,c,level_or_trend_stationarity,,Bartlett_short_bandwidth,False,ok,0.12846543260705354,0.46303943057069574,0.7428,0.4614,0.3475,6,36,False,
15min,2024-07-17,2024-07-17,2024-07-17,36,main,ADF,c,unit_root,6.0,bic,False,ok,-6.232630657612594,4.911130803418006e-08,-3.6327426647230316,-2.9485102040816327,-2.6130173469387756,0,35,True,
15min,2024-07-17,2024-07-17,2024-07-17,36,main,PP,c,unit_root,,Bartlett_short_bandwidth,False,ok,-6.207148009324327,5.621697402072438e-08,-3.6327426647230316,-2.9485102040816327,-2.6130173469387756,3,35,True,
15min,2024-07-17,2024-07-17,2024-07-17,36,main,KPSS,c,level_or_trend_stationarity,,Bartlett_short_bandwidth,False,ok,0.10754065856979655,0.5498151883191066,0.7428,0.4614,0.3475,3,36,False,
15min,2024-07-17,2024-07-17,2024-07-17,36,trend_sensitivity,ADF,ct,unit_root,6.0,bic,False,ok,-6.420201938667476,2.7595039276867014e-07,-4.243765510204081,-3.5443646122448977,-3.2046503498542274,0,35,True,
15min,2024-07-17,2024-07-17,2024-07-17,36,trend_sensitivity,PP,ct,unit_root,,Bartlett_short_bandwidth,False,ok,-6.4008491578248385,3.0412496021325435e-07,-4.243765510204081,-3.5443646122448977,-3.2046503498542274,3,35,True,
15min,2024-07-17,2024-07-17,2024-07-17,36,trend_sensitivity,KPSS,ct,level_or_trend_stationarity,,Bartlett_short_bandwidth,False,ok,0.05238452726709207,0.5420291736305627,0.2175,0.1479,0.1193,3,36,False,
15min,2024-07-17,2024-07-17,2024-07-17,36,lag_sensitivity,ADF,c,unit_root,6.0,aic,False,ok,-6.232630657612594,4.911130803418006e-08,-3.6327426647230316,-2.9485102040816327,-2.6130173469387756,0,35,True,
15min,2024-07-17,2024-07-17,2024-07-17,36,lag_sensitivity,PP,c,unit_root,,Bartlett_short_bandwidth,False,ok,-6.229056055424739,5.005205818714891e-08,-3.6327426647230316,-2.9485102040816327,-2.6130173469387756,6,35,True,
15min,2024-07-17,2024-07-17,2024-07-17,36,lag_sensitivity,KPSS,c,level_or_trend_stationarity,,Bartlett_short_bandwidth,False,ok,0.12100604524460541,0.4920814003502418,0.7428,0.4614,0.3475,6,36,False,
15min,2024-07-18,2024-07-18,2024-07-18,36,main,ADF,c,unit_root,6.0,bic,False,ok,-0.32131009960630924,0.9224314885265634,-3.6461350877925254,-2.954126991123355,-2.6159676124885216,2,33,False,
15min,2024-07-18,2024-07-18,2024-07-18,36,main,PP,c,unit_root,,Bartlett_short_bandwidth,False,ok,-6.310698369948462,3.240078699936443e-08,-3.6327426647230316,-2.9485102040816327,-2.6130173469387756,3,35,True,
15min,2024-07-18,2024-07-18,2024-07-18,36,main,KPSS,c,level_or_trend_stationarity,,Bartlett_short_bandwidth,False,ok,0.6785883611873957,0.01443450544285941,0.7428,0.4614,0.3475,3,36,True,
15min,2024-07-18,2024-07-18,2024-07-18,36,trend_sensitivity,ADF,ct,unit_root,6.0,bic,False,ok,-7.834680715056196,1.7226198260637858e-10,-4.243765510204081,-3.5443646122448977,-3.2046503498542274,0,35,True,
15min,2024-07-18,2024-07-18,2024-07-18,36,trend_sensitivity,PP,ct,unit_root,,Bartlett_short_bandwidth,False,ok,-7.935370701107399,1.0079308257411638e-10,-4.243765510204081,-3.5443646122448977,-3.2046503498542274,3,35,True,
15min,2024-07-18,2024-07-18,2024-07-18,36,trend_sensitivity,KPSS,ct,level_or_trend_stationarity,,Bartlett_short_bandwidth,False,ok,0.10709632970449978,0.13549571063064586,0.2175,0.1479,0.1193,3,36,False,
15min,2024-07-18,2024-07-18,2024-07-18,36,lag_sensitivity,ADF,c,unit_root,6.0,aic,False,ok,-0.32131009960630924,0.9224314885265634,-3.6461350877925254,-2.954126991123355,-2.6159676124885216,2,33,False,
15min,2024-07-18,2024-07-18,2024-07-18,36,lag_sensitivity,PP,c,unit_root,,Bartlett_short_bandwidth,False,ok,-6.339280967427498,2.7804421121819108e-08,-3.6327426647230316,-2.9485102040816327,-2.6130173469387756,6,35,True,
15min,2024-07-18,2024-07-18,2024-07-18,36,lag_sensitivity,KPSS,c,level_or_trend_stationarity,,Bartlett_short_bandwidth,False,ok,0.5500227192460148,0.029806531764871077,0.7428,0.4614,0.3475,6,36,True,
15min,2024-07-19,2024-07-19,2024-07-19,36,main,ADF,c,unit_root,6.0,bic,False,ok,-8.627613550609029,5.872121469164196e-14,-3.6327426647230316,-2.9485102040816327,-2.6130173469387756,0,35,True,
15min,2024-07-19,2024-07-19,2024-07-19,36,main,PP,c,unit_root,,Bartlett_short_bandwidth,False,ok,-8.73527897658679,3.11239466050025e-14,-3.6327426647230316,-2.9485102040816327,-2.6130173469387756,3,35,True,
15min,2024-07-19,2024-07-19,2024-07-19,36,main,KPSS,c,level_or_trend_stationarity,,Bartlett_short_bandwidth,False,ok,0.04640308122119738,0.8984109644503008,0.7428,0.4614,0.3475,3,36,False,
15min,2024-07-19,2024-07-19,2024-07-19,36,trend_sensitivity,ADF,ct,unit_root,6.0,bic,False,ok,-8.518152394652851,4.557497418676196e-12,-4.243765510204081,-3.5443646122448977,-3.2046503498542274,0,35,True,
15min,2024-07-19,2024-07-19,2024-07-19,36,trend_sensitivity,PP,ct,unit_root,,Bartlett_short_bandwidth,False,ok,-8.716347410086634,1.6018189711395985e-12,-4.243765510204081,-3.5443646122448977,-3.2046503498542274,3,35,True,
15min,2024-07-19,2024-07-19,2024-07-19,36,trend_sensitivity,KPSS,ct,level_or_trend_stationarity,,Bartlett_short_bandwidth,False,ok,0.04726473975241992,0.612933863919722,0.2175,0.1479,0.1193,3,36,False,
15min,2024-07-19,2024-07-19,2024-07-19,36,lag_sensitivity,ADF,c,unit_root,6.0,aic,False,ok,-4.501291466722562,0.00019558600690563343,-3.6790595944893187,-2.9678817237279103,-2.6231583472057074,6,29,True,
15min,2024-07-19,2024-07-19,2024-07-19,36,lag_sensitivity,PP,c,unit_root,,Bartlett_short_bandwidth,False,ok,-9.47905158008866,3.917581739310697e-16,-3.6327426647230316,-2.9485102040816327,-2.6130173469387756,6,35,True,
15min,2024-07-19,2024-07-19,2024-07-19,36,lag_sensitivity,KPSS,c,level_or_trend_stationarity,,Bartlett_short_bandwidth,False,ok,0.07582004114048936,0.7169480276004953,0.7428,0.4614,0.3475,6,36,False,
15min,2024-07-22,2024-07-22,2024-07-22,36,main,ADF,c,unit_root,6.0,bic,False,ok,-6.028167456697066,1.4391576222555337e-07,-3.6327426647230316,-2.9485102040816327,-2.6130173469387756,0,35,True,
15min,2024-07-22,2024-07-22,2024-07-22,36,main,PP,c,unit_root,,Bartlett_short_bandwidth,False,ok,-6.4816512722168325,1.2905733593663616e-08,-3.6327426647230316,-2.9485102040816327,-2.6130173469387756,3,35,True,
15min,2024-07-22,2024-07-22,2024-07-22,36,main,KPSS,c,level_or_trend_stationarity,,Bartlett_short_bandwidth,False,ok,0.15679978207845294,0.37000064857603293,0.7428,0.4614,0.3475,3,36,False,
15min,2024-07-22,2024-07-22,2024-07-22,36,trend_sensitivity,ADF,ct,unit_root,6.0,bic,False,ok,-5.95991263616261,2.666047583758691e-06,-4.243765510204081,-3.5443646122448977,-3.2046503498542274,0,35,True,
15min,2024-07-22,2024-07-22,2024-07-22,36,trend_sensitivity,PP,ct,unit_root,,Bartlett_short_bandwidth,False,ok,-6.4682132154372125,2.1667761781547424e-07,-4.243765510204081,-3.5443646122448977,-3.2046503498542274,3,35,True,
15min,2024-07-22,2024-07-22,2024-07-22,36,trend_sensitivity,KPSS,ct,level_or_trend_stationarity,,Bartlett_short_bandwidth,False,ok,0.08338721769506444,0.24632988940584732,0.2175,0.1479,0.1193,3,36,False,
15min,2024-07-22,2024-07-22,2024-07-22,36,lag_sensitivity,ADF,c,unit_root,6.0,aic,False,ok,-6.028167456697066,1.4391576222555337e-07,-3.6327426647230316,-2.9485102040816327,-2.6130173469387756,0,35,True,
15min,2024-07-22,2024-07-22,2024-07-22,36,lag_sensitivity,PP,c,unit_root,,Bartlett_short_bandwidth,False,ok,-6.509732829019546,1.108104388845251e-08,-3.6327426647230316,-2.9485102040816327,-2.6130173469387756,6,35,True,
15min,2024-07-22,2024-07-22,2024-07-22,36,lag_sensitivity,KPSS,c,level_or_trend_stationarity,,Bartlett_short_bandwidth,False,ok,0.1599005523758666,0.36148199896739946,0.7428,0.4614,0.3475,6,36,False,
15min,2024-07-23,2024-07-23,2024-07-23,36,main,ADF,c,unit_root,6.0,bic,False,ok,-6.000277925748333,1.6637182280687537e-07,-3.639224104416853,-2.9512301791166293,-2.614446989619377,1,34,True,
15min,2024-07-23,2024-07-23,2024-07-23,36,main,PP,c,unit_root,,Bartlett_short_bandwidth,False,ok,-7.687034525397249,1.452381512631047e-11,-3.6327426647230316,-2.9485102040816327,-2.6130173469387756,3,35,True,
15min,2024-07-23,2024-07-23,2024-07-23,36,main,KPSS,c,level_or_trend_stationarity,,Bartlett_short_bandwidth,False,ok,0.07205040952212882,0.7396958046078432,0.7428,0.4614,0.3475,3,36,False,
15min,2024-07-23,2024-07-23,2024-07-23,36,trend_sensitivity,ADF,ct,unit_root,6.0,bic,False,ok,-5.90985697100044,3.3910190817754988e-06,-4.253042608385915,-3.5485904579686545,-3.2070617952371263,1,34,True,
15min,2024-07-23,2024-07-23,2024-07-23,36,trend_sensitivity,PP,ct,unit_root,,Bartlett_short_bandwidth,False,ok,-7.816106713019603,1.9015747457843975e-10,-4.243765510204081,-3.5443646122448977,-3.2046503498542274,3,35,True,
15min,2024-07-23,2024-07-23,2024-07-23,36,trend_sensitivity,KPSS,ct,level_or_trend_stationarity,,Bartlett_short_bandwidth,False,ok,0.07033787655719374,0.34432865036901944,0.2175,0.1479,0.1193,3,36,False,
15min,2024-07-23,2024-07-23,2024-07-23,36,lag_sensitivity,ADF,c,unit_root,6.0,aic,False,ok,-6.000277925748333,1.6637182280687537e-07,-3.639224104416853,-2.9512301791166293,-2.614446989619377,1,34,True,
15min,2024-07-23,2024-07-23,2024-07-23,36,lag_sensitivity,PP,c,unit_root,,Bartlett_short_bandwidth,False,ok,-7.685619854250075,1.464337995191527e-11,-3.6327426647230316,-2.9485102040816327,-2.6130173469387756,6,35,True,
15min,2024-07-23,2024-07-23,2024-07-23,36,lag_sensitivity,KPSS,c,level_or_trend_stationarity,,Bartlett_short_bandwidth,False,ok,0.09307590649537963,0.6204473058756403,0.7428,0.4614,0.3475,6,36,False,
15min,2024-07-24,2024-07-24,2024-07-24,36,main,ADF,c,unit_root,6.0,bic,False,ok,-8.115338749195468,1.1951837330648687e-12,-3.6327426647230316,-2.9485102040816327,-2.6130173469387756,0,35,True,
15min,2024-07-24,2024-07-24,2024-07-24,36,main,PP,c,unit_root,,Bartlett_short_bandwidth,False,ok,-8.176135949425692,8.367465163428324e-13,-3.6327426647230316,-2.9485102040816327,-2.6130173469387756,3,35,True,
15min,2024-07-24,2024-07-24,2024-07-24,36,main,KPSS,c,level_or_trend_stationarity,,Bartlett_short_bandwidth,False,ok,0.1344616133111001,0.4410218722222599,0.7428,0.4614,0.3475,3,36,False,
15min,2024-07-24,2024-07-24,2024-07-24,36,trend_sensitivity,ADF,ct,unit_root,6.0,bic,False,ok,-8.015214791452683,6.589135873766772e-11,-4.243765510204081,-3.5443646122448977,-3.2046503498542274,0,35,True,
15min,2024-07-24,2024-07-24,2024-07-24,36,trend_sensitivity,PP,ct,unit_root,,Bartlett_short_bandwidth,False,ok,-8.115550136927471,3.8627434325346535e-11,-4.243765510204081,-3.5443646122448977,-3.2046503498542274,3,35,True,
15min,2024-07-24,2024-07-24,2024-07-24,36,trend_sensitivity,KPSS,ct,level_or_trend_stationarity,,Bartlett_short_bandwidth,False,ok,0.11905989314302405,0.10064893745128636,0.2175,0.1479,0.1193,3,36,False,
15min,2024-07-24,2024-07-24,2024-07-24,36,lag_sensitivity,ADF,c,unit_root,6.0,aic,False,ok,-8.115338749195468,1.1951837330648687e-12,-3.6327426647230316,-2.9485102040816327,-2.6130173469387756,0,35,True,
15min,2024-07-24,2024-07-24,2024-07-24,36,lag_sensitivity,PP,c,unit_root,,Bartlett_short_bandwidth,False,ok,-8.080046302960325,1.4697268965609167e-12,-3.6327426647230316,-2.9485102040816327,-2.6130173469387756,6,35,True,
15min,2024-07-24,2024-07-24,2024-07-24,36,lag_sensitivity,KPSS,c,level_or_trend_stationarity,,Bartlett_short_bandwidth,False,ok,0.13162056076413248,0.45126656431293855,0.7428,0.4614,0.3475,6,36,False,
15min,2024-07-25,2024-07-25,2024-07-25,36,main,ADF,c,unit_root,6.0,bic,False,ok,-5.340294367804903,4.515775770099346e-06,-3.653519805908203,-2.9572185644531253,-2.6175881640625,3,32,True,
15min,2024-07-25,2024-07-25,2024-07-25,36,main,PP,c,unit_root,,Bartlett_short_bandwidth,False,ok,-9.869398868202158,4.032418894263572e-17,-3.6327426647230316,-2.9485102040816327,-2.6130173469387756,3,35,True,
15min,2024-07-25,2024-07-25,2024-07-25,36,main,KPSS,c,level_or_trend_stationarity,,Bartlett_short_bandwidth,False,ok,0.07384466262754028,0.7288684151786363,0.7428,0.4614,0.3475,3,36,False,
15min,2024-07-25,2024-07-25,2024-07-25,36,trend_sensitivity,ADF,ct,unit_root,6.0,bic,False,ok,-5.260357981215578,6.728838810252757e-05,-4.27353517944336,-3.5578989233398435,-3.2123659912109375,3,32,True,
15min,2024-07-25,2024-07-25,2024-07-25,36,trend_sensitivity,PP,ct,unit_root,,Bartlett_short_bandwidth,False,ok,-9.660364089206592,1.2382411310031093e-14,-4.243765510204081,-3.5443646122448977,-3.2046503498542274,3,35,True,
15min,2024-07-25,2024-07-25,2024-07-25,36,trend_sensitivity,KPSS,ct,level_or_trend_stationarity,,Bartlett_short_bandwidth,False,ok,0.05508962753479589,0.5065244695824493,0.2175,0.1479,0.1193,3,36,False,
15min,2024-07-25,2024-07-25,2024-07-25,36,lag_sensitivity,ADF,c,unit_root,6.0,aic,False,ok,-3.414045623431458,0.010489275229701204,-3.661428725118324,-2.960525341210433,-2.6193188033298647,4,31,True,
15min,2024-07-25,2024-07-25,2024-07-25,36,lag_sensitivity,PP,c,unit_root,,Bartlett_short_bandwidth,False,ok,-10.491139588548915,1.1462052530055732e-18,-3.6327426647230316,-2.9485102040816327,-2.6130173469387756,6,35,True,
15min,2024-07-25,2024-07-25,2024-07-25,36,lag_sensitivity,KPSS,c,level_or_trend_stationarity,,Bartlett_short_bandwidth,False,ok,0.10869533053987625,0.5445666793641989,0.7428,0.4614,0.3475,6,36,False,
15min,2024-07-26,2024-07-26,2024-07-26,36,main,ADF,c,unit_root,6.0,bic,False,ok,-5.868800551771792,3.2771828854434166e-07,-3.6327426647230316,-2.9485102040816327,-2.6130173469387756,0,35,True,
15min,2024-07-26,2024-07-26,2024-07-26,36,main,PP,c,unit_root,,Bartlett_short_bandwidth,False,ok,-6.053746513068665,1.25950032477395e-07,-3.6327426647230316,-2.9485102040816327,-2.6130173469387756,3,35,True,
15min,2024-07-26,2024-07-26,2024-07-26,36,main,KPSS,c,level_or_trend_stationarity,,Bartlett_short_bandwidth,False,ok,0.17727159040687349,0.31661703354741727,0.7428,0.4614,0.3475,3,36,False,
15min,2024-07-26,2024-07-26,2024-07-26,36,trend_sensitivity,ADF,ct,unit_root,6.0,bic,False,ok,-5.375619216408275,4.03860232486381e-05,-4.253042608385915,-3.5485904579686545,-3.2070617952371263,1,34,True,
15min,2024-07-26,2024-07-26,2024-07-26,36,trend_sensitivity,PP,ct,unit_root,,Bartlett_short_bandwidth,False,ok,-5.930563774940261,3.070335878462471e-06,-4.243765510204081,-3.5443646122448977,-3.2046503498542274,3,35,True,
15min,2024-07-26,2024-07-26,2024-07-26,36,trend_sensitivity,KPSS,ct,level_or_trend_stationarity,,Bartlett_short_bandwidth,False,ok,0.16787275856622563,0.031308516237707855,0.2175,0.1479,0.1193,3,36,True,
15min,2024-07-26,2024-07-26,2024-07-26,36,lag_sensitivity,ADF,c,unit_root,6.0,aic,False,ok,-5.868800551771792,3.2771828854434166e-07,-3.6327426647230316,-2.9485102040816327,-2.6130173469387756,0,35,True,
15min,2024-07-26,2024-07-26,2024-07-26,36,lag_sensitivity,PP,c,unit_root,,Bartlett_short_bandwidth,False,ok,-6.110147241103444,9.375428651047229e-08,-3.6327426647230316,-2.9485102040816327,-2.6130173469387756,6,35,True,
15min,2024-07-26,2024-07-26,2024-07-26,36,lag_sensitivity,KPSS,c,level_or_trend_stationarity,,Bartlett_short_bandwidth,False,ok,0.15692041202192952,0.36966919774195184,0.7428,0.4614,0.3475,6,36,False,
15min,2024-07-29,2024-07-29,2024-07-29,36,main,ADF,c,unit_root,6.0,bic,False,ok,-2.747879644581641,0.06611308188058754,-3.639224104416853,-2.9512301791166293,-2.614446989619377,1,34,False,
15min,2024-07-29,2024-07-29,2024-07-29,36,main,PP,c,unit_root,,Bartlett_short_bandwidth,False,ok,-6.751384667093178,2.9450436765410784e-09,-3.6327426647230316,-2.9485102040816327,-2.6130173469387756,3,35,True,
15min,2024-07-29,2024-07-29,2024-07-29,36,main,KPSS,c,level_or_trend_stationarity,,Bartlett_short_bandwidth,False,ok,0.30945789129765744,0.12765030016932433,0.7428,0.4614,0.3475,3,36,False,
15min,2024-07-29,2024-07-29,2024-07-29,36,trend_sensitivity,ADF,ct,unit_root,6.0,bic,False,ok,-9.374994465078048,5.246685085282291e-14,-4.243765510204081,-3.5443646122448977,-3.2046503498542274,0,35,True,
15min,2024-07-29,2024-07-29,2024-07-29,36,trend_sensitivity,PP,ct,unit_root,,Bartlett_short_bandwidth,False,ok,-9.159963620619022,1.5833038589562834e-13,-4.243765510204081,-3.5443646122448977,-3.2046503498542274,3,35,True,
15min,2024-07-29,2024-07-29,2024-07-29,36,trend_sensitivity,KPSS,ct,level_or_trend_stationarity,,Bartlett_short_bandwidth,False,ok,0.07587872560424005,0.29862518765969187,0.2175,0.1479,0.1193,3,36,False,
15min,2024-07-29,2024-07-29,2024-07-29,36,lag_sensitivity,ADF,c,unit_root,6.0,aic,False,ok,-2.747879644581641,0.06611308188058754,-3.639224104416853,-2.9512301791166293,-2.614446989619377,1,34,False,
15min,2024-07-29,2024-07-29,2024-07-29,36,lag_sensitivity,PP,c,unit_root,,Bartlett_short_bandwidth,False,ok,-6.7884835012251905,2.3981061184966445e-09,-3.6327426647230316,-2.9485102040816327,-2.6130173469387756,6,35,True,
15min,2024-07-29,2024-07-29,2024-07-29,36,lag_sensitivity,KPSS,c,level_or_trend_stationarity,,Bartlett_short_bandwidth,False,ok,0.25885412791763446,0.17762985240272944,0.7428,0.4614,0.3475,6,36,False,
15min,2024-07-30,2024-07-30,2024-07-30,36,main,ADF,c,unit_root,6.0,bic,False,ok,-7.317766177479987,1.2165369466400925e-10,-3.6327426647230316,-2.9485102040816327,-2.6130173469387756,0,35,True,
15min,2024-07-30,2024-07-30,2024-07-30,36,main,PP,c,unit_root,,Bartlett_short_bandwidth,False,ok,-7.208740327345812,2.2639158749470707e-10,-3.6327426647230316,-2.9485102040816327,-2.6130173469387756,3,35,True,
15min,2024-07-30,2024-07-30,2024-07-30,36,main,KPSS,c,level_or_trend_stationarity,,Bartlett_short_bandwidth,False,ok,0.47913569026126585,0.04504589657506541,0.7428,0.4614,0.3475,3,36,True,
15min,2024-07-30,2024-07-30,2024-07-30,36,trend_sensitivity,ADF,ct,unit_root,6.0,bic,False,ok,-8.413530640252409,7.93121268167661e-12,-4.243765510204081,-3.5443646122448977,-3.2046503498542274,0,35,True,
15min,2024-07-30,2024-07-30,2024-07-30,36,trend_sensitivity,PP,ct,unit_root,,Bartlett_short_bandwidth,False,ok,-8.5055710005806,4.871162398790803e-12,-4.243765510204081,-3.5443646122448977,-3.2046503498542274,3,35,True,
15min,2024-07-30,2024-07-30,2024-07-30,36,trend_sensitivity,KPSS,ct,level_or_trend_stationarity,,Bartlett_short_bandwidth,False,ok,0.06333557592602035,0.41204576628254813,0.2175,0.1479,0.1193,3,36,False,
15min,2024-07-30,2024-07-30,2024-07-30,36,lag_sensitivity,ADF,c,unit_root,6.0,aic,False,ok,-3.4759178269626667,0.008627548580979036,-3.6461350877925254,-2.954126991123355,-2.6159676124885216,2,33,True,
15min,2024-07-30,2024-07-30,2024-07-30,36,lag_sensitivity,PP,c,unit_root,,Bartlett_short_bandwidth,False,ok,-7.214769189744088,2.1876707155981496e-10,-3.6327426647230316,-2.9485102040816327,-2.6130173469387756,6,35,True,
15min,2024-07-30,2024-07-30,2024-07-30,36,lag_sensitivity,KPSS,c,level_or_trend_stationarity,,Bartlett_short_bandwidth,False,ok,0.47586566706786393,0.045959310874898344,0.7428,0.4614,0.3475,6,36,True,
15min,2024-07-31,2024-07-31,2024-07-31,36,main,ADF,c,unit_root,6.0,bic,False,ok,-4.9851739394467005,2.3742470897638653e-05,-3.639224104416853,-2.9512301791166293,-2.614446989619377,1,34,True,
15min,2024-07-31,2024-07-31,2024-07-31,36,main,PP,c,unit_root,,Bartlett_short_bandwidth,False,ok,-5.354471489482345,4.21861473483723e-06,-3.6327426647230316,-2.9485102040816327,-2.6130173469387756,3,35,True,
15min,2024-07-31,2024-07-31,2024-07-31,36,main,KPSS,c,level_or_trend_stationarity,,Bartlett_short_bandwidth,False,ok,0.04686864429647595,0.8957506040201375,0.7428,0.4614,0.3475,3,36,False,
15min,2024-07-31,2024-07-31,2024-07-31,36,trend_sensitivity,ADF,ct,unit_root,6.0,bic,False,ok,-4.996667553321412,0.00020864194930247376,-4.253042608385915,-3.5485904579686545,-3.2070617952371263,1,34,True,
15min,2024-07-31,2024-07-31,2024-07-31,36,trend_sensitivity,PP,ct,unit_root,,Bartlett_short_bandwidth,False,ok,-5.348887379905604,4.549953114332401e-05,-4.243765510204081,-3.5443646122448977,-3.2046503498542274,3,35,True,
15min,2024-07-31,2024-07-31,2024-07-31,36,trend_sensitivity,KPSS,ct,level_or_trend_stationarity,,Bartlett_short_bandwidth,False,ok,0.047191834121429556,0.6139511517940062,0.2175,0.1479,0.1193,3,36,False,
15min,2024-07-31,2024-07-31,2024-07-31,36,lag_sensitivity,ADF,c,unit_root,6.0,aic,False,ok,-4.9851739394467005,2.3742470897638653e-05,-3.639224104416853,-2.9512301791166293,-2.614446989619377,1,34,True,
15min,2024-07-31,2024-07-31,2024-07-31,36,lag_sensitivity,PP,c,unit_root,,Bartlett_short_bandwidth,False,ok,-5.561700319199428,1.536597760356485e-06,-3.6327426647230316,-2.9485102040816327,-2.6130173469387756,6,35,True,
15min,2024-07-31,2024-07-31,2024-07-31,36,lag_sensitivity,KPSS,c,level_or_trend_stationarity,,Bartlett_short_bandwidth,False,ok,0.08873347101446291,0.6436356126483841,0.7428,0.4614,0.3475,6,36,False,
15min,2024-08-01,2024-08-01,2024-08-01,36,main,ADF,c,unit_root,6.0,bic,False,ok,-3.6028269915520834,0.00570721116861717,-3.6327426647230316,-2.9485102040816327,-2.6130173469387756,0,35,True,
15min,2024-08-01,2024-08-01,2024-08-01,36,main,PP,c,unit_root,,Bartlett_short_bandwidth,False,ok,-3.530418262154917,0.0072394025998363245,-3.6327426647230316,-2.9485102040816327,-2.6130173469387756,3,35,True,
15min,2024-08-01,2024-08-01,2024-08-01,36,main,KPSS,c,level_or_trend_stationarity,,Bartlett_short_bandwidth,False,ok,0.28189612974293327,0.15239986485111118,0.7428,0.4614,0.3475,3,36,False,
15min,2024-08-01,2024-08-01,2024-08-01,36,trend_sensitivity,ADF,ct,unit_root,6.0,bic,False,ok,-3.4762298317747318,0.04200522913041755,-4.243765510204081,-3.5443646122448977,-3.2046503498542274,0,35,False,
15min,2024-08-01,2024-08-01,2024-08-01,36,trend_sensitivity,PP,ct,unit_root,,Bartlett_short_bandwidth,False,ok,-3.393515804320481,0.052260304467792555,-4.243765510204081,-3.5443646122448977,-3.2046503498542274,3,35,False,
15min,2024-08-01,2024-08-01,2024-08-01,36,trend_sensitivity,KPSS,ct,level_or_trend_stationarity,,Bartlett_short_bandwidth,False,ok,0.1729244798932509,0.027868923145351984,0.2175,0.1479,0.1193,3,36,True,
15min,2024-08-01,2024-08-01,2024-08-01,36,lag_sensitivity,ADF,c,unit_root,6.0,aic,False,ok,-3.6028269915520834,0.00570721116861717,-3.6327426647230316,-2.9485102040816327,-2.6130173469387756,0,35,True,
15min,2024-08-01,2024-08-01,2024-08-01,36,lag_sensitivity,PP,c,unit_root,,Bartlett_short_bandwidth,False,ok,-3.4717454514571604,0.00874308236735369,-3.6327426647230316,-2.9485102040816327,-2.6130173469387756,6,35,True,
15min,2024-08-01,2024-08-01,2024-08-01,36,lag_sensitivity,KPSS,c,level_or_trend_stationarity,,Bartlett_short_bandwidth,False,ok,0.22977860346261095,0.21685060081422583,0.7428,0.4614,0.3475,6,36,False,
15min,2024-08-02,2024-08-02,2024-08-02,36,main,ADF,c,unit_root,6.0,bic,False,ok,-8.031089692825278,1.9574886834869587e-12,-3.6327426647230316,-2.9485102040816327,-2.6130173469387756,0,35,True,
15min,2024-08-02,2024-08-02,2024-08-02,36,main,PP,c,unit_root,,Bartlett_short_bandwidth,False,ok,-8.055040156147273,1.7014768255897734e-12,-3.6327426647230316,-2.9485102040816327,-2.6130173469387756,3,35,True,
15min,2024-08-02,2024-08-02,2024-08-02,36,main,KPSS,c,level_or_trend_stationarity,,Bartlett_short_bandwidth,False,ok,0.08367753045237182,0.6712764646175386,0.7428,0.4614,0.3475,3,36,False,
15min,2024-08-02,2024-08-02,2024-08-02,36,trend_sensitivity,ADF,ct,unit_root,6.0,bic,False,ok,-7.970397106416253,8.364660436917211e-11,-4.243765510204081,-3.5443646122448977,-3.2046503498542274,0,35,True,
15min,2024-08-02,2024-08-02,2024-08-02,36,trend_sensitivity,PP,ct,unit_root,,Bartlett_short_bandwidth,False,ok,-8.042748976830378,5.6907880671389744e-11,-4.243765510204081,-3.5443646122448977,-3.2046503498542274,3,35,True,
15min,2024-08-02,2024-08-02,2024-08-02,36,trend_sensitivity,KPSS,ct,level_or_trend_stationarity,,Bartlett_short_bandwidth,False,ok,0.07911978290428154,0.27486356617736873,0.2175,0.1479,0.1193,3,36,False,
15min,2024-08-02,2024-08-02,2024-08-02,36,lag_sensitivity,ADF,c,unit_root,6.0,aic,False,ok,-4.257723070698156,0.000525358643690187,-3.6461350877925254,-2.954126991123355,-2.6159676124885216,2,33,True,
15min,2024-08-02,2024-08-02,2024-08-02,36,lag_sensitivity,PP,c,unit_root,,Bartlett_short_bandwidth,False,ok,-8.366249180210398,2.73796539011384e-13,-3.6327426647230316,-2.9485102040816327,-2.6130173469387756,6,35,True,
15min,2024-08-02,2024-08-02,2024-08-02,36,lag_sensitivity,KPSS,c,level_or_trend_stationarity,,Bartlett_short_bandwidth,False,ok,0.094991477931232,0.6105426103438399,0.7428,0.4614,0.3475,6,36,False,
15min,2024-08-05,2024-08-05,2024-08-05,36,main,ADF,c,unit_root,6.0,bic,False,ok,-6.748168641363405,2.99789101846693e-09,-3.6327426647230316,-2.9485102040816327,-2.6130173469387756,0,35,True,
15min,2024-08-05,2024-08-05,2024-08-05,36,main,PP,c,unit_root,,Bartlett_short_bandwidth,False,ok,-6.803073110935654,2.211666699458153e-09,-3.6327426647230316,-2.9485102040816327,-2.6130173469387756,3,35,True,
15min,2024-08-05,2024-08-05,2024-08-05,36,main,KPSS,c,level_or_trend_stationarity,,Bartlett_short_bandwidth,False,ok,0.06453351543533813,0.7864237382258769,0.7428,0.4614,0.3475,3,36,False,
15min,2024-08-05,2024-08-05,2024-08-05,36,trend_sensitivity,ADF,ct,unit_root,6.0,bic,False,ok,-6.667194576781622,7.882770084212396e-08,-4.243765510204081,-3.5443646122448977,-3.2046503498542274,0,35,True,
15min,2024-08-05,2024-08-05,2024-08-05,36,trend_sensitivity,PP,ct,unit_root,,Bartlett_short_bandwidth,False,ok,-6.799257984861819,4.00017927108509e-08,-4.243765510204081,-3.5443646122448977,-3.2046503498542274,3,35,True,
15min,2024-08-05,2024-08-05,2024-08-05,36,trend_sensitivity,KPSS,ct,level_or_trend_stationarity,,Bartlett_short_bandwidth,False,ok,0.0694022104303263,0.3523947376696009,0.2175,0.1479,0.1193,3,36,False,
15min,2024-08-05,2024-08-05,2024-08-05,36,lag_sensitivity,ADF,c,unit_root,6.0,aic,False,ok,-3.574903169048853,0.0062593543789516825,-3.653519805908203,-2.9572185644531253,-2.6175881640625,3,32,True,
15min,2024-08-05,2024-08-05,2024-08-05,36,lag_sensitivity,PP,c,unit_root,,Bartlett_short_bandwidth,False,ok,-7.066748595797668,5.057499043329134e-10,-3.6327426647230316,-2.9485102040816327,-2.6130173469387756,6,35,True,
15min,2024-08-05,2024-08-05,2024-08-05,36,lag_sensitivity,KPSS,c,level_or_trend_stationarity,,Bartlett_short_bandwidth,False,ok,0.08597769682326863,0.6586671082367165,0.7428,0.4614,0.3475,6,36,False,
15min,2024-08-06,2024-08-06,2024-08-06,36,main,ADF,c,unit_root,6.0,bic,False,ok,-5.996299127445302,1.6984349966567025e-07,-3.6327426647230316,-2.9485102040816327,-2.6130173469387756,0,35,True,
15min,2024-08-06,2024-08-06,2024-08-06,36,main,PP,c,unit_root,,Bartlett_short_bandwidth,False,ok,-5.979264098865974,1.8552765778707944e-07,-3.6327426647230316,-2.9485102040816327,-2.6130173469387756,3,35,True,
15min,2024-08-06,2024-08-06,2024-08-06,36,main,KPSS,c,level_or_trend_stationarity,,Bartlett_short_bandwidth,False,ok,0.21644294371817185,0.23811602683817823,0.7428,0.4614,0.3475,3,36,False,
15min,2024-08-06,2024-08-06,2024-08-06,36,trend_sensitivity,ADF,ct,unit_root,6.0,bic,False,ok,-6.325039324678979,4.444405395495706e-07,-4.243765510204081,-3.5443646122448977,-3.2046503498542274,0,35,True,
15min,2024-08-06,2024-08-06,2024-08-06,36,trend_sensitivity,PP,ct,unit_root,,Bartlett_short_bandwidth,False,ok,-6.329623734096956,4.343893555924422e-07,-4.243765510204081,-3.5443646122448977,-3.2046503498542274,3,35,True,
15min,2024-08-06,2024-08-06,2024-08-06,36,trend_sensitivity,KPSS,ct,level_or_trend_stationarity,,Bartlett_short_bandwidth,False,ok,0.15943191363728143,0.03812990031817418,0.2175,0.1479,0.1193,3,36,True,
15min,2024-08-06,2024-08-06,2024-08-06,36,lag_sensitivity,ADF,c,unit_root,6.0,aic,False,ok,-5.996299127445302,1.6984349966567025e-07,-3.6327426647230316,-2.9485102040816327,-2.6130173469387756,0,35,True,
15min,2024-08-06,2024-08-06,2024-08-06,36,lag_sensitivity,PP,c,unit_root,,Bartlett_short_bandwidth,False,ok,-5.982342223530448,1.825922156082208e-07,-3.6327426647230316,-2.9485102040816327,-2.6130173469387756,6,35,True,
15min,2024-08-06,2024-08-06,2024-08-06,36,lag_sensitivity,KPSS,c,level_or_trend_stationarity,,Bartlett_short_bandwidth,False,ok,0.1796421025336678,0.3111675803823729,0.7428,0.4614,0.3475,6,36,False,
15min,2024-08-07,2024-08-07,2024-08-07,36,main,ADF,c,unit_root,6.0,bic,False,ok,-7.078481492307957,4.733601739958647e-10,-3.6327426647230316,-2.9485102040816327,-2.6130173469387756,0,35,True,
15min,2024-08-07,2024-08-07,2024-08-07,36,main,PP,c,unit_root,,Bartlett_short_bandwidth,False,ok,-7.039667164311512,5.891288959790481e-10,-3.6327426647230316,-2.9485102040816327,-2.6130173469387756,3,35,True,
15min,2024-08-07,2024-08-07,2024-08-07,36,main,KPSS,c,level_or_trend_stationarity,,Bartlett_short_bandwidth,False,ok,0.12398661259862875,0.48031600290014964,0.7428,0.4614,0.3475,3,36,False,
15min,2024-08-07,2024-08-07,2024-08-07,36,trend_sensitivity,ADF,ct,unit_root,6.0,bic,False,ok,-7.177970065843507,5.5712185947820985e-09,-4.243765510204081,-3.5443646122448977,-3.2046503498542274,0,35,True,
15min,2024-08-07,2024-08-07,2024-08-07,36,trend_sensitivity,PP,ct,unit_root,,Bartlett_short_bandwidth,False,ok,-7.23432423078827,4.1436079445046675e-09,-4.243765510204081,-3.5443646122448977,-3.2046503498542274,3,35,True,
15min,2024-08-07,2024-08-07,2024-08-07,36,trend_sensitivity,KPSS,ct,level_or_trend_stationarity,,Bartlett_short_bandwidth,False,ok,0.07507738781489315,0.3047893245008219,0.2175,0.1479,0.1193,3,36,False,
15min,2024-08-07,2024-08-07,2024-08-07,36,lag_sensitivity,ADF,c,unit_root,6.0,aic,False,ok,-7.078481492307957,4.733601739958647e-10,-3.6327426647230316,-2.9485102040816327,-2.6130173469387756,0,35,True,
15min,2024-08-07,2024-08-07,2024-08-07,36,lag_sensitivity,PP,c,unit_root,,Bartlett_short_bandwidth,False,ok,-6.975856085027617,8.432718888201784e-10,-3.6327426647230316,-2.9485102040816327,-2.6130173469387756,6,35,True,
15min,2024-08-07,2024-08-07,2024-08-07,36,lag_sensitivity,KPSS,c,level_or_trend_stationarity,,Bartlett_short_bandwidth,False,ok,0.12041058001326561,0.4944319210002673,0.7428,0.4614,0.3475,6,36,False,
15min,2024-08-08,2024-08-08,2024-08-08,36,main,ADF,c,unit_root,6.0,bic,False,ok,-5.534493862558904,1.757204256137069e-06,-3.6327426647230316,-2.9485102040816327,-2.6130173469387756,0,35,True,
15min,2024-08-08,2024-08-08,2024-08-08,36,main,PP,c,unit_root,,Bartlett_short_bandwidth,False,ok,-5.557173973027189,1.5713291554516885e-06,-3.6327426647230316,-2.9485102040816327,-2.6130173469387756,3,35,True,
15min,2024-08-08,2024-08-08,2024-08-08,36,main,KPSS,c,level_or_trend_stationarity,,Bartlett_short_bandwidth,False,ok,0.3827643685599279,0.08032430175513884,0.7428,0.4614,0.3475,3,36,False,
15min,2024-08-08,2024-08-08,2024-08-08,36,trend_sensitivity,ADF,ct,unit_root,6.0,bic,False,ok,-5.809456024008147,5.47146209006721e-06,-4.243765510204081,-3.5443646122448977,-3.2046503498542274,0,35,True,
15min,2024-08-08,2024-08-08,2024-08-08,36,trend_sensitivity,PP,ct,unit_root,,Bartlett_short_bandwidth,False,ok,-5.815235062109196,5.323646439909063e-06,-4.243765510204081,-3.5443646122448977,-3.2046503498542274,3,35,True,
15min,2024-08-08,2024-08-08,2024-08-08,36,trend_sensitivity,KPSS,ct,level_or_trend_stationarity,,Bartlett_short_bandwidth,False,ok,0.12626870453266142,0.08426259093467717,0.2175,0.1479,0.1193,3,36,False,
15min,2024-08-08,2024-08-08,2024-08-08,36,lag_sensitivity,ADF,c,unit_root,6.0,aic,False,ok,-5.534493862558904,1.757204256137069e-06,-3.6327426647230316,-2.9485102040816327,-2.6130173469387756,0,35,True,
15min,2024-08-08,2024-08-08,2024-08-08,36,lag_sensitivity,PP,c,unit_root,,Bartlett_short_bandwidth,False,ok,-5.605797238113032,1.2351059905132371e-06,-3.6327426647230316,-2.9485102040816327,-2.6130173469387756,6,35,True,
15min,2024-08-08,2024-08-08,2024-08-08,36,lag_sensitivity,KPSS,c,level_or_trend_stationarity,,Bartlett_short_bandwidth,False,ok,0.32149725251332967,0.11799498095963344,0.7428,0.4614,0.3475,6,36,False,
15min,2024-08-09,2024-08-09,2024-08-09,36,main,ADF,c,unit_root,6.0,bic,False,ok,-6.322959500119555,3.034408271206556e-08,-3.6327426647230316,-2.9485102040816327,-2.6130173469387756,0,35,True,
15min,2024-08-09,2024-08-09,2024-08-09,36,main,PP,c,unit_root,,Bartlett_short_bandwidth,False,ok,-6.3593097519096675,2.4972313975127305e-08,-3.6327426647230316,-2.9485102040816327,-2.6130173469387756,3,35,True,
15min,2024-08-09,2024-08-09,2024-08-09,36,main,KPSS,c,level_or_trend_stationarity,,Bartlett_short_bandwidth,False,ok,0.10573889474238819,0.5580050238982355,0.7428,0.4614,0.3475,3,36,False,
15min,2024-08-09,2024-08-09,2024-08-09,36,trend_sensitivity,ADF,ct,unit_root,6.0,bic,False,ok,-6.20294456908962,8.146271737606467e-07,-4.243765510204081,-3.5443646122448977,-3.2046503498542274,0,35,True,
15min,2024-08-09,2024-08-09,2024-08-09,36,trend_sensitivity,PP,ct,unit_root,,Bartlett_short_bandwidth,False,ok,-6.230590231471407,7.105963839432703e-07,-4.243765510204081,-3.5443646122448977,-3.2046503498542274,3,35,True,
15min,2024-08-09,2024-08-09,2024-08-09,36,trend_sensitivity,KPSS,ct,level_or_trend_stationarity,,Bartlett_short_bandwidth,False,ok,0.05161553468584558,0.5525154361021057,0.2175,0.1479,0.1193,3,36,False,
15min,2024-08-09,2024-08-09,2024-08-09,36,lag_sensitivity,ADF,c,unit_root,6.0,aic,False,ok,-6.322959500119555,3.034408271206556e-08,-3.6327426647230316,-2.9485102040816327,-2.6130173469387756,0,35,True,
15min,2024-08-09,2024-08-09,2024-08-09,36,lag_sensitivity,PP,c,unit_root,,Bartlett_short_bandwidth,False,ok,-7.382303888278225,8.41024446604666e-11,-3.6327426647230316,-2.9485102040816327,-2.6130173469387756,6,35,True,
15min,2024-08-09,2024-08-09,2024-08-09,36,lag_sensitivity,KPSS,c,level_or_trend_stationarity,,Bartlett_short_bandwidth,False,ok,0.18786003385528754,0.29285099179726054,0.7428,0.4614,0.3475,6,36,False,
15min,2024-08-12,2024-08-12,2024-08-12,36,main,ADF,c,unit_root,6.0,bic,False,ok,-6.212810198243277,5.4555603775176335e-08,-3.6327426647230316,-2.9485102040816327,-2.6130173469387756,0,35,True,
15min,2024-08-12,2024-08-12,2024-08-12,36,main,PP,c,unit_root,,Bartlett_short_bandwidth,False,ok,-6.248821875107536,4.506329488071277e-08,-3.6327426647230316,-2.9485102040816327,-2.6130173469387756,3,35,True,
15min,2024-08-12,2024-08-12,2024-08-12,36,main,KPSS,c,level_or_trend_stationarity,,Bartlett_short_bandwidth,False,ok,0.10669266102438463,0.5536697226164335,0.7428,0.4614,0.3475,3,36,False,
15min,2024-08-12,2024-08-12,2024-08-12,36,trend_sensitivity,ADF,ct,unit_root,6.0,bic,False,ok,-6.148525835246253,1.064924867345079e-06,-4.243765510204081,-3.5443646122448977,-3.2046503498542274,0,35,True,
15min,2024-08-12,2024-08-12,2024-08-12,36,trend_sensitivity,PP,ct,unit_root,,Bartlett_short_bandwidth,False,ok,-6.179515450931862,9.143826013107094e-07,-4.243765510204081,-3.5443646122448977,-3.2046503498542274,3,35,True,
15min,2024-08-12,2024-08-12,2024-08-12,36,trend_sensitivity,KPSS,ct,level_or_trend_stationarity,,Bartlett_short_bandwidth,False,ok,0.06295203667636738,0.41601341369275124,0.2175,0.1479,0.1193,3,36,False,
15min,2024-08-12,2024-08-12,2024-08-12,36,lag_sensitivity,ADF,c,unit_root,6.0,aic,False,ok,-6.212810198243277,5.4555603775176335e-08,-3.6327426647230316,-2.9485102040816327,-2.6130173469387756,0,35,True,
15min,2024-08-12,2024-08-12,2024-08-12,36,lag_sensitivity,PP,c,unit_root,,Bartlett_short_bandwidth,False,ok,-6.505936625626467,1.1311982447048137e-08,-3.6327426647230316,-2.9485102040816327,-2.6130173469387756,6,35,True,
15min,2024-08-12,2024-08-12,2024-08-12,36,lag_sensitivity,KPSS,c,level_or_trend_stationarity,,Bartlett_short_bandwidth,False,ok,0.15265892423207295,0.38232463026168767,0.7428,0.4614,0.3475,6,36,False,
15min,2024-08-13,2024-08-13,2024-08-13,36,main,ADF,c,unit_root,6.0,bic,False,ok,-6.7285798442038915,3.3406174610541634e-09,-3.6327426647230316,-2.9485102040816327,-2.6130173469387756,0,35,True,
15min,2024-08-13,2024-08-13,2024-08-13,36,main,PP,c,unit_root,,Bartlett_short_bandwidth,False,ok,-7.104117867567707,4.0956381142956703e-10,-3.6327426647230316,-2.9485102040816327,-2.6130173469387756,3,35,True,
15min,2024-08-13,2024-08-13,2024-08-13,36,main,KPSS,c,level_or_trend_stationarity,,Bartlett_short_bandwidth,False,ok,0.07878912907974739,0.699324669214564,0.7428,0.4614,0.3475,3,36,False,
15min,2024-08-13,2024-08-13,2024-08-13,36,trend_sensitivity,ADF,ct,unit_root,6.0,bic,False,ok,-6.602972920384307,1.0941228986625986e-07,-4.243765510204081,-3.5443646122448977,-3.2046503498542274,0,35,True,
15min,2024-08-13,2024-08-13,2024-08-13,36,trend_sensitivity,PP,ct,unit_root,,Bartlett_short_bandwidth,False,ok,-6.952517076662763,1.8090637588665938e-08,-4.243765510204081,-3.5443646122448977,-3.2046503498542274,3,35,True,
15min,2024-08-13,2024-08-13,2024-08-13,36,trend_sensitivity,KPSS,ct,level_or_trend_stationarity,,Bartlett_short_bandwidth,False,ok,0.05912813575571321,0.4582364790986522,0.2175,0.1479,0.1193,3,36,False,
15min,2024-08-13,2024-08-13,2024-08-13,36,lag_sensitivity,ADF,c,unit_root,6.0,aic,False,ok,-3.6874980121644345,0.00429248217167565,-3.6790595944893187,-2.9678817237279103,-2.6231583472057074,6,29,True,
15min,2024-08-13,2024-08-13,2024-08-13,36,lag_sensitivity,PP,c,unit_root,,Bartlett_short_bandwidth,False,ok,-7.536805514981392,3.46109747661401e-11,-3.6327426647230316,-2.9485102040816327,-2.6130173469387756,6,35,True,
15min,2024-08-13,2024-08-13,2024-08-13,36,lag_sensitivity,KPSS,c,level_or_trend_stationarity,,Bartlett_short_bandwidth,False,ok,0.10333435441655009,0.5694502191512015,0.7428,0.4614,0.3475,6,36,False,
15min,2024-08-14,2024-08-14,2024-08-14,36,main,ADF,c,unit_root,6.0,bic,False,ok,-7.378227112397517,8.60893260891065e-11,-3.6327426647230316,-2.9485102040816327,-2.6130173469387756,0,35,True,
15min,2024-08-14,2024-08-14,2024-08-14,36,main,PP,c,unit_root,,Bartlett_short_bandwidth,False,ok,-7.310897607260887,1.2652015660043353e-10,-3.6327426647230316,-2.9485102040816327,-2.6130173469387756,3,35,True,
15min,2024-08-14,2024-08-14,2024-08-14,36,main,KPSS,c,level_or_trend_stationarity,,Bartlett_short_bandwidth,False,ok,0.26862908859776263,0.16635105161796615,0.7428,0.4614,0.3475,3,36,False,
15min,2024-08-14,2024-08-14,2024-08-14,36,trend_sensitivity,ADF,ct,unit_root,6.0,bic,False,ok,-7.907406128123348,1.1697225870991123e-10,-4.243765510204081,-3.5443646122448977,-3.2046503498542274,0,35,True,
15min,2024-08-14,2024-08-14,2024-08-14,36,trend_sensitivity,PP,ct,unit_root,,Bartlett_short_bandwidth,False,ok,-8.0676467485065,4.984436938641916e-11,-4.243765510204081,-3.5443646122448977,-3.2046503498542274,3,35,True,
15min,2024-08-14,2024-08-14,2024-08-14,36,trend_sensitivity,KPSS,ct,level_or_trend_stationarity,,Bartlett_short_bandwidth,False,ok,0.08820220275390155,0.21802391381838457,0.2175,0.1479,0.1193,3,36,False,
15min,2024-08-14,2024-08-14,2024-08-14,36,lag_sensitivity,ADF,c,unit_root,6.0,aic,False,ok,-7.378227112397517,8.60893260891065e-11,-3.6327426647230316,-2.9485102040816327,-2.6130173469387756,0,35,True,
15min,2024-08-14,2024-08-14,2024-08-14,36,lag_sensitivity,PP,c,unit_root,,Bartlett_short_bandwidth,False,ok,-7.244169312381866,1.8508154127867994e-10,-3.6327426647230316,-2.9485102040816327,-2.6130173469387756,6,35,True,
15min,2024-08-14,2024-08-14,2024-08-14,36,lag_sensitivity,KPSS,c,level_or_trend_stationarity,,Bartlett_short_bandwidth,False,ok,0.26060763406405396,0.1756065760799377,0.7428,0.4614,0.3475,6,36,False,
15min,2024-08-15,2024-08-15,2024-08-15,36,main,ADF,c,unit_root,6.0,bic,False,ok,-7.658205410199416,1.7163584584190982e-11,-3.6327426647230316,-2.9485102040816327,-2.6130173469387756,0,35,True,
15min,2024-08-15,2024-08-15,2024-08-15,36,main,PP,c,unit_root,,Bartlett_short_bandwidth,False,ok,-7.40773276405417,7.269682974500212e-11,-3.6327426647230316,-2.9485102040816327,-2.6130173469387756,3,35,True,
15min,2024-08-15,2024-08-15,2024-08-15,36,main,KPSS,c,level_or_trend_stationarity,,Bartlett_short_bandwidth,False,ok,0.4410908525010359,0.05648591293067728,0.7428,0.4614,0.3475,3,36,False,
15min,2024-08-15,2024-08-15,2024-08-15,36,trend_sensitivity,ADF,ct,unit_root,6.0,bic,False,ok,-7.947633743753271,9.442312846821278e-11,-4.243765510204081,-3.5443646122448977,-3.2046503498542274,0,35,True,
15min,2024-08-15,2024-08-15,2024-08-15,36,trend_sensitivity,PP,ct,unit_root,,Bartlett_short_bandwidth,False,ok,-7.844842241876123,1.6319406939274608e-10,-4.243765510204081,-3.5443646122448977,-3.2046503498542274,3,35,True,
15min,2024-08-15,2024-08-15,2024-08-15,36,trend_sensitivity,KPSS,ct,level_or_trend_stationarity,,Bartlett_short_bandwidth,False,ok,0.09068391257214822,0.20498003789720298,0.2175,0.1479,0.1193,3,36,False,
15min,2024-08-15,2024-08-15,2024-08-15,36,lag_sensitivity,ADF,c,unit_root,6.0,aic,False,ok,-7.658205410199416,1.7163584584190982e-11,-3.6327426647230316,-2.9485102040816327,-2.6130173469387756,0,35,True,
15min,2024-08-15,2024-08-15,2024-08-15,36,lag_sensitivity,PP,c,unit_root,,Bartlett_short_bandwidth,False,ok,-7.345212699079497,1.0399271173740011e-10,-3.6327426647230316,-2.9485102040816327,-2.6130173469387756,6,35,True,
15min,2024-08-15,2024-08-15,2024-08-15,36,lag_sensitivity,KPSS,c,level_or_trend_stationarity,,Bartlett_short_bandwidth,False,ok,0.3677670941500703,0.08817005752713569,0.7428,0.4614,0.3475,6,36,False,
15min,2024-08-16,2024-08-16,2024-08-16,36,main,ADF,c,unit_root,6.0,bic,False,ok,-6.777285733937089,2.551658682915489e-09,-3.6327426647230316,-2.9485102040816327,-2.6130173469387756,0,35,True,
15min,2024-08-16,2024-08-16,2024-08-16,36,main,PP,c,unit_root,,Bartlett_short_bandwidth,False,ok,-6.779297142084817,2.5233784779964133e-09,-3.6327426647230316,-2.9485102040816327,-2.6130173469387756,3,35,True,
15min,2024-08-16,2024-08-16,2024-08-16,36,main,KPSS,c,level_or_trend_stationarity,,Bartlett_short_bandwidth,False,ok,0.1230169736814983,0.4841435249414541,0.7428,0.4614,0.3475,3,36,False,
15min,2024-08-16,2024-08-16,2024-08-16,36,trend_sensitivity,ADF,ct,unit_root,6.0,bic,False,ok,-6.659326989498093,8.206428887801904e-08,-4.243765510204081,-3.5443646122448977,-3.2046503498542274,0,35,True,
15min,2024-08-16,2024-08-16,2024-08-16,36,trend_sensitivity,PP,ct,unit_root,,Bartlett_short_bandwidth,False,ok,-6.651865937755501,8.52547209116382e-08,-4.243765510204081,-3.5443646122448977,-3.2046503498542274,3,35,True,
15min,2024-08-16,2024-08-16,2024-08-16,36,trend_sensitivity,KPSS,ct,level_or_trend_stationarity,,Bartlett_short_bandwidth,False,ok,0.09565402629998776,0.18045678318970793,0.2175,0.1479,0.1193,3,36,False,
15min,2024-08-16,2024-08-16,2024-08-16,36,lag_sensitivity,ADF,c,unit_root,6.0,aic,False,ok,-6.777285733937089,2.551658682915489e-09,-3.6327426647230316,-2.9485102040816327,-2.6130173469387756,0,35,True,
15min,2024-08-16,2024-08-16,2024-08-16,36,lag_sensitivity,PP,c,unit_root,,Bartlett_short_bandwidth,False,ok,-6.846629318451045,1.7361459842170777e-09,-3.6327426647230316,-2.9485102040816327,-2.6130173469387756,6,35,True,
15min,2024-08-16,2024-08-16,2024-08-16,36,lag_sensitivity,KPSS,c,level_or_trend_stationarity,,Bartlett_short_bandwidth,False,ok,0.12988348949756048,0.4577481735165654,0.7428,0.4614,0.3475,6,36,False,
15min,2024-08-19,2024-08-19,2024-08-19,36,main,ADF,c,unit_root,6.0,bic,False,ok,-5.4044425760344925,3.3151840588444986e-06,-3.6327426647230316,-2.9485102040816327,-2.6130173469387756,0,35,True,
15min,2024-08-19,2024-08-19,2024-08-19,36,main,PP,c,unit_root,,Bartlett_short_bandwidth,False,ok,-5.401445606037849,3.363603447086905e-06,-3.6327426647230316,-2.9485102040816327,-2.6130173469387756,3,35,True,
15min,2024-08-19,2024-08-19,2024-08-19,36,main,KPSS,c,level_or_trend_stationarity,,Bartlett_short_bandwidth,False,ok,0.2643775210062515,0.17125670653124825,0.7428,0.4614,0.3475,3,36,False,
15min,2024-08-19,2024-08-19,2024-08-19,36,trend_sensitivity,ADF,ct,unit_root,6.0,bic,False,ok,-5.620680199212537,1.3244782422489837e-05,-4.243765510204081,-3.5443646122448977,-3.2046503498542274,0,35,True,
15min,2024-08-19,2024-08-19,2024-08-19,36,trend_sensitivity,PP,ct,unit_root,,Bartlett_short_bandwidth,False,ok,-5.617078979346769,1.346727782891432e-05,-4.243765510204081,-3.5443646122448977,-3.2046503498542274,3,35,True,
15min,2024-08-19,2024-08-19,2024-08-19,36,trend_sensitivity,KPSS,ct,level_or_trend_stationarity,,Bartlett_short_bandwidth,False,ok,0.06420127149688258,0.4030902948598354,0.2175,0.1479,0.1193,3,36,False,
15min,2024-08-19,2024-08-19,2024-08-19,36,lag_sensitivity,ADF,c,unit_root,6.0,aic,False,ok,-5.4044425760344925,3.3151840588444986e-06,-3.6327426647230316,-2.9485102040816327,-2.6130173469387756,0,35,True,
15min,2024-08-19,2024-08-19,2024-08-19,36,lag_sensitivity,PP,c,unit_root,,Bartlett_short_bandwidth,False,ok,-5.392070462388582,3.519549250336527e-06,-3.6327426647230316,-2.9485102040816327,-2.6130173469387756,6,35,True,
15min,2024-08-19,2024-08-19,2024-08-19,36,lag_sensitivity,KPSS,c,level_or_trend_stationarity,,Bartlett_short_bandwidth,False,ok,0.27238284450626027,0.16230953697264552,0.7428,0.4614,0.3475,6,36,False,
15min,2024-08-20,2024-08-20,2024-08-20,36,main,ADF,c,unit_root,6.0,bic,False,ok,-5.041438279890218,1.836257581413514e-05,-3.6327426647230316,-2.9485102040816327,-2.6130173469387756,0,35,True,
15min,2024-08-20,2024-08-20,2024-08-20,36,main,PP,c,unit_root,,Bartlett_short_bandwidth,False,ok,-5.000427520686772,2.2149957901030876e-05,-3.6327426647230316,-2.9485102040816327,-2.6130173469387756,3,35,True,
15min,2024-08-20,2024-08-20,2024-08-20,36,main,KPSS,c,level_or_trend_stationarity,,Bartlett_short_bandwidth,False,ok,0.07661802731717571,0.7121325937756637,0.7428,0.4614,0.3475,3,36,False,
15min,2024-08-20,2024-08-20,2024-08-20,36,trend_sensitivity,ADF,ct,unit_root,6.0,bic,False,ok,-5.027864196341035,0.00018300072441916176,-4.243765510204081,-3.5443646122448977,-3.2046503498542274,0,35,True,
15min,2024-08-20,2024-08-20,2024-08-20,36,trend_sensitivity,PP,ct,unit_root,,Bartlett_short_bandwidth,False,ok,-4.9799774330568916,0.00022373445913933534,-4.243765510204081,-3.5443646122448977,-3.2046503498542274,3,35,True,
15min,2024-08-20,2024-08-20,2024-08-20,36,trend_sensitivity,KPSS,ct,level_or_trend_stationarity,,Bartlett_short_bandwidth,False,ok,0.058386206547099195,0.46706896967739053,0.2175,0.1479,0.1193,3,36,False,
15min,2024-08-20,2024-08-20,2024-08-20,36,lag_sensitivity,ADF,c,unit_root,6.0,aic,False,ok,-5.041438279890218,1.836257581413514e-05,-3.6327426647230316,-2.9485102040816327,-2.6130173469387756,0,35,True,
15min,2024-08-20,2024-08-20,2024-08-20,36,lag_sensitivity,PP,c,unit_root,,Bartlett_short_bandwidth,False,ok,-4.988599917388229,2.337545276316421e-05,-3.6327426647230316,-2.9485102040816327,-2.6130173469387756,6,35,True,
15min,2024-08-20,2024-08-20,2024-08-20,36,lag_sensitivity,KPSS,c,level_or_trend_stationarity,,Bartlett_short_bandwidth,False,ok,0.09932862439180852,0.5888568780409574,0.7428,0.4614,0.3475,6,36,False,
15min,2024-08-21,2024-08-21,2024-08-21,36,main,ADF,c,unit_root,6.0,bic,False,ok,-5.979228389148155,1.8556198218405075e-07,-3.6327426647230316,-2.9485102040816327,-2.6130173469387756,0,35,True,
15min,2024-08-21,2024-08-21,2024-08-21,36,main,PP,c,unit_root,,Bartlett_short_bandwidth,False,ok,-6.050424442451661,1.2815267695649556e-07,-3.6327426647230316,-2.9485102040816327,-2.6130173469387756,3,35,True,
15min,2024-08-21,2024-08-21,2024-08-21,36,main,KPSS,c,level_or_trend_stationarity,,Bartlett_short_bandwidth,False,ok,0.1318134979449666,0.4505466494590798,0.7428,0.4614,0.3475,3,36,False,
15min,2024-08-21,2024-08-21,2024-08-21,36,trend_sensitivity,ADF,ct,unit_root,6.0,bic,False,ok,-5.9140284457959895,3.323889160345766e-06,-4.243765510204081,-3.5443646122448977,-3.2046503498542274,0,35,True,
15min,2024-08-21,2024-08-21,2024-08-21,36,trend_sensitivity,PP,ct,unit_root,,Bartlett_short_bandwidth,False,ok,-5.983441164332143,2.379964303947838e-06,-4.243765510204081,-3.5443646122448977,-3.2046503498542274,3,35,True,
15min,2024-08-21,2024-08-21,2024-08-21,36,trend_sensitivity,KPSS,ct,level_or_trend_stationarity,,Bartlett_short_bandwidth,False,ok,0.0633528083611348,0.4118674997123986,0.2175,0.1479,0.1193,3,36,False,
15min,2024-08-21,2024-08-21,2024-08-21,36,lag_sensitivity,ADF,c,unit_root,6.0,aic,False,ok,-5.979228389148155,1.8556198218405075e-07,-3.6327426647230316,-2.9485102040816327,-2.6130173469387756,0,35,True,
15min,2024-08-21,2024-08-21,2024-08-21,36,lag_sensitivity,PP,c,unit_root,,Bartlett_short_bandwidth,False,ok,-6.180485212961758,6.473281472951942e-08,-3.6327426647230316,-2.9485102040816327,-2.6130173469387756,6,35,True,
15min,2024-08-21,2024-08-21,2024-08-21,36,lag_sensitivity,KPSS,c,level_or_trend_stationarity,,Bartlett_short_bandwidth,False,ok,0.17200917573521002,0.3295727885474495,0.7428,0.4614,0.3475,6,36,False,
15min,2024-08-22,2024-08-22,2024-08-22,36,main,ADF,c,unit_root,6.0,bic,False,ok,-6.606171967346345,6.5483619325135455e-09,-3.6327426647230316,-2.9485102040816327,-2.6130173469387756,0,35,True,
15min,2024-08-22,2024-08-22,2024-08-22,36,main,PP,c,unit_root,,Bartlett_short_bandwidth,False,ok,-6.568963724440083,8.025471801782414e-09,-3.6327426647230316,-2.9485102040816327,-2.6130173469387756,3,35,True,
15min,2024-08-22,2024-08-22,2024-08-22,36,main,KPSS,c,level_or_trend_stationarity,,Bartlett_short_bandwidth,False,ok,0.5865186107139363,0.024217568962412242,0.7428,0.4614,0.3475,3,36,True,
15min,2024-08-22,2024-08-22,2024-08-22,36,trend_sensitivity,ADF,ct,unit_root,6.0,bic,False,ok,-5.256167477257835,6.85368940982708e-05,-4.2970953703703705,-3.5685571851851847,-3.2184266666666668,5,30,True,
15min,2024-08-22,2024-08-22,2024-08-22,36,trend_sensitivity,PP,ct,unit_root,,Bartlett_short_bandwidth,False,ok,-9.307048488055369,7.427454815381364e-14,-4.243765510204081,-3.5443646122448977,-3.2046503498542274,3,35,True,
15min,2024-08-22,2024-08-22,2024-08-22,36,trend_sensitivity,KPSS,ct,level_or_trend_stationarity,,Bartlett_short_bandwidth,False,ok,0.06075654296148644,0.43958473907401774,0.2175,0.1479,0.1193,3,36,False,
15min,2024-08-22,2024-08-22,2024-08-22,36,lag_sensitivity,ADF,c,unit_root,6.0,aic,False,ok,-6.606171967346345,6.5483619325135455e-09,-3.6327426647230316,-2.9485102040816327,-2.6130173469387756,0,35,True,
15min,2024-08-22,2024-08-22,2024-08-22,36,lag_sensitivity,PP,c,unit_root,,Bartlett_short_bandwidth,False,ok,-6.563976662271473,8.246921771803037e-09,-3.6327426647230316,-2.9485102040816327,-2.6130173469387756,6,35,True,
15min,2024-08-22,2024-08-22,2024-08-22,36,lag_sensitivity,KPSS,c,level_or_trend_stationarity,,Bartlett_short_bandwidth,False,ok,0.5123248942505441,0.03715613662651877,0.7428,0.4614,0.3475,6,36,True,
15min,2024-08-23,2024-08-23,2024-08-23,36,main,ADF,c,unit_root,6.0,bic,False,ok,-7.753292507973262,9.88850863889367e-12,-3.6327426647230316,-2.9485102040816327,-2.6130173469387756,0,35,True,
15min,2024-08-23,2024-08-23,2024-08-23,36,main,PP,c,unit_root,,Bartlett_short_bandwidth,False,ok,-7.701240025555533,1.337572434266355e-11,-3.6327426647230316,-2.9485102040816327,-2.6130173469387756,3,35,True,
15min,2024-08-23,2024-08-23,2024-08-23,36,main,KPSS,c,level_or_trend_stationarity,,Bartlett_short_bandwidth,False,ok,0.30628977328518536,0.1303014449496357,0.7428,0.4614,0.3475,3,36,False,
15min,2024-08-23,2024-08-23,2024-08-23,36,trend_sensitivity,ADF,ct,unit_root,6.0,bic,False,ok,-7.954670513028375,9.095133754865427e-11,-4.243765510204081,-3.5443646122448977,-3.2046503498542274,0,35,True,
15min,2024-08-23,2024-08-23,2024-08-23,36,trend_sensitivity,PP,ct,unit_root,,Bartlett_short_bandwidth,False,ok,-8.110806418854605,3.961492391865967e-11,-4.243765510204081,-3.5443646122448977,-3.2046503498542274,3,35,True,
15min,2024-08-23,2024-08-23,2024-08-23,36,trend_sensitivity,KPSS,ct,level_or_trend_stationarity,,Bartlett_short_bandwidth,False,ok,0.06553775235582095,0.3896224764417906,0.2175,0.1479,0.1193,3,36,False,
15min,2024-08-23,2024-08-23,2024-08-23,36,lag_sensitivity,ADF,c,unit_root,6.0,aic,False,ok,-7.753292507973262,9.88850863889367e-12,-3.6327426647230316,-2.9485102040816327,-2.6130173469387756,0,35,True,
15min,2024-08-23,2024-08-23,2024-08-23,36,lag_sensitivity,PP,c,unit_root,,Bartlett_short_bandwidth,False,ok,-7.578624715778966,2.7191750141911032e-11,-3.6327426647230316,-2.9485102040816327,-2.6130173469387756,6,35,True,
15min,2024-08-23,2024-08-23,2024-08-23,36,lag_sensitivity,KPSS,c,level_or_trend_stationarity,,Bartlett_short_bandwidth,False,ok,0.269669271502759,0.1651508405737396,0.7428,0.4614,0.3475,6,36,False,
15min,2024-08-26,2024-08-26,2024-08-26,36,main,ADF,c,unit_root,6.0,bic,False,ok,-4.567155698081418,0.0001484240609195234,-3.653519805908203,-2.9572185644531253,-2.6175881640625,3,32,True,
15min,2024-08-26,2024-08-26,2024-08-26,36,main,PP,c,unit_root,,Bartlett_short_bandwidth,False,ok,-7.198505897469267,2.399424208644692e-10,-3.6327426647230316,-2.9485102040816327,-2.6130173469387756,3,35,True,
15min,2024-08-26,2024-08-26,2024-08-26,36,main,KPSS,c,level_or_trend_stationarity,,Bartlett_short_bandwidth,False,ok,0.05553106689523173,0.842397511532238,0.7428,0.4614,0.3475,3,36,False,
15min,2024-08-26,2024-08-26,2024-08-26,36,trend_sensitivity,ADF,ct,unit_root,6.0,bic,False,ok,-4.628357578843686,0.0009238912547506582,-4.27353517944336,-3.5578989233398435,-3.2123659912109375,3,32,True,
15min,2024-08-26,2024-08-26,2024-08-26,36,trend_sensitivity,PP,ct,unit_root,,Bartlett_short_bandwidth,False,ok,-7.18133144166794,5.4737950566409335e-09,-4.243765510204081,-3.5443646122448977,-3.2046503498542274,3,35,True,
15min,2024-08-26,2024-08-26,2024-08-26,36,trend_sensitivity,KPSS,ct,level_or_trend_stationarity,,Bartlett_short_bandwidth,False,ok,0.03911964041125402,0.7356228331596601,0.2175,0.1479,0.1193,3,36,False,
15min,2024-08-26,2024-08-26,2024-08-26,36,lag_sensitivity,ADF,c,unit_root,6.0,aic,False,ok,-4.567155698081418,0.0001484240609195234,-3.653519805908203,-2.9572185644531253,-2.6175881640625,3,32,True,
15min,2024-08-26,2024-08-26,2024-08-26,36,lag_sensitivity,PP,c,unit_root,,Bartlett_short_bandwidth,False,ok,-8.30688187989011,3.882147937178288e-13,-3.6327426647230316,-2.9485102040816327,-2.6130173469387756,6,35,True,
15min,2024-08-26,2024-08-26,2024-08-26,36,lag_sensitivity,KPSS,c,level_or_trend_stationarity,,Bartlett_short_bandwidth,False,ok,0.11795466677665653,0.5044169009437048,0.7428,0.4614,0.3475,6,36,False,
15min,2024-08-27,2024-08-27,2024-08-27,36,main,ADF,c,unit_root,6.0,bic,False,ok,-7.222531832395297,2.0932366381394842e-10,-3.6327426647230316,-2.9485102040816327,-2.6130173469387756,0,35,True,
15min,2024-08-27,2024-08-27,2024-08-27,36,main,PP,c,unit_root,,Bartlett_short_bandwidth,False,ok,-7.150914031130023,3.1429402993410294e-10,-3.6327426647230316,-2.9485102040816327,-2.6130173469387756,3,35,True,
15min,2024-08-27,2024-08-27,2024-08-27,36,main,KPSS,c,level_or_trend_stationarity,,Bartlett_short_bandwidth,False,ok,0.06431585860252581,0.7877770449583887,0.7428,0.4614,0.3475,3,36,False,
15min,2024-08-27,2024-08-27,2024-08-27,36,trend_sensitivity,ADF,ct,unit_root,6.0,bic,False,ok,-7.160496711168746,6.106076818938603e-09,-4.243765510204081,-3.5443646122448977,-3.2046503498542274,0,35,True,
15min,2024-08-27,2024-08-27,2024-08-27,36,trend_sensitivity,PP,ct,unit_root,,Bartlett_short_bandwidth,False,ok,-7.087828304511541,8.933984956714485e-09,-4.243765510204081,-3.5443646122448977,-3.2046503498542274,3,35,True,
15min,2024-08-27,2024-08-27,2024-08-27,36,trend_sensitivity,KPSS,ct,level_or_trend_stationarity,,Bartlett_short_bandwidth,False,ok,0.06263793044929179,0.41926278845560216,0.2175,0.1479,0.1193,3,36,False,
15min,2024-08-27,2024-08-27,2024-08-27,36,lag_sensitivity,ADF,c,unit_root,6.0,aic,False,ok,-5.59811611970193,1.2831112471478188e-06,-3.661428725118324,-2.960525341210433,-2.6193188033298647,4,31,True,
15min,2024-08-27,2024-08-27,2024-08-27,36,lag_sensitivity,PP,c,unit_root,,Bartlett_short_bandwidth,False,ok,-7.731402984307836,1.1228581472262816e-11,-3.6327426647230316,-2.9485102040816327,-2.6130173469387756,6,35,True,
15min,2024-08-27,2024-08-27,2024-08-27,36,lag_sensitivity,KPSS,c,level_or_trend_stationarity,,Bartlett_short_bandwidth,False,ok,0.1011352377009231,0.580022895668639,0.7428,0.4614,0.3475,6,36,False,
15min,2024-08-28,2024-08-28,2024-08-28,36,main,ADF,c,unit_root,6.0,bic,False,ok,-8.229863201269747,6.104105952740967e-13,-3.6327426647230316,-2.9485102040816327,-2.6130173469387756,0,35,True,
15min,2024-08-28,2024-08-28,2024-08-28,36,main,PP,c,unit_root,,Bartlett_short_bandwidth,False,ok,-8.168405023058185,8.755739283223443e-13,-3.6327426647230316,-2.9485102040816327,-2.6130173469387756,3,35,True,
15min,2024-08-28,2024-08-28,2024-08-28,36,main,KPSS,c,level_or_trend_stationarity,,Bartlett_short_bandwidth,False,ok,0.08443998162000295,0.6670546457090748,0.7428,0.4614,0.3475,3,36,False,
15min,2024-08-28,2024-08-28,2024-08-28,36,trend_sensitivity,ADF,ct,unit_root,6.0,bic,False,ok,-8.134048465863387,3.500648786987936e-11,-4.243765510204081,-3.5443646122448977,-3.2046503498542274,0,35,True,
15min,2024-08-28,2024-08-28,2024-08-28,36,trend_sensitivity,PP,ct,unit_root,,Bartlett_short_bandwidth,False,ok,-8.07586224651139,4.771177142391141e-11,-4.243765510204081,-3.5443646122448977,-3.2046503498542274,3,35,True,
15min,2024-08-28,2024-08-28,2024-08-28,36,trend_sensitivity,KPSS,ct,level_or_trend_stationarity,,Bartlett_short_bandwidth,False,ok,0.06773665149371273,0.36798427148845014,0.2175,0.1479,0.1193,3,36,False,
15min,2024-08-28,2024-08-28,2024-08-28,36,lag_sensitivity,ADF,c,unit_root,6.0,aic,False,ok,-8.229863201269747,6.104105952740967e-13,-3.6327426647230316,-2.9485102040816327,-2.6130173469387756,0,35,True,
15min,2024-08-28,2024-08-28,2024-08-28,36,lag_sensitivity,PP,c,unit_root,,Bartlett_short_bandwidth,False,ok,-8.869020128903635,1.4145227932747722e-14,-3.6327426647230316,-2.9485102040816327,-2.6130173469387756,6,35,True,
15min,2024-08-28,2024-08-28,2024-08-28,36,lag_sensitivity,KPSS,c,level_or_trend_stationarity,,Bartlett_short_bandwidth,False,ok,0.12696190018487327,0.46864962617584593,0.7428,0.4614,0.3475,6,36,False,
15min,2024-08-29,2024-08-29,2024-08-29,36,main,ADF,c,unit_root,6.0,bic,False,ok,-5.204850787517023,8.593796751226871e-06,-3.6327426647230316,-2.9485102040816327,-2.6130173469387756,0,35,True,
15min,2024-08-29,2024-08-29,2024-08-29,36,main,PP,c,unit_root,,Bartlett_short_bandwidth,False,ok,-5.216747114252932,8.12566974580181e-06,-3.6327426647230316,-2.9485102040816327,-2.6130173469387756,3,35,True,
15min,2024-08-29,2024-08-29,2024-08-29,36,main,KPSS,c,level_or_trend_stationarity,,Bartlett_short_bandwidth,False,ok,0.41317526107225655,0.06679867436087132,0.7428,0.4614,0.3475,3,36,False,
15min,2024-08-29,2024-08-29,2024-08-29,36,trend_sensitivity,ADF,ct,unit_root,6.0,bic,False,ok,-5.608518586008313,1.4010838759710432e-05,-4.243765510204081,-3.5443646122448977,-3.2046503498542274,0,35,True,
15min,2024-08-29,2024-08-29,2024-08-29,36,trend_sensitivity,PP,ct,unit_root,,Bartlett_short_bandwidth,False,ok,-5.5996431409943055,1.4596886810202238e-05,-4.243765510204081,-3.5443646122448977,-3.2046503498542274,3,35,True,
15min,2024-08-29,2024-08-29,2024-08-29,36,trend_sensitivity,KPSS,ct,level_or_trend_stationarity,,Bartlett_short_bandwidth,False,ok,0.17034059739916868,0.029525258077455974,0.2175,0.1479,0.1193,3,36,True,
15min,2024-08-29,2024-08-29,2024-08-29,36,lag_sensitivity,ADF,c,unit_root,6.0,aic,False,ok,-5.204850787517023,8.593796751226871e-06,-3.6327426647230316,-2.9485102040816327,-2.6130173469387756,0,35,True,
15min,2024-08-29,2024-08-29,2024-08-29,36,lag_sensitivity,PP,c,unit_root,,Bartlett_short_bandwidth,False,ok,-5.3906040712431915,3.544568180187723e-06,-3.6327426647230316,-2.9485102040816327,-2.6130173469387756,6,35,True,
15min,2024-08-29,2024-08-29,2024-08-29,36,lag_sensitivity,KPSS,c,level_or_trend_stationarity,,Bartlett_short_bandwidth,False,ok,0.3009464300035632,0.13477286192170446,0.7428,0.4614,0.3475,6,36,False,
15min,2024-08-30,2024-08-30,2024-08-30,36,main,ADF,c,unit_root,6.0,bic,False,ok,-4.76432983499352,6.3607076054588e-05,-3.6327426647230316,-2.9485102040816327,-2.6130173469387756,0,35,True,
15min,2024-08-30,2024-08-30,2024-08-30,36,main,PP,c,unit_root,,Bartlett_short_bandwidth,False,ok,-4.757991507020439,6.539526748112757e-05,-3.6327426647230316,-2.9485102040816327,-2.6130173469387756,3,35,True,
15min,2024-08-30,2024-08-30,2024-08-30,36,main,KPSS,c,level_or_trend_stationarity,,Bartlett_short_bandwidth,False,ok,0.18108119037951254,0.3078593324608907,0.7428,0.4614,0.3475,3,36,False,
15min,2024-08-30,2024-08-30,2024-08-30,36,trend_sensitivity,ADF,ct,unit_root,6.0,bic,False,ok,-4.8381447619712095,0.00040139270459701076,-4.243765510204081,-3.5443646122448977,-3.2046503498542274,0,35,True,
15min,2024-08-30,2024-08-30,2024-08-30,36,trend_sensitivity,PP,ct,unit_root,,Bartlett_short_bandwidth,False,ok,-4.824628130377272,0.00042402046935270405,-4.243765510204081,-3.5443646122448977,-3.2046503498542274,3,35,True,
15min,2024-08-30,2024-08-30,2024-08-30,36,trend_sensitivity,KPSS,ct,level_or_trend_stationarity,,Bartlett_short_bandwidth,False,ok,0.06585220283197533,0.38647797168024667,0.2175,0.1479,0.1193,3,36,False,
15min,2024-08-30,2024-08-30,2024-08-30,36,lag_sensitivity,ADF,c,unit_root,6.0,aic,False,ok,-4.76432983499352,6.3607076054588e-05,-3.6327426647230316,-2.9485102040816327,-2.6130173469387756,0,35,True,
15min,2024-08-30,2024-08-30,2024-08-30,36,lag_sensitivity,PP,c,unit_root,,Bartlett_short_bandwidth,False,ok,-4.701671927353277,8.354629939010348e-05,-3.6327426647230316,-2.9485102040816327,-2.6130173469387756,6,35,True,
15min,2024-08-30,2024-08-30,2024-08-30,36,lag_sensitivity,KPSS,c,level_or_trend_stationarity,,Bartlett_short_bandwidth,False,ok,0.19266095337140077,0.28263626942255154,0.7428,0.4614,0.3475,6,36,False,
15min,2024-09-02,2024-09-02,2024-09-02,36,main,ADF,c,unit_root,6.0,bic,False,ok,-5.273127169545139,6.22291764151004e-06,-3.6327426647230316,-2.9485102040816327,-2.6130173469387756,0,35,True,
15min,2024-09-02,2024-09-02,2024-09-02,36,main,PP,c,unit_root,,Bartlett_short_bandwidth,False,ok,-5.324908882113344,4.861257087235785e-06,-3.6327426647230316,-2.9485102040816327,-2.6130173469387756,3,35,True,
15min,2024-09-02,2024-09-02,2024-09-02,36,main,KPSS,c,level_or_trend_stationarity,,Bartlett_short_bandwidth,False,ok,0.13573962549270777,0.4366451181756583,0.7428,0.4614,0.3475,3,36,False,
15min,2024-09-02,2024-09-02,2024-09-02,36,trend_sensitivity,ADF,ct,unit_root,6.0,bic,False,ok,-5.3466506193185666,4.595466186843116e-05,-4.243765510204081,-3.5443646122448977,-3.2046503498542274,0,35,True,
15min,2024-09-02,2024-09-02,2024-09-02,36,trend_sensitivity,PP,ct,unit_root,,Bartlett_short_bandwidth,False,ok,-5.373026809954799,4.085653159602684e-05,-4.243765510204081,-3.5443646122448977,-3.2046503498542274,3,35,True,
15min,2024-09-02,2024-09-02,2024-09-02,36,trend_sensitivity,KPSS,ct,level_or_trend_stationarity,,Bartlett_short_bandwidth,False,ok,0.08034096233207273,0.2664416390891536,0.2175,0.1479,0.1193,3,36,False,
15min,2024-09-02,2024-09-02,2024-09-02,36,lag_sensitivity,ADF,c,unit_root,6.0,aic,False,ok,-3.1520597898969585,0.02293282345055789,-3.653519805908203,-2.9572185644531253,-2.6175881640625,3,32,True,
15min,2024-09-02,2024-09-02,2024-09-02,36,lag_sensitivity,PP,c,unit_root,,Bartlett_short_bandwidth,False,ok,-5.273294360637906,6.217976185677598e-06,-3.6327426647230316,-2.9485102040816327,-2.6130173469387756,6,35,True,
15min,2024-09-02,2024-09-02,2024-09-02,36,lag_sensitivity,KPSS,c,level_or_trend_stationarity,,Bartlett_short_bandwidth,False,ok,0.1601959856289106,0.3606703691513444,0.7428,0.4614,0.3475,6,36,False,
15min,2024-09-03,2024-09-03,2024-09-03,36,main,ADF,c,unit_root,6.0,bic,False,ok,-7.28020355566073,1.5073564334521691e-10,-3.639224104416853,-2.9512301791166293,-2.614446989619377,1,34,True,
15min,2024-09-03,2024-09-03,2024-09-03,36,main,PP,c,unit_root,,Bartlett_short_bandwidth,False,ok,-7.489278705661011,4.550786423125494e-11,-3.6327426647230316,-2.9485102040816327,-2.6130173469387756,3,35,True,
15min,2024-09-03,2024-09-03,2024-09-03,36,main,KPSS,c,level_or_trend_stationarity,,Bartlett_short_bandwidth,False,ok,0.07032500028495005,0.7504145060003106,0.7428,0.4614,0.3475,3,36,False,
15min,2024-09-03,2024-09-03,2024-09-03,36,trend_sensitivity,ADF,ct,unit_root,6.0,bic,False,ok,-7.188926165402212,5.259860453413593e-09,-4.253042608385915,-3.5485904579686545,-3.2070617952371263,1,34,True,
15min,2024-09-03,2024-09-03,2024-09-03,36,trend_sensitivity,PP,ct,unit_root,,Bartlett_short_bandwidth,False,ok,-7.495956034228609,1.041217191615674e-09,-4.243765510204081,-3.5443646122448977,-3.2046503498542274,3,35,True,
15min,2024-09-03,2024-09-03,2024-09-03,36,trend_sensitivity,KPSS,ct,level_or_trend_stationarity,,Bartlett_short_bandwidth,False,ok,0.07088736608932969,0.3395916716437095,0.2175,0.1479,0.1193,3,36,False,
15min,2024-09-03,2024-09-03,2024-09-03,36,lag_sensitivity,ADF,c,unit_root,6.0,aic,False,ok,-7.28020355566073,1.5073564334521691e-10,-3.639224104416853,-2.9512301791166293,-2.614446989619377,1,34,True,
15min,2024-09-03,2024-09-03,2024-09-03,36,lag_sensitivity,PP,c,unit_root,,Bartlett_short_bandwidth,False,ok,-8.533104496957176,1.0249863839596363e-13,-3.6327426647230316,-2.9485102040816327,-2.6130173469387756,6,35,True,
15min,2024-09-03,2024-09-03,2024-09-03,36,lag_sensitivity,KPSS,c,level_or_trend_stationarity,,Bartlett_short_bandwidth,False,ok,0.09880185341647299,0.591490732917635,0.7428,0.4614,0.3475,6,36,False,
15min,2024-09-04,2024-09-04,2024-09-04,36,main,ADF,c,unit_root,6.0,bic,False,ok,-4.201966832670369,0.000653867172231463,-3.6327426647230316,-2.9485102040816327,-2.6130173469387756,0,35,True,
15min,2024-09-04,2024-09-04,2024-09-04,36,main,PP,c,unit_root,,Bartlett_short_bandwidth,False,ok,-4.17019827392291,0.0007397604758346725,-3.6327426647230316,-2.9485102040816327,-2.6130173469387756,3,35,True,
15min,2024-09-04,2024-09-04,2024-09-04,36,main,KPSS,c,level_or_trend_stationarity,,Bartlett_short_bandwidth,False,ok,0.40949587114261504,0.06829436132414023,0.7428,0.4614,0.3475,3,36,False,
15min,2024-09-04,2024-09-04,2024-09-04,36,trend_sensitivity,ADF,ct,unit_root,6.0,bic,False,ok,-4.795805852986118,0.0004763788389468026,-4.243765510204081,-3.5443646122448977,-3.2046503498542274,0,35,True,
15min,2024-09-04,2024-09-04,2024-09-04,36,trend_sensitivity,PP,ct,unit_root,,Bartlett_short_bandwidth,False,ok,-4.73896186834296,0.0005981166396257084,-4.243765510204081,-3.5443646122448977,-3.2046503498542274,3,35,True,
15min,2024-09-04,2024-09-04,2024-09-04,36,trend_sensitivity,KPSS,ct,level_or_trend_stationarity,,Bartlett_short_bandwidth,False,ok,0.11602874088185264,0.10884124085985775,0.2175,0.1479,0.1193,3,36,False,
15min,2024-09-04,2024-09-04,2024-09-04,36,lag_sensitivity,ADF,c,unit_root,6.0,aic,False,ok,-1.303382727571968,0.627623294154856,-3.661428725118324,-2.960525341210433,-2.6193188033298647,4,31,False,
15min,2024-09-04,2024-09-04,2024-09-04,36,lag_sensitivity,PP,c,unit_root,,Bartlett_short_bandwidth,False,ok,-4.356488170896615,0.0003541270989766462,-3.6327426647230316,-2.9485102040816327,-2.6130173469387756,6,35,True,
15min,2024-09-04,2024-09-04,2024-09-04,36,lag_sensitivity,KPSS,c,level_or_trend_stationarity,,Bartlett_short_bandwidth,False,ok,0.3116281427699101,0.12583419015070288,0.7428,0.4614,0.3475,6,36,False,
15min,2024-09-05,2024-09-05,2024-09-05,36,main,ADF,c,unit_root,6.0,bic,False,ok,-8.408465329912064,2.135646621112471e-13,-3.6327426647230316,-2.9485102040816327,-2.6130173469387756,0,35,True,
15min,2024-09-05,2024-09-05,2024-09-05,36,main,PP,c,unit_root,,Bartlett_short_bandwidth,False,ok,-8.561075131477699,8.692242913953265e-14,-3.6327426647230316,-2.9485102040816327,-2.6130173469387756,3,35,True,
15min,2024-09-05,2024-09-05,2024-09-05,36,main,KPSS,c,level_or_trend_stationarity,,Bartlett_short_bandwidth,False,ok,0.22556243886806032,0.22323872898778738,0.7428,0.4614,0.3475,3,36,False,
15min,2024-09-05,2024-09-05,2024-09-05,36,trend_sensitivity,ADF,ct,unit_root,6.0,bic,False,ok,-8.218608731770246,2.232652626570218e-11,-4.243765510204081,-3.5443646122448977,-3.2046503498542274,0,35,True,
15min,2024-09-05,2024-09-05,2024-09-05,36,trend_sensitivity,PP,ct,unit_root,,Bartlett_short_bandwidth,False,ok,-8.31436693324157,1.3422833766040838e-11,-4.243765510204081,-3.5443646122448977,-3.2046503498542274,3,35,True,
15min,2024-09-05,2024-09-05,2024-09-05,36,trend_sensitivity,KPSS,ct,level_or_trend_stationarity,,Bartlett_short_bandwidth,False,ok,0.09310764698634312,0.19261404598804532,0.2175,0.1479,0.1193,3,36,False,
15min,2024-09-05,2024-09-05,2024-09-05,36,lag_sensitivity,ADF,c,unit_root,6.0,aic,False,ok,-4.022712252053282,0.0012961430079105076,-3.6790595944893187,-2.9678817237279103,-2.6231583472057074,6,29,True,
15min,2024-09-05,2024-09-05,2024-09-05,36,lag_sensitivity,PP,c,unit_root,,Bartlett_short_bandwidth,False,ok,-10.267814506732853,4.075358854414517e-18,-3.6327426647230316,-2.9485102040816327,-2.6130173469387756,6,35,True,
15min,2024-09-05,2024-09-05,2024-09-05,36,lag_sensitivity,KPSS,c,level_or_trend_stationarity,,Bartlett_short_bandwidth,False,ok,0.28141332287160326,0.1529027886754133,0.7428,0.4614,0.3475,6,36,False,
15min,2024-09-06,2024-09-06,2024-09-06,36,main,ADF,c,unit_root,6.0,bic,False,ok,-6.055437943929261,1.2484286873531234e-07,-3.6327426647230316,-2.9485102040816327,-2.6130173469387756,0,35,True,
15min,2024-09-06,2024-09-06,2024-09-06,36,main,PP,c,unit_root,,Bartlett_short_bandwidth,False,ok,-6.239962494545807,4.723579824626984e-08,-3.6327426647230316,-2.9485102040816327,-2.6130173469387756,3,35,True,
15min,2024-09-06,2024-09-06,2024-09-06,36,main,KPSS,c,level_or_trend_stationarity,,Bartlett_short_bandwidth,False,ok,0.19486752108189573,0.27810289983942016,0.7428,0.4614,0.3475,3,36,False,
15min,2024-09-06,2024-09-06,2024-09-06,36,trend_sensitivity,ADF,ct,unit_root,6.0,bic,False,ok,-6.06051016337745,1.6377327264799479e-06,-4.243765510204081,-3.5443646122448977,-3.2046503498542274,0,35,True,
15min,2024-09-06,2024-09-06,2024-09-06,36,trend_sensitivity,PP,ct,unit_root,,Bartlett_short_bandwidth,False,ok,-6.429771732423007,2.629840908686467e-07,-4.243765510204081,-3.5443646122448977,-3.2046503498542274,3,35,True,
15min,2024-09-06,2024-09-06,2024-09-06,36,trend_sensitivity,KPSS,ct,level_or_trend_stationarity,,Bartlett_short_bandwidth,False,ok,0.09265476032227112,0.19492469223331063,0.2175,0.1479,0.1193,3,36,False,
15min,2024-09-06,2024-09-06,2024-09-06,36,lag_sensitivity,ADF,c,unit_root,6.0,aic,False,ok,-3.9019793783361716,0.002020328166885031,-3.6461350877925254,-2.954126991123355,-2.6159676124885216,2,33,True,
15min,2024-09-06,2024-09-06,2024-09-06,36,lag_sensitivity,PP,c,unit_root,,Bartlett_short_bandwidth,False,ok,-6.211365120583121,5.497496733840239e-08,-3.6327426647230316,-2.9485102040816327,-2.6130173469387756,6,35,True,
15min,2024-09-06,2024-09-06,2024-09-06,36,lag_sensitivity,KPSS,c,level_or_trend_stationarity,,Bartlett_short_bandwidth,False,ok,0.19095798129673267,0.28625961426227087,0.7428,0.4614,0.3475,6,36,False,
15min,2024-09-09,2024-09-09,2024-09-09,36,main,ADF,c,unit_root,6.0,bic,False,ok,-5.708480637819122,7.393240939836696e-07,-3.6327426647230316,-2.9485102040816327,-2.6130173469387756,0,35,True,
15min,2024-09-09,2024-09-09,2024-09-09,36,main,PP,c,unit_root,,Bartlett_short_bandwidth,False,ok,-5.73067545210133,6.611552089344037e-07,-3.6327426647230316,-2.9485102040816327,-2.6130173469387756,3,35,True,
15min,2024-09-09,2024-09-09,2024-09-09,36,main,KPSS,c,level_or_trend_stationarity,,Bartlett_short_bandwidth,False,ok,0.07871860805128582,0.6997292980663928,0.7428,0.4614,0.3475,3,36,False,
15min,2024-09-09,2024-09-09,2024-09-09,36,trend_sensitivity,ADF,ct,unit_root,6.0,bic,False,ok,-6.103070665955727,1.3306236611466044e-06,-4.31024911353479,-3.5744878842920986,-3.221793310508836,6,29,True,
15min,2024-09-09,2024-09-09,2024-09-09,36,trend_sensitivity,PP,ct,unit_root,,Bartlett_short_bandwidth,False,ok,-5.860522289934816,4.292625315264914e-06,-4.243765510204081,-3.5443646122448977,-3.2046503498542274,3,35,True,
15min,2024-09-09,2024-09-09,2024-09-09,36,trend_sensitivity,KPSS,ct,level_or_trend_stationarity,,Bartlett_short_bandwidth,False,ok,0.06023004479744383,0.44556767275632014,0.2175,0.1479,0.1193,3,36,False,
15min,2024-09-09,2024-09-09,2024-09-09,36,lag_sensitivity,ADF,c,unit_root,6.0,aic,False,ok,-4.487470792326877,0.00020714855190933907,-3.6790595944893187,-2.9678817237279103,-2.6231583472057074,6,29,True,
15min,2024-09-09,2024-09-09,2024-09-09,36,lag_sensitivity,PP,c,unit_root,,Bartlett_short_bandwidth,False,ok,-5.853333262362332,3.547041760248633e-07,-3.6327426647230316,-2.9485102040816327,-2.6130173469387756,6,35,True,
15min,2024-09-09,2024-09-09,2024-09-09,36,lag_sensitivity,KPSS,c,level_or_trend_stationarity,,Bartlett_short_bandwidth,False,ok,0.10664424059564999,0.5538898154743183,0.7428,0.4614,0.3475,6,36,False,
15min,2024-09-10,2024-09-10,2024-09-10,36,main,ADF,c,unit_root,6.0,bic,False,ok,-5.609326720896755,1.213639185659993e-06,-3.6327426647230316,-2.9485102040816327,-2.6130173469387756,0,35,True,
15min,2024-09-10,2024-09-10,2024-09-10,36,main,PP,c,unit_root,,Bartlett_short_bandwidth,False,ok,-5.6746108946251255,8.762965441313618e-07,-3.6327426647230316,-2.9485102040816327,-2.6130173469387756,3,35,True,
15min,2024-09-10,2024-09-10,2024-09-10,36,main,KPSS,c,level_or_trend_stationarity,,Bartlett_short_bandwidth,False,ok,0.3112002780563832,0.12619223593608103,0.7428,0.4614,0.3475,3,36,False,
15min,2024-09-10,2024-09-10,2024-09-10,36,trend_sensitivity,ADF,ct,unit_root,6.0,bic,False,ok,-5.696161691510732,9.324296712461691e-06,-4.243765510204081,-3.5443646122448977,-3.2046503498542274,0,35,True,
15min,2024-09-10,2024-09-10,2024-09-10,36,trend_sensitivity,PP,ct,unit_root,,Bartlett_short_bandwidth,False,ok,-5.771561408446979,6.544776573669095e-06,-4.243765510204081,-3.5443646122448977,-3.2046503498542274,3,35,True,
15min,2024-09-10,2024-09-10,2024-09-10,36,trend_sensitivity,KPSS,ct,level_or_trend_stationarity,,Bartlett_short_bandwidth,False,ok,0.07499803564890105,0.3053997257776842,0.2175,0.1479,0.1193,3,36,False,
15min,2024-09-10,2024-09-10,2024-09-10,36,lag_sensitivity,ADF,c,unit_root,6.0,aic,False,ok,-5.609326720896755,1.213639185659993e-06,-3.6327426647230316,-2.9485102040816327,-2.6130173469387756,0,35,True,
15min,2024-09-10,2024-09-10,2024-09-10,36,lag_sensitivity,PP,c,unit_root,,Bartlett_short_bandwidth,False,ok,-5.9543381174195655,2.1106492631857522e-07,-3.6327426647230316,-2.9485102040816327,-2.6130173469387756,6,35,True,
15min,2024-09-10,2024-09-10,2024-09-10,36,lag_sensitivity,KPSS,c,level_or_trend_stationarity,,Bartlett_short_bandwidth,False,ok,0.41022830093409857,0.0679966256365453,0.7428,0.4614,0.3475,6,36,False,
15min,2024-09-11,2024-09-11,2024-09-11,36,main,ADF,c,unit_root,6.0,bic,False,ok,-6.776946384945866,2.5564606703256978e-09,-3.6327426647230316,-2.9485102040816327,-2.6130173469387756,0,35,True,
15min,2024-09-11,2024-09-11,2024-09-11,36,main,PP,c,unit_root,,Bartlett_short_bandwidth,False,ok,-6.806999068126169,2.1639919834689877e-09,-3.6327426647230316,-2.9485102040816327,-2.6130173469387756,3,35,True,
15min,2024-09-11,2024-09-11,2024-09-11,36,main,KPSS,c,level_or_trend_stationarity,,Bartlett_short_bandwidth,False,ok,0.11610533343485642,0.5122309854865221,0.7428,0.4614,0.3475,3,36,False,
15min,2024-09-11,2024-09-11,2024-09-11,36,trend_sensitivity,ADF,ct,unit_root,6.0,bic,False,ok,-6.8052779404777946,3.877894666444214e-08,-4.243765510204081,-3.5443646122448977,-3.2046503498542274,0,35,True,
15min,2024-09-11,2024-09-11,2024-09-11,36,trend_sensitivity,PP,ct,unit_root,,Bartlett_short_bandwidth,False,ok,-6.875023291248402,2.7043035224511735e-08,-4.243765510204081,-3.5443646122448977,-3.2046503498542274,3,35,True,
15min,2024-09-11,2024-09-11,2024-09-11,36,trend_sensitivity,KPSS,ct,level_or_trend_stationarity,,Bartlett_short_bandwidth,False,ok,0.09549813411552469,0.1811287322606695,0.2175,0.1479,0.1193,3,36,False,
15min,2024-09-11,2024-09-11,2024-09-11,36,lag_sensitivity,ADF,c,unit_root,6.0,aic,False,ok,-6.776946384945866,2.5564606703256978e-09,-3.6327426647230316,-2.9485102040816327,-2.6130173469387756,0,35,True,
15min,2024-09-11,2024-09-11,2024-09-11,36,lag_sensitivity,PP,c,unit_root,,Bartlett_short_bandwidth,False,ok,-6.723971141613567,3.4267146656704026e-09,-3.6327426647230316,-2.9485102040816327,-2.6130173469387756,6,35,True,
15min,2024-09-11,2024-09-11,2024-09-11,36,lag_sensitivity,KPSS,c,level_or_trend_stationarity,,Bartlett_short_bandwidth,False,ok,0.11024486648494486,0.5375233341593415,0.7428,0.4614,0.3475,6,36,False,
15min,2024-09-12,2024-09-12,2024-09-12,36,main,ADF,c,unit_root,6.0,bic,False,ok,-5.617081857295491,1.1677416248355983e-06,-3.6327426647230316,-2.9485102040816327,-2.6130173469387756,0,35,True,
15min,2024-09-12,2024-09-12,2024-09-12,36,main,PP,c,unit_root,,Bartlett_short_bandwidth,False,ok,-5.658634606168913,9.492202129275715e-07,-3.6327426647230316,-2.9485102040816327,-2.6130173469387756,3,35,True,
15min,2024-09-12,2024-09-12,2024-09-12,36,main,KPSS,c,level_or_trend_stationarity,,Bartlett_short_bandwidth,False,ok,0.3263572375601058,0.11463166950857728,0.7428,0.4614,0.3475,3,36,False,
15min,2024-09-12,2024-09-12,2024-09-12,36,trend_sensitivity,ADF,ct,unit_root,6.0,bic,False,ok,-5.976192793141909,2.464736679024083e-06,-4.243765510204081,-3.5443646122448977,-3.2046503498542274,0,35,True,
15min,2024-09-12,2024-09-12,2024-09-12,36,trend_sensitivity,PP,ct,unit_root,,Bartlett_short_bandwidth,False,ok,-5.98822476347456,2.3255875281082066e-06,-4.243765510204081,-3.5443646122448977,-3.2046503498542274,3,35,True,
15min,2024-09-12,2024-09-12,2024-09-12,36,trend_sensitivity,KPSS,ct,level_or_trend_stationarity,,Bartlett_short_bandwidth,False,ok,0.14311943096599694,0.056084123658337585,0.2175,0.1479,0.1193,3,36,False,
15min,2024-09-12,2024-09-12,2024-09-12,36,lag_sensitivity,ADF,c,unit_root,6.0,aic,False,ok,-5.617081857295491,1.1677416248355983e-06,-3.6327426647230316,-2.9485102040816327,-2.6130173469387756,0,35,True,
15min,2024-09-12,2024-09-12,2024-09-12,36,lag_sensitivity,PP,c,unit_root,,Bartlett_short_bandwidth,False,ok,-5.733750520727388,6.50982838424187e-07,-3.6327426647230316,-2.9485102040816327,-2.6130173469387756,6,35,True,
15min,2024-09-12,2024-09-12,2024-09-12,36,lag_sensitivity,KPSS,c,level_or_trend_stationarity,,Bartlett_short_bandwidth,False,ok,0.27747095337645583,0.15700942356619182,0.7428,0.4614,0.3475,6,36,False,
15min,2024-09-13,2024-09-13,2024-09-13,36,main,ADF,c,unit_root,6.0,bic,False,ok,-3.4296835771718523,0.009987634635101023,-3.6327426647230316,-2.9485102040816327,-2.6130173469387756,0,35,True,
15min,2024-09-13,2024-09-13,2024-09-13,36,main,PP,c,unit_root,,Bartlett_short_bandwidth,False,ok,-3.449897740798677,0.009371009774025413,-3.6327426647230316,-2.9485102040816327,-2.6130173469387756,3,35,True,
15min,2024-09-13,2024-09-13,2024-09-13,36,main,KPSS,c,level_or_trend_stationarity,,Bartlett_short_bandwidth,False,ok,0.2916739694977347,0.14288193381168124,0.7428,0.4614,0.3475,3,36,False,
15min,2024-09-13,2024-09-13,2024-09-13,36,trend_sensitivity,ADF,ct,unit_root,6.0,bic,False,ok,-3.7369916758358896,0.020033921124242536,-4.243765510204081,-3.5443646122448977,-3.2046503498542274,0,35,True,
15min,2024-09-13,2024-09-13,2024-09-13,36,trend_sensitivity,PP,ct,unit_root,,Bartlett_short_bandwidth,False,ok,-3.741565534136917,0.019761862302211296,-4.243765510204081,-3.5443646122448977,-3.2046503498542274,3,35,True,
15min,2024-09-13,2024-09-13,2024-09-13,36,trend_sensitivity,KPSS,ct,level_or_trend_stationarity,,Bartlett_short_bandwidth,False,ok,0.13768977738533342,0.06395488274949485,0.2175,0.1479,0.1193,3,36,False,
15min,2024-09-13,2024-09-13,2024-09-13,36,lag_sensitivity,ADF,c,unit_root,6.0,aic,False,ok,-3.4296835771718523,0.009987634635101023,-3.6327426647230316,-2.9485102040816327,-2.6130173469387756,0,35,True,
15min,2024-09-13,2024-09-13,2024-09-13,36,lag_sensitivity,PP,c,unit_root,,Bartlett_short_bandwidth,False,ok,-3.578724806603728,0.00618103489114989,-3.6327426647230316,-2.9485102040816327,-2.6130173469387756,6,35,True,
15min,2024-09-13,2024-09-13,2024-09-13,36,lag_sensitivity,KPSS,c,level_or_trend_stationarity,,Bartlett_short_bandwidth,False,ok,0.23970735258593398,0.20248978807509171,0.7428,0.4614,0.3475,6,36,False,
15min,2024-09-16,2024-09-16,2024-09-16,36,main,ADF,c,unit_root,6.0,bic,False,ok,-7.054568546993458,5.416959797624007e-10,-3.6327426647230316,-2.9485102040816327,-2.6130173469387756,0,35,True,
15min,2024-09-16,2024-09-16,2024-09-16,36,main,PP,c,unit_root,,Bartlett_short_bandwidth,False,ok,-6.981702951609141,8.160558819265177e-10,-3.6327426647230316,-2.9485102040816327,-2.6130173469387756,3,35,True,
15min,2024-09-16,2024-09-16,2024-09-16,36,main,KPSS,c,level_or_trend_stationarity,,Bartlett_short_bandwidth,False,ok,0.11096520303627126,0.5342490771078579,0.7428,0.4614,0.3475,3,36,False,
15min,2024-09-16,2024-09-16,2024-09-16,36,trend_sensitivity,ADF,ct,unit_root,6.0,bic,False,ok,-6.967455768903281,1.673857851542935e-08,-4.243765510204081,-3.5443646122448977,-3.2046503498542274,0,35,True,
15min,2024-09-16,2024-09-16,2024-09-16,36,trend_sensitivity,PP,ct,unit_root,,Bartlett_short_bandwidth,False,ok,-6.901064543112399,2.3629691060684466e-08,-4.243765510204081,-3.5443646122448977,-3.2046503498542274,3,35,True,
15min,2024-09-16,2024-09-16,2024-09-16,36,trend_sensitivity,KPSS,ct,level_or_trend_stationarity,,Bartlett_short_bandwidth,False,ok,0.10030977112677565,0.16038891755700152,0.2175,0.1479,0.1193,3,36,False,
15min,2024-09-16,2024-09-16,2024-09-16,36,lag_sensitivity,ADF,c,unit_root,6.0,aic,False,ok,-5.046816566827859,1.791486811124383e-05,-3.6699197407407405,-2.9640707407407407,-2.621171111111111,5,30,True,
15min,2024-09-16,2024-09-16,2024-09-16,36,lag_sensitivity,PP,c,unit_root,,Bartlett_short_bandwidth,False,ok,-7.028505089289088,6.273315782761147e-10,-3.6327426647230316,-2.9485102040816327,-2.6130173469387756,6,35,True,
15min,2024-09-16,2024-09-16,2024-09-16,36,lag_sensitivity,KPSS,c,level_or_trend_stationarity,,Bartlett_short_bandwidth,False,ok,0.11909331605580865,0.4996316471481237,0.7428,0.4614,0.3475,6,36,False,
15min,2024-09-17,2024-09-17,2024-09-17,36,main,ADF,c,unit_root,6.0,bic,False,ok,-3.9486155844190196,0.0017048113549720995,-3.639224104416853,-2.9512301791166293,-2.614446989619377,1,34,True,
15min,2024-09-17,2024-09-17,2024-09-17,36,main,PP,c,unit_root,,Bartlett_short_bandwidth,False,ok,-4.062450044140579,0.001116589323650455,-3.6327426647230316,-2.9485102040816327,-2.6130173469387756,3,35,True,
15min,2024-09-17,2024-09-17,2024-09-17,36,main,KPSS,c,level_or_trend_stationarity,,Bartlett_short_bandwidth,False,ok,0.40598947065597746,0.06971972737561892,0.7428,0.4614,0.3475,3,36,False,
15min,2024-09-17,2024-09-17,2024-09-17,36,trend_sensitivity,ADF,ct,unit_root,6.0,bic,False,ok,-4.4629084886996715,0.0017347320810763888,-4.253042608385915,-3.5485904579686545,-3.2070617952371263,1,34,True,
15min,2024-09-17,2024-09-17,2024-09-17,36,trend_sensitivity,PP,ct,unit_root,,Bartlett_short_bandwidth,False,ok,-4.577508630495275,0.001124246060726984,-4.243765510204081,-3.5443646122448977,-3.2046503498542274,3,35,True,
15min,2024-09-17,2024-09-17,2024-09-17,36,trend_sensitivity,KPSS,ct,level_or_trend_stationarity,,Bartlett_short_bandwidth,False,ok,0.09116135210542513,0.2025441219110963,0.2175,0.1479,0.1193,3,36,False,
15min,2024-09-17,2024-09-17,2024-09-17,36,lag_sensitivity,ADF,c,unit_root,6.0,aic,False,ok,-3.9486155844190196,0.0017048113549720995,-3.639224104416853,-2.9512301791166293,-2.614446989619377,1,34,True,
15min,2024-09-17,2024-09-17,2024-09-17,36,lag_sensitivity,PP,c,unit_root,,Bartlett_short_bandwidth,False,ok,-4.045668461627173,0.0011893792660543946,-3.6327426647230316,-2.9485102040816327,-2.6130173469387756,6,35,True,
15min,2024-09-17,2024-09-17,2024-09-17,36,lag_sensitivity,KPSS,c,level_or_trend_stationarity,,Bartlett_short_bandwidth,False,ok,0.372868181016831,0.08539772770824401,0.7428,0.4614,0.3475,6,36,False,
15min,2024-09-18,2024-09-18,2024-09-18,36,main,ADF,c,unit_root,6.0,bic,False,ok,-5.257720932417526,6.69497902571304e-06,-3.6327426647230316,-2.9485102040816327,-2.6130173469387756,0,35,True,
15min,2024-09-18,2024-09-18,2024-09-18,36,main,PP,c,unit_root,,Bartlett_short_bandwidth,False,ok,-5.223955796947082,7.854126569372463e-06,-3.6327426647230316,-2.9485102040816327,-2.6130173469387756,3,35,True,
15min,2024-09-18,2024-09-18,2024-09-18,36,main,KPSS,c,level_or_trend_stationarity,,Bartlett_short_bandwidth,False,ok,0.10196729268251674,0.5760226313340542,0.7428,0.4614,0.3475,3,36,False,
15min,2024-09-18,2024-09-18,2024-09-18,36,trend_sensitivity,ADF,ct,unit_root,6.0,bic,False,ok,-5.167741544916784,0.00010072152138612755,-4.243765510204081,-3.5443646122448977,-3.2046503498542274,0,35,True,
15min,2024-09-18,2024-09-18,2024-09-18,36,trend_sensitivity,PP,ct,unit_root,,Bartlett_short_bandwidth,False,ok,-5.125252352745484,0.00012094148910176035,-4.243765510204081,-3.5443646122448977,-3.2046503498542274,3,35,True,
15min,2024-09-18,2024-09-18,2024-09-18,36,trend_sensitivity,KPSS,ct,level_or_trend_stationarity,,Bartlett_short_bandwidth,False,ok,0.10157578711009488,0.15556306750907595,0.2175,0.1479,0.1193,3,36,False,
15min,2024-09-18,2024-09-18,2024-09-18,36,lag_sensitivity,ADF,c,unit_root,6.0,aic,False,ok,-5.257720932417526,6.69497902571304e-06,-3.6327426647230316,-2.9485102040816327,-2.6130173469387756,0,35,True,
15min,2024-09-18,2024-09-18,2024-09-18,36,lag_sensitivity,PP,c,unit_root,,Bartlett_short_bandwidth,False,ok,-5.223283322051119,7.879081433544007e-06,-3.6327426647230316,-2.9485102040816327,-2.6130173469387756,6,35,True,
15min,2024-09-18,2024-09-18,2024-09-18,36,lag_sensitivity,KPSS,c,level_or_trend_stationarity,,Bartlett_short_bandwidth,False,ok,0.11772042599651886,0.5054066507189343,0.7428,0.4614,0.3475,6,36,False,
15min,2024-09-19,2024-09-19,2024-09-19,36,main,ADF,c,unit_root,6.0,bic,False,ok,-3.1072235426624557,0.026023211959953857,-3.6699197407407405,-2.9640707407407407,-2.621171111111111,5,30,True,
15min,2024-09-19,2024-09-19,2024-09-19,36,main,PP,c,unit_root,,Bartlett_short_bandwidth,False,ok,-6.459934602067034,1.4517062201918012e-08,-3.6327426647230316,-2.9485102040816327,-2.6130173469387756,3,35,True,
15min,2024-09-19,2024-09-19,2024-09-19,36,main,KPSS,c,level_or_trend_stationarity,,Bartlett_short_bandwidth,False,ok,0.17585809015958562,0.3198664594032515,0.7428,0.4614,0.3475,3,36,False,
15min,2024-09-19,2024-09-19,2024-09-19,36,trend_sensitivity,ADF,ct,unit_root,6.0,bic,False,ok,-2.8790272578330836,0.16943257877509182,-4.2970953703703705,-3.5685571851851847,-3.2184266666666668,5,30,False,
15min,2024-09-19,2024-09-19,2024-09-19,36,trend_sensitivity,PP,ct,unit_root,,Bartlett_short_bandwidth,False,ok,-6.582330595157789,1.2153569210472695e-07,-4.243765510204081,-3.5443646122448977,-3.2046503498542274,3,35,True,
15min,2024-09-19,2024-09-19,2024-09-19,36,trend_sensitivity,KPSS,ct,level_or_trend_stationarity,,Bartlett_short_bandwidth,False,ok,0.11193698478461171,0.11990004112267105,0.2175,0.1479,0.1193,3,36,False,
15min,2024-09-19,2024-09-19,2024-09-19,36,lag_sensitivity,ADF,c,unit_root,6.0,aic,False,ok,-3.1072235426624557,0.026023211959953857,-3.6699197407407405,-2.9640707407407407,-2.621171111111111,5,30,True,
15min,2024-09-19,2024-09-19,2024-09-19,36,lag_sensitivity,PP,c,unit_root,,Bartlett_short_bandwidth,False,ok,-6.466615678127358,1.4001307838106872e-08,-3.6327426647230316,-2.9485102040816327,-2.6130173469387756,6,35,True,
15min,2024-09-19,2024-09-19,2024-09-19,36,lag_sensitivity,KPSS,c,level_or_trend_stationarity,,Bartlett_short_bandwidth,False,ok,0.16103141707079338,0.3583752278274907,0.7428,0.4614,0.3475,6,36,False,
15min,2024-09-20,2024-09-20,2024-09-20,36,main,ADF,c,unit_root,6.0,bic,False,ok,-1.8935498224080893,0.3351015355377526,-3.6461350877925254,-2.954126991123355,-2.6159676124885216,2,33,False,
15min,2024-09-20,2024-09-20,2024-09-20,36,main,PP,c,unit_root,,Bartlett_short_bandwidth,False,ok,-6.144398700989789,7.830512234830158e-08,-3.6327426647230316,-2.9485102040816327,-2.6130173469387756,3,35,True,
15min,2024-09-20,2024-09-20,2024-09-20,36,main,KPSS,c,level_or_trend_stationarity,,Bartlett_short_bandwidth,False,ok,0.31378255847191827,0.12403133182266254,0.7428,0.4614,0.3475,3,36,False,
15min,2024-09-20,2024-09-20,2024-09-20,36,trend_sensitivity,ADF,ct,unit_root,6.0,bic,False,ok,-4.821220575649762,0.0004299131816831656,-4.31024911353479,-3.5744878842920986,-3.221793310508836,6,29,True,
15min,2024-09-20,2024-09-20,2024-09-20,36,trend_sensitivity,PP,ct,unit_root,,Bartlett_short_bandwidth,False,ok,-6.872400562971489,2.7412752267705602e-08,-4.243765510204081,-3.5443646122448977,-3.2046503498542274,3,35,True,
15min,2024-09-20,2024-09-20,2024-09-20,36,trend_sensitivity,KPSS,ct,level_or_trend_stationarity,,Bartlett_short_bandwidth,False,ok,0.07038644689264191,0.34390994058067315,0.2175,0.1479,0.1193,3,36,False,
15min,2024-09-20,2024-09-20,2024-09-20,36,lag_sensitivity,ADF,c,unit_root,6.0,aic,False,ok,-2.6736210091097736,0.07871527365591574,-3.6699197407407405,-2.9640707407407407,-2.621171111111111,5,30,False,
15min,2024-09-20,2024-09-20,2024-09-20,36,lag_sensitivity,PP,c,unit_root,,Bartlett_short_bandwidth,False,ok,-6.206595731970412,5.6381656980168545e-08,-3.6327426647230316,-2.9485102040816327,-2.6130173469387756,6,35,True,
15min,2024-09-20,2024-09-20,2024-09-20,36,lag_sensitivity,KPSS,c,level_or_trend_stationarity,,Bartlett_short_bandwidth,False,ok,0.274901026038424,0.15968643120997503,0.7428,0.4614,0.3475,6,36,False,
15min,2024-09-23,2024-09-23,2024-09-23,36,main,ADF,c,unit_root,6.0,bic,False,ok,-8.292637741536206,4.221231154606332e-13,-3.6327426647230316,-2.9485102040816327,-2.6130173469387756,0,35,True,
15min,2024-09-23,2024-09-23,2024-09-23,36,main,PP,c,unit_root,,Bartlett_short_bandwidth,False,ok,-8.80169088703145,2.103869458847274e-14,-3.6327426647230316,-2.9485102040816327,-2.6130173469387756,3,35,True,
15min,2024-09-23,2024-09-23,2024-09-23,36,main,KPSS,c,level_or_trend_stationarity,,Bartlett_short_bandwidth,False,ok,0.1493180960755,0.39226757120386907,0.7428,0.4614,0.3475,3,36,False,
15min,2024-09-23,2024-09-23,2024-09-23,36,trend_sensitivity,ADF,ct,unit_root,6.0,bic,False,ok,-8.194295161425165,2.5407857719872704e-11,-4.243765510204081,-3.5443646122448977,-3.2046503498542274,0,35,True,
15min,2024-09-23,2024-09-23,2024-09-23,36,trend_sensitivity,PP,ct,unit_root,,Bartlett_short_bandwidth,False,ok,-8.682557292274359,1.913610572044269e-12,-4.243765510204081,-3.5443646122448977,-3.2046503498542274,3,35,True,
15min,2024-09-23,2024-09-23,2024-09-23,36,trend_sensitivity,KPSS,ct,level_or_trend_stationarity,,Bartlett_short_bandwidth,False,ok,0.06706693015740677,0.37436256992945943,0.2175,0.1479,0.1193,3,36,False,
15min,2024-09-23,2024-09-23,2024-09-23,36,lag_sensitivity,ADF,c,unit_root,6.0,aic,False,ok,-4.916128143153715,3.243919122453488e-05,-3.6790595944893187,-2.9678817237279103,-2.6231583472057074,6,29,True,
15min,2024-09-23,2024-09-23,2024-09-23,36,lag_sensitivity,PP,c,unit_root,,Bartlett_short_bandwidth,False,ok,-11.083503849296115,4.253084539017179e-20,-3.6327426647230316,-2.9485102040816327,-2.6130173469387756,6,35,True,
15min,2024-09-23,2024-09-23,2024-09-23,36,lag_sensitivity,KPSS,c,level_or_trend_stationarity,,Bartlett_short_bandwidth,False,ok,0.21530173684506895,0.23999713706856762,0.7428,0.4614,0.3475,6,36,False,
15min,2024-09-24,2024-09-24,2024-09-24,36,main,ADF,c,unit_root,6.0,bic,False,ok,-5.695241250675785,7.901766445454453e-07,-3.6327426647230316,-2.9485102040816327,-2.6130173469387756,0,35,True,
15min,2024-09-24,2024-09-24,2024-09-24,36,main,PP,c,unit_root,,Bartlett_short_bandwidth,False,ok,-5.707093259786366,7.444993677513936e-07,-3.6327426647230316,-2.9485102040816327,-2.6130173469387756,3,35,True,
15min,2024-09-24,2024-09-24,2024-09-24,36,main,KPSS,c,level_or_trend_stationarity,,Bartlett_short_bandwidth,False,ok,0.052676879566912395,0.8601419675715906,0.7428,0.4614,0.3475,3,36,False,
15min,2024-09-24,2024-09-24,2024-09-24,36,trend_sensitivity,ADF,ct,unit_root,6.0,bic,False,ok,-5.666618710045606,1.0701693449572878e-05,-4.243765510204081,-3.5443646122448977,-3.2046503498542274,0,35,True,
15min,2024-09-24,2024-09-24,2024-09-24,36,trend_sensitivity,PP,ct,unit_root,,Bartlett_short_bandwidth,False,ok,-5.67894914053528,1.010429037921336e-05,-4.243765510204081,-3.5443646122448977,-3.2046503498542274,3,35,True,
15min,2024-09-24,2024-09-24,2024-09-24,36,trend_sensitivity,KPSS,ct,level_or_trend_stationarity,,Bartlett_short_bandwidth,False,ok,0.05070855712920552,0.5648833118744702,0.2175,0.1479,0.1193,3,36,False,
15min,2024-09-24,2024-09-24,2024-09-24,36,lag_sensitivity,ADF,c,unit_root,6.0,aic,False,ok,-4.9798626579316725,2.432246269080625e-05,-3.6790595944893187,-2.9678817237279103,-2.6231583472057074,6,29,True,
15min,2024-09-24,2024-09-24,2024-09-24,36,lag_sensitivity,PP,c,unit_root,,Bartlett_short_bandwidth,False,ok,-5.697263150596148,7.821952391242261e-07,-3.6327426647230316,-2.9485102040816327,-2.6130173469387756,6,35,True,
15min,2024-09-24,2024-09-24,2024-09-24,36,lag_sensitivity,KPSS,c,level_or_trend_stationarity,,Bartlett_short_bandwidth,False,ok,0.07157182139188888,0.7426622504131261,0.7428,0.4614,0.3475,6,36,False,
15min,2024-09-25,2024-09-25,2024-09-25,36,main,ADF,c,unit_root,6.0,bic,False,ok,-4.9678868177923725,2.568076534982879e-05,-3.639224104416853,-2.9512301791166293,-2.614446989619377,1,34,True,
15min,2024-09-25,2024-09-25,2024-09-25,36,main,PP,c,unit_root,,Bartlett_short_bandwidth,False,ok,-6.705442876963257,3.795520176714612e-09,-3.6327426647230316,-2.9485102040816327,-2.6130173469387756,3,35,True,
15min,2024-09-25,2024-09-25,2024-09-25,36,main,KPSS,c,level_or_trend_stationarity,,Bartlett_short_bandwidth,False,ok,0.3440777392191416,0.10236834656114768,0.7428,0.4614,0.3475,3,36,False,
15min,2024-09-25,2024-09-25,2024-09-25,36,trend_sensitivity,ADF,ct,unit_root,6.0,bic,False,ok,-5.851636448291178,4.478211176411381e-06,-4.284890375281125,-3.5630415894061964,-3.2152919724077744,4,31,True,
15min,2024-09-25,2024-09-25,2024-09-25,36,trend_sensitivity,PP,ct,unit_root,,Bartlett_short_bandwidth,False,ok,-7.1172262738915775,7.660152543958946e-09,-4.243765510204081,-3.5443646122448977,-3.2046503498542274,3,35,True,
15min,2024-09-25,2024-09-25,2024-09-25,36,trend_sensitivity,KPSS,ct,level_or_trend_stationarity,,Bartlett_short_bandwidth,False,ok,0.04231032209614678,0.6863839182693399,0.2175,0.1479,0.1193,3,36,False,
15min,2024-09-25,2024-09-25,2024-09-25,36,lag_sensitivity,ADF,c,unit_root,6.0,aic,False,ok,-4.9678868177923725,2.568076534982879e-05,-3.639224104416853,-2.9512301791166293,-2.614446989619377,1,34,True,
15min,2024-09-25,2024-09-25,2024-09-25,36,lag_sensitivity,PP,c,unit_root,,Bartlett_short_bandwidth,False,ok,-7.4213870661802535,6.722038062124609e-11,-3.6327426647230316,-2.9485102040816327,-2.6130173469387756,6,35,True,
15min,2024-09-25,2024-09-25,2024-09-25,36,lag_sensitivity,KPSS,c,level_or_trend_stationarity,,Bartlett_short_bandwidth,False,ok,0.5384504573335716,0.03194540275684745,0.7428,0.4614,0.3475,6,36,True,
15min,2024-09-26,2024-09-26,2024-09-26,36,main,ADF,c,unit_root,6.0,bic,False,ok,-7.33622408686748,1.0947679152561491e-10,-3.6327426647230316,-2.9485102040816327,-2.6130173469387756,0,35,True,
15min,2024-09-26,2024-09-26,2024-09-26,36,main,PP,c,unit_root,,Bartlett_short_bandwidth,False,ok,-7.4050824465059355,7.38100382103517e-11,-3.6327426647230316,-2.9485102040816327,-2.6130173469387756,3,35,True,
15min,2024-09-26,2024-09-26,2024-09-26,36,main,KPSS,c,level_or_trend_stationarity,,Bartlett_short_bandwidth,False,ok,0.09002688013487974,0.6366655311974482,0.7428,0.4614,0.3475,3,36,False,
15min,2024-09-26,2024-09-26,2024-09-26,36,trend_sensitivity,ADF,ct,unit_root,6.0,bic,False,ok,-7.278086663703126,3.2912708172609972e-09,-4.243765510204081,-3.5443646122448977,-3.2046503498542274,0,35,True,
15min,2024-09-26,2024-09-26,2024-09-26,36,trend_sensitivity,PP,ct,unit_root,,Bartlett_short_bandwidth,False,ok,-7.398958975464374,1.7394913826786134e-09,-4.243765510204081,-3.5443646122448977,-3.2046503498542274,3,35,True,
15min,2024-09-26,2024-09-26,2024-09-26,36,trend_sensitivity,KPSS,ct,level_or_trend_stationarity,,Bartlett_short_bandwidth,False,ok,0.08949772816938993,0.21108359909255395,0.2175,0.1479,0.1193,3,36,False,
15min,2024-09-26,2024-09-26,2024-09-26,36,lag_sensitivity,ADF,c,unit_root,6.0,aic,False,ok,-7.33622408686748,1.0947679152561491e-10,-3.6327426647230316,-2.9485102040816327,-2.6130173469387756,0,35,True,
15min,2024-09-26,2024-09-26,2024-09-26,36,lag_sensitivity,PP,c,unit_root,,Bartlett_short_bandwidth,False,ok,-7.306393000440866,1.2981606542231954e-10,-3.6327426647230316,-2.9485102040816327,-2.6130173469387756,6,35,True,
15min,2024-09-26,2024-09-26,2024-09-26,36,lag_sensitivity,KPSS,c,level_or_trend_stationarity,,Bartlett_short_bandwidth,False,ok,0.09084612563856319,0.6323078423480681,0.7428,0.4614,0.3475,6,36,False,
15min,2024-09-27,2024-09-27,2024-09-27,36,main,ADF,c,unit_root,6.0,bic,False,ok,-5.731272186268503,6.59169135692642e-07,-3.6327426647230316,-2.9485102040816327,-2.6130173469387756,0,35,True,
15min,2024-09-27,2024-09-27,2024-09-27,36,main,PP,c,unit_root,,Bartlett_short_bandwidth,False,ok,-5.753250132588166,5.899468106997623e-07,-3.6327426647230316,-2.9485102040816327,-2.6130173469387756,3,35,True,
15min,2024-09-27,2024-09-27,2024-09-27,36,main,KPSS,c,level_or_trend_stationarity,,Bartlett_short_bandwidth,False,ok,0.20820522654181273,0.25266923831819155,0.7428,0.4614,0.3475,3,36,False,
15min,2024-09-27,2024-09-27,2024-09-27,36,trend_sensitivity,ADF,ct,unit_root,6.0,bic,False,ok,-5.828968022995622,4.987836429068977e-06,-4.243765510204081,-3.5443646122448977,-3.2046503498542274,0,35,True,
15min,2024-09-27,2024-09-27,2024-09-27,36,trend_sensitivity,PP,ct,unit_root,,Bartlett_short_bandwidth,False,ok,-5.835264315751089,4.840869986325419e-06,-4.243765510204081,-3.5443646122448977,-3.2046503498542274,3,35,True,
15min,2024-09-27,2024-09-27,2024-09-27,36,trend_sensitivity,KPSS,ct,level_or_trend_stationarity,,Bartlett_short_bandwidth,False,ok,0.08563473076627243,0.23259161540236548,0.2175,0.1479,0.1193,3,36,False,
15min,2024-09-27,2024-09-27,2024-09-27,36,lag_sensitivity,ADF,c,unit_root,6.0,aic,False,ok,-5.731272186268503,6.59169135692642e-07,-3.6327426647230316,-2.9485102040816327,-2.6130173469387756,0,35,True,
15min,2024-09-27,2024-09-27,2024-09-27,36,lag_sensitivity,PP,c,unit_root,,Bartlett_short_bandwidth,False,ok,-5.750448339813003,5.983595798753696e-07,-3.6327426647230316,-2.9485102040816327,-2.6130173469387756,6,35,True,
15min,2024-09-27,2024-09-27,2024-09-27,36,lag_sensitivity,KPSS,c,level_or_trend_stationarity,,Bartlett_short_bandwidth,False,ok,0.20355379033125118,0.2610709993504879,0.7428,0.4614,0.3475,6,36,False,
15min,2024-09-30,2024-09-30,2024-09-30,36,main,ADF,c,unit_root,6.0,bic,False,ok,-6.927628530268934,1.104842943665431e-09,-3.6327426647230316,-2.9485102040816327,-2.6130173469387756,0,35,True,
15min,2024-09-30,2024-09-30,2024-09-30,36,main,PP,c,unit_root,,Bartlett_short_bandwidth,False,ok,-7.184389827221676,2.599607554183903e-10,-3.6327426647230316,-2.9485102040816327,-2.6130173469387756,3,35,True,
15min,2024-09-30,2024-09-30,2024-09-30,36,main,KPSS,c,level_or_trend_stationarity,,Bartlett_short_bandwidth,False,ok,0.07984375860341497,0.6932735162099141,0.7428,0.4614,0.3475,3,36,False,
15min,2024-09-30,2024-09-30,2024-09-30,36,trend_sensitivity,ADF,ct,unit_root,6.0,bic,False,ok,-6.952720520766398,1.8071516906596664e-08,-4.243765510204081,-3.5443646122448977,-3.2046503498542274,0,35,True,
15min,2024-09-30,2024-09-30,2024-09-30,36,trend_sensitivity,PP,ct,unit_root,,Bartlett_short_bandwidth,False,ok,-7.347623550918663,2.281179582240522e-09,-4.243765510204081,-3.5443646122448977,-3.2046503498542274,3,35,True,
15min,2024-09-30,2024-09-30,2024-09-30,36,trend_sensitivity,KPSS,ct,level_or_trend_stationarity,,Bartlett_short_bandwidth,False,ok,0.040646708174118036,0.7120569726216353,0.2175,0.1479,0.1193,3,36,False,
15min,2024-09-30,2024-09-30,2024-09-30,36,lag_sensitivity,ADF,c,unit_root,6.0,aic,False,ok,-5.600288023577497,1.2693558669904905e-06,-3.639224104416853,-2.9512301791166293,-2.614446989619377,1,34,True,
15min,2024-09-30,2024-09-30,2024-09-30,36,lag_sensitivity,PP,c,unit_root,,Bartlett_short_bandwidth,False,ok,-7.916030404637014,3.8341682731169026e-12,-3.6327426647230316,-2.9485102040816327,-2.6130173469387756,6,35,True,
15min,2024-09-30,2024-09-30,2024-09-30,36,lag_sensitivity,KPSS,c,level_or_trend_stationarity,,Bartlett_short_bandwidth,False,ok,0.15043119654001044,0.38895477220234986,0.7428,0.4614,0.3475,6,36,False,
15min,2024-10-01,2024-10-01,2024-10-01,36,main,ADF,c,unit_root,6.0,bic,False,ok,-5.857989106743222,3.4636015871926187e-07,-3.6327426647230316,-2.9485102040816327,-2.6130173469387756,0,35,True,
15min,2024-10-01,2024-10-01,2024-10-01,36,main,PP,c,unit_root,,Bartlett_short_bandwidth,False,ok,-5.881503168012425,3.070678964828669e-07,-3.6327426647230316,-2.9485102040816327,-2.6130173469387756,3,35,True,
15min,2024-10-01,2024-10-01,2024-10-01,36,main,KPSS,c,level_or_trend_stationarity,,Bartlett_short_bandwidth,False,ok,0.2310329987958004,0.21495000182454485,0.7428,0.4614,0.3475,3,36,False,
15min,2024-10-01,2024-10-01,2024-10-01,36,trend_sensitivity,ADF,ct,unit_root,6.0,bic,False,ok,-5.841160612312926,4.7070757756122194e-06,-4.243765510204081,-3.5443646122448977,-3.2046503498542274,0,35,True,
15min,2024-10-01,2024-10-01,2024-10-01,36,trend_sensitivity,PP,ct,unit_root,,Bartlett_short_bandwidth,False,ok,-5.87060103678077,4.091203846989635e-06,-4.243765510204081,-3.5443646122448977,-3.2046503498542274,3,35,True,
15min,2024-10-01,2024-10-01,2024-10-01,36,trend_sensitivity,KPSS,ct,level_or_trend_stationarity,,Bartlett_short_bandwidth,False,ok,0.07628350976516794,0.295511463344862,0.2175,0.1479,0.1193,3,36,False,
15min,2024-10-01,2024-10-01,2024-10-01,36,lag_sensitivity,ADF,c,unit_root,6.0,aic,False,ok,-5.857989106743222,3.4636015871926187e-07,-3.6327426647230316,-2.9485102040816327,-2.6130173469387756,0,35,True,
15min,2024-10-01,2024-10-01,2024-10-01,36,lag_sensitivity,PP,c,unit_root,,Bartlett_short_bandwidth,False,ok,-5.907997011187851,2.6801233419200455e-07,-3.6327426647230316,-2.9485102040816327,-2.6130173469387756,6,35,True,
15min,2024-10-01,2024-10-01,2024-10-01,36,lag_sensitivity,KPSS,c,level_or_trend_stationarity,,Bartlett_short_bandwidth,False,ok,0.2451726522806665,0.19490685605042757,0.7428,0.4614,0.3475,6,36,False,
15min,2024-10-02,2024-10-02,2024-10-02,36,main,ADF,c,unit_root,6.0,bic,False,ok,-3.803444698980538,0.0028722671969655827,-3.6327426647230316,-2.9485102040816327,-2.6130173469387756,0,35,True,
15min,2024-10-02,2024-10-02,2024-10-02,36,main,PP,c,unit_root,,Bartlett_short_bandwidth,False,ok,-3.769902710656273,0.0032307044281178554,-3.6327426647230316,-2.9485102040816327,-2.6130173469387756,3,35,True,
15min,2024-10-02,2024-10-02,2024-10-02,36,main,KPSS,c,level_or_trend_stationarity,,Bartlett_short_bandwidth,False,ok,0.21528131692416083,0.24003336263542707,0.7428,0.4614,0.3475,3,36,False,
15min,2024-10-02,2024-10-02,2024-10-02,36,trend_sensitivity,ADF,ct,unit_root,6.0,bic,False,ok,-3.8756149392367902,0.013102232277453342,-4.243765510204081,-3.5443646122448977,-3.2046503498542274,0,35,True,
15min,2024-10-02,2024-10-02,2024-10-02,36,trend_sensitivity,PP,ct,unit_root,,Bartlett_short_bandwidth,False,ok,-3.8704940058855213,0.013314361520052857,-4.243765510204081,-3.5443646122448977,-3.2046503498542274,3,35,True,
15min,2024-10-02,2024-10-02,2024-10-02,36,trend_sensitivity,KPSS,ct,level_or_trend_stationarity,,Bartlett_short_bandwidth,False,ok,0.1067969696266666,0.1364613883010755,0.2175,0.1479,0.1193,3,36,False,
15min,2024-10-02,2024-10-02,2024-10-02,36,lag_sensitivity,ADF,c,unit_root,6.0,aic,False,ok,-3.803444698980538,0.0028722671969655827,-3.6327426647230316,-2.9485102040816327,-2.6130173469387756,0,35,True,
15min,2024-10-02,2024-10-02,2024-10-02,36,lag_sensitivity,PP,c,unit_root,,Bartlett_short_bandwidth,False,ok,-3.6108452676161447,0.005557042544530918,-3.6327426647230316,-2.9485102040816327,-2.6130173469387756,6,35,True,
15min,2024-10-02,2024-10-02,2024-10-02,36,lag_sensitivity,KPSS,c,level_or_trend_stationarity,,Bartlett_short_bandwidth,False,ok,0.2205886228874397,0.23128248974597854,0.7428,0.4614,0.3475,6,36,False,
15min,2024-10-03,2024-10-03,2024-10-03,36,main,ADF,c,unit_root,6.0,bic,False,ok,-5.030180125602132,1.933497240423096e-05,-3.6327426647230316,-2.9485102040816327,-2.6130173469387756,0,35,True,
15min,2024-10-03,2024-10-03,2024-10-03,36,main,PP,c,unit_root,,Bartlett_short_bandwidth,False,ok,-5.068521458947102,1.6212814131639115e-05,-3.6327426647230316,-2.9485102040816327,-2.6130173469387756,3,35,True,
15min,2024-10-03,2024-10-03,2024-10-03,36,main,KPSS,c,level_or_trend_stationarity,,Bartlett_short_bandwidth,False,ok,0.5638536729129011,0.027618089728971344,0.7428,0.4614,0.3475,3,36,True,
15min,2024-10-03,2024-10-03,2024-10-03,36,trend_sensitivity,ADF,ct,unit_root,6.0,bic,False,ok,-5.279595518503618,6.183248377622515e-05,-4.243765510204081,-3.5443646122448977,-3.2046503498542274,0,35,True,
15min,2024-10-03,2024-10-03,2024-10-03,36,trend_sensitivity,PP,ct,unit_root,,Bartlett_short_bandwidth,False,ok,-5.310124964986194,5.4038682664352354e-05,-4.243765510204081,-3.5443646122448977,-3.2046503498542274,3,35,True,
15min,2024-10-03,2024-10-03,2024-10-03,36,trend_sensitivity,KPSS,ct,level_or_trend_stationarity,,Bartlett_short_bandwidth,False,ok,0.1534764233772294,0.04382357662277061,0.2175,0.1479,0.1193,3,36,True,
15min,2024-10-03,2024-10-03,2024-10-03,36,lag_sensitivity,ADF,c,unit_root,6.0,aic,False,ok,-5.030180125602132,1.933497240423096e-05,-3.6327426647230316,-2.9485102040816327,-2.6130173469387756,0,35,True,
15min,2024-10-03,2024-10-03,2024-10-03,36,lag_sensitivity,PP,c,unit_root,,Bartlett_short_bandwidth,False,ok,-5.053324597543705,1.7387196386953877e-05,-3.6327426647230316,-2.9485102040816327,-2.6130173469387756,6,35,True,
15min,2024-10-03,2024-10-03,2024-10-03,36,lag_sensitivity,KPSS,c,level_or_trend_stationarity,,Bartlett_short_bandwidth,False,ok,0.4638316625124032,0.049320764661339875,0.7428,0.4614,0.3475,6,36,True,
15min,2024-10-04,2024-10-04,2024-10-04,36,main,ADF,c,unit_root,6.0,bic,False,ok,-5.2848995757187565,5.8841193300161645e-06,-3.6327426647230316,-2.9485102040816327,-2.6130173469387756,0,35,True,
15min,2024-10-04,2024-10-04,2024-10-04,36,main,PP,c,unit_root,,Bartlett_short_bandwidth,False,ok,-5.252284551674183,6.869700083621444e-06,-3.6327426647230316,-2.9485102040816327,-2.6130173469387756,3,35,True,
15min,2024-10-04,2024-10-04,2024-10-04,36,main,KPSS,c,level_or_trend_stationarity,,Bartlett_short_bandwidth,False,ok,0.05072442598557285,0.8721307176324474,0.7428,0.4614,0.3475,3,36,False,
15min,2024-10-04,2024-10-04,2024-10-04,36,trend_sensitivity,ADF,ct,unit_root,6.0,bic,False,ok,-5.202607844412844,8.659462558665457e-05,-4.243765510204081,-3.5443646122448977,-3.2046503498542274,0,35,True,
15min,2024-10-04,2024-10-04,2024-10-04,36,trend_sensitivity,PP,ct,unit_root,,Bartlett_short_bandwidth,False,ok,-5.164037662948072,0.00010234615896507517,-4.243765510204081,-3.5443646122448977,-3.2046503498542274,3,35,True,
15min,2024-10-04,2024-10-04,2024-10-04,36,trend_sensitivity,KPSS,ct,level_or_trend_stationarity,,Bartlett_short_bandwidth,False,ok,0.05088971759984179,0.5624129418203393,0.2175,0.1479,0.1193,3,36,False,
15min,2024-10-04,2024-10-04,2024-10-04,36,lag_sensitivity,ADF,c,unit_root,6.0,aic,False,ok,-5.2848995757187565,5.8841193300161645e-06,-3.6327426647230316,-2.9485102040816327,-2.6130173469387756,0,35,True,
15min,2024-10-04,2024-10-04,2024-10-04,36,lag_sensitivity,PP,c,unit_root,,Bartlett_short_bandwidth,False,ok,-5.356870562491393,4.170244372422715e-06,-3.6327426647230316,-2.9485102040816327,-2.6130173469387756,6,35,True,
15min,2024-10-04,2024-10-04,2024-10-04,36,lag_sensitivity,KPSS,c,level_or_trend_stationarity,,Bartlett_short_bandwidth,False,ok,0.08324731241898904,0.6737449287435056,0.7428,0.4614,0.3475,6,36,False,
15min,2024-10-07,2024-10-07,2024-10-07,36,main,ADF,c,unit_root,6.0,bic,False,ok,-5.187077740861197,9.342175375309938e-06,-3.6461350877925254,-2.954126991123355,-2.6159676124885216,2,33,True,
15min,2024-10-07,2024-10-07,2024-10-07,36,main,PP,c,unit_root,,Bartlett_short_bandwidth,False,ok,-4.569070985793086,0.00014722991852216428,-3.6327426647230316,-2.9485102040816327,-2.6130173469387756,3,35,True,
15min,2024-10-07,2024-10-07,2024-10-07,36,main,KPSS,c,level_or_trend_stationarity,,Bartlett_short_bandwidth,False,ok,0.05692963802136807,0.8337017325096285,0.7428,0.4614,0.3475,3,36,False,
15min,2024-10-07,2024-10-07,2024-10-07,36,trend_sensitivity,ADF,ct,unit_root,6.0,bic,False,ok,-5.153195364122641,0.00010724786793071602,-4.262944107465843,-3.553092543339733,-3.2096284957008097,2,33,True,
15min,2024-10-07,2024-10-07,2024-10-07,36,trend_sensitivity,PP,ct,unit_root,,Bartlett_short_bandwidth,False,ok,-4.469252144782037,0.0016941144438614108,-4.243765510204081,-3.5443646122448977,-3.2046503498542274,3,35,True,
15min,2024-10-07,2024-10-07,2024-10-07,36,trend_sensitivity,KPSS,ct,level_or_trend_stationarity,,Bartlett_short_bandwidth,False,ok,0.056215343522006765,0.4930158777359188,0.2175,0.1479,0.1193,3,36,False,
15min,2024-10-07,2024-10-07,2024-10-07,36,lag_sensitivity,ADF,c,unit_root,6.0,aic,False,ok,-5.187077740861197,9.342175375309938e-06,-3.6461350877925254,-2.954126991123355,-2.6159676124885216,2,33,True,
15min,2024-10-07,2024-10-07,2024-10-07,36,lag_sensitivity,PP,c,unit_root,,Bartlett_short_bandwidth,False,ok,-4.9265242884011515,3.095714642773014e-05,-3.6327426647230316,-2.9485102040816327,-2.6130173469387756,6,35,True,
15min,2024-10-07,2024-10-07,2024-10-07,36,lag_sensitivity,KPSS,c,level_or_trend_stationarity,,Bartlett_short_bandwidth,False,ok,0.12219315224735765,0.4873954516551672,0.7428,0.4614,0.3475,6,36,False,
15min,2024-10-08,2024-10-08,2024-10-08,36,main,ADF,c,unit_root,6.0,bic,False,ok,-5.59898069962167,1.2776182529234095e-06,-3.639224104416853,-2.9512301791166293,-2.614446989619377,1,34,True,
15min,2024-10-08,2024-10-08,2024-10-08,36,main,PP,c,unit_root,,Bartlett_short_bandwidth,False,ok,-6.227909648329366,5.035749961389085e-08,-3.6327426647230316,-2.9485102040816327,-2.6130173469387756,3,35,True,
15min,2024-10-08,2024-10-08,2024-10-08,36,main,KPSS,c,level_or_trend_stationarity,,Bartlett_short_bandwidth,False,ok,0.13409469416663358,0.4422784446348165,0.7428,0.4614,0.3475,3,36,False,
15min,2024-10-08,2024-10-08,2024-10-08,36,trend_sensitivity,ADF,ct,unit_root,6.0,bic,False,ok,-5.659967270199089,1.1038070968753157e-05,-4.253042608385915,-3.5485904579686545,-3.2070617952371263,1,34,True,
15min,2024-10-08,2024-10-08,2024-10-08,36,trend_sensitivity,PP,ct,unit_root,,Bartlett_short_bandwidth,False,ok,-6.086310416025783,1.4441635204219822e-06,-4.243765510204081,-3.5443646122448977,-3.2046503498542274,3,35,True,
15min,2024-10-08,2024-10-08,2024-10-08,36,trend_sensitivity,KPSS,ct,level_or_trend_stationarity,,Bartlett_short_bandwidth,False,ok,0.04646414047926885,0.6241050165683416,0.2175,0.1479,0.1193,3,36,False,
15min,2024-10-08,2024-10-08,2024-10-08,36,lag_sensitivity,ADF,c,unit_root,6.0,aic,False,ok,-5.59898069962167,1.2776182529234095e-06,-3.639224104416853,-2.9512301791166293,-2.614446989619377,1,34,True,
15min,2024-10-08,2024-10-08,2024-10-08,36,lag_sensitivity,PP,c,unit_root,,Bartlett_short_bandwidth,False,ok,-6.7800630736864305,2.5126911557564284e-09,-3.6327426647230316,-2.9485102040816327,-2.6130173469387756,6,35,True,
15min,2024-10-08,2024-10-08,2024-10-08,36,lag_sensitivity,KPSS,c,level_or_trend_stationarity,,Bartlett_short_bandwidth,False,ok,0.2654127587568504,0.17006220143440337,0.7428,0.4614,0.3475,6,36,False,
15min,2024-10-09,2024-10-09,2024-10-09,36,main,ADF,c,unit_root,6.0,bic,False,ok,-5.957991893682355,2.071167772239473e-07,-3.6327426647230316,-2.9485102040816327,-2.6130173469387756,0,35,True,
15min,2024-10-09,2024-10-09,2024-10-09,36,main,PP,c,unit_root,,Bartlett_short_bandwidth,False,ok,-5.955237098191372,2.1008673165776526e-07,-3.6327426647230316,-2.9485102040816327,-2.6130173469387756,3,35,True,
15min,2024-10-09,2024-10-09,2024-10-09,36,main,KPSS,c,level_or_trend_stationarity,,Bartlett_short_bandwidth,False,ok,0.34935621511397685,0.09886816151586776,0.7428,0.4614,0.3475,3,36,False,
15min,2024-10-09,2024-10-09,2024-10-09,36,trend_sensitivity,ADF,ct,unit_root,6.0,bic,False,ok,-6.325358879440994,4.4373257184714404e-07,-4.243765510204081,-3.5443646122448977,-3.2046503498542274,0,35,True,
15min,2024-10-09,2024-10-09,2024-10-09,36,trend_sensitivity,PP,ct,unit_root,,Bartlett_short_bandwidth,False,ok,-6.326782825941261,4.405913005451758e-07,-4.243765510204081,-3.5443646122448977,-3.2046503498542274,3,35,True,
15min,2024-10-09,2024-10-09,2024-10-09,36,trend_sensitivity,KPSS,ct,level_or_trend_stationarity,,Bartlett_short_bandwidth,False,ok,0.070349374152333,0.3442295331695431,0.2175,0.1479,0.1193,3,36,False,
15min,2024-10-09,2024-10-09,2024-10-09,36,lag_sensitivity,ADF,c,unit_root,6.0,aic,False,ok,-5.957991893682355,2.071167772239473e-07,-3.6327426647230316,-2.9485102040816327,-2.6130173469387756,0,35,True,
15min,2024-10-09,2024-10-09,2024-10-09,36,lag_sensitivity,PP,c,unit_root,,Bartlett_short_bandwidth,False,ok,-5.955491410200787,2.0981081787314866e-07,-3.6327426647230316,-2.9485102040816327,-2.6130173469387756,6,35,True,
15min,2024-10-09,2024-10-09,2024-10-09,36,lag_sensitivity,KPSS,c,level_or_trend_stationarity,,Bartlett_short_bandwidth,False,ok,0.32527110416323296,0.11538331891817787,0.7428,0.4614,0.3475,6,36,False,
15min,2024-10-10,2024-10-10,2024-10-10,36,main,ADF,c,unit_root,6.0,bic,False,ok,-7.468803107016529,5.119532528098094e-11,-3.6327426647230316,-2.9485102040816327,-2.6130173469387756,0,35,True,
15min,2024-10-10,2024-10-10,2024-10-10,36,main,PP,c,unit_root,,Bartlett_short_bandwidth,False,ok,-8.171204869850298,8.613089029284063e-13,-3.6327426647230316,-2.9485102040816327,-2.6130173469387756,3,35,True,
15min,2024-10-10,2024-10-10,2024-10-10,36,main,KPSS,c,level_or_trend_stationarity,,Bartlett_short_bandwidth,False,ok,0.08486533470432248,0.6647345379764229,0.7428,0.4614,0.3475,3,36,False,
15min,2024-10-10,2024-10-10,2024-10-10,36,trend_sensitivity,ADF,ct,unit_root,6.0,bic,False,ok,-7.34507507105243,2.312064844734308e-09,-4.243765510204081,-3.5443646122448977,-3.2046503498542274,0,35,True,
15min,2024-10-10,2024-10-10,2024-10-10,36,trend_sensitivity,PP,ct,unit_root,,Bartlett_short_bandwidth,False,ok,-8.014226065926753,6.623909105379609e-11,-4.243765510204081,-3.5443646122448977,-3.2046503498542274,3,35,True,
15min,2024-10-10,2024-10-10,2024-10-10,36,trend_sensitivity,KPSS,ct,level_or_trend_stationarity,,Bartlett_short_bandwidth,False,ok,0.057051324847705344,0.48298410182753587,0.2175,0.1479,0.1193,3,36,False,
15min,2024-10-10,2024-10-10,2024-10-10,36,lag_sensitivity,ADF,c,unit_root,6.0,aic,False,ok,-7.468803107016529,5.119532528098094e-11,-3.6327426647230316,-2.9485102040816327,-2.6130173469387756,0,35,True,
15min,2024-10-10,2024-10-10,2024-10-10,36,lag_sensitivity,PP,c,unit_root,,Bartlett_short_bandwidth,False,ok,-8.783564792694493,2.341195573476304e-14,-3.6327426647230316,-2.9485102040816327,-2.6130173469387756,6,35,True,
15min,2024-10-10,2024-10-10,2024-10-10,36,lag_sensitivity,KPSS,c,level_or_trend_stationarity,,Bartlett_short_bandwidth,False,ok,0.10787799011732618,0.5482818631030628,0.7428,0.4614,0.3475,6,36,False,
15min,2024-10-11,2024-10-11,2024-10-11,36,main,ADF,c,unit_root,6.0,bic,False,ok,-3.3207829325778944,0.013974653969579282,-3.639224104416853,-2.9512301791166293,-2.614446989619377,1,34,True,
15min,2024-10-11,2024-10-11,2024-10-11,36,main,PP,c,unit_root,,Bartlett_short_bandwidth,False,ok,-3.0361006333929477,0.03165784294951743,-3.6327426647230316,-2.9485102040816327,-2.6130173469387756,3,35,True,
15min,2024-10-11,2024-10-11,2024-10-11,36,main,KPSS,c,level_or_trend_stationarity,,Bartlett_short_bandwidth,False,ok,0.2851436933770719,0.14910124440278869,0.7428,0.4614,0.3475,3,36,False,
15min,2024-10-11,2024-10-11,2024-10-11,36,trend_sensitivity,ADF,ct,unit_root,6.0,bic,False,ok,-6.0462829965650915,1.7551156334628317e-06,-4.31024911353479,-3.5744878842920986,-3.221793310508836,6,29,True,
15min,2024-10-11,2024-10-11,2024-10-11,36,trend_sensitivity,PP,ct,unit_root,,Bartlett_short_bandwidth,False,ok,-3.2761742123705537,0.0702632787996174,-4.243765510204081,-3.5443646122448977,-3.2046503498542274,3,35,False,
15min,2024-10-11,2024-10-11,2024-10-11,36,trend_sensitivity,KPSS,ct,level_or_trend_stationarity,,Bartlett_short_bandwidth,False,ok,0.07969111111392005,0.2709233716281376,0.2175,0.1479,0.1193,3,36,False,
15min,2024-10-11,2024-10-11,2024-10-11,36,lag_sensitivity,ADF,c,unit_root,6.0,aic,False,ok,-5.787261098198859,4.9660154878386e-07,-3.6790595944893187,-2.9678817237279103,-2.6231583472057074,6,29,True,
15min,2024-10-11,2024-10-11,2024-10-11,36,lag_sensitivity,PP,c,unit_root,,Bartlett_short_bandwidth,False,ok,-2.856716405566824,0.05061777987347329,-3.6327426647230316,-2.9485102040816327,-2.6130173469387756,6,35,False,
15min,2024-10-11,2024-10-11,2024-10-11,36,lag_sensitivity,KPSS,c,level_or_trend_stationarity,,Bartlett_short_bandwidth,False,ok,0.29365748769002636,0.14099286886664156,0.7428,0.4614,0.3475,6,36,False,
15min,2024-10-14,2024-10-14,2024-10-14,36,main,ADF,c,unit_root,6.0,bic,False,ok,-6.744259550872755,3.0633896438112e-09,-3.6327426647230316,-2.9485102040816327,-2.6130173469387756,0,35,True,
15min,2024-10-14,2024-10-14,2024-10-14,36,main,PP,c,unit_root,,Bartlett_short_bandwidth,False,ok,-7.093860830240288,4.3399653188911436e-10,-3.6327426647230316,-2.9485102040816327,-2.6130173469387756,3,35,True,
15min,2024-10-14,2024-10-14,2024-10-14,36,main,KPSS,c,level_or_trend_stationarity,,Bartlett_short_bandwidth,False,ok,0.1356066264386288,0.43710059438825755,0.7428,0.4614,0.3475,3,36,False,
15min,2024-10-14,2024-10-14,2024-10-14,36,trend_sensitivity,ADF,ct,unit_root,6.0,bic,False,ok,-6.823988039891921,3.5209538619186055e-08,-4.243765510204081,-3.5443646122448977,-3.2046503498542274,0,35,True,
15min,2024-10-14,2024-10-14,2024-10-14,36,trend_sensitivity,PP,ct,unit_root,,Bartlett_short_bandwidth,False,ok,-7.465932518999134,1.22063003877257e-09,-4.243765510204081,-3.5443646122448977,-3.2046503498542274,3,35,True,
15min,2024-10-14,2024-10-14,2024-10-14,36,trend_sensitivity,KPSS,ct,level_or_trend_stationarity,,Bartlett_short_bandwidth,False,ok,0.11872789991401966,0.10154621644859552,0.2175,0.1479,0.1193,3,36,False,
15min,2024-10-14,2024-10-14,2024-10-14,36,lag_sensitivity,ADF,c,unit_root,6.0,aic,False,ok,-5.928270234312157,2.4145363947770234e-07,-3.639224104416853,-2.9512301791166293,-2.614446989619377,1,34,True,
15min,2024-10-14,2024-10-14,2024-10-14,36,lag_sensitivity,PP,c,unit_root,,Bartlett_short_bandwidth,False,ok,-7.0389481370587825,5.915188366887596e-10,-3.6327426647230316,-2.9485102040816327,-2.6130173469387756,6,35,True,
15min,2024-10-14,2024-10-14,2024-10-14,36,lag_sensitivity,KPSS,c,level_or_trend_stationarity,,Bartlett_short_bandwidth,False,ok,0.15084849554983104,0.38771281086359805,0.7428,0.4614,0.3475,6,36,False,
15min,2024-10-15,2024-10-15,2024-10-15,36,main,ADF,c,unit_root,6.0,bic,False,ok,-6.708569521997422,3.730645028120073e-09,-3.6327426647230316,-2.9485102040816327,-2.6130173469387756,0,35,True,
15min,2024-10-15,2024-10-15,2024-10-15,36,main,PP,c,unit_root,,Bartlett_short_bandwidth,False,ok,-7.214575754329513,2.190077041762077e-10,-3.6327426647230316,-2.9485102040816327,-2.6130173469387756,3,35,True,
15min,2024-10-15,2024-10-15,2024-10-15,36,main,KPSS,c,level_or_trend_stationarity,,Bartlett_short_bandwidth,False,ok,0.07295587560569881,0.7342317851380245,0.7428,0.4614,0.3475,3,36,False,
15min,2024-10-15,2024-10-15,2024-10-15,36,trend_sensitivity,ADF,ct,unit_root,6.0,bic,False,ok,-6.658614670942534,8.236372244876125e-08,-4.243765510204081,-3.5443646122448977,-3.2046503498542274,0,35,True,
15min,2024-10-15,2024-10-15,2024-10-15,36,trend_sensitivity,PP,ct,unit_root,,Bartlett_short_bandwidth,False,ok,-7.20249976582431,4.897985778662158e-09,-4.243765510204081,-3.5443646122448977,-3.2046503498542274,3,35,True,
15min,2024-10-15,2024-10-15,2024-10-15,36,trend_sensitivity,KPSS,ct,level_or_trend_stationarity,,Bartlett_short_bandwidth,False,ok,0.04738518046587683,0.6112532958249745,0.2175,0.1479,0.1193,3,36,False,
15min,2024-10-15,2024-10-15,2024-10-15,36,lag_sensitivity,ADF,c,unit_root,6.0,aic,False,ok,-6.708569521997422,3.730645028120073e-09,-3.6327426647230316,-2.9485102040816327,-2.6130173469387756,0,35,True,
15min,2024-10-15,2024-10-15,2024-10-15,36,lag_sensitivity,PP,c,unit_root,,Bartlett_short_bandwidth,False,ok,-7.980150997899664,2.636687384247188e-12,-3.6327426647230316,-2.9485102040816327,-2.6130173469387756,6,35,True,
15min,2024-10-15,2024-10-15,2024-10-15,36,lag_sensitivity,KPSS,c,level_or_trend_stationarity,,Bartlett_short_bandwidth,False,ok,0.12088684002167424,0.49255194728286483,0.7428,0.4614,0.3475,6,36,False,
15min,2024-10-16,2024-10-16,2024-10-16,36,main,ADF,c,unit_root,6.0,bic,False,ok,-2.457153285362569,0.1262503857800304,-3.661428725118324,-2.960525341210433,-2.6193188033298647,4,31,False,
15min,2024-10-16,2024-10-16,2024-10-16,36,main,PP,c,unit_root,,Bartlett_short_bandwidth,False,ok,-7.049816988191791,5.563948812328513e-10,-3.6327426647230316,-2.9485102040816327,-2.6130173469387756,3,35,True,
15min,2024-10-16,2024-10-16,2024-10-16,36,main,KPSS,c,level_or_trend_stationarity,,Bartlett_short_bandwidth,False,ok,0.1539159503001786,0.37858348124946845,0.7428,0.4614,0.3475,3,36,False,
15min,2024-10-16,2024-10-16,2024-10-16,36,trend_sensitivity,ADF,ct,unit_root,6.0,bic,False,ok,-2.900664622790666,0.16200025334821588,-4.284890375281125,-3.5630415894061964,-3.2152919724077744,4,31,False,
15min,2024-10-16,2024-10-16,2024-10-16,36,trend_sensitivity,PP,ct,unit_root,,Bartlett_short_bandwidth,False,ok,-6.946892406115836,1.8627282514337526e-08,-4.243765510204081,-3.5443646122448977,-3.2046503498542274,3,35,True,
15min,2024-10-16,2024-10-16,2024-10-16,36,trend_sensitivity,KPSS,ct,level_or_trend_stationarity,,Bartlett_short_bandwidth,False,ok,0.15687514020570018,0.040424859794299814,0.2175,0.1479,0.1193,3,36,True,
15min,2024-10-16,2024-10-16,2024-10-16,36,lag_sensitivity,ADF,c,unit_root,6.0,aic,False,ok,-2.457153285362569,0.1262503857800304,-3.661428725118324,-2.960525341210433,-2.6193188033298647,4,31,False,
15min,2024-10-16,2024-10-16,2024-10-16,36,lag_sensitivity,PP,c,unit_root,,Bartlett_short_bandwidth,False,ok,-7.003934140404683,7.202813514708073e-10,-3.6327426647230316,-2.9485102040816327,-2.6130173469387756,6,35,True,
15min,2024-10-16,2024-10-16,2024-10-16,36,lag_sensitivity,KPSS,c,level_or_trend_stationarity,,Bartlett_short_bandwidth,False,ok,0.13744750898644342,0.43079620210122116,0.7428,0.4614,0.3475,6,36,False,
15min,2024-10-17,2024-10-17,2024-10-17,36,main,ADF,c,unit_root,6.0,bic,False,ok,-4.967429054102401,2.5734109289205186e-05,-3.6461350877925254,-2.954126991123355,-2.6159676124885216,2,33,True,
15min,2024-10-17,2024-10-17,2024-10-17,36,main,PP,c,unit_root,,Bartlett_short_bandwidth,False,ok,-4.161914989103112,0.0007638383775987748,-3.6327426647230316,-2.9485102040816327,-2.6130173469387756,3,35,True,
15min,2024-10-17,2024-10-17,2024-10-17,36,main,KPSS,c,level_or_trend_stationarity,,Bartlett_short_bandwidth,False,ok,0.1405599520068984,0.4201371506613069,0.7428,0.4614,0.3475,3,36,False,
15min,2024-10-17,2024-10-17,2024-10-17,36,trend_sensitivity,ADF,ct,unit_root,6.0,bic,False,ok,-4.826989154470342,0.00041998258155260794,-4.262944107465843,-3.553092543339733,-3.2096284957008097,2,33,True,
15min,2024-10-17,2024-10-17,2024-10-17,36,trend_sensitivity,PP,ct,unit_root,,Bartlett_short_bandwidth,False,ok,-4.080304330083547,0.006739060787950955,-4.243765510204081,-3.5443646122448977,-3.2046503498542274,3,35,True,
15min,2024-10-17,2024-10-17,2024-10-17,36,trend_sensitivity,KPSS,ct,level_or_trend_stationarity,,Bartlett_short_bandwidth,False,ok,0.08916542316814244,0.2128638044563798,0.2175,0.1479,0.1193,3,36,False,
15min,2024-10-17,2024-10-17,2024-10-17,36,lag_sensitivity,ADF,c,unit_root,6.0,aic,False,ok,-4.967429054102401,2.5734109289205186e-05,-3.6461350877925254,-2.954126991123355,-2.6159676124885216,2,33,True,
15min,2024-10-17,2024-10-17,2024-10-17,36,lag_sensitivity,PP,c,unit_root,,Bartlett_short_bandwidth,False,ok,-4.147790693032038,0.0008065994583554872,-3.6327426647230316,-2.9485102040816327,-2.6130173469387756,6,35,True,
15min,2024-10-17,2024-10-17,2024-10-17,36,lag_sensitivity,KPSS,c,level_or_trend_stationarity,,Bartlett_short_bandwidth,False,ok,0.16636140713823128,0.3438348304590119,0.7428,0.4614,0.3475,6,36,False,
15min,2024-10-18,2024-10-18,2024-10-18,36,main,ADF,c,unit_root,6.0,bic,False,ok,-4.594734273933447,0.00013208731002257982,-3.6327426647230316,-2.9485102040816327,-2.6130173469387756,0,35,True,
15min,2024-10-18,2024-10-18,2024-10-18,36,main,PP,c,unit_root,,Bartlett_short_bandwidth,False,ok,-4.6818397304263195,9.101757677498843e-05,-3.6327426647230316,-2.9485102040816327,-2.6130173469387756,3,35,True,
15min,2024-10-18,2024-10-18,2024-10-18,36,main,KPSS,c,level_or_trend_stationarity,,Bartlett_short_bandwidth,False,ok,0.16034160824740348,0.3602703070126278,0.7428,0.4614,0.3475,3,36,False,
15min,2024-10-18,2024-10-18,2024-10-18,36,trend_sensitivity,ADF,ct,unit_root,6.0,bic,False,ok,-4.5224838474212135,0.0013866285917122556,-4.243765510204081,-3.5443646122448977,-3.2046503498542274,0,35,True,
15min,2024-10-18,2024-10-18,2024-10-18,36,trend_sensitivity,PP,ct,unit_root,,Bartlett_short_bandwidth,False,ok,-4.6064772148433395,0.0010055950890853823,-4.243765510204081,-3.5443646122448977,-3.2046503498542274,3,35,True,
15min,2024-10-18,2024-10-18,2024-10-18,36,trend_sensitivity,KPSS,ct,level_or_trend_stationarity,,Bartlett_short_bandwidth,False,ok,0.04371634814104198,0.6652547778843703,0.2175,0.1479,0.1193,3,36,False,
15min,2024-10-18,2024-10-18,2024-10-18,36,lag_sensitivity,ADF,c,unit_root,6.0,aic,False,ok,-4.594734273933447,0.00013208731002257982,-3.6327426647230316,-2.9485102040816327,-2.6130173469387756,0,35,True,
15min,2024-10-18,2024-10-18,2024-10-18,36,lag_sensitivity,PP,c,unit_root,,Bartlett_short_bandwidth,False,ok,-4.523093525128185,0.00017858546248768399,-3.6327426647230316,-2.9485102040816327,-2.6130173469387756,6,35,True,
15min,2024-10-18,2024-10-18,2024-10-18,36,lag_sensitivity,KPSS,c,level_or_trend_stationarity,,Bartlett_short_bandwidth,False,ok,0.23874404189046053,0.2038277195965826,0.7428,0.4614,0.3475,6,36,False,
15min,2024-10-21,2024-10-21,2024-10-21,36,main,ADF,c,unit_root,6.0,bic,False,ok,-9.499365560117004,3.478542746519574e-16,-3.6327426647230316,-2.9485102040816327,-2.6130173469387756,0,35,True,
15min,2024-10-21,2024-10-21,2024-10-21,36,main,PP,c,unit_root,,Bartlett_short_bandwidth,False,ok,-9.280445523553713,1.255322091433342e-15,-3.6327426647230316,-2.9485102040816327,-2.6130173469387756,3,35,True,
15min,2024-10-21,2024-10-21,2024-10-21,36,main,KPSS,c,level_or_trend_stationarity,,Bartlett_short_bandwidth,False,ok,0.10973978787626353,0.539819146016984,0.7428,0.4614,0.3475,3,36,False,
15min,2024-10-21,2024-10-21,2024-10-21,36,trend_sensitivity,ADF,ct,unit_root,6.0,bic,False,ok,-9.293803233107775,7.949414919565899e-14,-4.243765510204081,-3.5443646122448977,-3.2046503498542274,0,35,True,
15min,2024-10-21,2024-10-21,2024-10-21,36,trend_sensitivity,PP,ct,unit_root,,Bartlett_short_bandwidth,False,ok,-9.112842498851746,2.0202506159063652e-13,-4.243765510204081,-3.5443646122448977,-3.2046503498542274,3,35,True,
15min,2024-10-21,2024-10-21,2024-10-21,36,trend_sensitivity,KPSS,ct,level_or_trend_stationarity,,Bartlett_short_bandwidth,False,ok,0.09398551384672847,0.18813513343505883,0.2175,0.1479,0.1193,3,36,False,
15min,2024-10-21,2024-10-21,2024-10-21,36,lag_sensitivity,ADF,c,unit_root,6.0,aic,False,ok,-3.5341328872379303,0.007152559489371574,-3.6461350877925254,-2.954126991123355,-2.6159676124885216,2,33,True,
15min,2024-10-21,2024-10-21,2024-10-21,36,lag_sensitivity,PP,c,unit_root,,Bartlett_short_bandwidth,False,ok,-9.5989092259914,1.9443539413818928e-16,-3.6327426647230316,-2.9485102040816327,-2.6130173469387756,6,35,True,
15min,2024-10-21,2024-10-21,2024-10-21,36,lag_sensitivity,KPSS,c,level_or_trend_stationarity,,Bartlett_short_bandwidth,False,ok,0.11149650707160211,0.531834058765445,0.7428,0.4614,0.3475,6,36,False,
15min,2024-10-22,2024-10-22,2024-10-22,36,main,ADF,c,unit_root,6.0,bic,False,ok,-4.838097135613425,4.595813373327616e-05,-3.6461350877925254,-2.954126991123355,-2.6159676124885216,2,33,True,
15min,2024-10-22,2024-10-22,2024-10-22,36,main,PP,c,unit_root,,Bartlett_short_bandwidth,False,ok,-6.665276928542304,4.7348980068522364e-09,-3.6327426647230316,-2.9485102040816327,-2.6130173469387756,3,35,True,
15min,2024-10-22,2024-10-22,2024-10-22,36,main,KPSS,c,level_or_trend_stationarity,,Bartlett_short_bandwidth,False,ok,0.07934508974709947,0.6961347309592653,0.7428,0.4614,0.3475,3,36,False,
15min,2024-10-22,2024-10-22,2024-10-22,36,trend_sensitivity,ADF,ct,unit_root,6.0,bic,False,ok,-4.850982295556203,0.0003809673294111924,-4.262944107465843,-3.553092543339733,-3.2096284957008097,2,33,True,
15min,2024-10-22,2024-10-22,2024-10-22,36,trend_sensitivity,PP,ct,unit_root,,Bartlett_short_bandwidth,False,ok,-6.591055349264252,1.1625783763653746e-07,-4.243765510204081,-3.5443646122448977,-3.2046503498542274,3,35,True,
15min,2024-10-22,2024-10-22,2024-10-22,36,trend_sensitivity,KPSS,ct,level_or_trend_stationarity,,Bartlett_short_bandwidth,False,ok,0.05058291188360597,0.5666337876706145,0.2175,0.1479,0.1193,3,36,False,
15min,2024-10-22,2024-10-22,2024-10-22,36,lag_sensitivity,ADF,c,unit_root,6.0,aic,False,ok,-4.838097135613425,4.595813373327616e-05,-3.6461350877925254,-2.954126991123355,-2.6159676124885216,2,33,True,
15min,2024-10-22,2024-10-22,2024-10-22,36,lag_sensitivity,PP,c,unit_root,,Bartlett_short_bandwidth,False,ok,-7.015553975037109,6.747389196159062e-10,-3.6327426647230316,-2.9485102040816327,-2.6130173469387756,6,35,True,
15min,2024-10-22,2024-10-22,2024-10-22,36,lag_sensitivity,KPSS,c,level_or_trend_stationarity,,Bartlett_short_bandwidth,False,ok,0.10555255220521113,0.5588520354308585,0.7428,0.4614,0.3475,6,36,False,
15min,2024-10-23,2024-10-23,2024-10-23,36,main,ADF,c,unit_root,6.0,bic,False,ok,-5.742992816554027,6.213209722897074e-07,-3.6327426647230316,-2.9485102040816327,-2.6130173469387756,0,35,True,
15min,2024-10-23,2024-10-23,2024-10-23,36,main,PP,c,unit_root,,Bartlett_short_bandwidth,False,ok,-5.768388047510868,5.464543313353857e-07,-3.6327426647230316,-2.9485102040816327,-2.6130173469387756,3,35,True,
15min,2024-10-23,2024-10-23,2024-10-23,36,main,KPSS,c,level_or_trend_stationarity,,Bartlett_short_bandwidth,False,ok,0.058562442028104116,0.8235495832449484,0.7428,0.4614,0.3475,3,36,False,
15min,2024-10-23,2024-10-23,2024-10-23,36,trend_sensitivity,ADF,ct,unit_root,6.0,bic,False,ok,-5.660996312926275,1.0985366009644798e-05,-4.243765510204081,-3.5443646122448977,-3.2046503498542274,0,35,True,
15min,2024-10-23,2024-10-23,2024-10-23,36,trend_sensitivity,PP,ct,unit_root,,Bartlett_short_bandwidth,False,ok,-5.673922100360739,1.034382546826435e-05,-4.243765510204081,-3.5443646122448977,-3.2046503498542274,3,35,True,
15min,2024-10-23,2024-10-23,2024-10-23,36,trend_sensitivity,KPSS,ct,level_or_trend_stationarity,,Bartlett_short_bandwidth,False,ok,0.041387481232934405,0.7006252896152099,0.2175,0.1479,0.1193,3,36,False,
15min,2024-10-23,2024-10-23,2024-10-23,36,lag_sensitivity,ADF,c,unit_root,6.0,aic,False,ok,-4.406220294489838,0.00028939833482924897,-3.6699197407407405,-2.9640707407407407,-2.621171111111111,5,30,True,
15min,2024-10-23,2024-10-23,2024-10-23,36,lag_sensitivity,PP,c,unit_root,,Bartlett_short_bandwidth,False,ok,-6.589064002680262,7.190846168048986e-09,-3.6327426647230316,-2.9485102040816327,-2.6130173469387756,6,35,True,
15min,2024-10-23,2024-10-23,2024-10-23,36,lag_sensitivity,KPSS,c,level_or_trend_stationarity,,Bartlett_short_bandwidth,False,ok,0.14450452935234567,0.40748548284504593,0.7428,0.4614,0.3475,6,36,False,
15min,2024-10-24,2024-10-24,2024-10-24,36,main,ADF,c,unit_root,6.0,bic,False,ok,-4.342959030422246,0.0003739770182906297,-3.6327426647230316,-2.9485102040816327,-2.6130173469387756,0,35,True,
15min,2024-10-24,2024-10-24,2024-10-24,36,main,PP,c,unit_root,,Bartlett_short_bandwidth,False,ok,-4.246128309014231,0.0005499441560835637,-3.6327426647230316,-2.9485102040816327,-2.6130173469387756,3,35,True,
15min,2024-10-24,2024-10-24,2024-10-24,36,main,KPSS,c,level_or_trend_stationarity,,Bartlett_short_bandwidth,False,ok,0.18122017797076356,0.30753982075686537,0.7428,0.4614,0.3475,3,36,False,
15min,2024-10-24,2024-10-24,2024-10-24,36,trend_sensitivity,ADF,ct,unit_root,6.0,bic,False,ok,-4.413728257865642,0.0020818480907886165,-4.243765510204081,-3.5443646122448977,-3.2046503498542274,0,35,True,
15min,2024-10-24,2024-10-24,2024-10-24,36,trend_sensitivity,PP,ct,unit_root,,Bartlett_short_bandwidth,False,ok,-4.31324121482935,0.003000556576852023,-4.243765510204081,-3.5443646122448977,-3.2046503498542274,3,35,True,
15min,2024-10-24,2024-10-24,2024-10-24,36,trend_sensitivity,KPSS,ct,level_or_trend_stationarity,,Bartlett_short_bandwidth,False,ok,0.04600448636854506,0.630932704471824,0.2175,0.1479,0.1193,3,36,False,
15min,2024-10-24,2024-10-24,2024-10-24,36,lag_sensitivity,ADF,c,unit_root,6.0,aic,False,ok,-4.342959030422246,0.0003739770182906297,-3.6327426647230316,-2.9485102040816327,-2.6130173469387756,0,35,True,
15min,2024-10-24,2024-10-24,2024-10-24,36,lag_sensitivity,PP,c,unit_root,,Bartlett_short_bandwidth,False,ok,-4.147054851327706,0.000808887630206446,-3.6327426647230316,-2.9485102040816327,-2.6130173469387756,6,35,True,
15min,2024-10-24,2024-10-24,2024-10-24,36,lag_sensitivity,KPSS,c,level_or_trend_stationarity,,Bartlett_short_bandwidth,False,ok,0.29465247580892306,0.140045261134359,0.7428,0.4614,0.3475,6,36,False,
15min,2024-10-25,2024-10-25,2024-10-25,36,main,ADF,c,unit_root,6.0,bic,False,ok,-4.616817471333308,0.00012025758364960931,-3.6699197407407405,-2.9640707407407407,-2.621171111111111,5,30,True,
15min,2024-10-25,2024-10-25,2024-10-25,36,main,PP,c,unit_root,,Bartlett_short_bandwidth,False,ok,-11.550212423835717,3.462131571415885e-21,-3.6327426647230316,-2.9485102040816327,-2.6130173469387756,3,35,True,
15min,2024-10-25,2024-10-25,2024-10-25,36,main,KPSS,c,level_or_trend_stationarity,,Bartlett_short_bandwidth,False,ok,0.05273868086373134,0.8597594972203233,0.7428,0.4614,0.3475,3,36,False,
15min,2024-10-25,2024-10-25,2024-10-25,36,trend_sensitivity,ADF,ct,unit_root,6.0,bic,False,ok,-4.505300693372122,0.0014796612324097732,-4.2970953703703705,-3.5685571851851847,-3.2184266666666668,5,30,True,
15min,2024-10-25,2024-10-25,2024-10-25,36,trend_sensitivity,PP,ct,unit_root,,Bartlett_short_bandwidth,False,ok,-11.339937774225318,5.207176856559928e-18,-4.243765510204081,-3.5443646122448977,-3.2046503498542274,3,35,True,
15min,2024-10-25,2024-10-25,2024-10-25,36,trend_sensitivity,KPSS,ct,level_or_trend_stationarity,,Bartlett_short_bandwidth,False,ok,0.04734899186546947,0.6117582530399609,0.2175,0.1479,0.1193,3,36,False,
15min,2024-10-25,2024-10-25,2024-10-25,36,lag_sensitivity,ADF,c,unit_root,6.0,aic,False,ok,-4.362514760302807,0.00034560966504344005,-3.6790595944893187,-2.9678817237279103,-2.6231583472057074,6,29,True,
15min,2024-10-25,2024-10-25,2024-10-25,36,lag_sensitivity,PP,c,unit_root,,Bartlett_short_bandwidth,False,ok,-16.3875161600706,2.714046086068506e-29,-3.6327426647230316,-2.9485102040816327,-2.6130173469387756,6,35,True,
15min,2024-10-25,2024-10-25,2024-10-25,36,lag_sensitivity,KPSS,c,level_or_trend_stationarity,,Bartlett_short_bandwidth,False,ok,0.12304364050226879,0.4840382611752548,0.7428,0.4614,0.3475,6,36,False,
15min,2024-10-28,2024-10-28,2024-10-28,36,main,ADF,c,unit_root,6.0,bic,False,ok,-5.45306139861895,2.6181608336109703e-06,-3.6327426647230316,-2.9485102040816327,-2.6130173469387756,0,35,True,
15min,2024-10-28,2024-10-28,2024-10-28,36,main,PP,c,unit_root,,Bartlett_short_bandwidth,False,ok,-5.483140134840089,2.2607076313469193e-06,-3.6327426647230316,-2.9485102040816327,-2.6130173469387756,3,35,True,
15min,2024-10-28,2024-10-28,2024-10-28,36,main,KPSS,c,level_or_trend_stationarity,,Bartlett_short_bandwidth,False,ok,0.28831013138436984,0.14608558915774303,0.7428,0.4614,0.3475,3,36,False,
15min,2024-10-28,2024-10-28,2024-10-28,36,trend_sensitivity,ADF,ct,unit_root,6.0,bic,False,ok,-5.475076768352758,2.5808423076625997e-05,-4.243765510204081,-3.5443646122448977,-3.2046503498542274,0,35,True,
15min,2024-10-28,2024-10-28,2024-10-28,36,trend_sensitivity,PP,ct,unit_root,,Bartlett_short_bandwidth,False,ok,-5.511605359642877,2.1858857676201178e-05,-4.243765510204081,-3.5443646122448977,-3.2046503498542274,3,35,True,
15min,2024-10-28,2024-10-28,2024-10-28,36,trend_sensitivity,KPSS,ct,level_or_trend_stationarity,,Bartlett_short_bandwidth,False,ok,0.1488948264375081,0.04886951541192262,0.2175,0.1479,0.1193,3,36,True,
15min,2024-10-28,2024-10-28,2024-10-28,36,lag_sensitivity,ADF,c,unit_root,6.0,aic,False,ok,-5.45306139861895,2.6181608336109703e-06,-3.6327426647230316,-2.9485102040816327,-2.6130173469387756,0,35,True,
15min,2024-10-28,2024-10-28,2024-10-28,36,lag_sensitivity,PP,c,unit_root,,Bartlett_short_bandwidth,False,ok,-5.477426057898561,2.3247419561371225e-06,-3.6327426647230316,-2.9485102040816327,-2.6130173469387756,6,35,True,
15min,2024-10-28,2024-10-28,2024-10-28,36,lag_sensitivity,KPSS,c,level_or_trend_stationarity,,Bartlett_short_bandwidth,False,ok,0.25988868615609184,0.17643613135835554,0.7428,0.4614,0.3475,6,36,False,
15min,2024-10-29,2024-10-29,2024-10-29,36,main,ADF,c,unit_root,6.0,bic,False,ok,-5.160976164900818,1.0556733464895358e-05,-3.6461350877925254,-2.954126991123355,-2.6159676124885216,2,33,True,
15min,2024-10-29,2024-10-29,2024-10-29,36,main,PP,c,unit_root,,Bartlett_short_bandwidth,False,ok,-10.661325809779958,4.399545728672325e-19,-3.6327426647230316,-2.9485102040816327,-2.6130173469387756,3,35,True,
15min,2024-10-29,2024-10-29,2024-10-29,36,main,KPSS,c,level_or_trend_stationarity,,Bartlett_short_bandwidth,False,ok,0.1255563890856958,0.4741195167669902,0.7428,0.4614,0.3475,3,36,False,
15min,2024-10-29,2024-10-29,2024-10-29,36,trend_sensitivity,ADF,ct,unit_root,6.0,bic,False,ok,-5.283172419920437,6.086617731058533e-05,-4.262944107465843,-3.553092543339733,-3.2096284957008097,2,33,True,
15min,2024-10-29,2024-10-29,2024-10-29,36,trend_sensitivity,PP,ct,unit_root,,Bartlett_short_bandwidth,False,ok,-10.734127443664903,7.268325279922743e-17,-4.243765510204081,-3.5443646122448977,-3.2046503498542274,3,35,True,
15min,2024-10-29,2024-10-29,2024-10-29,36,trend_sensitivity,KPSS,ct,level_or_trend_stationarity,,Bartlett_short_bandwidth,False,ok,0.058975691439284536,0.4600512923894698,0.2175,0.1479,0.1193,3,36,False,
15min,2024-10-29,2024-10-29,2024-10-29,36,lag_sensitivity,ADF,c,unit_root,6.0,aic,False,ok,-5.160976164900818,1.0556733464895358e-05,-3.6461350877925254,-2.954126991123355,-2.6159676124885216,2,33,True,
15min,2024-10-29,2024-10-29,2024-10-29,36,lag_sensitivity,PP,c,unit_root,,Bartlett_short_bandwidth,False,ok,-12.43913646873018,3.787795326457161e-23,-3.6327426647230316,-2.9485102040816327,-2.6130173469387756,6,35,True,
15min,2024-10-29,2024-10-29,2024-10-29,36,lag_sensitivity,KPSS,c,level_or_trend_stationarity,,Bartlett_short_bandwidth,False,ok,0.1761724305027869,0.31914383792462786,0.7428,0.4614,0.3475,6,36,False,
15min,2024-10-30,2024-10-30,2024-10-30,36,main,ADF,c,unit_root,6.0,bic,False,ok,-7.678595633505347,1.5251700526763573e-11,-3.6327426647230316,-2.9485102040816327,-2.6130173469387756,0,35,True,
15min,2024-10-30,2024-10-30,2024-10-30,36,main,PP,c,unit_root,,Bartlett_short_bandwidth,False,ok,-8.107215010774375,1.2534619588701416e-12,-3.6327426647230316,-2.9485102040816327,-2.6130173469387756,3,35,True,
15min,2024-10-30,2024-10-30,2024-10-30,36,main,KPSS,c,level_or_trend_stationarity,,Bartlett_short_bandwidth,False,ok,0.2924271943245284,0.14216457683378247,0.7428,0.4614,0.3475,3,36,False,
15min,2024-10-30,2024-10-30,2024-10-30,36,trend_sensitivity,ADF,ct,unit_root,6.0,bic,False,ok,-7.89823896019182,1.2282187624469661e-10,-4.243765510204081,-3.5443646122448977,-3.2046503498542274,0,35,True,
15min,2024-10-30,2024-10-30,2024-10-30,36,trend_sensitivity,PP,ct,unit_root,,Bartlett_short_bandwidth,False,ok,-8.690610874025076,1.8341579173280747e-12,-4.243765510204081,-3.5443646122448977,-3.2046503498542274,3,35,True,
15min,2024-10-30,2024-10-30,2024-10-30,36,trend_sensitivity,KPSS,ct,level_or_trend_stationarity,,Bartlett_short_bandwidth,False,ok,0.10173366586079316,0.15496729863851638,0.2175,0.1479,0.1193,3,36,False,
15min,2024-10-30,2024-10-30,2024-10-30,36,lag_sensitivity,ADF,c,unit_root,6.0,aic,False,ok,-4.991960719981292,2.302073489225763e-05,-3.653519805908203,-2.9572185644531253,-2.6175881640625,3,32,True,
15min,2024-10-30,2024-10-30,2024-10-30,36,lag_sensitivity,PP,c,unit_root,,Bartlett_short_bandwidth,False,ok,-8.135958867516004,1.0591025385797753e-12,-3.6327426647230316,-2.9485102040816327,-2.6130173469387756,6,35,True,
15min,2024-10-30,2024-10-30,2024-10-30,36,lag_sensitivity,KPSS,c,level_or_trend_stationarity,,Bartlett_short_bandwidth,False,ok,0.30779974122259174,0.1290378734538981,0.7428,0.4614,0.3475,6,36,False,
15min,2024-10-31,2024-10-31,2024-10-31,36,main,ADF,c,unit_root,6.0,bic,False,ok,-7.238218801590569,1.914562107543736e-10,-3.6327426647230316,-2.9485102040816327,-2.6130173469387756,0,35,True,
15min,2024-10-31,2024-10-31,2024-10-31,36,main,PP,c,unit_root,,Bartlett_short_bandwidth,False,ok,-7.633241423398806,1.9831420271946406e-11,-3.6327426647230316,-2.9485102040816327,-2.6130173469387756,3,35,True,
15min,2024-10-31,2024-10-31,2024-10-31,36,main,KPSS,c,level_or_trend_stationarity,,Bartlett_short_bandwidth,False,ok,0.05708231984076522,0.8327524154978327,0.7428,0.4614,0.3475,3,36,False,
15min,2024-10-31,2024-10-31,2024-10-31,36,trend_sensitivity,ADF,ct,unit_root,6.0,bic,False,ok,-7.131305414682996,7.1156439943831695e-09,-4.243765510204081,-3.5443646122448977,-3.2046503498542274,0,35,True,
15min,2024-10-31,2024-10-31,2024-10-31,36,trend_sensitivity,PP,ct,unit_root,,Bartlett_short_bandwidth,False,ok,-7.5239327990021385,8.977700565078676e-10,-4.243765510204081,-3.5443646122448977,-3.2046503498542274,3,35,True,
15min,2024-10-31,2024-10-31,2024-10-31,36,trend_sensitivity,KPSS,ct,level_or_trend_stationarity,,Bartlett_short_bandwidth,False,ok,0.04986762021660691,0.5766146016287409,0.2175,0.1479,0.1193,3,36,False,
15min,2024-10-31,2024-10-31,2024-10-31,36,lag_sensitivity,ADF,c,unit_root,6.0,aic,False,ok,-5.121323321320684,1.2698994099815547e-05,-3.6461350877925254,-2.954126991123355,-2.6159676124885216,2,33,True,
15min,2024-10-31,2024-10-31,2024-10-31,36,lag_sensitivity,PP,c,unit_root,,Bartlett_short_bandwidth,False,ok,-8.336452785987747,3.2625113251371195e-13,-3.6327426647230316,-2.9485102040816327,-2.6130173469387756,6,35,True,
15min,2024-10-31,2024-10-31,2024-10-31,36,lag_sensitivity,KPSS,c,level_or_trend_stationarity,,Bartlett_short_bandwidth,False,ok,0.0814071913662858,0.6843030003573766,0.7428,0.4614,0.3475,6,36,False,
15min,2024-11-01,2024-11-01,2024-11-01,36,main,ADF,c,unit_root,6.0,bic,False,ok,-5.967408972315526,1.9727159834979892e-07,-3.6327426647230316,-2.9485102040816327,-2.6130173469387756,0,35,True,
15min,2024-11-01,2024-11-01,2024-11-01,36,main,PP,c,unit_root,,Bartlett_short_bandwidth,False,ok,-6.06984279270389,1.1579274021541176e-07,-3.6327426647230316,-2.9485102040816327,-2.6130173469387756,3,35,True,
15min,2024-11-01,2024-11-01,2024-11-01,36,main,KPSS,c,level_or_trend_stationarity,,Bartlett_short_bandwidth,False,ok,0.0647381417163104,0.7851514504685363,0.7428,0.4614,0.3475,3,36,False,
15min,2024-11-01,2024-11-01,2024-11-01,36,trend_sensitivity,ADF,ct,unit_root,6.0,bic,False,ok,-5.909712556334318,3.393366654327803e-06,-4.243765510204081,-3.5443646122448977,-3.2046503498542274,0,35,True,
15min,2024-11-01,2024-11-01,2024-11-01,36,trend_sensitivity,PP,ct,unit_root,,Bartlett_short_bandwidth,False,ok,-5.980362010149791,2.415621916701769e-06,-4.243765510204081,-3.5443646122448977,-3.2046503498542274,3,35,True,
15min,2024-11-01,2024-11-01,2024-11-01,36,trend_sensitivity,KPSS,ct,level_or_trend_stationarity,,Bartlett_short_bandwidth,False,ok,0.055381518688820526,0.5030217757341537,0.2175,0.1479,0.1193,3,36,False,
15min,2024-11-01,2024-11-01,2024-11-01,36,lag_sensitivity,ADF,c,unit_root,6.0,aic,False,ok,-5.967408972315526,1.9727159834979892e-07,-3.6327426647230316,-2.9485102040816327,-2.6130173469387756,0,35,True,
15min,2024-11-01,2024-11-01,2024-11-01,36,lag_sensitivity,PP,c,unit_root,,Bartlett_short_bandwidth,False,ok,-6.537030797340137,9.551833597030453e-09,-3.6327426647230316,-2.9485102040816327,-2.6130173469387756,6,35,True,
15min,2024-11-01,2024-11-01,2024-11-01,36,lag_sensitivity,KPSS,c,level_or_trend_stationarity,,Bartlett_short_bandwidth,False,ok,0.10720600790282182,0.5513363277144463,0.7428,0.4614,0.3475,6,36,False,
15min,2024-11-04,2024-11-04,2024-11-04,36,main,ADF,c,unit_root,6.0,bic,False,ok,-4.852173033096459,4.317388337109289e-05,-3.6327426647230316,-2.9485102040816327,-2.6130173469387756,0,35,True,
15min,2024-11-04,2024-11-04,2024-11-04,36,main,PP,c,unit_root,,Bartlett_short_bandwidth,False,ok,-4.948840134311852,2.7992826493146243e-05,-3.6327426647230316,-2.9485102040816327,-2.6130173469387756,3,35,True,
15min,2024-11-04,2024-11-04,2024-11-04,36,main,KPSS,c,level_or_trend_stationarity,,Bartlett_short_bandwidth,False,ok,0.33314800490079965,0.10993217653923898,0.7428,0.4614,0.3475,3,36,False,
15min,2024-11-04,2024-11-04,2024-11-04,36,trend_sensitivity,ADF,ct,unit_root,6.0,bic,False,ok,-5.0846684897538825,0.0001438521545805324,-4.243765510204081,-3.5443646122448977,-3.2046503498542274,0,35,True,
15min,2024-11-04,2024-11-04,2024-11-04,36,trend_sensitivity,PP,ct,unit_root,,Bartlett_short_bandwidth,False,ok,-5.165709572141709,0.00010160971557735128,-4.243765510204081,-3.5443646122448977,-3.2046503498542274,3,35,True,
15min,2024-11-04,2024-11-04,2024-11-04,36,trend_sensitivity,KPSS,ct,level_or_trend_stationarity,,Bartlett_short_bandwidth,False,ok,0.14151904551821634,0.058306881224699535,0.2175,0.1479,0.1193,3,36,False,
15min,2024-11-04,2024-11-04,2024-11-04,36,lag_sensitivity,ADF,c,unit_root,6.0,aic,False,ok,-2.6128285736431995,0.09037474279728519,-3.639224104416853,-2.9512301791166293,-2.614446989619377,1,34,False,
15min,2024-11-04,2024-11-04,2024-11-04,36,lag_sensitivity,PP,c,unit_root,,Bartlett_short_bandwidth,False,ok,-5.061848235277093,1.671875465639215e-05,-3.6327426647230316,-2.9485102040816327,-2.6130173469387756,6,35,True,
15min,2024-11-04,2024-11-04,2024-11-04,36,lag_sensitivity,KPSS,c,level_or_trend_stationarity,,Bartlett_short_bandwidth,False,ok,0.27211868723238164,0.16258470079960244,0.7428,0.4614,0.3475,6,36,False,
15min,2024-11-05,2024-11-05,2024-11-05,36,main,ADF,c,unit_root,6.0,bic,False,ok,-5.844114944644334,3.7180922102176226e-07,-3.6327426647230316,-2.9485102040816327,-2.6130173469387756,0,35,True,
15min,2024-11-05,2024-11-05,2024-11-05,36,main,PP,c,unit_root,,Bartlett_short_bandwidth,False,ok,-5.852801057836691,3.556704088322288e-07,-3.6327426647230316,-2.9485102040816327,-2.6130173469387756,3,35,True,
15min,2024-11-05,2024-11-05,2024-11-05,36,main,KPSS,c,level_or_trend_stationarity,,Bartlett_short_bandwidth,False,ok,0.22699906589980143,0.22106202136393724,0.7428,0.4614,0.3475,3,36,False,
15min,2024-11-05,2024-11-05,2024-11-05,36,trend_sensitivity,ADF,ct,unit_root,6.0,bic,False,ok,-6.012820362184957,2.064631161775371e-06,-4.243765510204081,-3.5443646122448977,-3.2046503498542274,0,35,True,
15min,2024-11-05,2024-11-05,2024-11-05,36,trend_sensitivity,PP,ct,unit_root,,Bartlett_short_bandwidth,False,ok,-6.01292371707453,2.0635974722111727e-06,-4.243765510204081,-3.5443646122448977,-3.2046503498542274,3,35,True,
15min,2024-11-05,2024-11-05,2024-11-05,36,trend_sensitivity,KPSS,ct,level_or_trend_stationarity,,Bartlett_short_bandwidth,False,ok,0.08903475855545173,0.2135637934529372,0.2175,0.1479,0.1193,3,36,False,
15min,2024-11-05,2024-11-05,2024-11-05,36,lag_sensitivity,ADF,c,unit_root,6.0,aic,False,ok,-5.844114944644334,3.7180922102176226e-07,-3.6327426647230316,-2.9485102040816327,-2.6130173469387756,0,35,True,
15min,2024-11-05,2024-11-05,2024-11-05,36,lag_sensitivity,PP,c,unit_root,,Bartlett_short_bandwidth,False,ok,-5.900196669094802,2.7897578049088e-07,-3.6327426647230316,-2.9485102040816327,-2.6130173469387756,6,35,True,
15min,2024-11-05,2024-11-05,2024-11-05,36,lag_sensitivity,KPSS,c,level_or_trend_stationarity,,Bartlett_short_bandwidth,False,ok,0.1948816639518331,0.27807516872189586,0.7428,0.4614,0.3475,6,36,False,
15min,2024-11-06,2024-11-06,2024-11-06,36,main,ADF,c,unit_root,6.0,bic,False,ok,-6.2496619640641065,4.486246054716416e-08,-3.6327426647230316,-2.9485102040816327,-2.6130173469387756,0,35,True,
15min,2024-11-06,2024-11-06,2024-11-06,36,main,PP,c,unit_root,,Bartlett_short_bandwidth,False,ok,-6.308849317148703,3.2722623832394924e-08,-3.6327426647230316,-2.9485102040816327,-2.6130173469387756,3,35,True,
15min,2024-11-06,2024-11-06,2024-11-06,36,main,KPSS,c,level_or_trend_stationarity,,Bartlett_short_bandwidth,False,ok,0.07676926587580987,0.7112199473011473,0.7428,0.4614,0.3475,3,36,False,
15min,2024-11-06,2024-11-06,2024-11-06,36,trend_sensitivity,ADF,ct,unit_root,6.0,bic,False,ok,-6.183116313999209,8.983062494513484e-07,-4.243765510204081,-3.5443646122448977,-3.2046503498542274,0,35,True,
15min,2024-11-06,2024-11-06,2024-11-06,36,trend_sensitivity,PP,ct,unit_root,,Bartlett_short_bandwidth,False,ok,-6.2548132365960205,6.302492002868137e-07,-4.243765510204081,-3.5443646122448977,-3.2046503498542274,3,35,True,
15min,2024-11-06,2024-11-06,2024-11-06,36,trend_sensitivity,KPSS,ct,level_or_trend_stationarity,,Bartlett_short_bandwidth,False,ok,0.06338635170587936,0.41152049959435144,0.2175,0.1479,0.1193,3,36,False,
15min,2024-11-06,2024-11-06,2024-11-06,36,lag_sensitivity,ADF,c,unit_root,6.0,aic,False,ok,-4.484449089492693,0.00020976171865966852,-3.661428725118324,-2.960525341210433,-2.6193188033298647,4,31,True,
15min,2024-11-06,2024-11-06,2024-11-06,36,lag_sensitivity,PP,c,unit_root,,Bartlett_short_bandwidth,False,ok,-7.285466167040511,1.4627955299598544e-10,-3.6327426647230316,-2.9485102040816327,-2.6130173469387756,6,35,True,
15min,2024-11-06,2024-11-06,2024-11-06,36,lag_sensitivity,KPSS,c,level_or_trend_stationarity,,Bartlett_short_bandwidth,False,ok,0.17236539351901922,0.3286732486893454,0.7428,0.4614,0.3475,6,36,False,
15min,2024-11-07,2024-11-07,2024-11-07,36,main,ADF,c,unit_root,6.0,bic,False,ok,-6.036802696679115,1.3758625024553927e-07,-3.6327426647230316,-2.9485102040816327,-2.6130173469387756,0,35,True,
15min,2024-11-07,2024-11-07,2024-11-07,36,main,PP,c,unit_root,,Bartlett_short_bandwidth,False,ok,-6.034416382708654,1.3930755903310777e-07,-3.6327426647230316,-2.9485102040816327,-2.6130173469387756,3,35,True,
15min,2024-11-07,2024-11-07,2024-11-07,36,main,KPSS,c,level_or_trend_stationarity,,Bartlett_short_bandwidth,False,ok,0.12215811436974121,0.487533759066811,0.7428,0.4614,0.3475,3,36,False,
15min,2024-11-07,2024-11-07,2024-11-07,36,trend_sensitivity,ADF,ct,unit_root,6.0,bic,False,ok,-5.959284894566339,2.6741234881448075e-06,-4.243765510204081,-3.5443646122448977,-3.2046503498542274,0,35,True,
15min,2024-11-07,2024-11-07,2024-11-07,36,trend_sensitivity,PP,ct,unit_root,,Bartlett_short_bandwidth,False,ok,-5.959923539689722,2.6659075206405186e-06,-4.243765510204081,-3.5443646122448977,-3.2046503498542274,3,35,True,
15min,2024-11-07,2024-11-07,2024-11-07,36,trend_sensitivity,KPSS,ct,level_or_trend_stationarity,,Bartlett_short_bandwidth,False,ok,0.0956752000841248,0.1803655168787724,0.2175,0.1479,0.1193,3,36,False,
15min,2024-11-07,2024-11-07,2024-11-07,36,lag_sensitivity,ADF,c,unit_root,6.0,aic,False,ok,-6.036802696679115,1.3758625024553927e-07,-3.6327426647230316,-2.9485102040816327,-2.6130173469387756,0,35,True,
15min,2024-11-07,2024-11-07,2024-11-07,36,lag_sensitivity,PP,c,unit_root,,Bartlett_short_bandwidth,False,ok,-6.067143183181901,1.1743833184918213e-07,-3.6327426647230316,-2.9485102040816327,-2.6130173469387756,6,35,True,
15min,2024-11-07,2024-11-07,2024-11-07,36,lag_sensitivity,KPSS,c,level_or_trend_stationarity,,Bartlett_short_bandwidth,False,ok,0.1414665225579781,0.4172226841090446,0.7428,0.4614,0.3475,6,36,False,
15min,2024-11-08,2024-11-08,2024-11-08,36,main,ADF,c,unit_root,6.0,bic,False,ok,-5.254489021709524,6.798323752429911e-06,-3.6327426647230316,-2.9485102040816327,-2.6130173469387756,0,35,True,
15min,2024-11-08,2024-11-08,2024-11-08,36,main,PP,c,unit_root,,Bartlett_short_bandwidth,False,ok,-5.286458404285333,5.8406217328175665e-06,-3.6327426647230316,-2.9485102040816327,-2.6130173469387756,3,35,True,
15min,2024-11-08,2024-11-08,2024-11-08,36,main,KPSS,c,level_or_trend_stationarity,,Bartlett_short_bandwidth,False,ok,0.2711455916209114,0.1635983420615506,0.7428,0.4614,0.3475,3,36,False,
15min,2024-11-08,2024-11-08,2024-11-08,36,trend_sensitivity,ADF,ct,unit_root,6.0,bic,False,ok,-5.527161124804321,2.036084645718961e-05,-4.243765510204081,-3.5443646122448977,-3.2046503498542274,0,35,True,
15min,2024-11-08,2024-11-08,2024-11-08,36,trend_sensitivity,PP,ct,unit_root,,Bartlett_short_bandwidth,False,ok,-5.545788253569696,1.8697720047985565e-05,-4.243765510204081,-3.5443646122448977,-3.2046503498542274,3,35,True,
15min,2024-11-08,2024-11-08,2024-11-08,36,trend_sensitivity,KPSS,ct,level_or_trend_stationarity,,Bartlett_short_bandwidth,False,ok,0.056126566630622175,0.4940812004325339,0.2175,0.1479,0.1193,3,36,False,
15min,2024-11-08,2024-11-08,2024-11-08,36,lag_sensitivity,ADF,c,unit_root,6.0,aic,False,ok,-5.254489021709524,6.798323752429911e-06,-3.6327426647230316,-2.9485102040816327,-2.6130173469387756,0,35,True,
15min,2024-11-08,2024-11-08,2024-11-08,36,lag_sensitivity,PP,c,unit_root,,Bartlett_short_bandwidth,False,ok,-5.246143336772787,7.072392270672994e-06,-3.6327426647230316,-2.9485102040816327,-2.6130173469387756,6,35,True,
15min,2024-11-08,2024-11-08,2024-11-08,36,lag_sensitivity,KPSS,c,level_or_trend_stationarity,,Bartlett_short_bandwidth,False,ok,0.2910948701267143,0.14343345702217686,0.7428,0.4614,0.3475,6,36,False,
15min,2024-11-11,2024-11-11,2024-11-11,36,main,ADF,c,unit_root,6.0,bic,False,ok,-6.889341697367194,1.3683735643827154e-09,-3.639224104416853,-2.9512301791166293,-2.614446989619377,1,34,True,
15min,2024-11-11,2024-11-11,2024-11-11,36,main,PP,c,unit_root,,Bartlett_short_bandwidth,False,ok,-9.343437566344805,8.672799430607584e-16,-3.6327426647230316,-2.9485102040816327,-2.6130173469387756,3,35,True,
15min,2024-11-11,2024-11-11,2024-11-11,36,main,KPSS,c,level_or_trend_stationarity,,Bartlett_short_bandwidth,False,ok,0.1040432932153254,0.5660418595417048,0.7428,0.4614,0.3475,3,36,False,
15min,2024-11-11,2024-11-11,2024-11-11,36,trend_sensitivity,ADF,ct,unit_root,6.0,bic,False,ok,-6.776437133425096,4.499369276462305e-08,-4.253042608385915,-3.5485904579686545,-3.2070617952371263,1,34,True,
15min,2024-11-11,2024-11-11,2024-11-11,36,trend_sensitivity,PP,ct,unit_root,,Bartlett_short_bandwidth,False,ok,-9.23608552448302,1.0693392147032535e-13,-4.243765510204081,-3.5443646122448977,-3.2046503498542274,3,35,True,
15min,2024-11-11,2024-11-11,2024-11-11,36,trend_sensitivity,KPSS,ct,level_or_trend_stationarity,,Bartlett_short_bandwidth,False,ok,0.09606496059684592,0.1786855146687676,0.2175,0.1479,0.1193,3,36,False,
15min,2024-11-11,2024-11-11,2024-11-11,36,lag_sensitivity,ADF,c,unit_root,6.0,aic,False,ok,-6.889341697367194,1.3683735643827154e-09,-3.639224104416853,-2.9512301791166293,-2.614446989619377,1,34,True,
15min,2024-11-11,2024-11-11,2024-11-11,36,lag_sensitivity,PP,c,unit_root,,Bartlett_short_bandwidth,False,ok,-10.083543174967549,1.1714358163084021e-17,-3.6327426647230316,-2.9485102040816327,-2.6130173469387756,6,35,True,
15min,2024-11-11,2024-11-11,2024-11-11,36,lag_sensitivity,KPSS,c,level_or_trend_stationarity,,Bartlett_short_bandwidth,False,ok,0.1360634188453022,0.43553623683115683,0.7428,0.4614,0.3475,6,36,False,
15min,2024-11-12,2024-11-12,2024-11-12,36,main,ADF,c,unit_root,6.0,bic,False,ok,-5.493293754787879,2.1511321122190428e-06,-3.6327426647230316,-2.9485102040816327,-2.6130173469387756,0,35,True,
15min,2024-11-12,2024-11-12,2024-11-12,36,main,PP,c,unit_root,,Bartlett_short_bandwidth,False,ok,-5.494760801818143,2.1357338283480217e-06,-3.6327426647230316,-2.9485102040816327,-2.6130173469387756,3,35,True,
15min,2024-11-12,2024-11-12,2024-11-12,36,main,KPSS,c,level_or_trend_stationarity,,Bartlett_short_bandwidth,False,ok,0.10097024134893576,0.5808161473608857,0.7428,0.4614,0.3475,3,36,False,
15min,2024-11-12,2024-11-12,2024-11-12,36,trend_sensitivity,ADF,ct,unit_root,6.0,bic,False,ok,-5.420523421714307,3.302054427507331e-05,-4.243765510204081,-3.5443646122448977,-3.2046503498542274,0,35,True,
15min,2024-11-12,2024-11-12,2024-11-12,36,trend_sensitivity,PP,ct,unit_root,,Bartlett_short_bandwidth,False,ok,-5.411291001023168,3.442005883863412e-05,-4.243765510204081,-3.5443646122448977,-3.2046503498542274,3,35,True,
15min,2024-11-12,2024-11-12,2024-11-12,36,trend_sensitivity,KPSS,ct,level_or_trend_stationarity,,Bartlett_short_bandwidth,False,ok,0.06026496632602222,0.44517083720429296,0.2175,0.1479,0.1193,3,36,False,
15min,2024-11-12,2024-11-12,2024-11-12,36,lag_sensitivity,ADF,c,unit_root,6.0,aic,False,ok,-5.493293754787879,2.1511321122190428e-06,-3.6327426647230316,-2.9485102040816327,-2.6130173469387756,0,35,True,
15min,2024-11-12,2024-11-12,2024-11-12,36,lag_sensitivity,PP,c,unit_root,,Bartlett_short_bandwidth,False,ok,-5.968879943768567,1.957757526103944e-07,-3.6327426647230316,-2.9485102040816327,-2.6130173469387756,6,35,True,
15min,2024-11-12,2024-11-12,2024-11-12,36,lag_sensitivity,KPSS,c,level_or_trend_stationarity,,Bartlett_short_bandwidth,False,ok,0.17852893131537492,0.313726594677299,0.7428,0.4614,0.3475,6,36,False,
15min,2024-11-13,2024-11-13,2024-11-13,36,main,ADF,c,unit_root,6.0,bic,False,ok,-5.942543931926327,2.243191907817224e-07,-3.6327426647230316,-2.9485102040816327,-2.6130173469387756,0,35,True,
15min,2024-11-13,2024-11-13,2024-11-13,36,main,PP,c,unit_root,,Bartlett_short_bandwidth,False,ok,-5.942631955536368,2.2421731282771448e-07,-3.6327426647230316,-2.9485102040816327,-2.6130173469387756,3,35,True,
15min,2024-11-13,2024-11-13,2024-11-13,36,main,KPSS,c,level_or_trend_stationarity,,Bartlett_short_bandwidth,False,ok,0.3903317934353479,0.07673028611540195,0.7428,0.4614,0.3475,3,36,False,
15min,2024-11-13,2024-11-13,2024-11-13,36,trend_sensitivity,ADF,ct,unit_root,6.0,bic,False,ok,-6.408084835220205,2.9327418271481826e-07,-4.243765510204081,-3.5443646122448977,-3.2046503498542274,0,35,True,
15min,2024-11-13,2024-11-13,2024-11-13,36,trend_sensitivity,PP,ct,unit_root,,Bartlett_short_bandwidth,False,ok,-6.450415776696508,2.3702162415428782e-07,-4.243765510204081,-3.5443646122448977,-3.2046503498542274,3,35,True,
15min,2024-11-13,2024-11-13,2024-11-13,36,trend_sensitivity,KPSS,ct,level_or_trend_stationarity,,Bartlett_short_bandwidth,False,ok,0.05076839983801473,0.5640672749361627,0.2175,0.1479,0.1193,3,36,False,
15min,2024-11-13,2024-11-13,2024-11-13,36,lag_sensitivity,ADF,c,unit_root,6.0,aic,False,ok,-5.942543931926327,2.243191907817224e-07,-3.6327426647230316,-2.9485102040816327,-2.6130173469387756,0,35,True,
15min,2024-11-13,2024-11-13,2024-11-13,36,lag_sensitivity,PP,c,unit_root,,Bartlett_short_bandwidth,False,ok,-5.947380031965424,2.1878857652003367e-07,-3.6327426647230316,-2.9485102040816327,-2.6130173469387756,6,35,True,
15min,2024-11-13,2024-11-13,2024-11-13,36,lag_sensitivity,KPSS,c,level_or_trend_stationarity,,Bartlett_short_bandwidth,False,ok,0.40718711250530015,0.06923288109540644,0.7428,0.4614,0.3475,6,36,False,
15min,2024-11-14,2024-11-14,2024-11-14,36,main,ADF,c,unit_root,6.0,bic,False,ok,-7.068045749772057,5.020637479610228e-10,-3.6327426647230316,-2.9485102040816327,-2.6130173469387756,0,35,True,
15min,2024-11-14,2024-11-14,2024-11-14,36,main,PP,c,unit_root,,Bartlett_short_bandwidth,False,ok,-6.859011042323248,1.6204890404079414e-09,-3.6327426647230316,-2.9485102040816327,-2.6130173469387756,3,35,True,
15min,2024-11-14,2024-11-14,2024-11-14,36,main,KPSS,c,level_or_trend_stationarity,,Bartlett_short_bandwidth,False,ok,0.11362944336962202,0.522692492804414,0.7428,0.4614,0.3475,3,36,False,
15min,2024-11-14,2024-11-14,2024-11-14,36,trend_sensitivity,ADF,ct,unit_root,6.0,bic,False,ok,-6.928213668402031,2.052508180844721e-08,-4.243765510204081,-3.5443646122448977,-3.2046503498542274,0,35,True,
15min,2024-11-14,2024-11-14,2024-11-14,36,trend_sensitivity,PP,ct,unit_root,,Bartlett_short_bandwidth,False,ok,-6.750045127419614,5.1538543350180645e-08,-4.243765510204081,-3.5443646122448977,-3.2046503498542274,3,35,True,
15min,2024-11-14,2024-11-14,2024-11-14,36,trend_sensitivity,KPSS,ct,level_or_trend_stationarity,,Bartlett_short_bandwidth,False,ok,0.04331990067147274,0.6712014899279088,0.2175,0.1479,0.1193,3,36,False,
15min,2024-11-14,2024-11-14,2024-11-14,36,lag_sensitivity,ADF,c,unit_root,6.0,aic,False,ok,-3.428876093257035,0.010013002980889604,-3.639224104416853,-2.9512301791166293,-2.614446989619377,1,34,True,
15min,2024-11-14,2024-11-14,2024-11-14,36,lag_sensitivity,PP,c,unit_root,,Bartlett_short_bandwidth,False,ok,-6.990582554488274,7.763769312796049e-10,-3.6327426647230316,-2.9485102040816327,-2.6130173469387756,6,35,True,
15min,2024-11-14,2024-11-14,2024-11-14,36,lag_sensitivity,KPSS,c,level_or_trend_stationarity,,Bartlett_short_bandwidth,False,ok,0.1745071810659856,0.3232646942778142,0.7428,0.4614,0.3475,6,36,False,
15min,2024-11-18,2024-11-18,2024-11-18,36,main,ADF,c,unit_root,6.0,bic,False,ok,-6.250479769498951,4.466779872639727e-08,-3.6327426647230316,-2.9485102040816327,-2.6130173469387756,0,35,True,
15min,2024-11-18,2024-11-18,2024-11-18,36,main,PP,c,unit_root,,Bartlett_short_bandwidth,False,ok,-6.331881468305606,2.8928776932569804e-08,-3.6327426647230316,-2.9485102040816327,-2.6130173469387756,3,35,True,
15min,2024-11-18,2024-11-18,2024-11-18,36,main,KPSS,c,level_or_trend_stationarity,,Bartlett_short_bandwidth,False,ok,0.19083146764913247,0.28652879223588834,0.7428,0.4614,0.3475,3,36,False,
15min,2024-11-18,2024-11-18,2024-11-18,36,trend_sensitivity,ADF,ct,unit_root,6.0,bic,False,ok,-6.403738227619553,2.9974585960475387e-07,-4.243765510204081,-3.5443646122448977,-3.2046503498542274,0,35,True,
15min,2024-11-18,2024-11-18,2024-11-18,36,trend_sensitivity,PP,ct,unit_root,,Bartlett_short_bandwidth,False,ok,-6.560124319180256,1.3605902378042767e-07,-4.243765510204081,-3.5443646122448977,-3.2046503498542274,3,35,True,
15min,2024-11-18,2024-11-18,2024-11-18,36,trend_sensitivity,KPSS,ct,level_or_trend_stationarity,,Bartlett_short_bandwidth,False,ok,0.06399561339510589,0.40521779246442186,0.2175,0.1479,0.1193,3,36,False,
15min,2024-11-18,2024-11-18,2024-11-18,36,lag_sensitivity,ADF,c,unit_root,6.0,aic,False,ok,-6.250479769498951,4.466779872639727e-08,-3.6327426647230316,-2.9485102040816327,-2.6130173469387756,0,35,True,
15min,2024-11-18,2024-11-18,2024-11-18,36,lag_sensitivity,PP,c,unit_root,,Bartlett_short_bandwidth,False,ok,-6.4934147724504205,1.210788112395181e-08,-3.6327426647230316,-2.9485102040816327,-2.6130173469387756,6,35,True,
15min,2024-11-18,2024-11-18,2024-11-18,36,lag_sensitivity,KPSS,c,level_or_trend_stationarity,,Bartlett_short_bandwidth,False,ok,0.2552213235909261,0.18202394411419728,0.7428,0.4614,0.3475,6,36,False,
15min,2024-11-19,2024-11-19,2024-11-19,36,main,ADF,c,unit_root,6.0,bic,False,ok,-5.909855812301777,2.6546267978296875e-07,-3.6327426647230316,-2.9485102040816327,-2.6130173469387756,0,35,True,
15min,2024-11-19,2024-11-19,2024-11-19,36,main,PP,c,unit_root,,Bartlett_short_bandwidth,False,ok,-5.940242886831659,2.269985520171126e-07,-3.6327426647230316,-2.9485102040816327,-2.6130173469387756,3,35,True,
15min,2024-11-19,2024-11-19,2024-11-19,36,main,KPSS,c,level_or_trend_stationarity,,Bartlett_short_bandwidth,False,ok,0.08434666189901623,0.6675636623690023,0.7428,0.4614,0.3475,3,36,False,
15min,2024-11-19,2024-11-19,2024-11-19,36,trend_sensitivity,ADF,ct,unit_root,6.0,bic,False,ok,-5.7451885610000994,7.410114473750669e-06,-4.243765510204081,-3.5443646122448977,-3.2046503498542274,0,35,True,
15min,2024-11-19,2024-11-19,2024-11-19,36,trend_sensitivity,PP,ct,unit_root,,Bartlett_short_bandwidth,False,ok,-5.768746173289624,6.632235832707559e-06,-4.243765510204081,-3.5443646122448977,-3.2046503498542274,3,35,True,
15min,2024-11-19,2024-11-19,2024-11-19,36,trend_sensitivity,KPSS,ct,level_or_trend_stationarity,,Bartlett_short_bandwidth,False,ok,0.04672454010522763,0.6204715334154285,0.2175,0.1479,0.1193,3,36,False,
15min,2024-11-19,2024-11-19,2024-11-19,36,lag_sensitivity,ADF,c,unit_root,6.0,aic,False,ok,-5.909855812301777,2.6546267978296875e-07,-3.6327426647230316,-2.9485102040816327,-2.6130173469387756,0,35,True,
15min,2024-11-19,2024-11-19,2024-11-19,36,lag_sensitivity,PP,c,unit_root,,Bartlett_short_bandwidth,False,ok,-6.175267883492684,6.654163315830779e-08,-3.6327426647230316,-2.9485102040816327,-2.6130173469387756,6,35,True,
15min,2024-11-19,2024-11-19,2024-11-19,36,lag_sensitivity,KPSS,c,level_or_trend_stationarity,,Bartlett_short_bandwidth,False,ok,0.15974642828917807,0.36190541678797233,0.7428,0.4614,0.3475,6,36,False,
15min,2024-11-21,2024-11-21,2024-11-21,36,main,ADF,c,unit_root,6.0,bic,False,ok,-5.836210350336624,3.871172978157933e-07,-3.6327426647230316,-2.9485102040816327,-2.6130173469387756,0,35,True,
15min,2024-11-21,2024-11-21,2024-11-21,36,main,PP,c,unit_root,,Bartlett_short_bandwidth,False,ok,-5.844829534161079,3.704549019936668e-07,-3.6327426647230316,-2.9485102040816327,-2.6130173469387756,3,35,True,
15min,2024-11-21,2024-11-21,2024-11-21,36,main,KPSS,c,level_or_trend_stationarity,,Bartlett_short_bandwidth,False,ok,0.3370527453801181,0.10722993399299785,0.7428,0.4614,0.3475,3,36,False,
15min,2024-11-21,2024-11-21,2024-11-21,36,trend_sensitivity,ADF,ct,unit_root,6.0,bic,False,ok,-5.702541389713882,9.050345500375144e-06,-4.243765510204081,-3.5443646122448977,-3.2046503498542274,0,35,True,
15min,2024-11-21,2024-11-21,2024-11-21,36,trend_sensitivity,PP,ct,unit_root,,Bartlett_short_bandwidth,False,ok,-5.705840555070711,8.911764479963132e-06,-4.243765510204081,-3.5443646122448977,-3.2046503498542274,3,35,True,
15min,2024-11-21,2024-11-21,2024-11-21,36,trend_sensitivity,KPSS,ct,level_or_trend_stationarity,,Bartlett_short_bandwidth,False,ok,0.16399996669211964,0.034242449475666945,0.2175,0.1479,0.1193,3,36,True,
15min,2024-11-21,2024-11-21,2024-11-21,36,lag_sensitivity,ADF,c,unit_root,6.0,aic,False,ok,-5.836210350336624,3.871172978157933e-07,-3.6327426647230316,-2.9485102040816327,-2.6130173469387756,0,35,True,
15min,2024-11-21,2024-11-21,2024-11-21,36,lag_sensitivity,PP,c,unit_root,,Bartlett_short_bandwidth,False,ok,-5.893265327065686,2.890854728905348e-07,-3.6327426647230316,-2.9485102040816327,-2.6130173469387756,6,35,True,
15min,2024-11-21,2024-11-21,2024-11-21,36,lag_sensitivity,KPSS,c,level_or_trend_stationarity,,Bartlett_short_bandwidth,False,ok,0.30901073190397854,0.12802449213056188,0.7428,0.4614,0.3475,6,36,False,
15min,2024-11-22,2024-11-22,2024-11-22,36,main,ADF,c,unit_root,6.0,bic,False,ok,-3.8727025918943845,0.0022451827496377,-3.6327426647230316,-2.9485102040816327,-2.6130173469387756,0,35,True,
15min,2024-11-22,2024-11-22,2024-11-22,36,main,PP,c,unit_root,,Bartlett_short_bandwidth,False,ok,-3.884191567633355,0.0021543183333326507,-3.6327426647230316,-2.9485102040816327,-2.6130173469387756,3,35,True,
15min,2024-11-22,2024-11-22,2024-11-22,36,main,KPSS,c,level_or_trend_stationarity,,Bartlett_short_bandwidth,False,ok,0.08252149369991978,0.6779094623775095,0.7428,0.4614,0.3475,3,36,False,
15min,2024-11-22,2024-11-22,2024-11-22,36,trend_sensitivity,ADF,ct,unit_root,6.0,bic,False,ok,-3.845587883944309,0.014390236738999074,-4.243765510204081,-3.5443646122448977,-3.2046503498542274,0,35,True,
15min,2024-11-22,2024-11-22,2024-11-22,36,trend_sensitivity,PP,ct,unit_root,,Bartlett_short_bandwidth,False,ok,-3.841570035889021,0.014570841853029565,-4.243765510204081,-3.5443646122448977,-3.2046503498542274,3,35,True,
15min,2024-11-22,2024-11-22,2024-11-22,36,trend_sensitivity,KPSS,ct,level_or_trend_stationarity,,Bartlett_short_bandwidth,False,ok,0.06994995967484219,0.3476727614237742,0.2175,0.1479,0.1193,3,36,False,
15min,2024-11-22,2024-11-22,2024-11-22,36,lag_sensitivity,ADF,c,unit_root,6.0,aic,False,ok,-3.8727025918943845,0.0022451827496377,-3.6327426647230316,-2.9485102040816327,-2.6130173469387756,0,35,True,
15min,2024-11-22,2024-11-22,2024-11-22,36,lag_sensitivity,PP,c,unit_root,,Bartlett_short_bandwidth,False,ok,-3.6982666952587664,0.004137600783070658,-3.6327426647230316,-2.9485102040816327,-2.6130173469387756,6,35,True,
15min,2024-11-22,2024-11-22,2024-11-22,36,lag_sensitivity,KPSS,c,level_or_trend_stationarity,,Bartlett_short_bandwidth,False,ok,0.09768307835887909,0.5970846082056045,0.7428,0.4614,0.3475,6,36,False,
15min,2024-11-25,2024-11-25,2024-11-25,36,main,ADF,c,unit_root,6.0,bic,False,ok,-5.835136914494432,3.8924310338757495e-07,-3.639224104416853,-2.9512301791166293,-2.614446989619377,1,34,True,
15min,2024-11-25,2024-11-25,2024-11-25,36,main,PP,c,unit_root,,Bartlett_short_bandwidth,False,ok,-7.173972923606982,2.757863992669126e-10,-3.6327426647230316,-2.9485102040816327,-2.6130173469387756,3,35,True,
15min,2024-11-25,2024-11-25,2024-11-25,36,main,KPSS,c,level_or_trend_stationarity,,Bartlett_short_bandwidth,False,ok,0.0885566462102228,0.6446001115806028,0.7428,0.4614,0.3475,3,36,False,
15min,2024-11-25,2024-11-25,2024-11-25,36,trend_sensitivity,ADF,ct,unit_root,6.0,bic,False,ok,-5.760336824460269,6.900319894935064e-06,-4.253042608385915,-3.5485904579686545,-3.2070617952371263,1,34,True,
15min,2024-11-25,2024-11-25,2024-11-25,36,trend_sensitivity,PP,ct,unit_root,,Bartlett_short_bandwidth,False,ok,-7.074802015695269,9.563614871486828e-09,-4.243765510204081,-3.5443646122448977,-3.2046503498542274,3,35,True,
15min,2024-11-25,2024-11-25,2024-11-25,36,trend_sensitivity,KPSS,ct,level_or_trend_stationarity,,Bartlett_short_bandwidth,False,ok,0.08747713434336582,0.22190820887482599,0.2175,0.1479,0.1193,3,36,False,
15min,2024-11-25,2024-11-25,2024-11-25,36,lag_sensitivity,ADF,c,unit_root,6.0,aic,False,ok,-5.835136914494432,3.8924310338757495e-07,-3.639224104416853,-2.9512301791166293,-2.614446989619377,1,34,True,
15min,2024-11-25,2024-11-25,2024-11-25,36,lag_sensitivity,PP,c,unit_root,,Bartlett_short_bandwidth,False,ok,-7.29296257022205,1.4015672191471896e-10,-3.6327426647230316,-2.9485102040816327,-2.6130173469387756,6,35,True,
15min,2024-11-25,2024-11-25,2024-11-25,36,lag_sensitivity,KPSS,c,level_or_trend_stationarity,,Bartlett_short_bandwidth,False,ok,0.10518404710118825,0.5605574658596718,0.7428,0.4614,0.3475,6,36,False,
15min,2024-11-26,2024-11-26,2024-11-26,36,main,ADF,c,unit_root,6.0,bic,False,ok,-5.314568440578711,5.1077264623811935e-06,-3.639224104416853,-2.9512301791166293,-2.614446989619377,1,34,True,
15min,2024-11-26,2024-11-26,2024-11-26,36,main,PP,c,unit_root,,Bartlett_short_bandwidth,False,ok,-7.011233207773958,6.913307261661167e-10,-3.6327426647230316,-2.9485102040816327,-2.6130173469387756,3,35,True,
15min,2024-11-26,2024-11-26,2024-11-26,36,main,KPSS,c,level_or_trend_stationarity,,Bartlett_short_bandwidth,False,ok,0.2515132358557231,0.1867779027490729,0.7428,0.4614,0.3475,3,36,False,
15min,2024-11-26,2024-11-26,2024-11-26,36,trend_sensitivity,ADF,ct,unit_root,6.0,bic,False,ok,-5.465860410890608,2.6909263572538096e-05,-4.253042608385915,-3.5485904579686545,-3.2070617952371263,1,34,True,
15min,2024-11-26,2024-11-26,2024-11-26,36,trend_sensitivity,PP,ct,unit_root,,Bartlett_short_bandwidth,False,ok,-7.059671280841613,1.0350393554464278e-08,-4.243765510204081,-3.5443646122448977,-3.2046503498542274,3,35,True,
15min,2024-11-26,2024-11-26,2024-11-26,36,trend_sensitivity,KPSS,ct,level_or_trend_stationarity,,Bartlett_short_bandwidth,False,ok,0.05991131704894705,0.44918957898923806,0.2175,0.1479,0.1193,3,36,False,
15min,2024-11-26,2024-11-26,2024-11-26,36,lag_sensitivity,ADF,c,unit_root,6.0,aic,False,ok,-5.314568440578711,5.1077264623811935e-06,-3.639224104416853,-2.9512301791166293,-2.614446989619377,1,34,True,
15min,2024-11-26,2024-11-26,2024-11-26,36,lag_sensitivity,PP,c,unit_root,,Bartlett_short_bandwidth,False,ok,-8.16093817703548,9.147792041102653e-13,-3.6327426647230316,-2.9485102040816327,-2.6130173469387756,6,35,True,
15min,2024-11-26,2024-11-26,2024-11-26,36,lag_sensitivity,KPSS,c,level_or_trend_stationarity,,Bartlett_short_bandwidth,False,ok,0.3504040174595969,0.09822925764658727,0.7428,0.4614,0.3475,6,36,False,
15min,2024-11-27,2024-11-27,2024-11-27,36,main,ADF,c,unit_root,6.0,bic,False,ok,-4.832343870991228,4.7145115971332686e-05,-3.6327426647230316,-2.9485102040816327,-2.6130173469387756,0,35,True,
15min,2024-11-27,2024-11-27,2024-11-27,36,main,PP,c,unit_root,,Bartlett_short_bandwidth,False,ok,-4.767869410195386,6.262897727158353e-05,-3.6327426647230316,-2.9485102040816327,-2.6130173469387756,3,35,True,
15min,2024-11-27,2024-11-27,2024-11-27,36,main,KPSS,c,level_or_trend_stationarity,,Bartlett_short_bandwidth,False,ok,0.09478106328300145,0.6115946835849928,0.7428,0.4614,0.3475,3,36,False,
15min,2024-11-27,2024-11-27,2024-11-27,36,trend_sensitivity,ADF,ct,unit_root,6.0,bic,False,ok,-4.787371484928039,0.0004928245417776559,-4.243765510204081,-3.5443646122448977,-3.2046503498542274,0,35,True,
15min,2024-11-27,2024-11-27,2024-11-27,36,trend_sensitivity,PP,ct,unit_root,,Bartlett_short_bandwidth,False,ok,-4.727691906500406,0.0006255159815554828,-4.243765510204081,-3.5443646122448977,-3.2046503498542274,3,35,True,
15min,2024-11-27,2024-11-27,2024-11-27,36,trend_sensitivity,KPSS,ct,level_or_trend_stationarity,,Bartlett_short_bandwidth,False,ok,0.0784549651946219,0.27960739146698643,0.2175,0.1479,0.1193,3,36,False,
15min,2024-11-27,2024-11-27,2024-11-27,36,lag_sensitivity,ADF,c,unit_root,6.0,aic,False,ok,-4.832343870991228,4.7145115971332686e-05,-3.6327426647230316,-2.9485102040816327,-2.6130173469387756,0,35,True,
15min,2024-11-27,2024-11-27,2024-11-27,36,lag_sensitivity,PP,c,unit_root,,Bartlett_short_bandwidth,False,ok,-4.695701208243396,8.573153546460994e-05,-3.6327426647230316,-2.9485102040816327,-2.6130173469387756,6,35,True,
15min,2024-11-27,2024-11-27,2024-11-27,36,lag_sensitivity,KPSS,c,level_or_trend_stationarity,,Bartlett_short_bandwidth,False,ok,0.12055383618757036,0.49386643610169595,0.7428,0.4614,0.3475,6,36,False,
15min,2024-11-28,2024-11-28,2024-11-28,36,main,ADF,c,unit_root,6.0,bic,False,ok,-4.975178107747913,2.4845330290845777e-05,-3.6327426647230316,-2.9485102040816327,-2.6130173469387756,0,35,True,
15min,2024-11-28,2024-11-28,2024-11-28,36,main,PP,c,unit_root,,Bartlett_short_bandwidth,False,ok,-4.933264700930809,3.0031319497950443e-05,-3.6327426647230316,-2.9485102040816327,-2.6130173469387756,3,35,True,
15min,2024-11-28,2024-11-28,2024-11-28,36,main,KPSS,c,level_or_trend_stationarity,,Bartlett_short_bandwidth,False,ok,0.16051103390097082,0.3598048519204098,0.7428,0.4614,0.3475,3,36,False,
15min,2024-11-28,2024-11-28,2024-11-28,36,trend_sensitivity,ADF,ct,unit_root,6.0,bic,False,ok,-2.13307044358918,0.5275353062465603,-4.262944107465843,-3.553092543339733,-3.2096284957008097,2,33,False,
15min,2024-11-28,2024-11-28,2024-11-28,36,trend_sensitivity,PP,ct,unit_root,,Bartlett_short_bandwidth,False,ok,-4.827477000847907,0.00041915281607792345,-4.243765510204081,-3.5443646122448977,-3.2046503498542274,3,35,True,
15min,2024-11-28,2024-11-28,2024-11-28,36,trend_sensitivity,KPSS,ct,level_or_trend_stationarity,,Bartlett_short_bandwidth,False,ok,0.1196221518242272,0.09923297184707812,0.2175,0.1479,0.1193,3,36,False,
15min,2024-11-28,2024-11-28,2024-11-28,36,lag_sensitivity,ADF,c,unit_root,6.0,aic,False,ok,-2.152083879657972,0.22409328535839002,-3.6461350877925254,-2.954126991123355,-2.6159676124885216,2,33,False,
15min,2024-11-28,2024-11-28,2024-11-28,36,lag_sensitivity,PP,c,unit_root,,Bartlett_short_bandwidth,False,ok,-4.972484819299566,2.5150829798032307e-05,-3.6327426647230316,-2.9485102040816327,-2.6130173469387756,6,35,True,
15min,2024-11-28,2024-11-28,2024-11-28,36,lag_sensitivity,KPSS,c,level_or_trend_stationarity,,Bartlett_short_bandwidth,False,ok,0.14546431539316065,0.40440924553474145,0.7428,0.4614,0.3475,6,36,False,
15min,2024-11-29,2024-11-29,2024-11-29,36,main,ADF,c,unit_root,6.0,bic,False,ok,-7.506875956651135,4.112430758226845e-11,-3.6327426647230316,-2.9485102040816327,-2.6130173469387756,0,35,True,
15min,2024-11-29,2024-11-29,2024-11-29,36,main,PP,c,unit_root,,Bartlett_short_bandwidth,False,ok,-7.295050836346218,1.3849682655491456e-10,-3.6327426647230316,-2.9485102040816327,-2.6130173469387756,3,35,True,
15min,2024-11-29,2024-11-29,2024-11-29,36,main,KPSS,c,level_or_trend_stationarity,,Bartlett_short_bandwidth,False,ok,0.2518533912447308,0.186341806096499,0.7428,0.4614,0.3475,3,36,False,
15min,2024-11-29,2024-11-29,2024-11-29,36,trend_sensitivity,ADF,ct,unit_root,6.0,bic,False,ok,-7.918946876914027,1.1000234901176843e-10,-4.243765510204081,-3.5443646122448977,-3.2046503498542274,0,35,True,
15min,2024-11-29,2024-11-29,2024-11-29,36,trend_sensitivity,PP,ct,unit_root,,Bartlett_short_bandwidth,False,ok,-7.64678579164975,4.678135866387554e-10,-4.243765510204081,-3.5443646122448977,-3.2046503498542274,3,35,True,
15min,2024-11-29,2024-11-29,2024-11-29,36,trend_sensitivity,KPSS,ct,level_or_trend_stationarity,,Bartlett_short_bandwidth,False,ok,0.09523642582204433,0.18225678524980893,0.2175,0.1479,0.1193,3,36,False,
15min,2024-11-29,2024-11-29,2024-11-29,36,lag_sensitivity,ADF,c,unit_root,6.0,aic,False,ok,-3.1691307714921604,0.021842498537817317,-3.6790595944893187,-2.9678817237279103,-2.6231583472057074,6,29,True,
15min,2024-11-29,2024-11-29,2024-11-29,36,lag_sensitivity,PP,c,unit_root,,Bartlett_short_bandwidth,False,ok,-7.278407830806735,1.5228676075215475e-10,-3.6327426647230316,-2.9485102040816327,-2.6130173469387756,6,35,True,
15min,2024-11-29,2024-11-29,2024-11-29,36,lag_sensitivity,KPSS,c,level_or_trend_stationarity,,Bartlett_short_bandwidth,False,ok,0.2078059077873052,0.25338230752266927,0.7428,0.4614,0.3475,6,36,False,
15min,2024-12-02,2024-12-02,2024-12-02,36,main,ADF,c,unit_root,6.0,bic,False,ok,-4.731299141159071,7.346861998953338e-05,-3.6461350877925254,-2.954126991123355,-2.6159676124885216,2,33,True,
15min,2024-12-02,2024-12-02,2024-12-02,36,main,PP,c,unit_root,,Bartlett_short_bandwidth,False,ok,-6.138545208986818,8.075559934189524e-08,-3.6327426647230316,-2.9485102040816327,-2.6130173469387756,3,35,True,
15min,2024-12-02,2024-12-02,2024-12-02,36,main,KPSS,c,level_or_trend_stationarity,,Bartlett_short_bandwidth,False,ok,0.10510849790869872,0.5609206831312562,0.7428,0.4614,0.3475,3,36,False,
15min,2024-12-02,2024-12-02,2024-12-02,36,trend_sensitivity,ADF,ct,unit_root,6.0,bic,False,ok,-4.638610138406302,0.0008877949041644977,-4.262944107465843,-3.553092543339733,-3.2096284957008097,2,33,True,
15min,2024-12-02,2024-12-02,2024-12-02,36,trend_sensitivity,PP,ct,unit_root,,Bartlett_short_bandwidth,False,ok,-6.0266644392580115,1.930587801937668e-06,-4.243765510204081,-3.5443646122448977,-3.2046503498542274,3,35,True,
15min,2024-12-02,2024-12-02,2024-12-02,36,trend_sensitivity,KPSS,ct,level_or_trend_stationarity,,Bartlett_short_bandwidth,False,ok,0.09261271065546119,0.19513923134968786,0.2175,0.1479,0.1193,3,36,False,
15min,2024-12-02,2024-12-02,2024-12-02,36,lag_sensitivity,ADF,c,unit_root,6.0,aic,False,ok,-4.731299141159071,7.346861998953338e-05,-3.6461350877925254,-2.954126991123355,-2.6159676124885216,2,33,True,
15min,2024-12-02,2024-12-02,2024-12-02,36,lag_sensitivity,PP,c,unit_root,,Bartlett_short_bandwidth,False,ok,-6.263054451199676,4.17771407293996e-08,-3.6327426647230316,-2.9485102040816327,-2.6130173469387756,6,35,True,
15min,2024-12-02,2024-12-02,2024-12-02,36,lag_sensitivity,KPSS,c,level_or_trend_stationarity,,Bartlett_short_bandwidth,False,ok,0.14421379898588343,0.40841731094268136,0.7428,0.4614,0.3475,6,36,False,
15min,2024-12-03,2024-12-03,2024-12-03,36,main,ADF,c,unit_root,6.0,bic,False,ok,-6.889213853934145,1.3693501806863498e-09,-3.6327426647230316,-2.9485102040816327,-2.6130173469387756,0,35,True,
15min,2024-12-03,2024-12-03,2024-12-03,36,main,PP,c,unit_root,,Bartlett_short_bandwidth,False,ok,-7.692525806815599,1.4068830341081448e-11,-3.6327426647230316,-2.9485102040816327,-2.6130173469387756,3,35,True,
15min,2024-12-03,2024-12-03,2024-12-03,36,main,KPSS,c,level_or_trend_stationarity,,Bartlett_short_bandwidth,False,ok,0.0692831807545808,0.7568921403860261,0.7428,0.4614,0.3475,3,36,False,
15min,2024-12-03,2024-12-03,2024-12-03,36,trend_sensitivity,ADF,ct,unit_root,6.0,bic,False,ok,-6.780977171775492,4.3953808686404117e-08,-4.243765510204081,-3.5443646122448977,-3.2046503498542274,0,35,True,
15min,2024-12-03,2024-12-03,2024-12-03,36,trend_sensitivity,PP,ct,unit_root,,Bartlett_short_bandwidth,False,ok,-7.524288235809595,8.960804358916282e-10,-4.243765510204081,-3.5443646122448977,-3.2046503498542274,3,35,True,
15min,2024-12-03,2024-12-03,2024-12-03,36,trend_sensitivity,KPSS,ct,level_or_trend_stationarity,,Bartlett_short_bandwidth,False,ok,0.0499978605059717,0.5747972952655112,0.2175,0.1479,0.1193,3,36,False,
15min,2024-12-03,2024-12-03,2024-12-03,36,lag_sensitivity,ADF,c,unit_root,6.0,aic,False,ok,-6.889213853934145,1.3693501806863498e-09,-3.6327426647230316,-2.9485102040816327,-2.6130173469387756,0,35,True,
15min,2024-12-03,2024-12-03,2024-12-03,36,lag_sensitivity,PP,c,unit_root,,Bartlett_short_bandwidth,False,ok,-8.974309158728836,7.60474582761449e-15,-3.6327426647230316,-2.9485102040816327,-2.6130173469387756,6,35,True,
15min,2024-12-03,2024-12-03,2024-12-03,36,lag_sensitivity,KPSS,c,level_or_trend_stationarity,,Bartlett_short_bandwidth,False,ok,0.12487115421241866,0.4768243912667684,0.7428,0.4614,0.3475,6,36,False,
15min,2024-12-04,2024-12-04,2024-12-04,36,main,ADF,c,unit_root,6.0,bic,False,ok,-5.70273479167629,7.609887832673209e-07,-3.639224104416853,-2.9512301791166293,-2.614446989619377,1,34,True,
15min,2024-12-04,2024-12-04,2024-12-04,36,main,PP,c,unit_root,,Bartlett_short_bandwidth,False,ok,-7.880146566037194,4.7267067890020585e-12,-3.6327426647230316,-2.9485102040816327,-2.6130173469387756,3,35,True,
15min,2024-12-04,2024-12-04,2024-12-04,36,main,KPSS,c,level_or_trend_stationarity,,Bartlett_short_bandwidth,False,ok,0.16042582361092245,0.36003894612383935,0.7428,0.4614,0.3475,3,36,False,
15min,2024-12-04,2024-12-04,2024-12-04,36,trend_sensitivity,ADF,ct,unit_root,6.0,bic,False,ok,-6.06747234554501,1.5831275346680118e-06,-4.253042608385915,-3.5485904579686545,-3.2070617952371263,1,34,True,
15min,2024-12-04,2024-12-04,2024-12-04,36,trend_sensitivity,PP,ct,unit_root,,Bartlett_short_bandwidth,False,ok,-8.450593238228993,6.516900499595801e-12,-4.243765510204081,-3.5443646122448977,-3.2046503498542274,3,35,True,
15min,2024-12-04,2024-12-04,2024-12-04,36,trend_sensitivity,KPSS,ct,level_or_trend_stationarity,,Bartlett_short_bandwidth,False,ok,0.08666058063205165,0.22643651620769012,0.2175,0.1479,0.1193,3,36,False,
15min,2024-12-04,2024-12-04,2024-12-04,36,lag_sensitivity,ADF,c,unit_root,6.0,aic,False,ok,-5.70273479167629,7.609887832673209e-07,-3.639224104416853,-2.9512301791166293,-2.614446989619377,1,34,True,
15min,2024-12-04,2024-12-04,2024-12-04,36,lag_sensitivity,PP,c,unit_root,,Bartlett_short_bandwidth,False,ok,-7.695547504638501,1.3824539282692716e-11,-3.6327426647230316,-2.9485102040816327,-2.6130173469387756,6,35,True,
15min,2024-12-04,2024-12-04,2024-12-04,36,lag_sensitivity,KPSS,c,level_or_trend_stationarity,,Bartlett_short_bandwidth,False,ok,0.16174817533011715,0.3564061117304474,0.7428,0.4614,0.3475,6,36,False,
15min,2024-12-05,2024-12-05,2024-12-05,36,main,ADF,c,unit_root,6.0,bic,False,ok,-4.431605468831735,0.0002608498951149607,-3.6327426647230316,-2.9485102040816327,-2.6130173469387756,0,35,True,
15min,2024-12-05,2024-12-05,2024-12-05,36,main,PP,c,unit_root,,Bartlett_short_bandwidth,False,ok,-4.427298199015717,0.0002654978295728259,-3.6327426647230316,-2.9485102040816327,-2.6130173469387756,3,35,True,
15min,2024-12-05,2024-12-05,2024-12-05,36,main,KPSS,c,level_or_trend_stationarity,,Bartlett_short_bandwidth,False,ok,0.43938455421369027,0.057074291650451636,0.7428,0.4614,0.3475,3,36,False,
15min,2024-12-05,2024-12-05,2024-12-05,36,trend_sensitivity,ADF,ct,unit_root,6.0,bic,False,ok,-4.661449379829312,0.000812102130964559,-4.243765510204081,-3.5443646122448977,-3.2046503498542274,0,35,True,
15min,2024-12-05,2024-12-05,2024-12-05,36,trend_sensitivity,PP,ct,unit_root,,Bartlett_short_bandwidth,False,ok,-4.669591573797769,0.0007866202820163595,-4.243765510204081,-3.5443646122448977,-3.2046503498542274,3,35,True,
15min,2024-12-05,2024-12-05,2024-12-05,36,trend_sensitivity,KPSS,ct,level_or_trend_stationarity,,Bartlett_short_bandwidth,False,ok,0.16948464542062988,0.030087389832856148,0.2175,0.1479,0.1193,3,36,True,
15min,2024-12-05,2024-12-05,2024-12-05,36,lag_sensitivity,ADF,c,unit_root,6.0,aic,False,ok,-4.431605468831735,0.0002608498951149607,-3.6327426647230316,-2.9485102040816327,-2.6130173469387756,0,35,True,
15min,2024-12-05,2024-12-05,2024-12-05,36,lag_sensitivity,PP,c,unit_root,,Bartlett_short_bandwidth,False,ok,-4.419122540228516,0.0002745370534732434,-3.6327426647230316,-2.9485102040816327,-2.6130173469387756,6,35,True,
15min,2024-12-05,2024-12-05,2024-12-05,36,lag_sensitivity,KPSS,c,level_or_trend_stationarity,,Bartlett_short_bandwidth,False,ok,0.35360019753453736,0.09628036735698942,0.7428,0.4614,0.3475,6,36,False,
15min,2024-12-06,2024-12-06,2024-12-06,36,main,ADF,c,unit_root,6.0,bic,False,ok,-5.346904613569505,4.374775315137251e-06,-3.6327426647230316,-2.9485102040816327,-2.6130173469387756,0,35,True,
15min,2024-12-06,2024-12-06,2024-12-06,36,main,PP,c,unit_root,,Bartlett_short_bandwidth,False,ok,-5.383330910101409,3.6712363892706858e-06,-3.6327426647230316,-2.9485102040816327,-2.6130173469387756,3,35,True,
15min,2024-12-06,2024-12-06,2024-12-06,36,main,KPSS,c,level_or_trend_stationarity,,Bartlett_short_bandwidth,False,ok,0.14147888287330498,0.4171830677137661,0.7428,0.4614,0.3475,3,36,False,
15min,2024-12-06,2024-12-06,2024-12-06,36,trend_sensitivity,ADF,ct,unit_root,6.0,bic,False,ok,-5.225036019390758,7.853607257124823e-05,-4.243765510204081,-3.5443646122448977,-3.2046503498542274,0,35,True,
15min,2024-12-06,2024-12-06,2024-12-06,36,trend_sensitivity,PP,ct,unit_root,,Bartlett_short_bandwidth,False,ok,-5.274107472823935,6.334388537456046e-05,-4.243765510204081,-3.5443646122448977,-3.2046503498542274,3,35,True,
15min,2024-12-06,2024-12-06,2024-12-06,36,trend_sensitivity,KPSS,ct,level_or_trend_stationarity,,Bartlett_short_bandwidth,False,ok,0.0643968169665252,0.4010674106911186,0.2175,0.1479,0.1193,3,36,False,
15min,2024-12-06,2024-12-06,2024-12-06,36,lag_sensitivity,ADF,c,unit_root,6.0,aic,False,ok,-2.6870197052259712,0.07631148651587082,-3.653519805908203,-2.9572185644531253,-2.6175881640625,3,32,False,
15min,2024-12-06,2024-12-06,2024-12-06,36,lag_sensitivity,PP,c,unit_root,,Bartlett_short_bandwidth,False,ok,-5.375643575651132,3.809897293437534e-06,-3.6327426647230316,-2.9485102040816327,-2.6130173469387756,6,35,True,
15min,2024-12-06,2024-12-06,2024-12-06,36,lag_sensitivity,KPSS,c,level_or_trend_stationarity,,Bartlett_short_bandwidth,False,ok,0.1537938864836972,0.3789467664175678,0.7428,0.4614,0.3475,6,36,False,
15min,2024-12-09,2024-12-09,2024-12-09,36,main,ADF,c,unit_root,6.0,bic,False,ok,-7.516575172855201,3.8890219228489695e-11,-3.6327426647230316,-2.9485102040816327,-2.6130173469387756,0,35,True,
15min,2024-12-09,2024-12-09,2024-12-09,36,main,PP,c,unit_root,,Bartlett_short_bandwidth,False,ok,-7.334511386420407,1.1055381834837775e-10,-3.6327426647230316,-2.9485102040816327,-2.6130173469387756,3,35,True,
15min,2024-12-09,2024-12-09,2024-12-09,36,main,KPSS,c,level_or_trend_stationarity,,Bartlett_short_bandwidth,False,ok,0.27951161818719145,0.1548837310550089,0.7428,0.4614,0.3475,3,36,False,
15min,2024-12-09,2024-12-09,2024-12-09,36,trend_sensitivity,ADF,ct,unit_root,6.0,bic,False,ok,-8.084229920580785,4.5633517317462816e-11,-4.243765510204081,-3.5443646122448977,-3.2046503498542274,0,35,True,
15min,2024-12-09,2024-12-09,2024-12-09,36,trend_sensitivity,PP,ct,unit_root,,Bartlett_short_bandwidth,False,ok,-7.958732738615573,8.900553589184057e-11,-4.243765510204081,-3.5443646122448977,-3.2046503498542274,3,35,True,
15min,2024-12-09,2024-12-09,2024-12-09,36,trend_sensitivity,KPSS,ct,level_or_trend_stationarity,,Bartlett_short_bandwidth,False,ok,0.08695994465572296,0.22467886791576988,0.2175,0.1479,0.1193,3,36,False,
15min,2024-12-09,2024-12-09,2024-12-09,36,lag_sensitivity,ADF,c,unit_root,6.0,aic,False,ok,-7.516575172855201,3.8890219228489695e-11,-3.6327426647230316,-2.9485102040816327,-2.6130173469387756,0,35,True,
15min,2024-12-09,2024-12-09,2024-12-09,36,lag_sensitivity,PP,c,unit_root,,Bartlett_short_bandwidth,False,ok,-7.293338586721694,1.3985638890609773e-10,-3.6327426647230316,-2.9485102040816327,-2.6130173469387756,6,35,True,
15min,2024-12-09,2024-12-09,2024-12-09,36,lag_sensitivity,KPSS,c,level_or_trend_stationarity,,Bartlett_short_bandwidth,False,ok,0.2499582796890841,0.18877143629604604,0.7428,0.4614,0.3475,6,36,False,
15min,2024-12-10,2024-12-10,2024-12-10,36,main,ADF,c,unit_root,6.0,bic,False,ok,-8.501357716614509,1.2358132710238343e-13,-3.6327426647230316,-2.9485102040816327,-2.6130173469387756,0,35,True,
15min,2024-12-10,2024-12-10,2024-12-10,36,main,PP,c,unit_root,,Bartlett_short_bandwidth,False,ok,-10.224773586129519,5.211541882674649e-18,-3.6327426647230316,-2.9485102040816327,-2.6130173469387756,3,35,True,
15min,2024-12-10,2024-12-10,2024-12-10,36,main,KPSS,c,level_or_trend_stationarity,,Bartlett_short_bandwidth,False,ok,0.19135897413355588,0.2854064380137109,0.7428,0.4614,0.3475,3,36,False,
15min,2024-12-10,2024-12-10,2024-12-10,36,trend_sensitivity,ADF,ct,unit_root,6.0,bic,False,ok,-8.375967111169485,9.67948665129672e-12,-4.243765510204081,-3.5443646122448977,-3.2046503498542274,0,35,True,
15min,2024-12-10,2024-12-10,2024-12-10,36,trend_sensitivity,PP,ct,unit_root,,Bartlett_short_bandwidth,False,ok,-10.105089716656888,1.3848609050587684e-15,-4.243765510204081,-3.5443646122448977,-3.2046503498542274,3,35,True,
15min,2024-12-10,2024-12-10,2024-12-10,36,trend_sensitivity,KPSS,ct,level_or_trend_stationarity,,Bartlett_short_bandwidth,False,ok,0.06943921186852321,0.3520757597541102,0.2175,0.1479,0.1193,3,36,False,
15min,2024-12-10,2024-12-10,2024-12-10,36,lag_sensitivity,ADF,c,unit_root,6.0,aic,False,ok,-8.501357716614509,1.2358132710238343e-13,-3.6327426647230316,-2.9485102040816327,-2.6130173469387756,0,35,True,
15min,2024-12-10,2024-12-10,2024-12-10,36,lag_sensitivity,PP,c,unit_root,,Bartlett_short_bandwidth,False,ok,-10.42886324975077,1.6304884933758565e-18,-3.6327426647230316,-2.9485102040816327,-2.6130173469387756,6,35,True,
15min,2024-12-10,2024-12-10,2024-12-10,36,lag_sensitivity,KPSS,c,level_or_trend_stationarity,,Bartlett_short_bandwidth,False,ok,0.24384205161487602,0.19674715053489444,0.7428,0.4614,0.3475,6,36,False,
15min,2024-12-11,2024-12-11,2024-12-11,36,main,ADF,c,unit_root,6.0,bic,False,ok,-4.523998729099336,0.0001779109513186063,-3.6327426647230316,-2.9485102040816327,-2.6130173469387756,0,35,True,
15min,2024-12-11,2024-12-11,2024-12-11,36,main,PP,c,unit_root,,Bartlett_short_bandwidth,False,ok,-4.449536977975524,0.00024231718329900543,-3.6327426647230316,-2.9485102040816327,-2.6130173469387756,3,35,True,
15min,2024-12-11,2024-12-11,2024-12-11,36,main,KPSS,c,level_or_trend_stationarity,,Bartlett_short_bandwidth,False,ok,0.13948725875057627,0.4238107577035059,0.7428,0.4614,0.3475,3,36,False,
15min,2024-12-11,2024-12-11,2024-12-11,36,trend_sensitivity,ADF,ct,unit_root,6.0,bic,False,ok,-4.585047727733999,0.0010921614017212523,-4.243765510204081,-3.5443646122448977,-3.2046503498542274,0,35,True,
15min,2024-12-11,2024-12-11,2024-12-11,36,trend_sensitivity,PP,ct,unit_root,,Bartlett_short_bandwidth,False,ok,-4.495699447421114,0.0015341543718336427,-4.243765510204081,-3.5443646122448977,-3.2046503498542274,3,35,True,
15min,2024-12-11,2024-12-11,2024-12-11,36,trend_sensitivity,KPSS,ct,level_or_trend_stationarity,,Bartlett_short_bandwidth,False,ok,0.05424438013976492,0.5173107876346722,0.2175,0.1479,0.1193,3,36,False,
15min,2024-12-11,2024-12-11,2024-12-11,36,lag_sensitivity,ADF,c,unit_root,6.0,aic,False,ok,-4.523998729099336,0.0001779109513186063,-3.6327426647230316,-2.9485102040816327,-2.6130173469387756,0,35,True,
15min,2024-12-11,2024-12-11,2024-12-11,36,lag_sensitivity,PP,c,unit_root,,Bartlett_short_bandwidth,False,ok,-4.362999473327937,0.000344933107267258,-3.6327426647230316,-2.9485102040816327,-2.6130173469387756,6,35,True,
15min,2024-12-11,2024-12-11,2024-12-11,36,lag_sensitivity,KPSS,c,level_or_trend_stationarity,,Bartlett_short_bandwidth,False,ok,0.18435764386622236,0.3003272554799486,0.7428,0.4614,0.3475,6,36,False,
15min,2024-12-12,2024-12-12,2024-12-12,36,main,ADF,c,unit_root,6.0,bic,False,ok,-6.111303543325283,9.318699703974566e-08,-3.6327426647230316,-2.9485102040816327,-2.6130173469387756,0,35,True,
15min,2024-12-12,2024-12-12,2024-12-12,36,main,PP,c,unit_root,,Bartlett_short_bandwidth,False,ok,-6.065112325842229,1.1869137679778074e-07,-3.6327426647230316,-2.9485102040816327,-2.6130173469387756,3,35,True,
15min,2024-12-12,2024-12-12,2024-12-12,36,main,KPSS,c,level_or_trend_stationarity,,Bartlett_short_bandwidth,False,ok,0.5521020052481771,0.029477530815161846,0.7428,0.4614,0.3475,3,36,True,
15min,2024-12-12,2024-12-12,2024-12-12,36,trend_sensitivity,ADF,ct,unit_root,6.0,bic,False,ok,-6.746192638614355,5.256951814982997e-08,-4.243765510204081,-3.5443646122448977,-3.2046503498542274,0,35,True,
15min,2024-12-12,2024-12-12,2024-12-12,36,trend_sensitivity,PP,ct,unit_root,,Bartlett_short_bandwidth,False,ok,-6.791704951141719,4.159012261443434e-08,-4.243765510204081,-3.5443646122448977,-3.2046503498542274,3,35,True,
15min,2024-12-12,2024-12-12,2024-12-12,36,trend_sensitivity,KPSS,ct,level_or_trend_stationarity,,Bartlett_short_bandwidth,False,ok,0.12245988818263767,0.092591163221278,0.2175,0.1479,0.1193,3,36,False,
15min,2024-12-12,2024-12-12,2024-12-12,36,lag_sensitivity,ADF,c,unit_root,6.0,aic,False,ok,-6.111303543325283,9.318699703974566e-08,-3.6327426647230316,-2.9485102040816327,-2.6130173469387756,0,35,True,
15min,2024-12-12,2024-12-12,2024-12-12,36,lag_sensitivity,PP,c,unit_root,,Bartlett_short_bandwidth,False,ok,-6.060932756222371,1.213116013374078e-07,-3.6327426647230316,-2.9485102040816327,-2.6130173469387756,6,35,True,
15min,2024-12-12,2024-12-12,2024-12-12,36,lag_sensitivity,KPSS,c,level_or_trend_stationarity,,Bartlett_short_bandwidth,False,ok,0.467869937738992,0.048192754821510614,0.7428,0.4614,0.3475,6,36,True,
15min,2024-12-13,2024-12-13,2024-12-13,36,main,ADF,c,unit_root,6.0,bic,False,ok,-7.2264638136175945,2.0469565989294554e-10,-3.6327426647230316,-2.9485102040816327,-2.6130173469387756,0,35,True,
15min,2024-12-13,2024-12-13,2024-12-13,36,main,PP,c,unit_root,,Bartlett_short_bandwidth,False,ok,-7.053935447652872,5.436320399660601e-10,-3.6327426647230316,-2.9485102040816327,-2.6130173469387756,3,35,True,
15min,2024-12-13,2024-12-13,2024-12-13,36,main,KPSS,c,level_or_trend_stationarity,,Bartlett_short_bandwidth,False,ok,0.12282292729072798,0.48490949753660006,0.7428,0.4614,0.3475,3,36,False,
15min,2024-12-13,2024-12-13,2024-12-13,36,trend_sensitivity,ADF,ct,unit_root,6.0,bic,False,ok,-7.413601045476743,1.6099459072849802e-09,-4.243765510204081,-3.5443646122448977,-3.2046503498542274,0,35,True,
15min,2024-12-13,2024-12-13,2024-12-13,36,trend_sensitivity,PP,ct,unit_root,,Bartlett_short_bandwidth,False,ok,-7.208650910660139,4.742244398814898e-09,-4.243765510204081,-3.5443646122448977,-3.2046503498542274,3,35,True,
15min,2024-12-13,2024-12-13,2024-12-13,36,trend_sensitivity,KPSS,ct,level_or_trend_stationarity,,Bartlett_short_bandwidth,False,ok,0.08279353609211335,0.25004039942429157,0.2175,0.1479,0.1193,3,36,False,
15min,2024-12-13,2024-12-13,2024-12-13,36,lag_sensitivity,ADF,c,unit_root,6.0,aic,False,ok,-2.7392834392654377,0.06748368845863482,-3.653519805908203,-2.9572185644531253,-2.6175881640625,3,32,False,
15min,2024-12-13,2024-12-13,2024-12-13,36,lag_sensitivity,PP,c,unit_root,,Bartlett_short_bandwidth,False,ok,-7.057038570736933,5.34207537205514e-10,-3.6327426647230316,-2.9485102040816327,-2.6130173469387756,6,35,True,
15min,2024-12-13,2024-12-13,2024-12-13,36,lag_sensitivity,KPSS,c,level_or_trend_stationarity,,Bartlett_short_bandwidth,False,ok,0.1319134166915502,0.45017381831511116,0.7428,0.4614,0.3475,6,36,False,
15min,2024-12-16,2024-12-16,2024-12-16,36,main,ADF,c,unit_root,6.0,bic,False,ok,-5.17786030280116,9.754765751358939e-06,-3.6327426647230316,-2.9485102040816327,-2.6130173469387756,0,35,True,
15min,2024-12-16,2024-12-16,2024-12-16,36,main,PP,c,unit_root,,Bartlett_short_bandwidth,False,ok,-5.1380545748682955,1.174821433291573e-05,-3.6327426647230316,-2.9485102040816327,-2.6130173469387756,3,35,True,
15min,2024-12-16,2024-12-16,2024-12-16,36,main,KPSS,c,level_or_trend_stationarity,,Bartlett_short_bandwidth,False,ok,0.4092131389142821,0.06840929312427556,0.7428,0.4614,0.3475,3,36,False,
15min,2024-12-16,2024-12-16,2024-12-16,36,trend_sensitivity,ADF,ct,unit_root,6.0,bic,False,ok,-4.578502109452769,0.0011199679948578217,-4.253042608385915,-3.5485904579686545,-3.2070617952371263,1,34,True,
15min,2024-12-16,2024-12-16,2024-12-16,36,trend_sensitivity,PP,ct,unit_root,,Bartlett_short_bandwidth,False,ok,-5.680223065619529,1.0044450793001351e-05,-4.243765510204081,-3.5443646122448977,-3.2046503498542274,3,35,True,
15min,2024-12-16,2024-12-16,2024-12-16,36,trend_sensitivity,KPSS,ct,level_or_trend_stationarity,,Bartlett_short_bandwidth,False,ok,0.11766963294919923,0.10440639743459668,0.2175,0.1479,0.1193,3,36,False,
15min,2024-12-16,2024-12-16,2024-12-16,36,lag_sensitivity,ADF,c,unit_root,6.0,aic,False,ok,-1.7360598353325596,0.41263562483473604,-3.6699197407407405,-2.9640707407407407,-2.621171111111111,5,30,False,
15min,2024-12-16,2024-12-16,2024-12-16,36,lag_sensitivity,PP,c,unit_root,,Bartlett_short_bandwidth,False,ok,-5.197085609416576,8.913338886761041e-06,-3.6327426647230316,-2.9485102040816327,-2.6130173469387756,6,35,True,
15min,2024-12-16,2024-12-16,2024-12-16,36,lag_sensitivity,KPSS,c,level_or_trend_stationarity,,Bartlett_short_bandwidth,False,ok,0.3353214936860138,0.10842803205120148,0.7428,0.4614,0.3475,6,36,False,
15min,2024-12-17,2024-12-17,2024-12-17,36,main,ADF,c,unit_root,6.0,bic,False,ok,-6.3748154518837765,2.2976577815006372e-08,-3.6327426647230316,-2.9485102040816327,-2.6130173469387756,0,35,True,
15min,2024-12-17,2024-12-17,2024-12-17,36,main,PP,c,unit_root,,Bartlett_short_bandwidth,False,ok,-6.687278672659202,4.195046328359442e-09,-3.6327426647230316,-2.9485102040816327,-2.6130173469387756,3,35,True,
15min,2024-12-17,2024-12-17,2024-12-17,36,main,KPSS,c,level_or_trend_stationarity,,Bartlett_short_bandwidth,False,ok,0.06228420412817206,0.8004090935035935,0.7428,0.4614,0.3475,3,36,False,
15min,2024-12-17,2024-12-17,2024-12-17,36,trend_sensitivity,ADF,ct,unit_root,6.0,bic,False,ok,-6.293270483627892,5.206574476980925e-07,-4.243765510204081,-3.5443646122448977,-3.2046503498542274,0,35,True,
15min,2024-12-17,2024-12-17,2024-12-17,36,trend_sensitivity,PP,ct,unit_root,,Bartlett_short_bandwidth,False,ok,-6.597596532763227,1.124498311358518e-07,-4.243765510204081,-3.5443646122448977,-3.2046503498542274,3,35,True,
15min,2024-12-17,2024-12-17,2024-12-17,36,trend_sensitivity,KPSS,ct,level_or_trend_stationarity,,Bartlett_short_bandwidth,False,ok,0.06034701899969852,0.44423842045797135,0.2175,0.1479,0.1193,3,36,False,
15min,2024-12-17,2024-12-17,2024-12-17,36,lag_sensitivity,ADF,c,unit_root,6.0,aic,False,ok,-5.151816122988729,1.1018144328091213e-05,-3.6461350877925254,-2.954126991123355,-2.6159676124885216,2,33,True,
15min,2024-12-17,2024-12-17,2024-12-17,36,lag_sensitivity,PP,c,unit_root,,Bartlett_short_bandwidth,False,ok,-7.0706509324184506,4.947407124948869e-10,-3.6327426647230316,-2.9485102040816327,-2.6130173469387756,6,35,True,
15min,2024-12-17,2024-12-17,2024-12-17,36,lag_sensitivity,KPSS,c,level_or_trend_stationarity,,Bartlett_short_bandwidth,False,ok,0.08933875275837268,0.6403340758634218,0.7428,0.4614,0.3475,6,36,False,
15min,2024-12-18,2024-12-18,2024-12-18,36,main,ADF,c,unit_root,6.0,bic,False,ok,-5.819238041737252,4.2209872362934434e-07,-3.6327426647230316,-2.9485102040816327,-2.6130173469387756,0,35,True,
15min,2024-12-18,2024-12-18,2024-12-18,36,main,PP,c,unit_root,,Bartlett_short_bandwidth,False,ok,-5.827869569423775,4.0393857789421345e-07,-3.6327426647230316,-2.9485102040816327,-2.6130173469387756,3,35,True,
15min,2024-12-18,2024-12-18,2024-12-18,36,main,KPSS,c,level_or_trend_stationarity,,Bartlett_short_bandwidth,False,ok,0.16262316118660247,0.35400230443241076,0.7428,0.4614,0.3475,3,36,False,
15min,2024-12-18,2024-12-18,2024-12-18,36,trend_sensitivity,ADF,ct,unit_root,6.0,bic,False,ok,-5.822889378867888,5.133847454720002e-06,-4.243765510204081,-3.5443646122448977,-3.2046503498542274,0,35,True,
15min,2024-12-18,2024-12-18,2024-12-18,36,trend_sensitivity,PP,ct,unit_root,,Bartlett_short_bandwidth,False,ok,-5.835098539218868,4.844684783556965e-06,-4.243765510204081,-3.5443646122448977,-3.2046503498542274,3,35,True,
15min,2024-12-18,2024-12-18,2024-12-18,36,trend_sensitivity,KPSS,ct,level_or_trend_stationarity,,Bartlett_short_bandwidth,False,ok,0.08891310959938782,0.2142154842889938,0.2175,0.1479,0.1193,3,36,False,
15min,2024-12-18,2024-12-18,2024-12-18,36,lag_sensitivity,ADF,c,unit_root,6.0,aic,False,ok,-5.819238041737252,4.2209872362934434e-07,-3.6327426647230316,-2.9485102040816327,-2.6130173469387756,0,35,True,
15min,2024-12-18,2024-12-18,2024-12-18,36,lag_sensitivity,PP,c,unit_root,,Bartlett_short_bandwidth,False,ok,-5.825969805543505,4.0786876776466263e-07,-3.6327426647230316,-2.9485102040816327,-2.6130173469387756,6,35,True,
15min,2024-12-18,2024-12-18,2024-12-18,36,lag_sensitivity,KPSS,c,level_or_trend_stationarity,,Bartlett_short_bandwidth,False,ok,0.19541594762983688,0.2770275536669865,0.7428,0.4614,0.3475,6,36,False,
15min,2024-12-19,2024-12-19,2024-12-19,36,main,ADF,c,unit_root,6.0,bic,False,ok,-9.313702867587129,1.0326345421102865e-15,-3.6327426647230316,-2.9485102040816327,-2.6130173469387756,0,35,True,
15min,2024-12-19,2024-12-19,2024-12-19,36,main,PP,c,unit_root,,Bartlett_short_bandwidth,False,ok,-10.131456493599094,8.895415455698785e-18,-3.6327426647230316,-2.9485102040816327,-2.6130173469387756,3,35,True,
15min,2024-12-19,2024-12-19,2024-12-19,36,main,KPSS,c,level_or_trend_stationarity,,Bartlett_short_bandwidth,False,ok,0.07608602169544088,0.7153429725275119,0.7428,0.4614,0.3475,3,36,False,
15min,2024-12-19,2024-12-19,2024-12-19,36,trend_sensitivity,ADF,ct,unit_root,6.0,bic,False,ok,-9.151732588769212,1.6520934697231036e-13,-4.243765510204081,-3.5443646122448977,-3.2046503498542274,0,35,True,
15min,2024-12-19,2024-12-19,2024-12-19,36,trend_sensitivity,PP,ct,unit_root,,Bartlett_short_bandwidth,False,ok,-9.963904411483748,2.7522789205097963e-15,-4.243765510204081,-3.5443646122448977,-3.2046503498542274,3,35,True,
15min,2024-12-19,2024-12-19,2024-12-19,36,trend_sensitivity,KPSS,ct,level_or_trend_stationarity,,Bartlett_short_bandwidth,False,ok,0.07774341452374305,0.2846898962589783,0.2175,0.1479,0.1193,3,36,False,
15min,2024-12-19,2024-12-19,2024-12-19,36,lag_sensitivity,ADF,c,unit_root,6.0,aic,False,ok,-4.573008597883222,0.00014480360641516612,-3.6461350877925254,-2.954126991123355,-2.6159676124885216,2,33,True,
15min,2024-12-19,2024-12-19,2024-12-19,36,lag_sensitivity,PP,c,unit_root,,Bartlett_short_bandwidth,False,ok,-11.715238843500394,1.4565615909078635e-21,-3.6327426647230316,-2.9485102040816327,-2.6130173469387756,6,35,True,
15min,2024-12-19,2024-12-19,2024-12-19,36,lag_sensitivity,KPSS,c,level_or_trend_stationarity,,Bartlett_short_bandwidth,False,ok,0.10593011454289289,0.5571358429868505,0.7428,0.4614,0.3475,6,36,False,
15min,2024-12-20,2024-12-20,2024-12-20,36,main,ADF,c,unit_root,6.0,bic,False,ok,-5.804977311119666,4.538664519033564e-07,-3.6327426647230316,-2.9485102040816327,-2.6130173469387756,0,35,True,
15min,2024-12-20,2024-12-20,2024-12-20,36,main,PP,c,unit_root,,Bartlett_short_bandwidth,False,ok,-5.8146768283103665,4.320152582268095e-07,-3.6327426647230316,-2.9485102040816327,-2.6130173469387756,3,35,True,
15min,2024-12-20,2024-12-20,2024-12-20,36,main,KPSS,c,level_or_trend_stationarity,,Bartlett_short_bandwidth,False,ok,0.11901900006503155,0.49992499974329646,0.7428,0.4614,0.3475,3,36,False,
15min,2024-12-20,2024-12-20,2024-12-20,36,trend_sensitivity,ADF,ct,unit_root,6.0,bic,False,ok,-5.755230301956283,7.068233178371856e-06,-4.243765510204081,-3.5443646122448977,-3.2046503498542274,0,35,True,
15min,2024-12-20,2024-12-20,2024-12-20,36,trend_sensitivity,PP,ct,unit_root,,Bartlett_short_bandwidth,False,ok,-5.758728362506945,6.952785847903543e-06,-4.243765510204081,-3.5443646122448977,-3.2046503498542274,3,35,True,
15min,2024-12-20,2024-12-20,2024-12-20,36,trend_sensitivity,KPSS,ct,level_or_trend_stationarity,,Bartlett_short_bandwidth,False,ok,0.05847555588330202,0.4660052871035474,0.2175,0.1479,0.1193,3,36,False,
15min,2024-12-20,2024-12-20,2024-12-20,36,lag_sensitivity,ADF,c,unit_root,6.0,aic,False,ok,-5.804977311119666,4.538664519033564e-07,-3.6327426647230316,-2.9485102040816327,-2.6130173469387756,0,35,True,
15min,2024-12-20,2024-12-20,2024-12-20,36,lag_sensitivity,PP,c,unit_root,,Bartlett_short_bandwidth,False,ok,-5.865516171808426,3.3327508350740025e-07,-3.6327426647230316,-2.9485102040816327,-2.6130173469387756,6,35,True,
15min,2024-12-20,2024-12-20,2024-12-20,36,lag_sensitivity,KPSS,c,level_or_trend_stationarity,,Bartlett_short_bandwidth,False,ok,0.13389154431076078,0.4429741633193124,0.7428,0.4614,0.3475,6,36,False,
15min,2024-12-23,2024-12-23,2024-12-23,36,main,ADF,c,unit_root,6.0,bic,False,ok,-5.283303595761202,5.9289790906529104e-06,-3.6327426647230316,-2.9485102040816327,-2.6130173469387756,0,35,True,
15min,2024-12-23,2024-12-23,2024-12-23,36,main,PP,c,unit_root,,Bartlett_short_bandwidth,False,ok,-5.470698228584464,2.4024014083883444e-06,-3.6327426647230316,-2.9485102040816327,-2.6130173469387756,3,35,True,
15min,2024-12-23,2024-12-23,2024-12-23,36,main,KPSS,c,level_or_trend_stationarity,,Bartlett_short_bandwidth,False,ok,0.15979834192344394,0.3617627969136155,0.7428,0.4614,0.3475,3,36,False,
15min,2024-12-23,2024-12-23,2024-12-23,36,trend_sensitivity,ADF,ct,unit_root,6.0,bic,False,ok,-5.107676601798346,0.0001303976602405767,-4.243765510204081,-3.5443646122448977,-3.2046503498542274,0,35,True,
15min,2024-12-23,2024-12-23,2024-12-23,36,trend_sensitivity,PP,ct,unit_root,,Bartlett_short_bandwidth,False,ok,-5.198782587363382,8.804615017365489e-05,-4.243765510204081,-3.5443646122448977,-3.2046503498542274,3,35,True,
15min,2024-12-23,2024-12-23,2024-12-23,36,trend_sensitivity,KPSS,ct,level_or_trend_stationarity,,Bartlett_short_bandwidth,False,ok,0.09040376131126716,0.20640938106496345,0.2175,0.1479,0.1193,3,36,False,
15min,2024-12-23,2024-12-23,2024-12-23,36,lag_sensitivity,ADF,c,unit_root,6.0,aic,False,ok,-5.283303595761202,5.9289790906529104e-06,-3.6327426647230316,-2.9485102040816327,-2.6130173469387756,0,35,True,
15min,2024-12-23,2024-12-23,2024-12-23,36,lag_sensitivity,PP,c,unit_root,,Bartlett_short_bandwidth,False,ok,-5.546335139263508,1.6576356028315216e-06,-3.6327426647230316,-2.9485102040816327,-2.6130173469387756,6,35,True,
15min,2024-12-23,2024-12-23,2024-12-23,36,lag_sensitivity,KPSS,c,level_or_trend_stationarity,,Bartlett_short_bandwidth,False,ok,0.18116650911272467,0.30766319744201226,0.7428,0.4614,0.3475,6,36,False,
15min,2024-12-26,2024-12-26,2024-12-26,36,main,ADF,c,unit_root,6.0,bic,False,ok,-6.242488457149669,4.6606098951123336e-08,-3.6327426647230316,-2.9485102040816327,-2.6130173469387756,0,35,True,
15min,2024-12-26,2024-12-26,2024-12-26,36,main,PP,c,unit_root,,Bartlett_short_bandwidth,False,ok,-6.255274037373893,4.3543213208369126e-08,-3.6327426647230316,-2.9485102040816327,-2.6130173469387756,3,35,True,
15min,2024-12-26,2024-12-26,2024-12-26,36,main,KPSS,c,level_or_trend_stationarity,,Bartlett_short_bandwidth,False,ok,0.21936000053146024,0.23330769143165894,0.7428,0.4614,0.3475,3,36,False,
15min,2024-12-26,2024-12-26,2024-12-26,36,trend_sensitivity,ADF,ct,unit_root,6.0,bic,False,ok,-6.5328368874759475,1.562659362499304e-07,-4.243765510204081,-3.5443646122448977,-3.2046503498542274,0,35,True,
15min,2024-12-26,2024-12-26,2024-12-26,36,trend_sensitivity,PP,ct,unit_root,,Bartlett_short_bandwidth,False,ok,-6.567414532536759,1.311117042268623e-07,-4.243765510204081,-3.5443646122448977,-3.2046503498542274,3,35,True,
15min,2024-12-26,2024-12-26,2024-12-26,36,trend_sensitivity,KPSS,ct,level_or_trend_stationarity,,Bartlett_short_bandwidth,False,ok,0.04193255688246257,0.692213628357059,0.2175,0.1479,0.1193,3,36,False,
15min,2024-12-26,2024-12-26,2024-12-26,36,lag_sensitivity,ADF,c,unit_root,6.0,aic,False,ok,-6.242488457149669,4.6606098951123336e-08,-3.6327426647230316,-2.9485102040816327,-2.6130173469387756,0,35,True,
15min,2024-12-26,2024-12-26,2024-12-26,36,lag_sensitivity,PP,c,unit_root,,Bartlett_short_bandwidth,False,ok,-6.495611302851389,1.1964383392768983e-08,-3.6327426647230316,-2.9485102040816327,-2.6130173469387756,6,35,True,
15min,2024-12-26,2024-12-26,2024-12-26,36,lag_sensitivity,KPSS,c,level_or_trend_stationarity,,Bartlett_short_bandwidth,False,ok,0.34543091603949255,0.10143189201419199,0.7428,0.4614,0.3475,6,36,False,
15min,2024-12-27,2024-12-27,2024-12-27,36,main,ADF,c,unit_root,6.0,bic,False,ok,-5.159532735707842,1.0628180190058643e-05,-3.6790595944893187,-2.9678817237279103,-2.6231583472057074,6,29,True,
15min,2024-12-27,2024-12-27,2024-12-27,36,main,PP,c,unit_root,,Bartlett_short_bandwidth,False,ok,-5.780008104794365,5.152106488098632e-07,-3.6327426647230316,-2.9485102040816327,-2.6130173469387756,3,35,True,
15min,2024-12-27,2024-12-27,2024-12-27,36,main,KPSS,c,level_or_trend_stationarity,,Bartlett_short_bandwidth,False,ok,0.0777419319713258,0.7053504105178615,0.7428,0.4614,0.3475,3,36,False,
15min,2024-12-27,2024-12-27,2024-12-27,36,trend_sensitivity,ADF,ct,unit_root,6.0,bic,False,ok,-5.81940051788174,5.21952541521407e-06,-4.31024911353479,-3.5744878842920986,-3.221793310508836,6,29,True,
15min,2024-12-27,2024-12-27,2024-12-27,36,trend_sensitivity,PP,ct,unit_root,,Bartlett_short_bandwidth,False,ok,-5.700638753932777,9.131216509640695e-06,-4.243765510204081,-3.5443646122448977,-3.2046503498542274,3,35,True,
15min,2024-12-27,2024-12-27,2024-12-27,36,trend_sensitivity,KPSS,ct,level_or_trend_stationarity,,Bartlett_short_bandwidth,False,ok,0.05625265401997464,0.4925681517603043,0.2175,0.1479,0.1193,3,36,False,
15min,2024-12-27,2024-12-27,2024-12-27,36,lag_sensitivity,ADF,c,unit_root,6.0,aic,False,ok,-5.159532735707842,1.0628180190058643e-05,-3.6790595944893187,-2.9678817237279103,-2.6231583472057074,6,29,True,
15min,2024-12-27,2024-12-27,2024-12-27,36,lag_sensitivity,PP,c,unit_root,,Bartlett_short_bandwidth,False,ok,-6.673032127245671,4.537208135808904e-09,-3.6327426647230316,-2.9485102040816327,-2.6130173469387756,6,35,True,
15min,2024-12-27,2024-12-27,2024-12-27,36,lag_sensitivity,KPSS,c,level_or_trend_stationarity,,Bartlett_short_bandwidth,False,ok,0.16753616877164834,0.3408682606776557,0.7428,0.4614,0.3475,6,36,False,
15min,2024-12-30,2024-12-30,2024-12-30,36,main,ADF,c,unit_root,6.0,bic,False,ok,-6.389768779186845,2.1200976834252585e-08,-3.6327426647230316,-2.9485102040816327,-2.6130173469387756,0,35,True,
15min,2024-12-30,2024-12-30,2024-12-30,36,main,PP,c,unit_root,,Bartlett_short_bandwidth,False,ok,-6.437907165463568,1.6353665749678638e-08,-3.6327426647230316,-2.9485102040816327,-2.6130173469387756,3,35,True,
15min,2024-12-30,2024-12-30,2024-12-30,36,main,KPSS,c,level_or_trend_stationarity,,Bartlett_short_bandwidth,False,ok,0.11039104696870938,0.5368588774149573,0.7428,0.4614,0.3475,3,36,False,
15min,2024-12-30,2024-12-30,2024-12-30,36,trend_sensitivity,ADF,ct,unit_root,6.0,bic,False,ok,-6.316415811472268,4.6397079089415175e-07,-4.243765510204081,-3.5443646122448977,-3.2046503498542274,0,35,True,
15min,2024-12-30,2024-12-30,2024-12-30,36,trend_sensitivity,PP,ct,unit_root,,Bartlett_short_bandwidth,False,ok,-6.357071951455673,3.7872105273018046e-07,-4.243765510204081,-3.5443646122448977,-3.2046503498542274,3,35,True,
15min,2024-12-30,2024-12-30,2024-12-30,36,trend_sensitivity,KPSS,ct,level_or_trend_stationarity,,Bartlett_short_bandwidth,False,ok,0.10275299804964053,0.15112076207682823,0.2175,0.1479,0.1193,3,36,False,
15min,2024-12-30,2024-12-30,2024-12-30,36,lag_sensitivity,ADF,c,unit_root,6.0,aic,False,ok,-6.389768779186845,2.1200976834252585e-08,-3.6327426647230316,-2.9485102040816327,-2.6130173469387756,0,35,True,
15min,2024-12-30,2024-12-30,2024-12-30,36,lag_sensitivity,PP,c,unit_root,,Bartlett_short_bandwidth,False,ok,-6.456494157488189,1.4789907132685526e-08,-3.6327426647230316,-2.9485102040816327,-2.6130173469387756,6,35,True,
15min,2024-12-30,2024-12-30,2024-12-30,36,lag_sensitivity,KPSS,c,level_or_trend_stationarity,,Bartlett_short_bandwidth,False,ok,0.11988112408552681,0.49652187860976255,0.7428,0.4614,0.3475,6,36,False,
