scale,segment,start,end,n,specification,test,trend,null,adf_max_lags,lag_rule,small_sample,status,statistic,pvalue,critical_1,critical_5,critical_10,lags,nobs,reject_5pct,warning
1min,2024-01-02,2024-01-02,2024-01-02,540,main,ADF,c,unit_root,12.0,bic,False,ok,-20.451736682799922,0.0,-3.4425405682241816,-2.8669171671779816,-2.5696338432333636,0,539,True,
1min,2024-01-02,2024-01-02,2024-01-02,540,main,PP,c,unit_root,,Bartlett_short_bandwidth,False,ok,-20.619070590274994,0.0,-3.4425405682241816,-2.8669171671779816,-2.5696338432333636,6,539,True,
1min,2024-01-02,2024-01-02,2024-01-02,540,main,KPSS,c,level_or_trend_stationarity,,Bartlett_short_bandwidth,False,ok,0.08145760322888351,0.6840137519654225,0.7428,0.4614,0.3475,6,540,False,
1min,2024-01-02,2024-01-02,2024-01-02,540,trend_sensitivity,ADF,ct,unit_root,12.0,bic,False,ok,-20.43252444732267,0.0,-3.9756648124097875,-3.4186668470500177,-3.131860684671111,0,539,True,
1min,2024-01-02,2024-01-02,2024-01-02,540,trend_sensitivity,PP,ct,unit_root,,Bartlett_short_bandwidth,False,ok,-20.600641381749103,0.0,-3.9756648124097875,-3.4186668470500177,-3.131860684671111,6,539,True,
1min,2024-01-02,2024-01-02,2024-01-02,540,trend_sensitivity,KPSS,ct,level_or_trend_stationarity,,Bartlett_short_bandwidth,False,ok,0.08304022191134855,0.2484986130540716,0.2175,0.1479,0.1193,6,540,False,
1min,2024-01-02,2024-01-02,2024-01-02,540,lag_sensitivity,ADF,c,unit_root,12.0,aic,False,ok,-20.451736682799922,0.0,-3.4425405682241816,-2.8669171671779816,-2.5696338432333636,0,539,True,
1min,2024-01-02,2024-01-02,2024-01-02,540,lag_sensitivity,PP,c,unit_root,,Bartlett_short_bandwidth,False,ok,-20.613640301646488,0.0,-3.4425405682241816,-2.8669171671779816,-2.5696338432333636,12,539,True,
1min,2024-01-02,2024-01-02,2024-01-02,540,lag_sensitivity,KPSS,c,level_or_trend_stationarity,,Bartlett_short_bandwidth,False,ok,0.0806525387422853,0.6886329744295105,0.7428,0.4614,0.3475,12,540,False,
1min,2024-01-03,2024-01-03,2024-01-03,540,main,ADF,c,unit_root,12.0,bic,False,ok,-23.03160919389886,0.0,-3.4425405682241816,-2.8669171671779816,-2.5696338432333636,0,539,True,
1min,2024-01-03,2024-01-03,2024-01-03,540,main,PP,c,unit_root,,Bartlett_short_bandwidth,False,ok,-23.046050638150085,0.0,-3.4425405682241816,-2.8669171671779816,-2.5696338432333636,6,539,True,
1min,2024-01-03,2024-01-03,2024-01-03,540,main,KPSS,c,level_or_trend_stationarity,,Bartlett_short_bandwidth,False,ok,0.16982901507061637,0.33507824477117076,0.7428,0.4614,0.3475,6,540,False,
1min,2024-01-03,2024-01-03,2024-01-03,540,trend_sensitivity,ADF,ct,unit_root,12.0,bic,False,ok,-23.089976982867743,0.0,-3.9756648124097875,-3.4186668470500177,-3.131860684671111,0,539,True,
1min,2024-01-03,2024-01-03,2024-01-03,540,trend_sensitivity,PP,ct,unit_root,,Bartlett_short_bandwidth,False,ok,-23.098361723019917,0.0,-3.9756648124097875,-3.4186668470500177,-3.131860684671111,6,539,True,
1min,2024-01-03,2024-01-03,2024-01-03,540,trend_sensitivity,KPSS,ct,level_or_trend_stationarity,,Bartlett_short_bandwidth,False,ok,0.031645294635714166,0.8490397847689093,0.2175,0.1479,0.1193,6,540,False,
1min,2024-01-03,2024-01-03,2024-01-03,540,lag_sensitivity,ADF,c,unit_root,12.0,aic,False,ok,-9.881504050431888,3.7593748064564763e-17,-3.442678467240966,-2.8669778698997543,-2.5696661916864083,6,533,True,
1min,2024-01-03,2024-01-03,2024-01-03,540,lag_sensitivity,PP,c,unit_root,,Bartlett_short_bandwidth,False,ok,-23.03577932391748,0.0,-3.4425405682241816,-2.8669171671779816,-2.5696338432333636,12,539,True,
1min,2024-01-03,2024-01-03,2024-01-03,540,lag_sensitivity,KPSS,c,level_or_trend_stationarity,,Bartlett_short_bandwidth,False,ok,0.19022796012473225,0.287812850798442,0.7428,0.4614,0.3475,12,540,False,
1min,2024-01-04,2024-01-04,2024-01-04,540,main,ADF,c,unit_root,12.0,bic,False,ok,-20.044331375537716,0.0,-3.4425405682241816,-2.8669171671779816,-2.5696338432333636,0,539,True,
1min,2024-01-04,2024-01-04,2024-01-04,540,main,PP,c,unit_root,,Bartlett_short_bandwidth,False,ok,-19.979731178375168,0.0,-3.4425405682241816,-2.8669171671779816,-2.5696338432333636,6,539,True,
1min,2024-01-04,2024-01-04,2024-01-04,540,main,KPSS,c,level_or_trend_stationarity,,Bartlett_short_bandwidth,False,ok,0.17605011356321662,0.3194250262914561,0.7428,0.4614,0.3475,6,540,False,
1min,2024-01-04,2024-01-04,2024-01-04,540,trend_sensitivity,ADF,ct,unit_root,12.0,bic,False,ok,-20.067457816990125,0.0,-3.9756648124097875,-3.4186668470500177,-3.131860684671111,0,539,True,
1min,2024-01-04,2024-01-04,2024-01-04,540,trend_sensitivity,PP,ct,unit_root,,Bartlett_short_bandwidth,False,ok,-19.995582282285255,0.0,-3.9756648124097875,-3.4186668470500177,-3.131860684671111,6,539,True,
1min,2024-01-04,2024-01-04,2024-01-04,540,trend_sensitivity,KPSS,ct,level_or_trend_stationarity,,Bartlett_short_bandwidth,False,ok,0.038870861940717344,0.7394620070876953,0.2175,0.1479,0.1193,6,540,False,
1min,2024-01-04,2024-01-04,2024-01-04,540,lag_sensitivity,ADF,c,unit_root,12.0,aic,False,ok,-20.044331375537716,0.0,-3.4425405682241816,-2.8669171671779816,-2.5696338432333636,0,539,True,
1min,2024-01-04,2024-01-04,2024-01-04,540,lag_sensitivity,PP,c,unit_root,,Bartlett_short_bandwidth,False,ok,-19.90613815037896,0.0,-3.4425405682241816,-2.8669171671779816,-2.5696338432333636,12,539,True,
1min,2024-01-04,2024-01-04,2024-01-04,540,lag_sensitivity,KPSS,c,level_or_trend_stationarity,,Bartlett_short_bandwidth,False,ok,0.1860173124519791,0.29677167563408696,0.7428,0.4614,0.3475,12,540,False,
1min,2024-01-05,2024-01-05,2024-01-05,540,main,ADF,c,unit_root,12.0,bic,False,ok,-23.95587438729087,0.0,-3.4425405682241816,-2.8669171671779816,-2.5696338432333636,0,539,True,
1min,2024-01-05,2024-01-05,2024-01-05,540,main,PP,c,unit_root,,Bartlett_short_bandwidth,False,ok,-23.954063050970102,0.0,-3.4425405682241816,-2.8669171671779816,-2.5696338432333636,6,539,True,
1min,2024-01-05,2024-01-05,2024-01-05,540,main,KPSS,c,level_or_trend_stationarity,,Bartlett_short_bandwidth,False,ok,0.17565870264563416,0.3203568115009239,0.7428,0.4614,0.3475,6,540,False,
1min,2024-01-05,2024-01-05,2024-01-05,540,trend_sensitivity,ADF,ct,unit_root,12.0,bic,False,ok,-23.959116342137214,0.0,-3.9756648124097875,-3.4186668470500177,-3.131860684671111,0,539,True,
1min,2024-01-05,2024-01-05,2024-01-05,540,trend_sensitivity,PP,ct,unit_root,,Bartlett_short_bandwidth,False,ok,-23.958499063922567,0.0,-3.9756648124097875,-3.4186668470500177,-3.131860684671111,6,539,True,
1min,2024-01-05,2024-01-05,2024-01-05,540,trend_sensitivity,KPSS,ct,level_or_trend_stationarity,,Bartlett_short_bandwidth,False,ok,0.0951163074883879,0.18277453668798324,0.2175,0.1479,0.1193,6,540,False,
1min,2024-01-05,2024-01-05,2024-01-05,540,lag_sensitivity,ADF,c,unit_root,12.0,aic,False,ok,-23.95587438729087,0.0,-3.4425405682241816,-2.8669171671779816,-2.5696338432333636,0,539,True,
1min,2024-01-05,2024-01-05,2024-01-05,540,lag_sensitivity,PP,c,unit_root,,Bartlett_short_bandwidth,False,ok,-23.94729021402416,0.0,-3.4425405682241816,-2.8669171671779816,-2.5696338432333636,12,539,True,
1min,2024-01-05,2024-01-05,2024-01-05,540,lag_sensitivity,KPSS,c,level_or_trend_stationarity,,Bartlett_short_bandwidth,False,ok,0.1610185369264064,0.35841061283954284,0.7428,0.4614,0.3475,12,540,False,
1min,2024-01-08,2024-01-08,2024-01-08,540,main,ADF,c,unit_root,12.0,bic,False,ok,-22.90572399311057,0.0,-3.4425405682241816,-2.8669171671779816,-2.5696338432333636,0,539,True,
1min,2024-01-08,2024-01-08,2024-01-08,540,main,PP,c,unit_root,,Bartlett_short_bandwidth,False,ok,-23.09704146088755,0.0,-3.4425405682241816,-2.8669171671779816,-2.5696338432333636,6,539,True,
1min,2024-01-08,2024-01-08,2024-01-08,540,main,KPSS,c,level_or_trend_stationarity,,Bartlett_short_bandwidth,False,ok,0.05156643812281707,0.8669604676669127,0.7428,0.4614,0.3475,6,540,False,
1min,2024-01-08,2024-01-08,2024-01-08,540,trend_sensitivity,ADF,ct,unit_root,12.0,bic,False,ok,-22.88830553462993,0.0,-3.9756648124097875,-3.4186668470500177,-3.131860684671111,0,539,True,
1min,2024-01-08,2024-01-08,2024-01-08,540,trend_sensitivity,PP,ct,unit_root,,Bartlett_short_bandwidth,False,ok,-23.078907523243128,0.0,-3.9756648124097875,-3.4186668470500177,-3.131860684671111,6,539,True,
1min,2024-01-08,2024-01-08,2024-01-08,540,trend_sensitivity,KPSS,ct,level_or_trend_stationarity,,Bartlett_short_bandwidth,False,ok,0.04250399866785618,0.6834400199821573,0.2175,0.1479,0.1193,6,540,False,
1min,2024-01-08,2024-01-08,2024-01-08,540,lag_sensitivity,ADF,c,unit_root,12.0,aic,False,ok,-15.45989877311383,2.7144406793897827e-28,-3.4425861905056556,-2.8669372502674824,-2.5696445454608505,2,537,True,
1min,2024-01-08,2024-01-08,2024-01-08,540,lag_sensitivity,PP,c,unit_root,,Bartlett_short_bandwidth,False,ok,-23.26516115637924,0.0,-3.4425405682241816,-2.8669171671779816,-2.5696338432333636,12,539,True,
1min,2024-01-08,2024-01-08,2024-01-08,540,lag_sensitivity,KPSS,c,level_or_trend_stationarity,,Bartlett_short_bandwidth,False,ok,0.05711980684117137,0.8325193357025614,0.7428,0.4614,0.3475,12,540,False,
1min,2024-01-09,2024-01-09,2024-01-09,540,main,ADF,c,unit_root,12.0,bic,False,ok,-23.278774861408575,0.0,-3.4425405682241816,-2.8669171671779816,-2.5696338432333636,0,539,True,
1min,2024-01-09,2024-01-09,2024-01-09,540,main,PP,c,unit_root,,Bartlett_short_bandwidth,False,ok,-23.394662214213046,0.0,-3.4425405682241816,-2.8669171671779816,-2.5696338432333636,6,539,True,
1min,2024-01-09,2024-01-09,2024-01-09,540,main,KPSS,c,level_or_trend_stationarity,,Bartlett_short_bandwidth,False,ok,0.10908929633907438,0.54277592573148,0.7428,0.4614,0.3475,6,540,False,
1min,2024-01-09,2024-01-09,2024-01-09,540,trend_sensitivity,ADF,ct,unit_root,12.0,bic,False,ok,-23.27417006800827,0.0,-3.9756648124097875,-3.4186668470500177,-3.131860684671111,0,539,True,
1min,2024-01-09,2024-01-09,2024-01-09,540,trend_sensitivity,PP,ct,unit_root,,Bartlett_short_bandwidth,False,ok,-23.39275554317974,0.0,-3.9756648124097875,-3.4186668470500177,-3.131860684671111,6,539,True,
1min,2024-01-09,2024-01-09,2024-01-09,540,trend_sensitivity,KPSS,ct,level_or_trend_stationarity,,Bartlett_short_bandwidth,False,ok,0.040995798265214545,0.7066697798578002,0.2175,0.1479,0.1193,6,540,False,
1min,2024-01-09,2024-01-09,2024-01-09,540,lag_sensitivity,ADF,c,unit_root,12.0,aic,False,ok,-10.384991456890496,2.0912729102848186e-18,-3.442701754304053,-2.866988120523906,-2.5696716542766693,7,532,True,
1min,2024-01-09,2024-01-09,2024-01-09,540,lag_sensitivity,PP,c,unit_root,,Bartlett_short_bandwidth,False,ok,-23.867905909787304,0.0,-3.4425405682241816,-2.8669171671779816,-2.5696338432333636,12,539,True,
1min,2024-01-09,2024-01-09,2024-01-09,540,lag_sensitivity,KPSS,c,level_or_trend_stationarity,,Bartlett_short_bandwidth,False,ok,0.1387327214506962,0.4263947895524102,0.7428,0.4614,0.3475,12,540,False,
1min,2024-01-10,2024-01-10,2024-01-10,540,main,ADF,c,unit_root,12.0,bic,False,ok,-24.63377091974168,0.0,-3.4425405682241816,-2.8669171671779816,-2.5696338432333636,0,539,True,
1min,2024-01-10,2024-01-10,2024-01-10,540,main,PP,c,unit_root,,Bartlett_short_bandwidth,False,ok,-24.725477587398835,0.0,-3.4425405682241816,-2.8669171671779816,-2.5696338432333636,6,539,True,
1min,2024-01-10,2024-01-10,2024-01-10,540,main,KPSS,c,level_or_trend_stationarity,,Bartlett_short_bandwidth,False,ok,0.2938394917016639,0.14081953171270106,0.7428,0.4614,0.3475,6,540,False,
1min,2024-01-10,2024-01-10,2024-01-10,540,trend_sensitivity,ADF,ct,unit_root,12.0,bic,False,ok,-24.683156054199966,0.0,-3.9756648124097875,-3.4186668470500177,-3.131860684671111,0,539,True,
1min,2024-01-10,2024-01-10,2024-01-10,540,trend_sensitivity,PP,ct,unit_root,,Bartlett_short_bandwidth,False,ok,-24.80076972295012,0.0,-3.9756648124097875,-3.4186668470500177,-3.131860684671111,6,539,True,
1min,2024-01-10,2024-01-10,2024-01-10,540,trend_sensitivity,KPSS,ct,level_or_trend_stationarity,,Bartlett_short_bandwidth,False,ok,0.046621959166570914,0.6219028953501733,0.2175,0.1479,0.1193,6,540,False,
1min,2024-01-10,2024-01-10,2024-01-10,540,lag_sensitivity,ADF,c,unit_root,12.0,aic,False,ok,-24.63377091974168,0.0,-3.4425405682241816,-2.8669171671779816,-2.5696338432333636,0,539,True,
1min,2024-01-10,2024-01-10,2024-01-10,540,lag_sensitivity,PP,c,unit_root,,Bartlett_short_bandwidth,False,ok,-24.757539485790545,0.0,-3.4425405682241816,-2.8669171671779816,-2.5696338432333636,12,539,True,
1min,2024-01-10,2024-01-10,2024-01-10,540,lag_sensitivity,KPSS,c,level_or_trend_stationarity,,Bartlett_short_bandwidth,False,ok,0.30434263144114154,0.13193085235050916,0.7428,0.4614,0.3475,12,540,False,
1min,2024-01-11,2024-01-11,2024-01-11,540,main,ADF,c,unit_root,12.0,bic,False,ok,-22.38814015917676,0.0,-3.4425405682241816,-2.8669171671779816,-2.5696338432333636,0,539,True,
1min,2024-01-11,2024-01-11,2024-01-11,540,main,PP,c,unit_root,,Bartlett_short_bandwidth,False,ok,-22.374803527011856,0.0,-3.4425405682241816,-2.8669171671779816,-2.5696338432333636,6,539,True,
1min,2024-01-11,2024-01-11,2024-01-11,540,main,KPSS,c,level_or_trend_stationarity,,Bartlett_short_bandwidth,False,ok,0.05379206872135256,0.8532099354112793,0.7428,0.4614,0.3475,6,540,False,
1min,2024-01-11,2024-01-11,2024-01-11,540,trend_sensitivity,ADF,ct,unit_root,12.0,bic,False,ok,-22.370001383476826,0.0,-3.9756648124097875,-3.4186668470500177,-3.131860684671111,0,539,True,
1min,2024-01-11,2024-01-11,2024-01-11,540,trend_sensitivity,PP,ct,unit_root,,Bartlett_short_bandwidth,False,ok,-22.356148612734415,0.0,-3.9756648124097875,-3.4186668470500177,-3.131860684671111,6,539,True,
1min,2024-01-11,2024-01-11,2024-01-11,540,trend_sensitivity,KPSS,ct,level_or_trend_stationarity,,Bartlett_short_bandwidth,False,ok,0.043533950109536444,0.6679907483569534,0.2175,0.1479,0.1193,6,540,False,
1min,2024-01-11,2024-01-11,2024-01-11,540,lag_sensitivity,ADF,c,unit_root,12.0,aic,False,ok,-22.38814015917676,0.0,-3.4425405682241816,-2.8669171671779816,-2.5696338432333636,0,539,True,
1min,2024-01-11,2024-01-11,2024-01-11,540,lag_sensitivity,PP,c,unit_root,,Bartlett_short_bandwidth,False,ok,-22.373614341454072,0.0,-3.4425405682241816,-2.8669171671779816,-2.5696338432333636,12,539,True,
1min,2024-01-11,2024-01-11,2024-01-11,540,lag_sensitivity,KPSS,c,level_or_trend_stationarity,,Bartlett_short_bandwidth,False,ok,0.055096068279872054,0.8451021661355105,0.7428,0.4614,0.3475,12,540,False,
1min,2024-01-12,2024-01-12,2024-01-12,540,main,ADF,c,unit_root,12.0,bic,False,ok,-22.124428303747532,0.0,-3.4425405682241816,-2.8669171671779816,-2.5696338432333636,0,539,True,
1min,2024-01-12,2024-01-12,2024-01-12,540,main,PP,c,unit_root,,Bartlett_short_bandwidth,False,ok,-22.09805261233859,0.0,-3.4425405682241816,-2.8669171671779816,-2.5696338432333636,6,539,True,
1min,2024-01-12,2024-01-12,2024-01-12,540,main,KPSS,c,level_or_trend_stationarity,,Bartlett_short_bandwidth,False,ok,0.1911744191193227,0.2857991082567602,0.7428,0.4614,0.3475,6,540,False,
1min,2024-01-12,2024-01-12,2024-01-12,540,trend_sensitivity,ADF,ct,unit_root,12.0,bic,False,ok,-22.149436782208202,0.0,-3.9756648124097875,-3.4186668470500177,-3.131860684671111,0,539,True,
1min,2024-01-12,2024-01-12,2024-01-12,540,trend_sensitivity,PP,ct,unit_root,,Bartlett_short_bandwidth,False,ok,-22.124249207577307,0.0,-3.9756648124097875,-3.4186668470500177,-3.131860684671111,6,539,True,
1min,2024-01-12,2024-01-12,2024-01-12,540,trend_sensitivity,KPSS,ct,level_or_trend_stationarity,,Bartlett_short_bandwidth,False,ok,0.07470404239086739,0.3076612123779431,0.2175,0.1479,0.1193,6,540,False,
1min,2024-01-12,2024-01-12,2024-01-12,540,lag_sensitivity,ADF,c,unit_root,12.0,aic,False,ok,-22.124428303747532,0.0,-3.4425405682241816,-2.8669171671779816,-2.5696338432333636,0,539,True,
1min,2024-01-12,2024-01-12,2024-01-12,540,lag_sensitivity,PP,c,unit_root,,Bartlett_short_bandwidth,False,ok,-22.119170110644163,0.0,-3.4425405682241816,-2.8669171671779816,-2.5696338432333636,12,539,True,
1min,2024-01-12,2024-01-12,2024-01-12,540,lag_sensitivity,KPSS,c,level_or_trend_stationarity,,Bartlett_short_bandwidth,False,ok,0.17467363271685662,0.3228443618261197,0.7428,0.4614,0.3475,12,540,False,
1min,2024-01-15,2024-01-15,2024-01-15,540,main,ADF,c,unit_root,12.0,bic,False,ok,-23.64623826886547,0.0,-3.4425405682241816,-2.8669171671779816,-2.5696338432333636,0,539,True,
1min,2024-01-15,2024-01-15,2024-01-15,540,main,PP,c,unit_root,,Bartlett_short_bandwidth,False,ok,-23.690860571726166,0.0,-3.4425405682241816,-2.8669171671779816,-2.5696338432333636,6,539,True,
1min,2024-01-15,2024-01-15,2024-01-15,540,main,KPSS,c,level_or_trend_stationarity,,Bartlett_short_bandwidth,False,ok,0.2536921382965799,0.18398443808130782,0.7428,0.4614,0.3475,6,540,False,
1min,2024-01-15,2024-01-15,2024-01-15,540,trend_sensitivity,ADF,ct,unit_root,12.0,bic,False,ok,-23.702737947372487,0.0,-3.9756648124097875,-3.4186668470500177,-3.131860684671111,0,539,True,
1min,2024-01-15,2024-01-15,2024-01-15,540,trend_sensitivity,PP,ct,unit_root,,Bartlett_short_bandwidth,False,ok,-23.765954159520458,0.0,-3.9756648124097875,-3.4186668470500177,-3.131860684671111,6,539,True,
1min,2024-01-15,2024-01-15,2024-01-15,540,trend_sensitivity,KPSS,ct,level_or_trend_stationarity,,Bartlett_short_bandwidth,False,ok,0.10046341544464817,0.15976069643528995,0.2175,0.1479,0.1193,6,540,False,
1min,2024-01-15,2024-01-15,2024-01-15,540,lag_sensitivity,ADF,c,unit_root,12.0,aic,False,ok,-23.64623826886547,0.0,-3.4425405682241816,-2.8669171671779816,-2.5696338432333636,0,539,True,
1min,2024-01-15,2024-01-15,2024-01-15,540,lag_sensitivity,PP,c,unit_root,,Bartlett_short_bandwidth,False,ok,-23.687355733044722,0.0,-3.4425405682241816,-2.8669171671779816,-2.5696338432333636,12,539,True,
1min,2024-01-15,2024-01-15,2024-01-15,540,lag_sensitivity,KPSS,c,level_or_trend_stationarity,,Bartlett_short_bandwidth,False,ok,0.2531856908963279,0.1846337296200924,0.7428,0.4614,0.3475,12,540,False,
1min,2024-01-16,2024-01-16,2024-01-16,540,main,ADF,c,unit_root,12.0,bic,False,ok,-25.85415165458222,0.0,-3.4425405682241816,-2.8669171671779816,-2.5696338432333636,0,539,True,
1min,2024-01-16,2024-01-16,2024-01-16,540,main,PP,c,unit_root,,Bartlett_short_bandwidth,False,ok,-25.72229166727681,0.0,-3.4425405682241816,-2.8669171671779816,-2.5696338432333636,6,539,True,
1min,2024-01-16,2024-01-16,2024-01-16,540,main,KPSS,c,level_or_trend_stationarity,,Bartlett_short_bandwidth,False,ok,0.0994620438279452,0.588189780860274,0.7428,0.4614,0.3475,6,540,False,
1min,2024-01-16,2024-01-16,2024-01-16,540,trend_sensitivity,ADF,ct,unit_root,12.0,bic,False,ok,-25.86356867299282,0.0,-3.9756648124097875,-3.4186668470500177,-3.131860684671111,0,539,True,
1min,2024-01-16,2024-01-16,2024-01-16,540,trend_sensitivity,PP,ct,unit_root,,Bartlett_short_bandwidth,False,ok,-25.732767963465477,0.0,-3.9756648124097875,-3.4186668470500177,-3.131860684671111,6,539,True,
1min,2024-01-16,2024-01-16,2024-01-16,540,trend_sensitivity,KPSS,ct,level_or_trend_stationarity,,Bartlett_short_bandwidth,False,ok,0.02700685174898108,0.912146091677988,0.2175,0.1479,0.1193,6,540,False,
1min,2024-01-16,2024-01-16,2024-01-16,540,lag_sensitivity,ADF,c,unit_root,12.0,aic,False,ok,-25.85415165458222,0.0,-3.4425405682241816,-2.8669171671779816,-2.5696338432333636,0,539,True,
1min,2024-01-16,2024-01-16,2024-01-16,540,lag_sensitivity,PP,c,unit_root,,Bartlett_short_bandwidth,False,ok,-25.70485527971219,0.0,-3.4425405682241816,-2.8669171671779816,-2.5696338432333636,12,539,True,
1min,2024-01-16,2024-01-16,2024-01-16,540,lag_sensitivity,KPSS,c,level_or_trend_stationarity,,Bartlett_short_bandwidth,False,ok,0.09417417082120556,0.6146291458939722,0.7428,0.4614,0.3475,12,540,False,
1min,2024-01-17,2024-01-17,2024-01-17,540,main,ADF,c,unit_root,12.0,bic,False,ok,-21.916302578849614,0.0,-3.4425405682241816,-2.8669171671779816,-2.5696338432333636,0,539,True,
1min,2024-01-17,2024-01-17,2024-01-17,540,main,PP,c,unit_root,,Bartlett_short_bandwidth,False,ok,-21.91375695691637,0.0,-3.4425405682241816,-2.8669171671779816,-2.5696338432333636,6,539,True,
1min,2024-01-17,2024-01-17,2024-01-17,540,main,KPSS,c,level_or_trend_stationarity,,Bartlett_short_bandwidth,False,ok,0.09252622190170774,0.6233711600972992,0.7428,0.4614,0.3475,6,540,False,
1min,2024-01-17,2024-01-17,2024-01-17,540,trend_sensitivity,ADF,ct,unit_root,12.0,bic,False,ok,-21.926834201593497,0.0,-3.9756648124097875,-3.4186668470500177,-3.131860684671111,0,539,True,
1min,2024-01-17,2024-01-17,2024-01-17,540,trend_sensitivity,PP,ct,unit_root,,Bartlett_short_bandwidth,False,ok,-21.922421072113664,0.0,-3.9756648124097875,-3.4186668470500177,-3.131860684671111,6,539,True,
1min,2024-01-17,2024-01-17,2024-01-17,540,trend_sensitivity,KPSS,ct,level_or_trend_stationarity,,Bartlett_short_bandwidth,False,ok,0.05501231591008888,0.5074522090789335,0.2175,0.1479,0.1193,6,540,False,
1min,2024-01-17,2024-01-17,2024-01-17,540,lag_sensitivity,ADF,c,unit_root,12.0,aic,False,ok,-21.916302578849614,0.0,-3.4425405682241816,-2.8669171671779816,-2.5696338432333636,0,539,True,
1min,2024-01-17,2024-01-17,2024-01-17,540,lag_sensitivity,PP,c,unit_root,,Bartlett_short_bandwidth,False,ok,-21.88629868220883,0.0,-3.4425405682241816,-2.8669171671779816,-2.5696338432333636,12,539,True,
1min,2024-01-17,2024-01-17,2024-01-17,540,lag_sensitivity,KPSS,c,level_or_trend_stationarity,,Bartlett_short_bandwidth,False,ok,0.10851589063198784,0.5453823153091463,0.7428,0.4614,0.3475,12,540,False,
1min,2024-01-18,2024-01-18,2024-01-18,540,main,ADF,c,unit_root,12.0,bic,False,ok,-25.661908917795873,0.0,-3.4425405682241816,-2.8669171671779816,-2.5696338432333636,0,539,True,
1min,2024-01-18,2024-01-18,2024-01-18,540,main,PP,c,unit_root,,Bartlett_short_bandwidth,False,ok,-25.67897523341612,0.0,-3.4425405682241816,-2.8669171671779816,-2.5696338432333636,6,539,True,
1min,2024-01-18,2024-01-18,2024-01-18,540,main,KPSS,c,level_or_trend_stationarity,,Bartlett_short_bandwidth,False,ok,0.23308798596980365,0.2118363848942369,0.7428,0.4614,0.3475,6,540,False,
1min,2024-01-18,2024-01-18,2024-01-18,540,trend_sensitivity,ADF,ct,unit_root,12.0,bic,False,ok,-25.70557625458251,0.0,-3.9756648124097875,-3.4186668470500177,-3.131860684671111,0,539,True,
1min,2024-01-18,2024-01-18,2024-01-18,540,trend_sensitivity,PP,ct,unit_root,,Bartlett_short_bandwidth,False,ok,-25.747704383348868,0.0,-3.9756648124097875,-3.4186668470500177,-3.131860684671111,6,539,True,
1min,2024-01-18,2024-01-18,2024-01-18,540,trend_sensitivity,KPSS,ct,level_or_trend_stationarity,,Bartlett_short_bandwidth,False,ok,0.07308389011927846,0.3209675823393461,0.2175,0.1479,0.1193,6,540,False,
1min,2024-01-18,2024-01-18,2024-01-18,540,lag_sensitivity,ADF,c,unit_root,12.0,aic,False,ok,-25.661908917795873,0.0,-3.4425405682241816,-2.8669171671779816,-2.5696338432333636,0,539,True,
1min,2024-01-18,2024-01-18,2024-01-18,540,lag_sensitivity,PP,c,unit_root,,Bartlett_short_bandwidth,False,ok,-25.643858203175434,0.0,-3.4425405682241816,-2.8669171671779816,-2.5696338432333636,12,539,True,
1min,2024-01-18,2024-01-18,2024-01-18,540,lag_sensitivity,KPSS,c,level_or_trend_stationarity,,Bartlett_short_bandwidth,False,ok,0.23086973902117108,0.21519736511943777,0.7428,0.4614,0.3475,12,540,False,
1min,2024-01-19,2024-01-19,2024-01-19,540,main,ADF,c,unit_root,12.0,bic,False,ok,-25.013631770662624,0.0,-3.4425405682241816,-2.8669171671779816,-2.5696338432333636,0,539,True,
1min,2024-01-19,2024-01-19,2024-01-19,540,main,PP,c,unit_root,,Bartlett_short_bandwidth,False,ok,-25.263060984366824,0.0,-3.4425405682241816,-2.8669171671779816,-2.5696338432333636,6,539,True,
1min,2024-01-19,2024-01-19,2024-01-19,540,main,KPSS,c,level_or_trend_stationarity,,Bartlett_short_bandwidth,False,ok,0.6374718613321825,0.018234591224736498,0.7428,0.4614,0.3475,6,540,True,
1min,2024-01-19,2024-01-19,2024-01-19,540,trend_sensitivity,ADF,ct,unit_root,12.0,bic,False,ok,-16.42371196889564,0.0,-3.9757281075742927,-3.4186974192973048,-3.131878653135315,2,537,True,
1min,2024-01-19,2024-01-19,2024-01-19,540,trend_sensitivity,PP,ct,unit_root,,Bartlett_short_bandwidth,False,ok,-25.576319979752725,0.0,-3.9756648124097875,-3.4186668470500177,-3.131860684671111,6,539,True,
1min,2024-01-19,2024-01-19,2024-01-19,540,trend_sensitivity,KPSS,ct,level_or_trend_stationarity,,Bartlett_short_bandwidth,False,ok,0.06479377294572401,0.39706227054275994,0.2175,0.1479,0.1193,6,540,False,
1min,2024-01-19,2024-01-19,2024-01-19,540,lag_sensitivity,ADF,c,unit_root,12.0,aic,False,ok,-10.219045531435249,5.3851039339672766e-18,-3.4426321555520905,-2.86695748394138,-2.5696553279762426,4,535,True,
1min,2024-01-19,2024-01-19,2024-01-19,540,lag_sensitivity,PP,c,unit_root,,Bartlett_short_bandwidth,False,ok,-25.190365438131252,0.0,-3.4425405682241816,-2.8669171671779816,-2.5696338432333636,12,539,True,
1min,2024-01-19,2024-01-19,2024-01-19,540,lag_sensitivity,KPSS,c,level_or_trend_stationarity,,Bartlett_short_bandwidth,False,ok,0.6177220258681693,0.02022736242095023,0.7428,0.4614,0.3475,12,540,True,
1min,2024-01-22,2024-01-22,2024-01-22,540,main,ADF,c,unit_root,12.0,bic,False,ok,-23.577419722978846,0.0,-3.4425405682241816,-2.8669171671779816,-2.5696338432333636,0,539,True,
1min,2024-01-22,2024-01-22,2024-01-22,540,main,PP,c,unit_root,,Bartlett_short_bandwidth,False,ok,-23.624271897810832,0.0,-3.4425405682241816,-2.8669171671779816,-2.5696338432333636,6,539,True,
1min,2024-01-22,2024-01-22,2024-01-22,540,main,KPSS,c,level_or_trend_stationarity,,Bartlett_short_bandwidth,False,ok,0.08166506063537025,0.6828234225839411,0.7428,0.4614,0.3475,6,540,False,
1min,2024-01-22,2024-01-22,2024-01-22,540,trend_sensitivity,ADF,ct,unit_root,12.0,bic,False,ok,-23.555361353954485,0.0,-3.9756648124097875,-3.4186668470500177,-3.131860684671111,0,539,True,
1min,2024-01-22,2024-01-22,2024-01-22,540,trend_sensitivity,PP,ct,unit_root,,Bartlett_short_bandwidth,False,ok,-23.603966662562083,0.0,-3.9756648124097875,-3.4186668470500177,-3.131860684671111,6,539,True,
1min,2024-01-22,2024-01-22,2024-01-22,540,trend_sensitivity,KPSS,ct,level_or_trend_stationarity,,Bartlett_short_bandwidth,False,ok,0.0809742603025239,0.26207406687914553,0.2175,0.1479,0.1193,6,540,False,
1min,2024-01-22,2024-01-22,2024-01-22,540,lag_sensitivity,ADF,c,unit_root,12.0,aic,False,ok,-10.177816372152455,6.81869103015195e-18,-3.442609129942274,-2.866947348175723,-2.569649926626197,3,536,True,
1min,2024-01-22,2024-01-22,2024-01-22,540,lag_sensitivity,PP,c,unit_root,,Bartlett_short_bandwidth,False,ok,-23.687431627031454,0.0,-3.4425405682241816,-2.8669171671779816,-2.5696338432333636,12,539,True,
1min,2024-01-22,2024-01-22,2024-01-22,540,lag_sensitivity,KPSS,c,level_or_trend_stationarity,,Bartlett_short_bandwidth,False,ok,0.07667492060571254,0.7117892722069071,0.7428,0.4614,0.3475,12,540,False,
1min,2024-01-23,2024-01-23,2024-01-23,540,main,ADF,c,unit_root,12.0,bic,False,ok,-24.47136374125353,0.0,-3.4425405682241816,-2.8669171671779816,-2.5696338432333636,0,539,True,
1min,2024-01-23,2024-01-23,2024-01-23,540,main,PP,c,unit_root,,Bartlett_short_bandwidth,False,ok,-24.43880496160054,0.0,-3.4425405682241816,-2.8669171671779816,-2.5696338432333636,6,539,True,
1min,2024-01-23,2024-01-23,2024-01-23,540,main,KPSS,c,level_or_trend_stationarity,,Bartlett_short_bandwidth,False,ok,0.028654895147888937,0.9806127621302777,0.7428,0.4614,0.3475,6,540,False,
1min,2024-01-23,2024-01-23,2024-01-23,540,trend_sensitivity,ADF,ct,unit_root,12.0,bic,False,ok,-24.44998757920175,0.0,-3.9756648124097875,-3.4186668470500177,-3.131860684671111,0,539,True,
1min,2024-01-23,2024-01-23,2024-01-23,540,trend_sensitivity,PP,ct,unit_root,,Bartlett_short_bandwidth,False,ok,-24.418706854739806,0.0,-3.9756648124097875,-3.4186668470500177,-3.131860684671111,6,539,True,
1min,2024-01-23,2024-01-23,2024-01-23,540,trend_sensitivity,KPSS,ct,level_or_trend_stationarity,,Bartlett_short_bandwidth,False,ok,0.027606807789351352,0.9046472659295874,0.2175,0.1479,0.1193,6,540,False,
1min,2024-01-23,2024-01-23,2024-01-23,540,lag_sensitivity,ADF,c,unit_root,12.0,aic,False,ok,-24.47136374125353,0.0,-3.4425405682241816,-2.8669171671779816,-2.5696338432333636,0,539,True,
1min,2024-01-23,2024-01-23,2024-01-23,540,lag_sensitivity,PP,c,unit_root,,Bartlett_short_bandwidth,False,ok,-24.4692123567801,0.0,-3.4425405682241816,-2.8669171671779816,-2.5696338432333636,12,539,True,
1min,2024-01-23,2024-01-23,2024-01-23,540,lag_sensitivity,KPSS,c,level_or_trend_stationarity,,Bartlett_short_bandwidth,False,ok,0.026637408164160138,0.9856564795895997,0.7428,0.4614,0.3475,12,540,False,
1min,2024-01-24,2024-01-24,2024-01-24,540,main,ADF,c,unit_root,12.0,bic,False,ok,-24.365548498284344,0.0,-3.4425405682241816,-2.8669171671779816,-2.5696338432333636,0,539,True,
1min,2024-01-24,2024-01-24,2024-01-24,540,main,PP,c,unit_root,,Bartlett_short_bandwidth,False,ok,-24.493171910030153,0.0,-3.4425405682241816,-2.8669171671779816,-2.5696338432333636,6,539,True,
1min,2024-01-24,2024-01-24,2024-01-24,540,main,KPSS,c,level_or_trend_stationarity,,Bartlett_short_bandwidth,False,ok,0.052609633314247714,0.8605548831581281,0.7428,0.4614,0.3475,6,540,False,
1min,2024-01-24,2024-01-24,2024-01-24,540,trend_sensitivity,ADF,ct,unit_root,12.0,bic,False,ok,-24.34175438134553,0.0,-3.9756648124097875,-3.4186668470500177,-3.131860684671111,0,539,True,
1min,2024-01-24,2024-01-24,2024-01-24,540,trend_sensitivity,PP,ct,unit_root,,Bartlett_short_bandwidth,False,ok,-24.467877714366896,0.0,-3.9756648124097875,-3.4186668470500177,-3.131860684671111,6,539,True,
1min,2024-01-24,2024-01-24,2024-01-24,540,trend_sensitivity,KPSS,ct,level_or_trend_stationarity,,Bartlett_short_bandwidth,False,ok,0.050830775707653965,0.5632166948956278,0.2175,0.1479,0.1193,6,540,False,
1min,2024-01-24,2024-01-24,2024-01-24,540,lag_sensitivity,ADF,c,unit_root,12.0,aic,False,ok,-14.870589598069698,1.665687283442587e-27,-3.4425861905056556,-2.8669372502674824,-2.5696445454608505,2,537,True,
1min,2024-01-24,2024-01-24,2024-01-24,540,lag_sensitivity,PP,c,unit_root,,Bartlett_short_bandwidth,False,ok,-24.580597764914913,0.0,-3.4425405682241816,-2.8669171671779816,-2.5696338432333636,12,539,True,
1min,2024-01-24,2024-01-24,2024-01-24,540,lag_sensitivity,KPSS,c,level_or_trend_stationarity,,Bartlett_short_bandwidth,False,ok,0.05559621313304203,0.8419924572038837,0.7428,0.4614,0.3475,12,540,False,
1min,2024-01-25,2024-01-25,2024-01-25,540,main,ADF,c,unit_root,12.0,bic,False,ok,-21.806754476124034,0.0,-3.4425405682241816,-2.8669171671779816,-2.5696338432333636,0,539,True,
1min,2024-01-25,2024-01-25,2024-01-25,540,main,PP,c,unit_root,,Bartlett_short_bandwidth,False,ok,-21.764236790682023,0.0,-3.4425405682241816,-2.8669171671779816,-2.5696338432333636,6,539,True,
1min,2024-01-25,2024-01-25,2024-01-25,540,main,KPSS,c,level_or_trend_stationarity,,Bartlett_short_bandwidth,False,ok,0.032686420158395305,0.9665906916984796,0.7428,0.4614,0.3475,6,540,False,
1min,2024-01-25,2024-01-25,2024-01-25,540,trend_sensitivity,ADF,ct,unit_root,12.0,bic,False,ok,-21.792003939004157,0.0,-3.9756648124097875,-3.4186668470500177,-3.131860684671111,0,539,True,
1min,2024-01-25,2024-01-25,2024-01-25,540,trend_sensitivity,PP,ct,unit_root,,Bartlett_short_bandwidth,False,ok,-21.748562793327558,0.0,-3.9756648124097875,-3.4186668470500177,-3.131860684671111,6,539,True,
1min,2024-01-25,2024-01-25,2024-01-25,540,trend_sensitivity,KPSS,ct,level_or_trend_stationarity,,Bartlett_short_bandwidth,False,ok,0.019798227520273003,0.9777876248873721,0.2175,0.1479,0.1193,6,540,False,
1min,2024-01-25,2024-01-25,2024-01-25,540,lag_sensitivity,ADF,c,unit_root,12.0,aic,False,ok,-21.806754476124034,0.0,-3.4425405682241816,-2.8669171671779816,-2.5696338432333636,0,539,True,
1min,2024-01-25,2024-01-25,2024-01-25,540,lag_sensitivity,PP,c,unit_root,,Bartlett_short_bandwidth,False,ok,-21.767002412592177,0.0,-3.4425405682241816,-2.8669171671779816,-2.5696338432333636,12,539,True,
1min,2024-01-25,2024-01-25,2024-01-25,540,lag_sensitivity,KPSS,c,level_or_trend_stationarity,,Bartlett_short_bandwidth,False,ok,0.03453086345309376,0.9594051661223011,0.7428,0.4614,0.3475,12,540,False,
1min,2024-01-26,2024-01-26,2024-01-26,540,main,ADF,c,unit_root,12.0,bic,False,ok,-20.913772416015316,0.0,-3.4425405682241816,-2.8669171671779816,-2.5696338432333636,0,539,True,
1min,2024-01-26,2024-01-26,2024-01-26,540,main,PP,c,unit_root,,Bartlett_short_bandwidth,False,ok,-21.02694595890294,0.0,-3.4425405682241816,-2.8669171671779816,-2.5696338432333636,6,539,True,
1min,2024-01-26,2024-01-26,2024-01-26,540,main,KPSS,c,level_or_trend_stationarity,,Bartlett_short_bandwidth,False,ok,0.06491968607368773,0.7840226772620451,0.7428,0.4614,0.3475,6,540,False,
1min,2024-01-26,2024-01-26,2024-01-26,540,trend_sensitivity,ADF,ct,unit_root,12.0,bic,False,ok,-20.89483231666977,0.0,-3.9756648124097875,-3.4186668470500177,-3.131860684671111,0,539,True,
1min,2024-01-26,2024-01-26,2024-01-26,540,trend_sensitivity,PP,ct,unit_root,,Bartlett_short_bandwidth,False,ok,-21.00862800058289,0.0,-3.9756648124097875,-3.4186668470500177,-3.131860684671111,6,539,True,
1min,2024-01-26,2024-01-26,2024-01-26,540,trend_sensitivity,KPSS,ct,level_or_trend_stationarity,,Bartlett_short_bandwidth,False,ok,0.06225420152497754,0.4232323980174737,0.2175,0.1479,0.1193,6,540,False,
1min,2024-01-26,2024-01-26,2024-01-26,540,lag_sensitivity,ADF,c,unit_root,12.0,aic,False,ok,-6.517488661954966,1.0623575109479518e-08,-3.442701754304053,-2.866988120523906,-2.5696716542766693,7,532,True,
1min,2024-01-26,2024-01-26,2024-01-26,540,lag_sensitivity,PP,c,unit_root,,Bartlett_short_bandwidth,False,ok,-21.24630002271308,0.0,-3.4425405682241816,-2.8669171671779816,-2.5696338432333636,12,539,True,
1min,2024-01-26,2024-01-26,2024-01-26,540,lag_sensitivity,KPSS,c,level_or_trend_stationarity,,Bartlett_short_bandwidth,False,ok,0.05667388266664169,0.8352919212436786,0.7428,0.4614,0.3475,12,540,False,
1min,2024-01-29,2024-01-29,2024-01-29,540,main,ADF,c,unit_root,12.0,bic,False,ok,-23.904468208777683,0.0,-3.4425405682241816,-2.8669171671779816,-2.5696338432333636,0,539,True,
1min,2024-01-29,2024-01-29,2024-01-29,540,main,PP,c,unit_root,,Bartlett_short_bandwidth,False,ok,-23.908133351156902,0.0,-3.4425405682241816,-2.8669171671779816,-2.5696338432333636,6,539,True,
1min,2024-01-29,2024-01-29,2024-01-29,540,main,KPSS,c,level_or_trend_stationarity,,Bartlett_short_bandwidth,False,ok,0.20982743238437263,0.24977244217076314,0.7428,0.4614,0.3475,6,540,False,
1min,2024-01-29,2024-01-29,2024-01-29,540,trend_sensitivity,ADF,ct,unit_root,12.0,bic,False,ok,-23.957900717851086,0.0,-3.9756648124097875,-3.4186668470500177,-3.131860684671111,0,539,True,
1min,2024-01-29,2024-01-29,2024-01-29,540,trend_sensitivity,PP,ct,unit_root,,Bartlett_short_bandwidth,False,ok,-23.969611901301175,0.0,-3.9756648124097875,-3.4186668470500177,-3.131860684671111,6,539,True,
1min,2024-01-29,2024-01-29,2024-01-29,540,trend_sensitivity,KPSS,ct,level_or_trend_stationarity,,Bartlett_short_bandwidth,False,ok,0.030943613174308698,0.859358629789578,0.2175,0.1479,0.1193,6,540,False,
1min,2024-01-29,2024-01-29,2024-01-29,540,lag_sensitivity,ADF,c,unit_root,12.0,aic,False,ok,-23.904468208777683,0.0,-3.4425405682241816,-2.8669171671779816,-2.5696338432333636,0,539,True,
1min,2024-01-29,2024-01-29,2024-01-29,540,lag_sensitivity,PP,c,unit_root,,Bartlett_short_bandwidth,False,ok,-23.925253119561326,0.0,-3.4425405682241816,-2.8669171671779816,-2.5696338432333636,12,539,True,
1min,2024-01-29,2024-01-29,2024-01-29,540,lag_sensitivity,KPSS,c,level_or_trend_stationarity,,Bartlett_short_bandwidth,False,ok,0.21824352123578572,0.23514804191903452,0.7428,0.4614,0.3475,12,540,False,
1min,2024-01-30,2024-01-30,2024-01-30,540,main,ADF,c,unit_root,12.0,bic,False,ok,-24.758891513642514,0.0,-3.4425405682241816,-2.8669171671779816,-2.5696338432333636,0,539,True,
1min,2024-01-30,2024-01-30,2024-01-30,540,main,PP,c,unit_root,,Bartlett_short_bandwidth,False,ok,-24.99999673066718,0.0,-3.4425405682241816,-2.8669171671779816,-2.5696338432333636,6,539,True,
1min,2024-01-30,2024-01-30,2024-01-30,540,main,KPSS,c,level_or_trend_stationarity,,Bartlett_short_bandwidth,False,ok,0.28817416386777833,0.1462150820306873,0.7428,0.4614,0.3475,6,540,False,
1min,2024-01-30,2024-01-30,2024-01-30,540,trend_sensitivity,ADF,ct,unit_root,12.0,bic,False,ok,-24.798968012509274,0.0,-3.9756648124097875,-3.4186668470500177,-3.131860684671111,0,539,True,
1min,2024-01-30,2024-01-30,2024-01-30,540,trend_sensitivity,PP,ct,unit_root,,Bartlett_short_bandwidth,False,ok,-25.083990032172906,0.0,-3.9756648124097875,-3.4186668470500177,-3.131860684671111,6,539,True,
1min,2024-01-30,2024-01-30,2024-01-30,540,trend_sensitivity,KPSS,ct,level_or_trend_stationarity,,Bartlett_short_bandwidth,False,ok,0.07337449368125172,0.31854588598956896,0.2175,0.1479,0.1193,6,540,False,
1min,2024-01-30,2024-01-30,2024-01-30,540,lag_sensitivity,ADF,c,unit_root,12.0,aic,False,ok,-18.16929129419377,2.4494603442969882e-30,-3.442563336759378,-2.866927190004947,-2.5696391843672695,1,538,True,
1min,2024-01-30,2024-01-30,2024-01-30,540,lag_sensitivity,PP,c,unit_root,,Bartlett_short_bandwidth,False,ok,-25.113963810239937,0.0,-3.4425405682241816,-2.8669171671779816,-2.5696338432333636,12,539,True,
1min,2024-01-30,2024-01-30,2024-01-30,540,lag_sensitivity,KPSS,c,level_or_trend_stationarity,,Bartlett_short_bandwidth,False,ok,0.30845047178922513,0.12849332904667354,0.7428,0.4614,0.3475,12,540,False,
1min,2024-01-31,2024-01-31,2024-01-31,540,main,ADF,c,unit_root,12.0,bic,False,ok,-22.285389070389986,0.0,-3.4425405682241816,-2.8669171671779816,-2.5696338432333636,0,539,True,
1min,2024-01-31,2024-01-31,2024-01-31,540,main,PP,c,unit_root,,Bartlett_short_bandwidth,False,ok,-22.304221708909417,0.0,-3.4425405682241816,-2.8669171671779816,-2.5696338432333636,6,539,True,
1min,2024-01-31,2024-01-31,2024-01-31,540,main,KPSS,c,level_or_trend_stationarity,,Bartlett_short_bandwidth,False,ok,0.5796568780972345,0.0251175825795515,0.7428,0.4614,0.3475,6,540,True,
1min,2024-01-31,2024-01-31,2024-01-31,540,trend_sensitivity,ADF,ct,unit_root,12.0,bic,False,ok,-22.501344216669345,0.0,-3.9756648124097875,-3.4186668470500177,-3.131860684671111,0,539,True,
1min,2024-01-31,2024-01-31,2024-01-31,540,trend_sensitivity,PP,ct,unit_root,,Bartlett_short_bandwidth,False,ok,-22.498774285746713,0.0,-3.9756648124097875,-3.4186668470500177,-3.131860684671111,6,539,True,
1min,2024-01-31,2024-01-31,2024-01-31,540,trend_sensitivity,KPSS,ct,level_or_trend_stationarity,,Bartlett_short_bandwidth,False,ok,0.050513546483395226,0.5676016769758806,0.2175,0.1479,0.1193,6,540,False,
1min,2024-01-31,2024-01-31,2024-01-31,540,lag_sensitivity,ADF,c,unit_root,12.0,aic,False,ok,-5.7150746874129315,7.152030794862548e-07,-3.442819521824351,-2.8670399588708047,-2.5696992792614384,12,527,True,
1min,2024-01-31,2024-01-31,2024-01-31,540,lag_sensitivity,PP,c,unit_root,,Bartlett_short_bandwidth,False,ok,-22.367897686473892,0.0,-3.4425405682241816,-2.8669171671779816,-2.5696338432333636,12,539,True,
1min,2024-01-31,2024-01-31,2024-01-31,540,lag_sensitivity,KPSS,c,level_or_trend_stationarity,,Bartlett_short_bandwidth,False,ok,0.5329279153397309,0.03298347456020095,0.7428,0.4614,0.3475,12,540,True,
1min,2024-02-01,2024-02-01,2024-02-01,540,main,ADF,c,unit_root,12.0,bic,False,ok,-23.583162967331432,0.0,-3.4425405682241816,-2.8669171671779816,-2.5696338432333636,0,539,True,
1min,2024-02-01,2024-02-01,2024-02-01,540,main,PP,c,unit_root,,Bartlett_short_bandwidth,False,ok,-23.601263545992648,0.0,-3.4425405682241816,-2.8669171671779816,-2.5696338432333636,6,539,True,
1min,2024-02-01,2024-02-01,2024-02-01,540,main,KPSS,c,level_or_trend_stationarity,,Bartlett_short_bandwidth,False,ok,0.05087697893690009,0.8711939889839467,0.7428,0.4614,0.3475,6,540,False,
1min,2024-02-01,2024-02-01,2024-02-01,540,trend_sensitivity,ADF,ct,unit_root,12.0,bic,False,ok,-23.57884702868831,0.0,-3.9756648124097875,-3.4186668470500177,-3.131860684671111,0,539,True,
1min,2024-02-01,2024-02-01,2024-02-01,540,trend_sensitivity,PP,ct,unit_root,,Bartlett_short_bandwidth,False,ok,-23.596009527675136,0.0,-3.9756648124097875,-3.4186668470500177,-3.131860684671111,6,539,True,
1min,2024-02-01,2024-02-01,2024-02-01,540,trend_sensitivity,KPSS,ct,level_or_trend_stationarity,,Bartlett_short_bandwidth,False,ok,0.02368876243617411,0.9479178521608678,0.2175,0.1479,0.1193,6,540,False,
1min,2024-02-01,2024-02-01,2024-02-01,540,lag_sensitivity,ADF,c,unit_root,12.0,aic,False,ok,-9.728240840132308,9.15098222080095e-17,-3.4426321555520905,-2.86695748394138,-2.5696553279762426,4,535,True,
1min,2024-02-01,2024-02-01,2024-02-01,540,lag_sensitivity,PP,c,unit_root,,Bartlett_short_bandwidth,False,ok,-23.581064381173245,0.0,-3.4425405682241816,-2.8669171671779816,-2.5696338432333636,12,539,True,
1min,2024-02-01,2024-02-01,2024-02-01,540,lag_sensitivity,KPSS,c,level_or_trend_stationarity,,Bartlett_short_bandwidth,False,ok,0.05442576910359094,0.8492698294077248,0.7428,0.4614,0.3475,12,540,False,
1min,2024-02-02,2024-02-02,2024-02-02,540,main,ADF,c,unit_root,12.0,bic,False,ok,-23.197200077648695,0.0,-3.4425405682241816,-2.8669171671779816,-2.5696338432333636,0,539,True,
1min,2024-02-02,2024-02-02,2024-02-02,540,main,PP,c,unit_root,,Bartlett_short_bandwidth,False,ok,-23.247369165677952,0.0,-3.4425405682241816,-2.8669171671779816,-2.5696338432333636,6,539,True,
1min,2024-02-02,2024-02-02,2024-02-02,540,main,KPSS,c,level_or_trend_stationarity,,Bartlett_short_bandwidth,False,ok,0.28470726740644015,0.14951688818434272,0.7428,0.4614,0.3475,6,540,False,
1min,2024-02-02,2024-02-02,2024-02-02,540,trend_sensitivity,ADF,ct,unit_root,12.0,bic,False,ok,-23.25420326818878,0.0,-3.9756648124097875,-3.4186668470500177,-3.131860684671111,0,539,True,
1min,2024-02-02,2024-02-02,2024-02-02,540,trend_sensitivity,PP,ct,unit_root,,Bartlett_short_bandwidth,False,ok,-23.292635237178597,0.0,-3.9756648124097875,-3.4186668470500177,-3.131860684671111,6,539,True,
1min,2024-02-02,2024-02-02,2024-02-02,540,trend_sensitivity,KPSS,ct,level_or_trend_stationarity,,Bartlett_short_bandwidth,False,ok,0.0629495939967138,0.41603868279261585,0.2175,0.1479,0.1193,6,540,False,
1min,2024-02-02,2024-02-02,2024-02-02,540,lag_sensitivity,ADF,c,unit_root,12.0,aic,False,ok,-7.333469833018576,1.1121392926374378e-10,-3.4427957890025533,-2.867029512430173,-2.5696937122646926,11,528,True,
1min,2024-02-02,2024-02-02,2024-02-02,540,lag_sensitivity,PP,c,unit_root,,Bartlett_short_bandwidth,False,ok,-23.20210419463708,0.0,-3.4425405682241816,-2.8669171671779816,-2.5696338432333636,12,539,True,
1min,2024-02-02,2024-02-02,2024-02-02,540,lag_sensitivity,KPSS,c,level_or_trend_stationarity,,Bartlett_short_bandwidth,False,ok,0.33882880416682015,0.10600082756621441,0.7428,0.4614,0.3475,12,540,False,
1min,2024-02-05,2024-02-05,2024-02-05,540,main,ADF,c,unit_root,12.0,bic,False,ok,-21.890443035664727,0.0,-3.4425405682241816,-2.8669171671779816,-2.5696338432333636,0,539,True,
1min,2024-02-05,2024-02-05,2024-02-05,540,main,PP,c,unit_root,,Bartlett_short_bandwidth,False,ok,-21.853877241911476,0.0,-3.4425405682241816,-2.8669171671779816,-2.5696338432333636,6,539,True,
1min,2024-02-05,2024-02-05,2024-02-05,540,main,KPSS,c,level_or_trend_stationarity,,Bartlett_short_bandwidth,False,ok,0.18780417448140033,0.29296984152893546,0.7428,0.4614,0.3475,6,540,False,
1min,2024-02-05,2024-02-05,2024-02-05,540,trend_sensitivity,ADF,ct,unit_root,12.0,bic,False,ok,-21.87967153909965,0.0,-3.9756648124097875,-3.4186668470500177,-3.131860684671111,0,539,True,
1min,2024-02-05,2024-02-05,2024-02-05,540,trend_sensitivity,PP,ct,unit_root,,Bartlett_short_bandwidth,False,ok,-21.842565137523714,0.0,-3.9756648124097875,-3.4186668470500177,-3.131860684671111,6,539,True,
1min,2024-02-05,2024-02-05,2024-02-05,540,trend_sensitivity,KPSS,ct,level_or_trend_stationarity,,Bartlett_short_bandwidth,False,ok,0.14777675904941806,0.05015405118822743,0.2175,0.1479,0.1193,6,540,False,
1min,2024-02-05,2024-02-05,2024-02-05,540,lag_sensitivity,ADF,c,unit_root,12.0,aic,False,ok,-17.212013848888148,6.359896245898763e-30,-3.442563336759378,-2.866927190004947,-2.5696391843672695,1,538,True,
1min,2024-02-05,2024-02-05,2024-02-05,540,lag_sensitivity,PP,c,unit_root,,Bartlett_short_bandwidth,False,ok,-21.860641261152384,0.0,-3.4425405682241816,-2.8669171671779816,-2.5696338432333636,12,539,True,
1min,2024-02-05,2024-02-05,2024-02-05,540,lag_sensitivity,KPSS,c,level_or_trend_stationarity,,Bartlett_short_bandwidth,False,ok,0.17543227360578548,0.3209286020055922,0.7428,0.4614,0.3475,12,540,False,
1min,2024-02-07,2024-02-07,2024-02-07,540,main,ADF,c,unit_root,12.0,bic,False,ok,-20.21468320701975,0.0,-3.442563336759378,-2.866927190004947,-2.5696391843672695,1,538,True,
1min,2024-02-07,2024-02-07,2024-02-07,540,main,PP,c,unit_root,,Bartlett_short_bandwidth,False,ok,-28.219388935216188,0.0,-3.4425405682241816,-2.8669171671779816,-2.5696338432333636,6,539,True,
1min,2024-02-07,2024-02-07,2024-02-07,540,main,KPSS,c,level_or_trend_stationarity,,Bartlett_short_bandwidth,False,ok,0.20873499777475005,0.25172321825937494,0.7428,0.4614,0.3475,6,540,False,
1min,2024-02-07,2024-02-07,2024-02-07,540,trend_sensitivity,ADF,ct,unit_root,12.0,bic,False,ok,-20.30379003111286,0.0,-3.975696400819281,-3.4186821046499145,-3.131869652155557,1,538,True,
1min,2024-02-07,2024-02-07,2024-02-07,540,trend_sensitivity,PP,ct,unit_root,,Bartlett_short_bandwidth,False,ok,-28.370446786284386,0.0,-3.9756648124097875,-3.4186668470500177,-3.131860684671111,6,539,True,
1min,2024-02-07,2024-02-07,2024-02-07,540,trend_sensitivity,KPSS,ct,level_or_trend_stationarity,,Bartlett_short_bandwidth,False,ok,0.02680228345933156,0.9144190726740937,0.2175,0.1479,0.1193,6,540,False,
1min,2024-02-07,2024-02-07,2024-02-07,540,lag_sensitivity,ADF,c,unit_root,12.0,aic,False,ok,-16.268787581993823,3.505128744464852e-29,-3.4425861905056556,-2.8669372502674824,-2.5696445454608505,2,537,True,
1min,2024-02-07,2024-02-07,2024-02-07,540,lag_sensitivity,PP,c,unit_root,,Bartlett_short_bandwidth,False,ok,-28.540053770133333,0.0,-3.4425405682241816,-2.8669171671779816,-2.5696338432333636,12,539,True,
1min,2024-02-07,2024-02-07,2024-02-07,540,lag_sensitivity,KPSS,c,level_or_trend_stationarity,,Bartlett_short_bandwidth,False,ok,0.23187072024149827,0.2136807269068208,0.7428,0.4614,0.3475,12,540,False,
1min,2024-02-08,2024-02-08,2024-02-08,540,main,ADF,c,unit_root,12.0,bic,False,ok,-21.873592080080655,0.0,-3.4425405682241816,-2.8669171671779816,-2.5696338432333636,0,539,True,
1min,2024-02-08,2024-02-08,2024-02-08,540,main,PP,c,unit_root,,Bartlett_short_bandwidth,False,ok,-21.84450316161723,0.0,-3.4425405682241816,-2.8669171671779816,-2.5696338432333636,6,539,True,
1min,2024-02-08,2024-02-08,2024-02-08,540,main,KPSS,c,level_or_trend_stationarity,,Bartlett_short_bandwidth,False,ok,0.166477613335638,0.3435413804655606,0.7428,0.4614,0.3475,6,540,False,
1min,2024-02-08,2024-02-08,2024-02-08,540,trend_sensitivity,ADF,ct,unit_root,12.0,bic,False,ok,-21.861408870425446,0.0,-3.9756648124097875,-3.4186668470500177,-3.131860684671111,0,539,True,
1min,2024-02-08,2024-02-08,2024-02-08,540,trend_sensitivity,PP,ct,unit_root,,Bartlett_short_bandwidth,False,ok,-21.831529506191163,0.0,-3.9756648124097875,-3.4186668470500177,-3.131860684671111,6,539,True,
1min,2024-02-08,2024-02-08,2024-02-08,540,trend_sensitivity,KPSS,ct,level_or_trend_stationarity,,Bartlett_short_bandwidth,False,ok,0.12787185051737027,0.08105629896525945,0.2175,0.1479,0.1193,6,540,False,
1min,2024-02-08,2024-02-08,2024-02-08,540,lag_sensitivity,ADF,c,unit_root,12.0,aic,False,ok,-21.873592080080655,0.0,-3.4425405682241816,-2.8669171671779816,-2.5696338432333636,0,539,True,
1min,2024-02-08,2024-02-08,2024-02-08,540,lag_sensitivity,PP,c,unit_root,,Bartlett_short_bandwidth,False,ok,-21.838800253952954,0.0,-3.4425405682241816,-2.8669171671779816,-2.5696338432333636,12,539,True,
1min,2024-02-08,2024-02-08,2024-02-08,540,lag_sensitivity,KPSS,c,level_or_trend_stationarity,,Bartlett_short_bandwidth,False,ok,0.18157132798721468,0.30673257933973636,0.7428,0.4614,0.3475,12,540,False,
1min,2024-02-09,2024-02-09,2024-02-09,540,main,ADF,c,unit_root,12.0,bic,False,ok,-22.098752671779174,0.0,-3.4425405682241816,-2.8669171671779816,-2.5696338432333636,0,539,True,
1min,2024-02-09,2024-02-09,2024-02-09,540,main,PP,c,unit_root,,Bartlett_short_bandwidth,False,ok,-22.081477535685888,0.0,-3.4425405682241816,-2.8669171671779816,-2.5696338432333636,6,539,True,
1min,2024-02-09,2024-02-09,2024-02-09,540,main,KPSS,c,level_or_trend_stationarity,,Bartlett_short_bandwidth,False,ok,0.06905496138211367,0.7583111209402259,0.7428,0.4614,0.3475,6,540,False,
1min,2024-02-09,2024-02-09,2024-02-09,540,trend_sensitivity,ADF,ct,unit_root,12.0,bic,False,ok,-22.08597136960309,0.0,-3.9756648124097875,-3.4186668470500177,-3.131860684671111,0,539,True,
1min,2024-02-09,2024-02-09,2024-02-09,540,trend_sensitivity,PP,ct,unit_root,,Bartlett_short_bandwidth,False,ok,-22.067843097710302,0.0,-3.9756648124097875,-3.4186668470500177,-3.131860684671111,6,539,True,
1min,2024-02-09,2024-02-09,2024-02-09,540,trend_sensitivity,KPSS,ct,level_or_trend_stationarity,,Bartlett_short_bandwidth,False,ok,0.044878159560726105,0.6478276065891084,0.2175,0.1479,0.1193,6,540,False,
1min,2024-02-09,2024-02-09,2024-02-09,540,lag_sensitivity,ADF,c,unit_root,12.0,aic,False,ok,-22.098752671779174,0.0,-3.4425405682241816,-2.8669171671779816,-2.5696338432333636,0,539,True,
1min,2024-02-09,2024-02-09,2024-02-09,540,lag_sensitivity,PP,c,unit_root,,Bartlett_short_bandwidth,False,ok,-22.078918960934963,0.0,-3.4425405682241816,-2.8669171671779816,-2.5696338432333636,12,539,True,
1min,2024-02-09,2024-02-09,2024-02-09,540,lag_sensitivity,KPSS,c,level_or_trend_stationarity,,Bartlett_short_bandwidth,False,ok,0.06917328583380841,0.7575754248675125,0.7428,0.4614,0.3475,12,540,False,
1min,2024-02-15,2024-02-15,2024-02-15,540,main,ADF,c,unit_root,12.0,bic,False,ok,-25.02514661175342,0.0,-3.4425405682241816,-2.8669171671779816,-2.5696338432333636,0,539,True,
1min,2024-02-15,2024-02-15,2024-02-15,540,main,PP,c,unit_root,,Bartlett_short_bandwidth,False,ok,-24.98454577213197,0.0,-3.4425405682241816,-2.8669171671779816,-2.5696338432333636,6,539,True,
1min,2024-02-15,2024-02-15,2024-02-15,540,main,KPSS,c,level_or_trend_stationarity,,Bartlett_short_bandwidth,False,ok,0.0474437387614809,0.8922752883066962,0.7428,0.4614,0.3475,6,540,False,
1min,2024-02-15,2024-02-15,2024-02-15,540,trend_sensitivity,ADF,ct,unit_root,12.0,bic,False,ok,-25.01486750637788,0.0,-3.9756648124097875,-3.4186668470500177,-3.131860684671111,0,539,True,
1min,2024-02-15,2024-02-15,2024-02-15,540,trend_sensitivity,PP,ct,unit_root,,Bartlett_short_bandwidth,False,ok,-24.975615126252883,0.0,-3.9756648124097875,-3.4186668470500177,-3.131860684671111,6,539,True,
1min,2024-02-15,2024-02-15,2024-02-15,540,trend_sensitivity,KPSS,ct,level_or_trend_stationarity,,Bartlett_short_bandwidth,False,ok,0.026783387524985214,0.9146290275001643,0.2175,0.1479,0.1193,6,540,False,
1min,2024-02-15,2024-02-15,2024-02-15,540,lag_sensitivity,ADF,c,unit_root,12.0,aic,False,ok,-8.39847539304472,2.2649922204620193e-13,-3.442819521824351,-2.8670399588708047,-2.5696992792614384,12,527,True,
1min,2024-02-15,2024-02-15,2024-02-15,540,lag_sensitivity,PP,c,unit_root,,Bartlett_short_bandwidth,False,ok,-24.996263073027,0.0,-3.4425405682241816,-2.8669171671779816,-2.5696338432333636,12,539,True,
1min,2024-02-15,2024-02-15,2024-02-15,540,lag_sensitivity,KPSS,c,level_or_trend_stationarity,,Bartlett_short_bandwidth,False,ok,0.048402374730876094,0.8863889270911117,0.7428,0.4614,0.3475,12,540,False,
1min,2024-02-16,2024-02-16,2024-02-16,540,main,ADF,c,unit_root,12.0,bic,False,ok,-21.61196747390021,0.0,-3.4425405682241816,-2.8669171671779816,-2.5696338432333636,0,539,True,
1min,2024-02-16,2024-02-16,2024-02-16,540,main,PP,c,unit_root,,Bartlett_short_bandwidth,False,ok,-21.71695267442902,0.0,-3.4425405682241816,-2.8669171671779816,-2.5696338432333636,6,539,True,
1min,2024-02-16,2024-02-16,2024-02-16,540,main,KPSS,c,level_or_trend_stationarity,,Bartlett_short_bandwidth,False,ok,0.05396477569712327,0.852136109655192,0.7428,0.4614,0.3475,6,540,False,
1min,2024-02-16,2024-02-16,2024-02-16,540,trend_sensitivity,ADF,ct,unit_root,12.0,bic,False,ok,-21.59866028702477,0.0,-3.9756648124097875,-3.4186668470500177,-3.131860684671111,0,539,True,
1min,2024-02-16,2024-02-16,2024-02-16,540,trend_sensitivity,PP,ct,unit_root,,Bartlett_short_bandwidth,False,ok,-21.703696010945205,0.0,-3.9756648124097875,-3.4186668470500177,-3.131860684671111,6,539,True,
1min,2024-02-16,2024-02-16,2024-02-16,540,trend_sensitivity,KPSS,ct,level_or_trend_stationarity,,Bartlett_short_bandwidth,False,ok,0.04615336116085738,0.6286995825871392,0.2175,0.1479,0.1193,6,540,False,
1min,2024-02-16,2024-02-16,2024-02-16,540,lag_sensitivity,ADF,c,unit_root,12.0,aic,False,ok,-21.61196747390021,0.0,-3.4425405682241816,-2.8669171671779816,-2.5696338432333636,0,539,True,
1min,2024-02-16,2024-02-16,2024-02-16,540,lag_sensitivity,PP,c,unit_root,,Bartlett_short_bandwidth,False,ok,-21.817079911059423,0.0,-3.4425405682241816,-2.8669171671779816,-2.5696338432333636,12,539,True,
1min,2024-02-16,2024-02-16,2024-02-16,540,lag_sensitivity,KPSS,c,level_or_trend_stationarity,,Bartlett_short_bandwidth,False,ok,0.0498848645795263,0.8772859192485227,0.7428,0.4614,0.3475,12,540,False,
1min,2024-02-19,2024-02-19,2024-02-19,540,main,ADF,c,unit_root,12.0,bic,False,ok,-19.275738273617325,0.0,-3.442563336759378,-2.866927190004947,-2.5696391843672695,1,538,True,
1min,2024-02-19,2024-02-19,2024-02-19,540,main,PP,c,unit_root,,Bartlett_short_bandwidth,False,ok,-25.986423448500766,0.0,-3.4425405682241816,-2.8669171671779816,-2.5696338432333636,6,539,True,
1min,2024-02-19,2024-02-19,2024-02-19,540,main,KPSS,c,level_or_trend_stationarity,,Bartlett_short_bandwidth,False,ok,0.10188864184531227,0.5764007603590756,0.7428,0.4614,0.3475,6,540,False,
1min,2024-02-19,2024-02-19,2024-02-19,540,trend_sensitivity,ADF,ct,unit_root,12.0,bic,False,ok,-19.286674982044048,0.0,-3.975696400819281,-3.4186821046499145,-3.131869652155557,1,538,True,
1min,2024-02-19,2024-02-19,2024-02-19,540,trend_sensitivity,PP,ct,unit_root,,Bartlett_short_bandwidth,False,ok,-26.0009755009399,0.0,-3.9756648124097875,-3.4186668470500177,-3.131860684671111,6,539,True,
1min,2024-02-19,2024-02-19,2024-02-19,540,trend_sensitivity,KPSS,ct,level_or_trend_stationarity,,Bartlett_short_bandwidth,False,ok,0.048655893483145925,0.593522416514243,0.2175,0.1479,0.1193,6,540,False,
1min,2024-02-19,2024-02-19,2024-02-19,540,lag_sensitivity,ADF,c,unit_root,12.0,aic,False,ok,-19.275738273617325,0.0,-3.442563336759378,-2.866927190004947,-2.5696391843672695,1,538,True,
1min,2024-02-19,2024-02-19,2024-02-19,540,lag_sensitivity,PP,c,unit_root,,Bartlett_short_bandwidth,False,ok,-26.05731409842539,0.0,-3.4425405682241816,-2.8669171671779816,-2.5696338432333636,12,539,True,
1min,2024-02-19,2024-02-19,2024-02-19,540,lag_sensitivity,KPSS,c,level_or_trend_stationarity,,Bartlett_short_bandwidth,False,ok,0.10674131223137705,0.553448580766468,0.7428,0.4614,0.3475,12,540,False,
1min,2024-02-20,2024-02-20,2024-02-20,540,main,ADF,c,unit_root,12.0,bic,False,ok,-23.418593045152015,0.0,-3.4425405682241816,-2.8669171671779816,-2.5696338432333636,0,539,True,
1min,2024-02-20,2024-02-20,2024-02-20,540,main,PP,c,unit_root,,Bartlett_short_bandwidth,False,ok,-23.433264309879437,0.0,-3.4425405682241816,-2.8669171671779816,-2.5696338432333636,6,539,True,
1min,2024-02-20,2024-02-20,2024-02-20,540,main,KPSS,c,level_or_trend_stationarity,,Bartlett_short_bandwidth,False,ok,0.27685193986269196,0.15765422930969586,0.7428,0.4614,0.3475,6,540,False,
1min,2024-02-20,2024-02-20,2024-02-20,540,trend_sensitivity,ADF,ct,unit_root,12.0,bic,False,ok,-23.468679993002887,0.0,-3.9756648124097875,-3.4186668470500177,-3.131860684671111,0,539,True,
1min,2024-02-20,2024-02-20,2024-02-20,540,trend_sensitivity,PP,ct,unit_root,,Bartlett_short_bandwidth,False,ok,-23.494048242355568,0.0,-3.9756648124097875,-3.4186668470500177,-3.131860684671111,6,539,True,
1min,2024-02-20,2024-02-20,2024-02-20,540,trend_sensitivity,KPSS,ct,level_or_trend_stationarity,,Bartlett_short_bandwidth,False,ok,0.11991797023576495,0.09852864229579775,0.2175,0.1479,0.1193,6,540,False,
1min,2024-02-20,2024-02-20,2024-02-20,540,lag_sensitivity,ADF,c,unit_root,12.0,aic,False,ok,-10.207099362969196,5.76604246681594e-18,-3.4426321555520905,-2.86695748394138,-2.5696553279762426,4,535,True,
1min,2024-02-20,2024-02-20,2024-02-20,540,lag_sensitivity,PP,c,unit_root,,Bartlett_short_bandwidth,False,ok,-23.45871429588821,0.0,-3.4425405682241816,-2.8669171671779816,-2.5696338432333636,12,539,True,
1min,2024-02-20,2024-02-20,2024-02-20,540,lag_sensitivity,KPSS,c,level_or_trend_stationarity,,Bartlett_short_bandwidth,False,ok,0.2901096108515923,0.1443717991889597,0.7428,0.4614,0.3475,12,540,False,
1min,2024-02-21,2024-02-21,2024-02-21,540,main,ADF,c,unit_root,12.0,bic,False,ok,-19.44423020530668,0.0,-3.442563336759378,-2.866927190004947,-2.5696391843672695,1,538,True,
1min,2024-02-21,2024-02-21,2024-02-21,540,main,PP,c,unit_root,,Bartlett_short_bandwidth,False,ok,-25.544715033666975,0.0,-3.4425405682241816,-2.8669171671779816,-2.5696338432333636,6,539,True,
1min,2024-02-21,2024-02-21,2024-02-21,540,main,KPSS,c,level_or_trend_stationarity,,Bartlett_short_bandwidth,False,ok,0.08084747700280015,0.6875144762134417,0.7428,0.4614,0.3475,6,540,False,
1min,2024-02-21,2024-02-21,2024-02-21,540,trend_sensitivity,ADF,ct,unit_root,12.0,bic,False,ok,-19.437094856493697,0.0,-3.975696400819281,-3.4186821046499145,-3.131869652155557,1,538,True,
1min,2024-02-21,2024-02-21,2024-02-21,540,trend_sensitivity,PP,ct,unit_root,,Bartlett_short_bandwidth,False,ok,-25.54022468136827,0.0,-3.9756648124097875,-3.4186668470500177,-3.131860684671111,6,539,True,
1min,2024-02-21,2024-02-21,2024-02-21,540,trend_sensitivity,KPSS,ct,level_or_trend_stationarity,,Bartlett_short_bandwidth,False,ok,0.04425699369036959,0.6571450946444561,0.2175,0.1479,0.1193,6,540,False,
1min,2024-02-21,2024-02-21,2024-02-21,540,lag_sensitivity,ADF,c,unit_root,12.0,aic,False,ok,-9.97409208331382,2.2009563106366508e-17,-3.4426552678216003,-2.8669676577777548,-2.569660749624767,5,534,True,
1min,2024-02-21,2024-02-21,2024-02-21,540,lag_sensitivity,PP,c,unit_root,,Bartlett_short_bandwidth,False,ok,-25.681526520316098,0.0,-3.4425405682241816,-2.8669171671779816,-2.5696338432333636,12,539,True,
1min,2024-02-21,2024-02-21,2024-02-21,540,lag_sensitivity,KPSS,c,level_or_trend_stationarity,,Bartlett_short_bandwidth,False,ok,0.08571214192344945,0.6601155895084575,0.7428,0.4614,0.3475,12,540,False,
1min,2024-02-22,2024-02-22,2024-02-22,540,main,ADF,c,unit_root,12.0,bic,False,ok,-23.582547549321482,0.0,-3.4425405682241816,-2.8669171671779816,-2.5696338432333636,0,539,True,
1min,2024-02-22,2024-02-22,2024-02-22,540,main,PP,c,unit_root,,Bartlett_short_bandwidth,False,ok,-23.6278018633769,0.0,-3.4425405682241816,-2.8669171671779816,-2.5696338432333636,6,539,True,
1min,2024-02-22,2024-02-22,2024-02-22,540,main,KPSS,c,level_or_trend_stationarity,,Bartlett_short_bandwidth,False,ok,0.14337285330669783,0.4111126496580198,0.7428,0.4614,0.3475,6,540,False,
1min,2024-02-22,2024-02-22,2024-02-22,540,trend_sensitivity,ADF,ct,unit_root,12.0,bic,False,ok,-23.601100276957432,0.0,-3.9756648124097875,-3.4186668470500177,-3.131860684671111,0,539,True,
1min,2024-02-22,2024-02-22,2024-02-22,540,trend_sensitivity,PP,ct,unit_root,,Bartlett_short_bandwidth,False,ok,-23.653540302484462,0.0,-3.9756648124097875,-3.4186668470500177,-3.131860684671111,6,539,True,
1min,2024-02-22,2024-02-22,2024-02-22,540,trend_sensitivity,KPSS,ct,level_or_trend_stationarity,,Bartlett_short_bandwidth,False,ok,0.06472878455160465,0.39771215448395353,0.2175,0.1479,0.1193,6,540,False,
1min,2024-02-22,2024-02-22,2024-02-22,540,lag_sensitivity,ADF,c,unit_root,12.0,aic,False,ok,-17.94442682272947,2.8531165203603764e-30,-3.442563336759378,-2.866927190004947,-2.5696391843672695,1,538,True,
1min,2024-02-22,2024-02-22,2024-02-22,540,lag_sensitivity,PP,c,unit_root,,Bartlett_short_bandwidth,False,ok,-23.666377562457075,0.0,-3.4425405682241816,-2.8669171671779816,-2.5696338432333636,12,539,True,
1min,2024-02-22,2024-02-22,2024-02-22,540,lag_sensitivity,KPSS,c,level_or_trend_stationarity,,Bartlett_short_bandwidth,False,ok,0.1501471245135492,0.389800224662056,0.7428,0.4614,0.3475,12,540,False,
1min,2024-02-23,2024-02-23,2024-02-23,540,main,ADF,c,unit_root,12.0,bic,False,ok,-23.094018935198793,0.0,-3.4425405682241816,-2.8669171671779816,-2.5696338432333636,0,539,True,
1min,2024-02-23,2024-02-23,2024-02-23,540,main,PP,c,unit_root,,Bartlett_short_bandwidth,False,ok,-23.09997531268834,0.0,-3.4425405682241816,-2.8669171671779816,-2.5696338432333636,6,539,True,
1min,2024-02-23,2024-02-23,2024-02-23,540,main,KPSS,c,level_or_trend_stationarity,,Bartlett_short_bandwidth,False,ok,0.19391462282650637,0.27997132779116396,0.7428,0.4614,0.3475,6,540,False,
1min,2024-02-23,2024-02-23,2024-02-23,540,trend_sensitivity,ADF,ct,unit_root,12.0,bic,False,ok,-23.113992500051584,0.0,-3.9756648124097875,-3.4186668470500177,-3.131860684671111,0,539,True,
1min,2024-02-23,2024-02-23,2024-02-23,540,trend_sensitivity,PP,ct,unit_root,,Bartlett_short_bandwidth,False,ok,-23.117891843481996,0.0,-3.9756648124097875,-3.4186668470500177,-3.131860684671111,6,539,True,
1min,2024-02-23,2024-02-23,2024-02-23,540,trend_sensitivity,KPSS,ct,level_or_trend_stationarity,,Bartlett_short_bandwidth,False,ok,0.08537223810429498,0.23416657137423016,0.2175,0.1479,0.1193,6,540,False,
1min,2024-02-23,2024-02-23,2024-02-23,540,lag_sensitivity,ADF,c,unit_root,12.0,aic,False,ok,-10.478897956083834,1.2283221530765247e-18,-3.442609129942274,-2.866947348175723,-2.569649926626197,3,536,True,
1min,2024-02-23,2024-02-23,2024-02-23,540,lag_sensitivity,PP,c,unit_root,,Bartlett_short_bandwidth,False,ok,-23.132952964219573,0.0,-3.4425405682241816,-2.8669171671779816,-2.5696338432333636,12,539,True,
1min,2024-02-23,2024-02-23,2024-02-23,540,lag_sensitivity,KPSS,c,level_or_trend_stationarity,,Bartlett_short_bandwidth,False,ok,0.18061437517153944,0.3089324708700243,0.7428,0.4614,0.3475,12,540,False,
1min,2024-02-26,2024-02-26,2024-02-26,540,main,ADF,c,unit_root,12.0,bic,False,ok,-23.48173356214874,0.0,-3.4425405682241816,-2.8669171671779816,-2.5696338432333636,0,539,True,
1min,2024-02-26,2024-02-26,2024-02-26,540,main,PP,c,unit_root,,Bartlett_short_bandwidth,False,ok,-23.480180308550025,0.0,-3.4425405682241816,-2.8669171671779816,-2.5696338432333636,6,539,True,
1min,2024-02-26,2024-02-26,2024-02-26,540,main,KPSS,c,level_or_trend_stationarity,,Bartlett_short_bandwidth,False,ok,0.08215395972716606,0.6800182638605226,0.7428,0.4614,0.3475,6,540,False,
1min,2024-02-26,2024-02-26,2024-02-26,540,trend_sensitivity,ADF,ct,unit_root,12.0,bic,False,ok,-23.462643886493787,0.0,-3.9756648124097875,-3.4186668470500177,-3.131860684671111,0,539,True,
1min,2024-02-26,2024-02-26,2024-02-26,540,trend_sensitivity,PP,ct,unit_root,,Bartlett_short_bandwidth,False,ok,-23.46123565795927,0.0,-3.9756648124097875,-3.4186668470500177,-3.131860684671111,6,539,True,
1min,2024-02-26,2024-02-26,2024-02-26,540,trend_sensitivity,KPSS,ct,level_or_trend_stationarity,,Bartlett_short_bandwidth,False,ok,0.08189536972144693,0.25572158812795226,0.2175,0.1479,0.1193,6,540,False,
1min,2024-02-26,2024-02-26,2024-02-26,540,lag_sensitivity,ADF,c,unit_root,12.0,aic,False,ok,-4.92655949747124,3.0952239656386354e-05,-3.442772146350605,-2.8670191055991836,-2.5696881663873414,10,529,True,
1min,2024-02-26,2024-02-26,2024-02-26,540,lag_sensitivity,PP,c,unit_root,,Bartlett_short_bandwidth,False,ok,-23.53532645848761,0.0,-3.4425405682241816,-2.8669171671779816,-2.5696338432333636,12,539,True,
1min,2024-02-26,2024-02-26,2024-02-26,540,lag_sensitivity,KPSS,c,level_or_trend_stationarity,,Bartlett_short_bandwidth,False,ok,0.06977225255030838,0.7538512794799479,0.7428,0.4614,0.3475,12,540,False,
1min,2024-02-27,2024-02-27,2024-02-27,540,main,ADF,c,unit_root,12.0,bic,False,ok,-25.229857769217205,0.0,-3.4425405682241816,-2.8669171671779816,-2.5696338432333636,0,539,True,
1min,2024-02-27,2024-02-27,2024-02-27,540,main,PP,c,unit_root,,Bartlett_short_bandwidth,False,ok,-25.392805931968812,0.0,-3.4425405682241816,-2.8669171671779816,-2.5696338432333636,6,539,True,
1min,2024-02-27,2024-02-27,2024-02-27,540,main,KPSS,c,level_or_trend_stationarity,,Bartlett_short_bandwidth,False,ok,0.15140120274111435,0.3860678489847787,0.7428,0.4614,0.3475,6,540,False,
1min,2024-02-27,2024-02-27,2024-02-27,540,trend_sensitivity,ADF,ct,unit_root,12.0,bic,False,ok,-25.244278965452104,0.0,-3.9756648124097875,-3.4186668470500177,-3.131860684671111,0,539,True,
1min,2024-02-27,2024-02-27,2024-02-27,540,trend_sensitivity,PP,ct,unit_root,,Bartlett_short_bandwidth,False,ok,-25.425698246848487,0.0,-3.9756648124097875,-3.4186668470500177,-3.131860684671111,6,539,True,
1min,2024-02-27,2024-02-27,2024-02-27,540,trend_sensitivity,KPSS,ct,level_or_trend_stationarity,,Bartlett_short_bandwidth,False,ok,0.03786646594269088,0.7549619453288444,0.2175,0.1479,0.1193,6,540,False,
1min,2024-02-27,2024-02-27,2024-02-27,540,lag_sensitivity,ADF,c,unit_root,12.0,aic,False,ok,-7.517803559081491,3.8616017322119375e-11,-3.4427485933555886,-2.8670087381529723,-2.569682641509434,9,530,True,
1min,2024-02-27,2024-02-27,2024-02-27,540,lag_sensitivity,PP,c,unit_root,,Bartlett_short_bandwidth,False,ok,-25.610837617321888,0.0,-3.4425405682241816,-2.8669171671779816,-2.5696338432333636,12,539,True,
1min,2024-02-27,2024-02-27,2024-02-27,540,lag_sensitivity,KPSS,c,level_or_trend_stationarity,,Bartlett_short_bandwidth,False,ok,0.17035662983183975,0.3337458842630309,0.7428,0.4614,0.3475,12,540,False,
1min,2024-02-28,2024-02-28,2024-02-28,540,main,ADF,c,unit_root,12.0,bic,False,ok,-23.56023787839358,0.0,-3.4425405682241816,-2.8669171671779816,-2.5696338432333636,0,539,True,
1min,2024-02-28,2024-02-28,2024-02-28,540,main,PP,c,unit_root,,Bartlett_short_bandwidth,False,ok,-23.569580270120596,0.0,-3.4425405682241816,-2.8669171671779816,-2.5696338432333636,6,539,True,
1min,2024-02-28,2024-02-28,2024-02-28,540,main,KPSS,c,level_or_trend_stationarity,,Bartlett_short_bandwidth,False,ok,0.05795082250737777,0.8273523989178584,0.7428,0.4614,0.3475,6,540,False,
1min,2024-02-28,2024-02-28,2024-02-28,540,trend_sensitivity,ADF,ct,unit_root,12.0,bic,False,ok,-23.53894751862504,0.0,-3.9756648124097875,-3.4186668470500177,-3.131860684671111,0,539,True,
1min,2024-02-28,2024-02-28,2024-02-28,540,trend_sensitivity,PP,ct,unit_root,,Bartlett_short_bandwidth,False,ok,-23.548019131185413,0.0,-3.9756648124097875,-3.4186668470500177,-3.131860684671111,6,539,True,
1min,2024-02-28,2024-02-28,2024-02-28,540,trend_sensitivity,KPSS,ct,level_or_trend_stationarity,,Bartlett_short_bandwidth,False,ok,0.058287083430298856,0.4682490067821565,0.2175,0.1479,0.1193,6,540,False,
1min,2024-02-28,2024-02-28,2024-02-28,540,lag_sensitivity,ADF,c,unit_root,12.0,aic,False,ok,-23.56023787839358,0.0,-3.4425405682241816,-2.8669171671779816,-2.5696338432333636,0,539,True,
1min,2024-02-28,2024-02-28,2024-02-28,540,lag_sensitivity,PP,c,unit_root,,Bartlett_short_bandwidth,False,ok,-23.68529866338666,0.0,-3.4425405682241816,-2.8669171671779816,-2.5696338432333636,12,539,True,
1min,2024-02-28,2024-02-28,2024-02-28,540,lag_sensitivity,KPSS,c,level_or_trend_stationarity,,Bartlett_short_bandwidth,False,ok,0.06714698179121958,0.7701742064794637,0.7428,0.4614,0.3475,12,540,False,
1min,2024-02-29,2024-02-29,2024-02-29,540,main,ADF,c,unit_root,12.0,bic,False,ok,-23.035314794712217,0.0,-3.4425405682241816,-2.8669171671779816,-2.5696338432333636,0,539,True,
1min,2024-02-29,2024-02-29,2024-02-29,540,main,PP,c,unit_root,,Bartlett_short_bandwidth,False,ok,-23.069192206982844,0.0,-3.4425405682241816,-2.8669171671779816,-2.5696338432333636,6,539,True,
1min,2024-02-29,2024-02-29,2024-02-29,540,main,KPSS,c,level_or_trend_stationarity,,Bartlett_short_bandwidth,False,ok,0.28755254935605157,0.14680709585137947,0.7428,0.4614,0.3475,6,540,False,
1min,2024-02-29,2024-02-29,2024-02-29,540,trend_sensitivity,ADF,ct,unit_root,12.0,bic,False,ok,-23.114783175939674,0.0,-3.9756648124097875,-3.4186668470500177,-3.131860684671111,0,539,True,
1min,2024-02-29,2024-02-29,2024-02-29,540,trend_sensitivity,PP,ct,unit_root,,Bartlett_short_bandwidth,False,ok,-23.16871496171409,0.0,-3.9756648124097875,-3.4186668470500177,-3.131860684671111,6,539,True,
1min,2024-02-29,2024-02-29,2024-02-29,540,trend_sensitivity,KPSS,ct,level_or_trend_stationarity,,Bartlett_short_bandwidth,False,ok,0.030080260962948847,0.8713852644034883,0.2175,0.1479,0.1193,6,540,False,
1min,2024-02-29,2024-02-29,2024-02-29,540,lag_sensitivity,ADF,c,unit_root,12.0,aic,False,ok,-14.296830043282972,1.2483140674121744e-26,-3.4425861905056556,-2.8669372502674824,-2.5696445454608505,2,537,True,
1min,2024-02-29,2024-02-29,2024-02-29,540,lag_sensitivity,PP,c,unit_root,,Bartlett_short_bandwidth,False,ok,-23.17460010192581,0.0,-3.4425405682241816,-2.8669171671779816,-2.5696338432333636,12,539,True,
1min,2024-02-29,2024-02-29,2024-02-29,540,lag_sensitivity,KPSS,c,level_or_trend_stationarity,,Bartlett_short_bandwidth,False,ok,0.3192361943134661,0.11955972711870856,0.7428,0.4614,0.3475,12,540,False,
1min,2024-03-01,2024-03-01,2024-03-01,540,main,ADF,c,unit_root,12.0,bic,False,ok,-23.573273475425335,0.0,-3.4425405682241816,-2.8669171671779816,-2.5696338432333636,0,539,True,
1min,2024-03-01,2024-03-01,2024-03-01,540,main,PP,c,unit_root,,Bartlett_short_bandwidth,False,ok,-23.574340299363353,0.0,-3.4425405682241816,-2.8669171671779816,-2.5696338432333636,6,539,True,
1min,2024-03-01,2024-03-01,2024-03-01,540,main,KPSS,c,level_or_trend_stationarity,,Bartlett_short_bandwidth,False,ok,0.0491917611877146,0.8815418172684191,0.7428,0.4614,0.3475,6,540,False,
1min,2024-03-01,2024-03-01,2024-03-01,540,trend_sensitivity,ADF,ct,unit_root,12.0,bic,False,ok,-23.551551831597354,0.0,-3.9756648124097875,-3.4186668470500177,-3.131860684671111,0,539,True,
1min,2024-03-01,2024-03-01,2024-03-01,540,trend_sensitivity,PP,ct,unit_root,,Bartlett_short_bandwidth,False,ok,-23.55368113165451,0.0,-3.9756648124097875,-3.4186668470500177,-3.131860684671111,6,539,True,
1min,2024-03-01,2024-03-01,2024-03-01,540,trend_sensitivity,KPSS,ct,level_or_trend_stationarity,,Bartlett_short_bandwidth,False,ok,0.04925864409594801,0.5851119428472371,0.2175,0.1479,0.1193,6,540,False,
1min,2024-03-01,2024-03-01,2024-03-01,540,lag_sensitivity,ADF,c,unit_root,12.0,aic,False,ok,-6.765264811653633,2.727317896751826e-09,-3.4427251295084678,-2.8669984098683736,-2.5696771375119254,8,531,True,
1min,2024-03-01,2024-03-01,2024-03-01,540,lag_sensitivity,PP,c,unit_root,,Bartlett_short_bandwidth,False,ok,-23.666455549998403,0.0,-3.4425405682241816,-2.8669171671779816,-2.5696338432333636,12,539,True,
1min,2024-03-01,2024-03-01,2024-03-01,540,lag_sensitivity,KPSS,c,level_or_trend_stationarity,,Bartlett_short_bandwidth,False,ok,0.043096471037402675,0.9171238366452491,0.7428,0.4614,0.3475,12,540,False,
1min,2024-03-04,2024-03-04,2024-03-04,540,main,ADF,c,unit_root,12.0,bic,False,ok,-23.219567204285813,0.0,-3.4425405682241816,-2.8669171671779816,-2.5696338432333636,0,539,True,
1min,2024-03-04,2024-03-04,2024-03-04,540,main,PP,c,unit_root,,Bartlett_short_bandwidth,False,ok,-23.223568862368197,0.0,-3.4425405682241816,-2.8669171671779816,-2.5696338432333636,6,539,True,
1min,2024-03-04,2024-03-04,2024-03-04,540,main,KPSS,c,level_or_trend_stationarity,,Bartlett_short_bandwidth,False,ok,0.1686163786541084,0.3381404579441707,0.7428,0.4614,0.3475,6,540,False,
1min,2024-03-04,2024-03-04,2024-03-04,540,trend_sensitivity,ADF,ct,unit_root,12.0,bic,False,ok,-23.228280651611627,0.0,-3.9756648124097875,-3.4186668470500177,-3.131860684671111,0,539,True,
1min,2024-03-04,2024-03-04,2024-03-04,540,trend_sensitivity,PP,ct,unit_root,,Bartlett_short_bandwidth,False,ok,-23.234292195282457,0.0,-3.9756648124097875,-3.4186668470500177,-3.131860684671111,6,539,True,
1min,2024-03-04,2024-03-04,2024-03-04,540,trend_sensitivity,KPSS,ct,level_or_trend_stationarity,,Bartlett_short_bandwidth,False,ok,0.08238154586552496,0.25261533834046906,0.2175,0.1479,0.1193,6,540,False,
1min,2024-03-04,2024-03-04,2024-03-04,540,lag_sensitivity,ADF,c,unit_root,12.0,aic,False,ok,-23.219567204285813,0.0,-3.4425405682241816,-2.8669171671779816,-2.5696338432333636,0,539,True,
1min,2024-03-04,2024-03-04,2024-03-04,540,lag_sensitivity,PP,c,unit_root,,Bartlett_short_bandwidth,False,ok,-23.219602601388598,0.0,-3.4425405682241816,-2.8669171671779816,-2.5696338432333636,12,539,True,
1min,2024-03-04,2024-03-04,2024-03-04,540,lag_sensitivity,KPSS,c,level_or_trend_stationarity,,Bartlett_short_bandwidth,False,ok,0.16220173768789067,0.35516006129700367,0.7428,0.4614,0.3475,12,540,False,
1min,2024-03-05,2024-03-05,2024-03-05,540,main,ADF,c,unit_root,12.0,bic,False,ok,-20.94958035064924,0.0,-3.4425405682241816,-2.8669171671779816,-2.5696338432333636,0,539,True,
1min,2024-03-05,2024-03-05,2024-03-05,540,main,PP,c,unit_root,,Bartlett_short_bandwidth,False,ok,-20.846568794122057,0.0,-3.4425405682241816,-2.8669171671779816,-2.5696338432333636,6,539,True,
1min,2024-03-05,2024-03-05,2024-03-05,540,main,KPSS,c,level_or_trend_stationarity,,Bartlett_short_bandwidth,False,ok,0.036431536914166465,0.9507657412992434,0.7428,0.4614,0.3475,6,540,False,
1min,2024-03-05,2024-03-05,2024-03-05,540,trend_sensitivity,ADF,ct,unit_root,12.0,bic,False,ok,-20.93218076783674,0.0,-3.9756648124097875,-3.4186668470500177,-3.131860684671111,0,539,True,
1min,2024-03-05,2024-03-05,2024-03-05,540,trend_sensitivity,PP,ct,unit_root,,Bartlett_short_bandwidth,False,ok,-20.827520469327006,0.0,-3.9756648124097875,-3.4186668470500177,-3.131860684671111,6,539,True,
1min,2024-03-05,2024-03-05,2024-03-05,540,trend_sensitivity,KPSS,ct,level_or_trend_stationarity,,Bartlett_short_bandwidth,False,ok,0.029657099029124737,0.8772625134843787,0.2175,0.1479,0.1193,6,540,False,
1min,2024-03-05,2024-03-05,2024-03-05,540,lag_sensitivity,ADF,c,unit_root,12.0,aic,False,ok,-11.856283709322803,7.015555012295232e-22,-3.4426321555520905,-2.86695748394138,-2.5696553279762426,4,535,True,
1min,2024-03-05,2024-03-05,2024-03-05,540,lag_sensitivity,PP,c,unit_root,,Bartlett_short_bandwidth,False,ok,-20.88824400122898,0.0,-3.4425405682241816,-2.8669171671779816,-2.5696338432333636,12,539,True,
1min,2024-03-05,2024-03-05,2024-03-05,540,lag_sensitivity,KPSS,c,level_or_trend_stationarity,,Bartlett_short_bandwidth,False,ok,0.04299175586143888,0.9176749691503217,0.7428,0.4614,0.3475,12,540,False,
1min,2024-03-06,2024-03-06,2024-03-06,540,main,ADF,c,unit_root,12.0,bic,False,ok,-23.165859050524727,0.0,-3.4425405682241816,-2.8669171671779816,-2.5696338432333636,0,539,True,
1min,2024-03-06,2024-03-06,2024-03-06,540,main,PP,c,unit_root,,Bartlett_short_bandwidth,False,ok,-23.165897071267594,0.0,-3.4425405682241816,-2.8669171671779816,-2.5696338432333636,6,539,True,
1min,2024-03-06,2024-03-06,2024-03-06,540,main,KPSS,c,level_or_trend_stationarity,,Bartlett_short_bandwidth,False,ok,0.044799685649008616,0.9075732248628079,0.7428,0.4614,0.3475,6,540,False,
1min,2024-03-06,2024-03-06,2024-03-06,540,trend_sensitivity,ADF,ct,unit_root,12.0,bic,False,ok,-23.144051816329274,0.0,-3.9756648124097875,-3.4186668470500177,-3.131860684671111,0,539,True,
1min,2024-03-06,2024-03-06,2024-03-06,540,trend_sensitivity,PP,ct,unit_root,,Bartlett_short_bandwidth,False,ok,-23.144033079588773,0.0,-3.9756648124097875,-3.4186668470500177,-3.131860684671111,6,539,True,
1min,2024-03-06,2024-03-06,2024-03-06,540,trend_sensitivity,KPSS,ct,level_or_trend_stationarity,,Bartlett_short_bandwidth,False,ok,0.04553439111359956,0.6379841332960066,0.2175,0.1479,0.1193,6,540,False,
1min,2024-03-06,2024-03-06,2024-03-06,540,lag_sensitivity,ADF,c,unit_root,12.0,aic,False,ok,-8.30842494739549,3.847087093040372e-13,-3.4427251295084678,-2.8669984098683736,-2.5696771375119254,8,531,True,
1min,2024-03-06,2024-03-06,2024-03-06,540,lag_sensitivity,PP,c,unit_root,,Bartlett_short_bandwidth,False,ok,-23.202650328943157,0.0,-3.4425405682241816,-2.8669171671779816,-2.5696338432333636,12,539,True,
1min,2024-03-06,2024-03-06,2024-03-06,540,lag_sensitivity,KPSS,c,level_or_trend_stationarity,,Bartlett_short_bandwidth,False,ok,0.050071590340705754,0.87613935755707,0.7428,0.4614,0.3475,12,540,False,
1min,2024-03-07,2024-03-07,2024-03-07,540,main,ADF,c,unit_root,12.0,bic,False,ok,-23.856181135378502,0.0,-3.4425405682241816,-2.8669171671779816,-2.5696338432333636,0,539,True,
1min,2024-03-07,2024-03-07,2024-03-07,540,main,PP,c,unit_root,,Bartlett_short_bandwidth,False,ok,-23.847391822357825,0.0,-3.4425405682241816,-2.8669171671779816,-2.5696338432333636,6,539,True,
1min,2024-03-07,2024-03-07,2024-03-07,540,main,KPSS,c,level_or_trend_stationarity,,Bartlett_short_bandwidth,False,ok,0.23542811780476283,0.20843316971560719,0.7428,0.4614,0.3475,6,540,False,
1min,2024-03-07,2024-03-07,2024-03-07,540,trend_sensitivity,ADF,ct,unit_root,12.0,bic,False,ok,-23.91330439781418,0.0,-3.9756648124097875,-3.4186668470500177,-3.131860684671111,0,539,True,
1min,2024-03-07,2024-03-07,2024-03-07,540,trend_sensitivity,PP,ct,unit_root,,Bartlett_short_bandwidth,False,ok,-23.904558012549575,0.0,-3.9756648124097875,-3.4186668470500177,-3.131860684671111,6,539,True,
1min,2024-03-07,2024-03-07,2024-03-07,540,trend_sensitivity,KPSS,ct,level_or_trend_stationarity,,Bartlett_short_bandwidth,False,ok,0.04334953256430181,0.6707570115354728,0.2175,0.1479,0.1193,6,540,False,
1min,2024-03-07,2024-03-07,2024-03-07,540,lag_sensitivity,ADF,c,unit_root,12.0,aic,False,ok,-10.40358094739225,1.8818387052940167e-18,-3.4426321555520905,-2.86695748394138,-2.5696553279762426,4,535,True,
1min,2024-03-07,2024-03-07,2024-03-07,540,lag_sensitivity,PP,c,unit_root,,Bartlett_short_bandwidth,False,ok,-23.84736583869659,0.0,-3.4425405682241816,-2.8669171671779816,-2.5696338432333636,12,539,True,
1min,2024-03-07,2024-03-07,2024-03-07,540,lag_sensitivity,KPSS,c,level_or_trend_stationarity,,Bartlett_short_bandwidth,False,ok,0.23430999291428953,0.20998612095237565,0.7428,0.4614,0.3475,12,540,False,
1min,2024-03-11,2024-03-11,2024-03-11,540,main,ADF,c,unit_root,12.0,bic,False,ok,-24.675256048364282,0.0,-3.4425405682241816,-2.8669171671779816,-2.5696338432333636,0,539,True,
1min,2024-03-11,2024-03-11,2024-03-11,540,main,PP,c,unit_root,,Bartlett_short_bandwidth,False,ok,-24.74119656596635,0.0,-3.4425405682241816,-2.8669171671779816,-2.5696338432333636,6,539,True,
1min,2024-03-11,2024-03-11,2024-03-11,540,main,KPSS,c,level_or_trend_stationarity,,Bartlett_short_bandwidth,False,ok,0.06778617233366437,0.766199964764781,0.7428,0.4614,0.3475,6,540,False,
1min,2024-03-11,2024-03-11,2024-03-11,540,trend_sensitivity,ADF,ct,unit_root,12.0,bic,False,ok,-24.654084092960407,0.0,-3.9756648124097875,-3.4186668470500177,-3.131860684671111,0,539,True,
1min,2024-03-11,2024-03-11,2024-03-11,540,trend_sensitivity,PP,ct,unit_root,,Bartlett_short_bandwidth,False,ok,-24.720239364072953,0.0,-3.9756648124097875,-3.4186668470500177,-3.131860684671111,6,539,True,
1min,2024-03-11,2024-03-11,2024-03-11,540,trend_sensitivity,KPSS,ct,level_or_trend_stationarity,,Bartlett_short_bandwidth,False,ok,0.04824169933824324,0.5993018696989316,0.2175,0.1479,0.1193,6,540,False,
1min,2024-03-11,2024-03-11,2024-03-11,540,lag_sensitivity,ADF,c,unit_root,12.0,aic,False,ok,-12.898322945470015,4.301195894522058e-24,-3.442609129942274,-2.866947348175723,-2.569649926626197,3,536,True,
1min,2024-03-11,2024-03-11,2024-03-11,540,lag_sensitivity,PP,c,unit_root,,Bartlett_short_bandwidth,False,ok,-24.72627981660664,0.0,-3.4425405682241816,-2.8669171671779816,-2.5696338432333636,12,539,True,
1min,2024-03-11,2024-03-11,2024-03-11,540,lag_sensitivity,KPSS,c,level_or_trend_stationarity,,Bartlett_short_bandwidth,False,ok,0.06821570840866532,0.7635292741430135,0.7428,0.4614,0.3475,12,540,False,
1min,2024-03-12,2024-03-12,2024-03-12,540,main,ADF,c,unit_root,12.0,bic,False,ok,-22.233768132982032,0.0,-3.4425405682241816,-2.8669171671779816,-2.5696338432333636,0,539,True,
1min,2024-03-12,2024-03-12,2024-03-12,540,main,PP,c,unit_root,,Bartlett_short_bandwidth,False,ok,-22.264674623269425,0.0,-3.4425405682241816,-2.8669171671779816,-2.5696338432333636,6,539,True,
1min,2024-03-12,2024-03-12,2024-03-12,540,main,KPSS,c,level_or_trend_stationarity,,Bartlett_short_bandwidth,False,ok,0.06458233022786003,0.7861202265625283,0.7428,0.4614,0.3475,6,540,False,
1min,2024-03-12,2024-03-12,2024-03-12,540,trend_sensitivity,ADF,ct,unit_root,12.0,bic,False,ok,-22.219090756313815,0.0,-3.9756648124097875,-3.4186668470500177,-3.131860684671111,0,539,True,
1min,2024-03-12,2024-03-12,2024-03-12,540,trend_sensitivity,PP,ct,unit_root,,Bartlett_short_bandwidth,False,ok,-22.24806743486828,0.0,-3.9756648124097875,-3.4186668470500177,-3.131860684671111,6,539,True,
1min,2024-03-12,2024-03-12,2024-03-12,540,trend_sensitivity,KPSS,ct,level_or_trend_stationarity,,Bartlett_short_bandwidth,False,ok,0.05316994618639257,0.5314480764948346,0.2175,0.1479,0.1193,6,540,False,
1min,2024-03-12,2024-03-12,2024-03-12,540,lag_sensitivity,ADF,c,unit_root,12.0,aic,False,ok,-12.192843133919954,1.274088054874777e-22,-3.4426321555520905,-2.86695748394138,-2.5696553279762426,4,535,True,
1min,2024-03-12,2024-03-12,2024-03-12,540,lag_sensitivity,PP,c,unit_root,,Bartlett_short_bandwidth,False,ok,-22.381390022657033,0.0,-3.4425405682241816,-2.8669171671779816,-2.5696338432333636,12,539,True,
1min,2024-03-12,2024-03-12,2024-03-12,540,lag_sensitivity,KPSS,c,level_or_trend_stationarity,,Bartlett_short_bandwidth,False,ok,0.07163520445328359,0.7422681588396876,0.7428,0.4614,0.3475,12,540,False,
1min,2024-03-13,2024-03-13,2024-03-13,540,main,ADF,c,unit_root,12.0,bic,False,ok,-23.18927286676516,0.0,-3.4425405682241816,-2.8669171671779816,-2.5696338432333636,0,539,True,
1min,2024-03-13,2024-03-13,2024-03-13,540,main,PP,c,unit_root,,Bartlett_short_bandwidth,False,ok,-23.44709700172925,0.0,-3.4425405682241816,-2.8669171671779816,-2.5696338432333636,6,539,True,
1min,2024-03-13,2024-03-13,2024-03-13,540,main,KPSS,c,level_or_trend_stationarity,,Bartlett_short_bandwidth,False,ok,0.2058530050734308,0.256869633797445,0.7428,0.4614,0.3475,6,540,False,
1min,2024-03-13,2024-03-13,2024-03-13,540,trend_sensitivity,ADF,ct,unit_root,12.0,bic,False,ok,-23.208363418814937,0.0,-3.9756648124097875,-3.4186668470500177,-3.131860684671111,0,539,True,
1min,2024-03-13,2024-03-13,2024-03-13,540,trend_sensitivity,PP,ct,unit_root,,Bartlett_short_bandwidth,False,ok,-23.491811667413376,0.0,-3.9756648124097875,-3.4186668470500177,-3.131860684671111,6,539,True,
1min,2024-03-13,2024-03-13,2024-03-13,540,trend_sensitivity,KPSS,ct,level_or_trend_stationarity,,Bartlett_short_bandwidth,False,ok,0.04711306973211492,0.6150501897844429,0.2175,0.1479,0.1193,6,540,False,
1min,2024-03-13,2024-03-13,2024-03-13,540,lag_sensitivity,ADF,c,unit_root,12.0,aic,False,ok,-15.91126880173646,8.118447117065196e-29,-3.4425861905056556,-2.8669372502674824,-2.5696445454608505,2,537,True,
1min,2024-03-13,2024-03-13,2024-03-13,540,lag_sensitivity,PP,c,unit_root,,Bartlett_short_bandwidth,False,ok,-23.541006721759647,0.0,-3.4425405682241816,-2.8669171671779816,-2.5696338432333636,12,539,True,
1min,2024-03-13,2024-03-13,2024-03-13,540,lag_sensitivity,KPSS,c,level_or_trend_stationarity,,Bartlett_short_bandwidth,False,ok,0.21418911322549866,0.24198372638303808,0.7428,0.4614,0.3475,12,540,False,
1min,2024-03-14,2024-03-14,2024-03-14,540,main,ADF,c,unit_root,12.0,bic,False,ok,-25.836912944881163,0.0,-3.4425405682241816,-2.8669171671779816,-2.5696338432333636,0,539,True,
1min,2024-03-14,2024-03-14,2024-03-14,540,main,PP,c,unit_root,,Bartlett_short_bandwidth,False,ok,-25.82994164385752,0.0,-3.4425405682241816,-2.8669171671779816,-2.5696338432333636,6,539,True,
1min,2024-03-14,2024-03-14,2024-03-14,540,main,KPSS,c,level_or_trend_stationarity,,Bartlett_short_bandwidth,False,ok,0.1197065949509162,0.4972108094042781,0.7428,0.4614,0.3475,6,540,False,
1min,2024-03-14,2024-03-14,2024-03-14,540,trend_sensitivity,ADF,ct,unit_root,12.0,bic,False,ok,-25.836421326874305,0.0,-3.9756648124097875,-3.4186668470500177,-3.131860684671111,0,539,True,
1min,2024-03-14,2024-03-14,2024-03-14,540,trend_sensitivity,PP,ct,unit_root,,Bartlett_short_bandwidth,False,ok,-25.83602235579351,0.0,-3.9756648124097875,-3.4186668470500177,-3.131860684671111,6,539,True,
1min,2024-03-14,2024-03-14,2024-03-14,540,trend_sensitivity,KPSS,ct,level_or_trend_stationarity,,Bartlett_short_bandwidth,False,ok,0.04789256943021454,0.6041734498109599,0.2175,0.1479,0.1193,6,540,False,
1min,2024-03-14,2024-03-14,2024-03-14,540,lag_sensitivity,ADF,c,unit_root,12.0,aic,False,ok,-25.836912944881163,0.0,-3.4425405682241816,-2.8669171671779816,-2.5696338432333636,0,539,True,
1min,2024-03-14,2024-03-14,2024-03-14,540,lag_sensitivity,PP,c,unit_root,,Bartlett_short_bandwidth,False,ok,-25.717874339828782,0.0,-3.4425405682241816,-2.8669171671779816,-2.5696338432333636,12,539,True,
1min,2024-03-14,2024-03-14,2024-03-14,540,lag_sensitivity,KPSS,c,level_or_trend_stationarity,,Bartlett_short_bandwidth,False,ok,0.10860037808986836,0.5449982814096893,0.7428,0.4614,0.3475,12,540,False,
1min,2024-03-15,2024-03-15,2024-03-15,540,main,ADF,c,unit_root,12.0,bic,False,ok,-25.879931369887704,0.0,-3.4425405682241816,-2.8669171671779816,-2.5696338432333636,0,539,True,
1min,2024-03-15,2024-03-15,2024-03-15,540,main,PP,c,unit_root,,Bartlett_short_bandwidth,False,ok,-26.420817779890005,0.0,-3.4425405682241816,-2.8669171671779816,-2.5696338432333636,6,539,True,
1min,2024-03-15,2024-03-15,2024-03-15,540,main,KPSS,c,level_or_trend_stationarity,,Bartlett_short_bandwidth,False,ok,0.33750708701616533,0.1069155107154565,0.7428,0.4614,0.3475,6,540,False,
1min,2024-03-15,2024-03-15,2024-03-15,540,trend_sensitivity,ADF,ct,unit_root,12.0,bic,False,ok,-25.91580071165361,0.0,-3.9756648124097875,-3.4186668470500177,-3.131860684671111,0,539,True,
1min,2024-03-15,2024-03-15,2024-03-15,540,trend_sensitivity,PP,ct,unit_root,,Bartlett_short_bandwidth,False,ok,-26.50679240736369,0.0,-3.9756648124097875,-3.4186668470500177,-3.131860684671111,6,539,True,
1min,2024-03-15,2024-03-15,2024-03-15,540,trend_sensitivity,KPSS,ct,level_or_trend_stationarity,,Bartlett_short_bandwidth,False,ok,0.039881752526384866,0.7238618437286286,0.2175,0.1479,0.1193,6,540,False,
1min,2024-03-15,2024-03-15,2024-03-15,540,lag_sensitivity,ADF,c,unit_root,12.0,aic,False,ok,-18.796258000812273,2.023127963107955e-30,-3.442563336759378,-2.866927190004947,-2.5696391843672695,1,538,True,
1min,2024-03-15,2024-03-15,2024-03-15,540,lag_sensitivity,PP,c,unit_root,,Bartlett_short_bandwidth,False,ok,-26.557689973956165,0.0,-3.4425405682241816,-2.8669171671779816,-2.5696338432333636,12,539,True,
1min,2024-03-15,2024-03-15,2024-03-15,540,lag_sensitivity,KPSS,c,level_or_trend_stationarity,,Bartlett_short_bandwidth,False,ok,0.3525088666851064,0.09694581299688634,0.7428,0.4614,0.3475,12,540,False,
1min,2024-03-18,2024-03-18,2024-03-18,540,main,ADF,c,unit_root,12.0,bic,False,ok,-22.98806491277803,0.0,-3.4425405682241816,-2.8669171671779816,-2.5696338432333636,0,539,True,
1min,2024-03-18,2024-03-18,2024-03-18,540,main,PP,c,unit_root,,Bartlett_short_bandwidth,False,ok,-22.98768866501018,0.0,-3.4425405682241816,-2.8669171671779816,-2.5696338432333636,6,539,True,
1min,2024-03-18,2024-03-18,2024-03-18,540,main,KPSS,c,level_or_trend_stationarity,,Bartlett_short_bandwidth,False,ok,0.3356452760454827,0.10820396121419878,0.7428,0.4614,0.3475,6,540,False,
1min,2024-03-18,2024-03-18,2024-03-18,540,trend_sensitivity,ADF,ct,unit_root,12.0,bic,False,ok,-23.09290636475249,0.0,-3.9756648124097875,-3.4186668470500177,-3.131860684671111,0,539,True,
1min,2024-03-18,2024-03-18,2024-03-18,540,trend_sensitivity,PP,ct,unit_root,,Bartlett_short_bandwidth,False,ok,-23.096176526974013,0.0,-3.9756648124097875,-3.4186668470500177,-3.131860684671111,6,539,True,
1min,2024-03-18,2024-03-18,2024-03-18,540,trend_sensitivity,KPSS,ct,level_or_trend_stationarity,,Bartlett_short_bandwidth,False,ok,0.05638100189410824,0.49102797727070113,0.2175,0.1479,0.1193,6,540,False,
1min,2024-03-18,2024-03-18,2024-03-18,540,lag_sensitivity,ADF,c,unit_root,12.0,aic,False,ok,-22.98806491277803,0.0,-3.4425405682241816,-2.8669171671779816,-2.5696338432333636,0,539,True,
1min,2024-03-18,2024-03-18,2024-03-18,540,lag_sensitivity,PP,c,unit_root,,Bartlett_short_bandwidth,False,ok,-22.995133488452343,0.0,-3.4425405682241816,-2.8669171671779816,-2.5696338432333636,12,539,True,
1min,2024-03-18,2024-03-18,2024-03-18,540,lag_sensitivity,KPSS,c,level_or_trend_stationarity,,Bartlett_short_bandwidth,False,ok,0.32207030157077315,0.11759840721745801,0.7428,0.4614,0.3475,12,540,False,
1min,2024-03-19,2024-03-19,2024-03-19,540,main,ADF,c,unit_root,12.0,bic,False,ok,-26.00866678928041,0.0,-3.4425405682241816,-2.8669171671779816,-2.5696338432333636,0,539,True,
1min,2024-03-19,2024-03-19,2024-03-19,540,main,PP,c,unit_root,,Bartlett_short_bandwidth,False,ok,-25.918093273033286,0.0,-3.4425405682241816,-2.8669171671779816,-2.5696338432333636,6,539,True,
1min,2024-03-19,2024-03-19,2024-03-19,540,main,KPSS,c,level_or_trend_stationarity,,Bartlett_short_bandwidth,False,ok,0.2589552315432621,0.17751319437315907,0.7428,0.4614,0.3475,6,540,False,
1min,2024-03-19,2024-03-19,2024-03-19,540,trend_sensitivity,ADF,ct,unit_root,12.0,bic,False,ok,-26.094651486172538,0.0,-3.9756648124097875,-3.4186668470500177,-3.131860684671111,0,539,True,
1min,2024-03-19,2024-03-19,2024-03-19,540,trend_sensitivity,PP,ct,unit_root,,Bartlett_short_bandwidth,False,ok,-26.02029576748251,0.0,-3.9756648124097875,-3.4186668470500177,-3.131860684671111,6,539,True,
1min,2024-03-19,2024-03-19,2024-03-19,540,trend_sensitivity,KPSS,ct,level_or_trend_stationarity,,Bartlett_short_bandwidth,False,ok,0.0325308675492672,0.8360166536872471,0.2175,0.1479,0.1193,6,540,False,
1min,2024-03-19,2024-03-19,2024-03-19,540,lag_sensitivity,ADF,c,unit_root,12.0,aic,False,ok,-26.00866678928041,0.0,-3.4425405682241816,-2.8669171671779816,-2.5696338432333636,0,539,True,
1min,2024-03-19,2024-03-19,2024-03-19,540,lag_sensitivity,PP,c,unit_root,,Bartlett_short_bandwidth,False,ok,-25.984308181242458,0.0,-3.4425405682241816,-2.8669171671779816,-2.5696338432333636,12,539,True,
1min,2024-03-19,2024-03-19,2024-03-19,540,lag_sensitivity,KPSS,c,level_or_trend_stationarity,,Bartlett_short_bandwidth,False,ok,0.2776311847881921,0.15684251584563325,0.7428,0.4614,0.3475,12,540,False,
1min,2024-03-20,2024-03-20,2024-03-20,540,main,ADF,c,unit_root,12.0,bic,False,ok,-23.814862105694058,0.0,-3.4425405682241816,-2.8669171671779816,-2.5696338432333636,0,539,True,
1min,2024-03-20,2024-03-20,2024-03-20,540,main,PP,c,unit_root,,Bartlett_short_bandwidth,False,ok,-23.86495933785262,0.0,-3.4425405682241816,-2.8669171671779816,-2.5696338432333636,6,539,True,
1min,2024-03-20,2024-03-20,2024-03-20,540,main,KPSS,c,level_or_trend_stationarity,,Bartlett_short_bandwidth,False,ok,0.11731308207428148,0.5071278222213459,0.7428,0.4614,0.3475,6,540,False,
1min,2024-03-20,2024-03-20,2024-03-20,540,trend_sensitivity,ADF,ct,unit_root,12.0,bic,False,ok,-23.806981984716096,0.0,-3.9756648124097875,-3.4186668470500177,-3.131860684671111,0,539,True,
1min,2024-03-20,2024-03-20,2024-03-20,540,trend_sensitivity,PP,ct,unit_root,,Bartlett_short_bandwidth,False,ok,-23.860119269325686,0.0,-3.9756648124097875,-3.4186668470500177,-3.131860684671111,6,539,True,
1min,2024-03-20,2024-03-20,2024-03-20,540,trend_sensitivity,KPSS,ct,level_or_trend_stationarity,,Bartlett_short_bandwidth,False,ok,0.04332177135695666,0.6711734296456501,0.2175,0.1479,0.1193,6,540,False,
1min,2024-03-20,2024-03-20,2024-03-20,540,lag_sensitivity,ADF,c,unit_root,12.0,aic,False,ok,-8.39140023392709,2.361300990646776e-13,-3.442772146350605,-2.8670191055991836,-2.5696881663873414,10,529,True,
1min,2024-03-20,2024-03-20,2024-03-20,540,lag_sensitivity,PP,c,unit_root,,Bartlett_short_bandwidth,False,ok,-24.202885095706065,0.0,-3.4425405682241816,-2.8669171671779816,-2.5696338432333636,12,539,True,
1min,2024-03-20,2024-03-20,2024-03-20,540,lag_sensitivity,KPSS,c,level_or_trend_stationarity,,Bartlett_short_bandwidth,False,ok,0.14828085063869925,0.39538188897852805,0.7428,0.4614,0.3475,12,540,False,
1min,2024-03-21,2024-03-21,2024-03-21,540,main,ADF,c,unit_root,12.0,bic,False,ok,-25.11711357820067,0.0,-3.4425405682241816,-2.8669171671779816,-2.5696338432333636,0,539,True,
1min,2024-03-21,2024-03-21,2024-03-21,540,main,PP,c,unit_root,,Bartlett_short_bandwidth,False,ok,-25.235059018520005,0.0,-3.4425405682241816,-2.8669171671779816,-2.5696338432333636,6,539,True,
1min,2024-03-21,2024-03-21,2024-03-21,540,main,KPSS,c,level_or_trend_stationarity,,Bartlett_short_bandwidth,False,ok,0.30705347624060947,0.12966236297856948,0.7428,0.4614,0.3475,6,540,False,
1min,2024-03-21,2024-03-21,2024-03-21,540,trend_sensitivity,ADF,ct,unit_root,12.0,bic,False,ok,-25.170029426495894,0.0,-3.9756648124097875,-3.4186668470500177,-3.131860684671111,0,539,True,
1min,2024-03-21,2024-03-21,2024-03-21,540,trend_sensitivity,PP,ct,unit_root,,Bartlett_short_bandwidth,False,ok,-25.31907892241171,0.0,-3.9756648124097875,-3.4186668470500177,-3.131860684671111,6,539,True,
1min,2024-03-21,2024-03-21,2024-03-21,540,trend_sensitivity,KPSS,ct,level_or_trend_stationarity,,Bartlett_short_bandwidth,False,ok,0.0846702736750377,0.23837835794977383,0.2175,0.1479,0.1193,6,540,False,
1min,2024-03-21,2024-03-21,2024-03-21,540,lag_sensitivity,ADF,c,unit_root,12.0,aic,False,ok,-25.11711357820067,0.0,-3.4425405682241816,-2.8669171671779816,-2.5696338432333636,0,539,True,
1min,2024-03-21,2024-03-21,2024-03-21,540,lag_sensitivity,PP,c,unit_root,,Bartlett_short_bandwidth,False,ok,-25.1296110904345,0.0,-3.4425405682241816,-2.8669171671779816,-2.5696338432333636,12,539,True,
1min,2024-03-21,2024-03-21,2024-03-21,540,lag_sensitivity,KPSS,c,level_or_trend_stationarity,,Bartlett_short_bandwidth,False,ok,0.28709959296857507,0.14723848288707136,0.7428,0.4614,0.3475,12,540,False,
1min,2024-03-22,2024-03-22,2024-03-22,540,main,ADF,c,unit_root,12.0,bic,False,ok,-23.23913940414408,0.0,-3.4425405682241816,-2.8669171671779816,-2.5696338432333636,0,539,True,
1min,2024-03-22,2024-03-22,2024-03-22,540,main,PP,c,unit_root,,Bartlett_short_bandwidth,False,ok,-23.252255272048757,0.0,-3.4425405682241816,-2.8669171671779816,-2.5696338432333636,6,539,True,
1min,2024-03-22,2024-03-22,2024-03-22,540,main,KPSS,c,level_or_trend_stationarity,,Bartlett_short_bandwidth,False,ok,0.03478770874805039,0.9582376875088618,0.7428,0.4614,0.3475,6,540,False,
1min,2024-03-22,2024-03-22,2024-03-22,540,trend_sensitivity,ADF,ct,unit_root,12.0,bic,False,ok,-23.218063034797368,0.0,-3.9756648124097875,-3.4186668470500177,-3.131860684671111,0,539,True,
1min,2024-03-22,2024-03-22,2024-03-22,540,trend_sensitivity,PP,ct,unit_root,,Bartlett_short_bandwidth,False,ok,-23.230600791319528,0.0,-3.9756648124097875,-3.4186668470500177,-3.131860684671111,6,539,True,
1min,2024-03-22,2024-03-22,2024-03-22,540,trend_sensitivity,KPSS,ct,level_or_trend_stationarity,,Bartlett_short_bandwidth,False,ok,0.031764707006818625,0.8472837204879613,0.2175,0.1479,0.1193,6,540,False,
1min,2024-03-22,2024-03-22,2024-03-22,540,lag_sensitivity,ADF,c,unit_root,12.0,aic,False,ok,-17.910060281263895,2.93179919250503e-30,-3.442563336759378,-2.866927190004947,-2.5696391843672695,1,538,True,
1min,2024-03-22,2024-03-22,2024-03-22,540,lag_sensitivity,PP,c,unit_root,,Bartlett_short_bandwidth,False,ok,-23.368693698253296,0.0,-3.4425405682241816,-2.8669171671779816,-2.5696338432333636,12,539,True,
1min,2024-03-22,2024-03-22,2024-03-22,540,lag_sensitivity,KPSS,c,level_or_trend_stationarity,,Bartlett_short_bandwidth,False,ok,0.04017559412604495,0.9324968730208161,0.7428,0.4614,0.3475,12,540,False,
1min,2024-03-25,2024-03-25,2024-03-25,540,main,ADF,c,unit_root,12.0,bic,False,ok,-14.239678213183716,1.5454019239358702e-26,-3.442563336759378,-2.866927190004947,-2.5696391843672695,1,538,True,
1min,2024-03-25,2024-03-25,2024-03-25,540,main,PP,c,unit_root,,Bartlett_short_bandwidth,False,ok,-23.382567047582423,0.0,-3.4425405682241816,-2.8669171671779816,-2.5696338432333636,6,539,True,
1min,2024-03-25,2024-03-25,2024-03-25,540,main,KPSS,c,level_or_trend_stationarity,,Bartlett_short_bandwidth,False,ok,0.06101991144705201,0.808269980640091,0.7428,0.4614,0.3475,6,540,False,
1min,2024-03-25,2024-03-25,2024-03-25,540,trend_sensitivity,ADF,ct,unit_root,12.0,bic,False,ok,-14.237729768257639,6.874317078032794e-22,-3.975696400819281,-3.4186821046499145,-3.131869652155557,1,538,True,
1min,2024-03-25,2024-03-25,2024-03-25,540,trend_sensitivity,PP,ct,unit_root,,Bartlett_short_bandwidth,False,ok,-23.372680626072615,0.0,-3.9756648124097875,-3.4186668470500177,-3.131860684671111,6,539,True,
1min,2024-03-25,2024-03-25,2024-03-25,540,trend_sensitivity,KPSS,ct,level_or_trend_stationarity,,Bartlett_short_bandwidth,False,ok,0.025930142883452866,0.9241095235171903,0.2175,0.1479,0.1193,6,540,False,
1min,2024-03-25,2024-03-25,2024-03-25,540,lag_sensitivity,ADF,c,unit_root,12.0,aic,False,ok,-13.239783567345428,9.221033368479306e-25,-3.4425861905056556,-2.8669372502674824,-2.5696445454608505,2,537,True,
1min,2024-03-25,2024-03-25,2024-03-25,540,lag_sensitivity,PP,c,unit_root,,Bartlett_short_bandwidth,False,ok,-23.40425776121821,0.0,-3.4425405682241816,-2.8669171671779816,-2.5696338432333636,12,539,True,
1min,2024-03-25,2024-03-25,2024-03-25,540,lag_sensitivity,KPSS,c,level_or_trend_stationarity,,Bartlett_short_bandwidth,False,ok,0.07357203031385051,0.7305136101750399,0.7428,0.4614,0.3475,12,540,False,
1min,2024-03-26,2024-03-26,2024-03-26,540,main,ADF,c,unit_root,12.0,bic,False,ok,-24.32250981948885,0.0,-3.4425405682241816,-2.8669171671779816,-2.5696338432333636,0,539,True,
1min,2024-03-26,2024-03-26,2024-03-26,540,main,PP,c,unit_root,,Bartlett_short_bandwidth,False,ok,-24.310003792256058,0.0,-3.4425405682241816,-2.8669171671779816,-2.5696338432333636,6,539,True,
1min,2024-03-26,2024-03-26,2024-03-26,540,main,KPSS,c,level_or_trend_stationarity,,Bartlett_short_bandwidth,False,ok,0.13824704591438758,0.42805806193702883,0.7428,0.4614,0.3475,6,540,False,
1min,2024-03-26,2024-03-26,2024-03-26,540,trend_sensitivity,ADF,ct,unit_root,12.0,bic,False,ok,-24.344418292378894,0.0,-3.9756648124097875,-3.4186668470500177,-3.131860684671111,0,539,True,
1min,2024-03-26,2024-03-26,2024-03-26,540,trend_sensitivity,PP,ct,unit_root,,Bartlett_short_bandwidth,False,ok,-24.33541301435713,0.0,-3.9756648124097875,-3.4186668470500177,-3.131860684671111,6,539,True,
1min,2024-03-26,2024-03-26,2024-03-26,540,trend_sensitivity,KPSS,ct,level_or_trend_stationarity,,Bartlett_short_bandwidth,False,ok,0.03698067316785647,0.7686315869157951,0.2175,0.1479,0.1193,6,540,False,
1min,2024-03-26,2024-03-26,2024-03-26,540,lag_sensitivity,ADF,c,unit_root,12.0,aic,False,ok,-24.32250981948885,0.0,-3.4425405682241816,-2.8669171671779816,-2.5696338432333636,0,539,True,
1min,2024-03-26,2024-03-26,2024-03-26,540,lag_sensitivity,PP,c,unit_root,,Bartlett_short_bandwidth,False,ok,-24.33799250788532,0.0,-3.4425405682241816,-2.8669171671779816,-2.5696338432333636,12,539,True,
1min,2024-03-26,2024-03-26,2024-03-26,540,lag_sensitivity,KPSS,c,level_or_trend_stationarity,,Bartlett_short_bandwidth,False,ok,0.14520738224955979,0.40523274920012886,0.7428,0.4614,0.3475,12,540,False,
1min,2024-03-27,2024-03-27,2024-03-27,540,main,ADF,c,unit_root,12.0,bic,False,ok,-20.384951827991006,0.0,-3.4425405682241816,-2.8669171671779816,-2.5696338432333636,0,539,True,
1min,2024-03-27,2024-03-27,2024-03-27,540,main,PP,c,unit_root,,Bartlett_short_bandwidth,False,ok,-20.51948977524852,0.0,-3.4425405682241816,-2.8669171671779816,-2.5696338432333636,6,539,True,
1min,2024-03-27,2024-03-27,2024-03-27,540,main,KPSS,c,level_or_trend_stationarity,,Bartlett_short_bandwidth,False,ok,0.11039331989356939,0.536848545938321,0.7428,0.4614,0.3475,6,540,False,
1min,2024-03-27,2024-03-27,2024-03-27,540,trend_sensitivity,ADF,ct,unit_root,12.0,bic,False,ok,-20.382067987562074,0.0,-3.9756648124097875,-3.4186668470500177,-3.131860684671111,0,539,True,
1min,2024-03-27,2024-03-27,2024-03-27,540,trend_sensitivity,PP,ct,unit_root,,Bartlett_short_bandwidth,False,ok,-20.51408326119558,0.0,-3.9756648124097875,-3.4186668470500177,-3.131860684671111,6,539,True,
1min,2024-03-27,2024-03-27,2024-03-27,540,trend_sensitivity,KPSS,ct,level_or_trend_stationarity,,Bartlett_short_bandwidth,False,ok,0.07090463454753426,0.3394428056247046,0.2175,0.1479,0.1193,6,540,False,
1min,2024-03-27,2024-03-27,2024-03-27,540,lag_sensitivity,ADF,c,unit_root,12.0,aic,False,ok,-7.649590470017891,1.8041281034713694e-11,-3.4427251295084678,-2.8669984098683736,-2.5696771375119254,8,531,True,
1min,2024-03-27,2024-03-27,2024-03-27,540,lag_sensitivity,PP,c,unit_root,,Bartlett_short_bandwidth,False,ok,-20.376937764372123,0.0,-3.4425405682241816,-2.8669171671779816,-2.5696338432333636,12,539,True,
1min,2024-03-27,2024-03-27,2024-03-27,540,lag_sensitivity,KPSS,c,level_or_trend_stationarity,,Bartlett_short_bandwidth,False,ok,0.11895309084910878,0.500198207679822,0.7428,0.4614,0.3475,12,540,False,
1min,2024-03-28,2024-03-28,2024-03-28,540,main,ADF,c,unit_root,12.0,bic,False,ok,-26.121699059437432,0.0,-3.4425405682241816,-2.8669171671779816,-2.5696338432333636,0,539,True,
1min,2024-03-28,2024-03-28,2024-03-28,540,main,PP,c,unit_root,,Bartlett_short_bandwidth,False,ok,-25.934463206224418,0.0,-3.4425405682241816,-2.8669171671779816,-2.5696338432333636,6,539,True,
1min,2024-03-28,2024-03-28,2024-03-28,540,main,KPSS,c,level_or_trend_stationarity,,Bartlett_short_bandwidth,False,ok,0.24676671546248966,0.19286318530450047,0.7428,0.4614,0.3475,6,540,False,
1min,2024-03-28,2024-03-28,2024-03-28,540,trend_sensitivity,ADF,ct,unit_root,12.0,bic,False,ok,-26.156156879642932,0.0,-3.9756648124097875,-3.4186668470500177,-3.131860684671111,0,539,True,
1min,2024-03-28,2024-03-28,2024-03-28,540,trend_sensitivity,PP,ct,unit_root,,Bartlett_short_bandwidth,False,ok,-25.96941620301309,0.0,-3.9756648124097875,-3.4186668470500177,-3.131860684671111,6,539,True,
1min,2024-03-28,2024-03-28,2024-03-28,540,trend_sensitivity,KPSS,ct,level_or_trend_stationarity,,Bartlett_short_bandwidth,False,ok,0.07378391842730606,0.3151340131057828,0.2175,0.1479,0.1193,6,540,False,
1min,2024-03-28,2024-03-28,2024-03-28,540,lag_sensitivity,ADF,c,unit_root,12.0,aic,False,ok,-8.94046026589238,9.283623095048101e-15,-3.4426321555520905,-2.86695748394138,-2.5696553279762426,4,535,True,
1min,2024-03-28,2024-03-28,2024-03-28,540,lag_sensitivity,PP,c,unit_root,,Bartlett_short_bandwidth,False,ok,-25.972090115249316,0.0,-3.4425405682241816,-2.8669171671779816,-2.5696338432333636,12,539,True,
1min,2024-03-28,2024-03-28,2024-03-28,540,lag_sensitivity,KPSS,c,level_or_trend_stationarity,,Bartlett_short_bandwidth,False,ok,0.21117794126195277,0.24736081917508432,0.7428,0.4614,0.3475,12,540,False,
1min,2024-04-01,2024-04-01,2024-04-01,540,main,ADF,c,unit_root,12.0,bic,False,ok,-22.50319940716111,0.0,-3.4425405682241816,-2.8669171671779816,-2.5696338432333636,0,539,True,
1min,2024-04-01,2024-04-01,2024-04-01,540,main,PP,c,unit_root,,Bartlett_short_bandwidth,False,ok,-22.614763688755097,0.0,-3.4425405682241816,-2.8669171671779816,-2.5696338432333636,6,539,True,
1min,2024-04-01,2024-04-01,2024-04-01,540,main,KPSS,c,level_or_trend_stationarity,,Bartlett_short_bandwidth,False,ok,0.2882388038158635,0.14615352017536812,0.7428,0.4614,0.3475,6,540,False,
1min,2024-04-01,2024-04-01,2024-04-01,540,trend_sensitivity,ADF,ct,unit_root,12.0,bic,False,ok,-22.56107738837284,0.0,-3.9756648124097875,-3.4186668470500177,-3.131860684671111,0,539,True,
1min,2024-04-01,2024-04-01,2024-04-01,540,trend_sensitivity,PP,ct,unit_root,,Bartlett_short_bandwidth,False,ok,-22.65592875101459,0.0,-3.9756648124097875,-3.4186668470500177,-3.131860684671111,6,539,True,
1min,2024-04-01,2024-04-01,2024-04-01,540,trend_sensitivity,KPSS,ct,level_or_trend_stationarity,,Bartlett_short_bandwidth,False,ok,0.05756813719687295,0.47680789051341727,0.2175,0.1479,0.1193,6,540,False,
1min,2024-04-01,2024-04-01,2024-04-01,540,lag_sensitivity,ADF,c,unit_root,12.0,aic,False,ok,-11.8218276228135,8.3793341646028e-22,-3.4425861905056556,-2.8669372502674824,-2.5696445454608505,2,537,True,
1min,2024-04-01,2024-04-01,2024-04-01,540,lag_sensitivity,PP,c,unit_root,,Bartlett_short_bandwidth,False,ok,-22.64267459323916,0.0,-3.4425405682241816,-2.8669171671779816,-2.5696338432333636,12,539,True,
1min,2024-04-01,2024-04-01,2024-04-01,540,lag_sensitivity,KPSS,c,level_or_trend_stationarity,,Bartlett_short_bandwidth,False,ok,0.28103793314115083,0.15329381964463454,0.7428,0.4614,0.3475,12,540,False,
1min,2024-04-02,2024-04-02,2024-04-02,540,main,ADF,c,unit_root,12.0,bic,False,ok,-23.219591050036417,0.0,-3.4425405682241816,-2.8669171671779816,-2.5696338432333636,0,539,True,
1min,2024-04-02,2024-04-02,2024-04-02,540,main,PP,c,unit_root,,Bartlett_short_bandwidth,False,ok,-23.24013217362244,0.0,-3.4425405682241816,-2.8669171671779816,-2.5696338432333636,6,539,True,
1min,2024-04-02,2024-04-02,2024-04-02,540,main,KPSS,c,level_or_trend_stationarity,,Bartlett_short_bandwidth,False,ok,0.22595378722041995,0.22264577693875764,0.7428,0.4614,0.3475,6,540,False,
1min,2024-04-02,2024-04-02,2024-04-02,540,trend_sensitivity,ADF,ct,unit_root,12.0,bic,False,ok,-23.240463643017275,0.0,-3.9756648124097875,-3.4186668470500177,-3.131860684671111,0,539,True,
1min,2024-04-02,2024-04-02,2024-04-02,540,trend_sensitivity,PP,ct,unit_root,,Bartlett_short_bandwidth,False,ok,-23.264376578165642,0.0,-3.9756648124097875,-3.4186668470500177,-3.131860684671111,6,539,True,
1min,2024-04-02,2024-04-02,2024-04-02,540,trend_sensitivity,KPSS,ct,level_or_trend_stationarity,,Bartlett_short_bandwidth,False,ok,0.07279457549913003,0.32337853750724965,0.2175,0.1479,0.1193,6,540,False,
1min,2024-04-02,2024-04-02,2024-04-02,540,lag_sensitivity,ADF,c,unit_root,12.0,aic,False,ok,-23.219591050036417,0.0,-3.4425405682241816,-2.8669171671779816,-2.5696338432333636,0,539,True,
1min,2024-04-02,2024-04-02,2024-04-02,540,lag_sensitivity,PP,c,unit_root,,Bartlett_short_bandwidth,False,ok,-23.250778153429923,0.0,-3.4425405682241816,-2.8669171671779816,-2.5696338432333636,12,539,True,
1min,2024-04-02,2024-04-02,2024-04-02,540,lag_sensitivity,KPSS,c,level_or_trend_stationarity,,Bartlett_short_bandwidth,False,ok,0.22462550526066866,0.22465832536262323,0.7428,0.4614,0.3475,12,540,False,
1min,2024-04-03,2024-04-03,2024-04-03,540,main,ADF,c,unit_root,12.0,bic,False,ok,-21.615124886347083,0.0,-3.4425405682241816,-2.8669171671779816,-2.5696338432333636,0,539,True,
1min,2024-04-03,2024-04-03,2024-04-03,540,main,PP,c,unit_root,,Bartlett_short_bandwidth,False,ok,-21.95530749936828,0.0,-3.4425405682241816,-2.8669171671779816,-2.5696338432333636,6,539,True,
1min,2024-04-03,2024-04-03,2024-04-03,540,main,KPSS,c,level_or_trend_stationarity,,Bartlett_short_bandwidth,False,ok,0.17927249726738065,0.31201724766119393,0.7428,0.4614,0.3475,6,540,False,
1min,2024-04-03,2024-04-03,2024-04-03,540,trend_sensitivity,ADF,ct,unit_root,12.0,bic,False,ok,-21.603767535605595,0.0,-3.9756648124097875,-3.4186668470500177,-3.131860684671111,0,539,True,
1min,2024-04-03,2024-04-03,2024-04-03,540,trend_sensitivity,PP,ct,unit_root,,Bartlett_short_bandwidth,False,ok,-21.941315520962167,0.0,-3.9756648124097875,-3.4186668470500177,-3.131860684671111,6,539,True,
1min,2024-04-03,2024-04-03,2024-04-03,540,trend_sensitivity,KPSS,ct,level_or_trend_stationarity,,Bartlett_short_bandwidth,False,ok,0.14605883304712147,0.05230145869109817,0.2175,0.1479,0.1193,6,540,False,
1min,2024-04-03,2024-04-03,2024-04-03,540,lag_sensitivity,ADF,c,unit_root,12.0,aic,False,ok,-14.358526055007834,9.939154650309192e-27,-3.442563336759378,-2.866927190004947,-2.5696391843672695,1,538,True,
1min,2024-04-03,2024-04-03,2024-04-03,540,lag_sensitivity,PP,c,unit_root,,Bartlett_short_bandwidth,False,ok,-22.123135283457437,0.0,-3.4425405682241816,-2.8669171671779816,-2.5696338432333636,12,539,True,
1min,2024-04-03,2024-04-03,2024-04-03,540,lag_sensitivity,KPSS,c,level_or_trend_stationarity,,Bartlett_short_bandwidth,False,ok,0.16553206646547916,0.3460108064135188,0.7428,0.4614,0.3475,12,540,False,
1min,2024-04-04,2024-04-04,2024-04-04,540,main,ADF,c,unit_root,12.0,bic,False,ok,-26.014645151653376,0.0,-3.4425405682241816,-2.8669171671779816,-2.5696338432333636,0,539,True,
1min,2024-04-04,2024-04-04,2024-04-04,540,main,PP,c,unit_root,,Bartlett_short_bandwidth,False,ok,-25.844965406853525,0.0,-3.4425405682241816,-2.8669171671779816,-2.5696338432333636,6,539,True,
1min,2024-04-04,2024-04-04,2024-04-04,540,main,KPSS,c,level_or_trend_stationarity,,Bartlett_short_bandwidth,False,ok,1.0309352886742218,0.002079423586228737,0.7428,0.4614,0.3475,6,540,True,
1min,2024-04-04,2024-04-04,2024-04-04,540,trend_sensitivity,ADF,ct,unit_root,12.0,bic,False,ok,-26.480607443457274,0.0,-3.9756648124097875,-3.4186668470500177,-3.131860684671111,0,539,True,
1min,2024-04-04,2024-04-04,2024-04-04,540,trend_sensitivity,PP,ct,unit_root,,Bartlett_short_bandwidth,False,ok,-26.293873069651394,0.0,-3.9756648124097875,-3.4186668470500177,-3.131860684671111,6,539,True,
1min,2024-04-04,2024-04-04,2024-04-04,540,trend_sensitivity,KPSS,ct,level_or_trend_stationarity,,Bartlett_short_bandwidth,False,ok,0.11821821030336728,0.1029237559368452,0.2175,0.1479,0.1193,6,540,False,
1min,2024-04-04,2024-04-04,2024-04-04,540,lag_sensitivity,ADF,c,unit_root,12.0,aic,False,ok,-7.571069559153726,2.8403936003250656e-11,-3.4426552678216003,-2.8669676577777548,-2.569660749624767,5,534,True,
1min,2024-04-04,2024-04-04,2024-04-04,540,lag_sensitivity,PP,c,unit_root,,Bartlett_short_bandwidth,False,ok,-25.941838043057746,0.0,-3.4425405682241816,-2.8669171671779816,-2.5696338432333636,12,539,True,
1min,2024-04-04,2024-04-04,2024-04-04,540,lag_sensitivity,KPSS,c,level_or_trend_stationarity,,Bartlett_short_bandwidth,False,ok,0.8710895289539813,0.004931461205061884,0.7428,0.4614,0.3475,12,540,True,
1min,2024-04-05,2024-04-05,2024-04-05,540,main,ADF,c,unit_root,12.0,bic,False,ok,-26.08859579831753,0.0,-3.4425405682241816,-2.8669171671779816,-2.5696338432333636,0,539,True,
1min,2024-04-05,2024-04-05,2024-04-05,540,main,PP,c,unit_root,,Bartlett_short_bandwidth,False,ok,-26.155547489510273,0.0,-3.4425405682241816,-2.8669171671779816,-2.5696338432333636,6,539,True,
1min,2024-04-05,2024-04-05,2024-04-05,540,main,KPSS,c,level_or_trend_stationarity,,Bartlett_short_bandwidth,False,ok,0.0962674754364818,0.604162622817591,0.7428,0.4614,0.3475,6,540,False,
1min,2024-04-05,2024-04-05,2024-04-05,540,trend_sensitivity,ADF,ct,unit_root,12.0,bic,False,ok,-26.095351119984873,0.0,-3.9756648124097875,-3.4186668470500177,-3.131860684671111,0,539,True,
1min,2024-04-05,2024-04-05,2024-04-05,540,trend_sensitivity,PP,ct,unit_root,,Bartlett_short_bandwidth,False,ok,-26.178346294912892,0.0,-3.9756648124097875,-3.4186668470500177,-3.131860684671111,6,539,True,
1min,2024-04-05,2024-04-05,2024-04-05,540,trend_sensitivity,KPSS,ct,level_or_trend_stationarity,,Bartlett_short_bandwidth,False,ok,0.047412260276133496,0.6108754380074396,0.2175,0.1479,0.1193,6,540,False,
1min,2024-04-05,2024-04-05,2024-04-05,540,lag_sensitivity,ADF,c,unit_root,12.0,aic,False,ok,-9.990470574013846,2.0024315848186508e-17,-3.442701754304053,-2.866988120523906,-2.5696716542766693,7,532,True,
1min,2024-04-05,2024-04-05,2024-04-05,540,lag_sensitivity,PP,c,unit_root,,Bartlett_short_bandwidth,False,ok,-26.669629735692144,0.0,-3.4425405682241816,-2.8669171671779816,-2.5696338432333636,12,539,True,
1min,2024-04-05,2024-04-05,2024-04-05,540,lag_sensitivity,KPSS,c,level_or_trend_stationarity,,Bartlett_short_bandwidth,False,ok,0.1187763381306637,0.5009450501521252,0.7428,0.4614,0.3475,12,540,False,
1min,2024-04-08,2024-04-08,2024-04-08,540,main,ADF,c,unit_root,12.0,bic,False,ok,-20.920854440129144,0.0,-3.4425405682241816,-2.8669171671779816,-2.5696338432333636,0,539,True,
1min,2024-04-08,2024-04-08,2024-04-08,540,main,PP,c,unit_root,,Bartlett_short_bandwidth,False,ok,-20.980913979969106,0.0,-3.4425405682241816,-2.8669171671779816,-2.5696338432333636,6,539,True,
1min,2024-04-08,2024-04-08,2024-04-08,540,main,KPSS,c,level_or_trend_stationarity,,Bartlett_short_bandwidth,False,ok,0.2527901705962877,0.18514080692783622,0.7428,0.4614,0.3475,6,540,False,
1min,2024-04-08,2024-04-08,2024-04-08,540,trend_sensitivity,ADF,ct,unit_root,12.0,bic,False,ok,-21.00788629505266,0.0,-3.9756648124097875,-3.4186668470500177,-3.131860684671111,0,539,True,
1min,2024-04-08,2024-04-08,2024-04-08,540,trend_sensitivity,PP,ct,unit_root,,Bartlett_short_bandwidth,False,ok,-21.04449270049413,0.0,-3.9756648124097875,-3.4186668470500177,-3.131860684671111,6,539,True,
1min,2024-04-08,2024-04-08,2024-04-08,540,trend_sensitivity,KPSS,ct,level_or_trend_stationarity,,Bartlett_short_bandwidth,False,ok,0.05240351209360822,0.5417702896326153,0.2175,0.1479,0.1193,6,540,False,
1min,2024-04-08,2024-04-08,2024-04-08,540,lag_sensitivity,ADF,c,unit_root,12.0,aic,False,ok,-20.920854440129144,0.0,-3.4425405682241816,-2.8669171671779816,-2.5696338432333636,0,539,True,
1min,2024-04-08,2024-04-08,2024-04-08,540,lag_sensitivity,PP,c,unit_root,,Bartlett_short_bandwidth,False,ok,-21.146926974145686,0.0,-3.4425405682241816,-2.8669171671779816,-2.5696338432333636,12,539,True,
1min,2024-04-08,2024-04-08,2024-04-08,540,lag_sensitivity,KPSS,c,level_or_trend_stationarity,,Bartlett_short_bandwidth,False,ok,0.22438408246841623,0.22502623768942379,0.7428,0.4614,0.3475,12,540,False,
1min,2024-04-09,2024-04-09,2024-04-09,540,main,ADF,c,unit_root,12.0,bic,False,ok,-25.28682609392464,0.0,-3.4425405682241816,-2.8669171671779816,-2.5696338432333636,0,539,True,
1min,2024-04-09,2024-04-09,2024-04-09,540,main,PP,c,unit_root,,Bartlett_short_bandwidth,False,ok,-25.47263516017053,0.0,-3.4425405682241816,-2.8669171671779816,-2.5696338432333636,6,539,True,
1min,2024-04-09,2024-04-09,2024-04-09,540,main,KPSS,c,level_or_trend_stationarity,,Bartlett_short_bandwidth,False,ok,0.040965814612367306,0.9283378178296458,0.7428,0.4614,0.3475,6,540,False,
1min,2024-04-09,2024-04-09,2024-04-09,540,trend_sensitivity,ADF,ct,unit_root,12.0,bic,False,ok,-25.262883777837885,0.0,-3.9756648124097875,-3.4186668470500177,-3.131860684671111,0,539,True,
1min,2024-04-09,2024-04-09,2024-04-09,540,trend_sensitivity,PP,ct,unit_root,,Bartlett_short_bandwidth,False,ok,-25.44714042447961,0.0,-3.9756648124097875,-3.4186668470500177,-3.131860684671111,6,539,True,
1min,2024-04-09,2024-04-09,2024-04-09,540,trend_sensitivity,KPSS,ct,level_or_trend_stationarity,,Bartlett_short_bandwidth,False,ok,0.03723193660834891,0.7647540646859735,0.2175,0.1479,0.1193,6,540,False,
1min,2024-04-09,2024-04-09,2024-04-09,540,lag_sensitivity,ADF,c,unit_root,12.0,aic,False,ok,-18.501661671684005,2.1201793778624236e-30,-3.442563336759378,-2.866927190004947,-2.5696391843672695,1,538,True,
1min,2024-04-09,2024-04-09,2024-04-09,540,lag_sensitivity,PP,c,unit_root,,Bartlett_short_bandwidth,False,ok,-25.46693961780002,0.0,-3.4425405682241816,-2.8669171671779816,-2.5696338432333636,12,539,True,
1min,2024-04-09,2024-04-09,2024-04-09,540,lag_sensitivity,KPSS,c,level_or_trend_stationarity,,Bartlett_short_bandwidth,False,ok,0.04171229799788164,0.9244089579058862,0.7428,0.4614,0.3475,12,540,False,
1min,2024-04-10,2024-04-10,2024-04-10,540,main,ADF,c,unit_root,12.0,bic,False,ok,-23.281213256841987,0.0,-3.4425405682241816,-2.8669171671779816,-2.5696338432333636,0,539,True,
1min,2024-04-10,2024-04-10,2024-04-10,540,main,PP,c,unit_root,,Bartlett_short_bandwidth,False,ok,-23.284277265736428,0.0,-3.4425405682241816,-2.8669171671779816,-2.5696338432333636,6,539,True,
1min,2024-04-10,2024-04-10,2024-04-10,540,main,KPSS,c,level_or_trend_stationarity,,Bartlett_short_bandwidth,False,ok,0.3632668821274003,0.09065121716816073,0.7428,0.4614,0.3475,6,540,False,
1min,2024-04-10,2024-04-10,2024-04-10,540,trend_sensitivity,ADF,ct,unit_root,12.0,bic,False,ok,-23.41968975404399,0.0,-3.9756648124097875,-3.4186668470500177,-3.131860684671111,0,539,True,
1min,2024-04-10,2024-04-10,2024-04-10,540,trend_sensitivity,PP,ct,unit_root,,Bartlett_short_bandwidth,False,ok,-23.41896600717962,0.0,-3.9756648124097875,-3.4186668470500177,-3.131860684671111,6,539,True,
1min,2024-04-10,2024-04-10,2024-04-10,540,trend_sensitivity,KPSS,ct,level_or_trend_stationarity,,Bartlett_short_bandwidth,False,ok,0.04197867079542247,0.6915019938978014,0.2175,0.1479,0.1193,6,540,False,
1min,2024-04-10,2024-04-10,2024-04-10,540,lag_sensitivity,ADF,c,unit_root,12.0,aic,False,ok,-23.281213256841987,0.0,-3.4425405682241816,-2.8669171671779816,-2.5696338432333636,0,539,True,
1min,2024-04-10,2024-04-10,2024-04-10,540,lag_sensitivity,PP,c,unit_root,,Bartlett_short_bandwidth,False,ok,-23.28478010277912,0.0,-3.4425405682241816,-2.8669171671779816,-2.5696338432333636,12,539,True,
1min,2024-04-10,2024-04-10,2024-04-10,540,lag_sensitivity,KPSS,c,level_or_trend_stationarity,,Bartlett_short_bandwidth,False,ok,0.3626106889124683,0.09102833970547801,0.7428,0.4614,0.3475,12,540,False,
1min,2024-04-11,2024-04-11,2024-04-11,540,main,ADF,c,unit_root,12.0,bic,False,ok,-24.913040301517462,0.0,-3.4425405682241816,-2.8669171671779816,-2.5696338432333636,0,539,True,
1min,2024-04-11,2024-04-11,2024-04-11,540,main,PP,c,unit_root,,Bartlett_short_bandwidth,False,ok,-24.866426900534844,0.0,-3.4425405682241816,-2.8669171671779816,-2.5696338432333636,6,539,True,
1min,2024-04-11,2024-04-11,2024-04-11,540,main,KPSS,c,level_or_trend_stationarity,,Bartlett_short_bandwidth,False,ok,0.040921196176099746,0.9285726517047382,0.7428,0.4614,0.3475,6,540,False,
1min,2024-04-11,2024-04-11,2024-04-11,540,trend_sensitivity,ADF,ct,unit_root,12.0,bic,False,ok,-24.89159907160434,0.0,-3.9756648124097875,-3.4186668470500177,-3.131860684671111,0,539,True,
1min,2024-04-11,2024-04-11,2024-04-11,540,trend_sensitivity,PP,ct,unit_root,,Bartlett_short_bandwidth,False,ok,-24.845932224006738,0.0,-3.9756648124097875,-3.4186668470500177,-3.131860684671111,6,539,True,
1min,2024-04-11,2024-04-11,2024-04-11,540,trend_sensitivity,KPSS,ct,level_or_trend_stationarity,,Bartlett_short_bandwidth,False,ok,0.03505705432787729,0.7983170628413998,0.2175,0.1479,0.1193,6,540,False,
1min,2024-04-11,2024-04-11,2024-04-11,540,lag_sensitivity,ADF,c,unit_root,12.0,aic,False,ok,-7.395252762154195,7.80885292458426e-11,-3.442819521824351,-2.8670399588708047,-2.5696992792614384,12,527,True,
1min,2024-04-11,2024-04-11,2024-04-11,540,lag_sensitivity,PP,c,unit_root,,Bartlett_short_bandwidth,False,ok,-24.876549737898866,0.0,-3.4425405682241816,-2.8669171671779816,-2.5696338432333636,12,539,True,
1min,2024-04-11,2024-04-11,2024-04-11,540,lag_sensitivity,KPSS,c,level_or_trend_stationarity,,Bartlett_short_bandwidth,False,ok,0.04208108633766875,0.9224679666438488,0.7428,0.4614,0.3475,12,540,False,
1min,2024-04-12,2024-04-12,2024-04-12,540,main,ADF,c,unit_root,12.0,bic,False,ok,-24.19456318565435,0.0,-3.4425405682241816,-2.8669171671779816,-2.5696338432333636,0,539,True,
1min,2024-04-12,2024-04-12,2024-04-12,540,main,PP,c,unit_root,,Bartlett_short_bandwidth,False,ok,-24.464093706205656,0.0,-3.4425405682241816,-2.8669171671779816,-2.5696338432333636,6,539,True,
1min,2024-04-12,2024-04-12,2024-04-12,540,main,KPSS,c,level_or_trend_stationarity,,Bartlett_short_bandwidth,False,ok,0.11021601307077021,0.5376544860419535,0.7428,0.4614,0.3475,6,540,False,
1min,2024-04-12,2024-04-12,2024-04-12,540,trend_sensitivity,ADF,ct,unit_root,12.0,bic,False,ok,-24.182474624552263,0.0,-3.9756648124097875,-3.4186668470500177,-3.131860684671111,0,539,True,
1min,2024-04-12,2024-04-12,2024-04-12,540,trend_sensitivity,PP,ct,unit_root,,Bartlett_short_bandwidth,False,ok,-24.456140824881494,0.0,-3.9756648124097875,-3.4186668470500177,-3.131860684671111,6,539,True,
1min,2024-04-12,2024-04-12,2024-04-12,540,trend_sensitivity,KPSS,ct,level_or_trend_stationarity,,Bartlett_short_bandwidth,False,ok,0.07337886212048038,0.31850948232933013,0.2175,0.1479,0.1193,6,540,False,
1min,2024-04-12,2024-04-12,2024-04-12,540,lag_sensitivity,ADF,c,unit_root,12.0,aic,False,ok,-13.659264547437758,1.5325002306686639e-25,-3.442609129942274,-2.866947348175723,-2.569649926626197,3,536,True,
1min,2024-04-12,2024-04-12,2024-04-12,540,lag_sensitivity,PP,c,unit_root,,Bartlett_short_bandwidth,False,ok,-24.6308449073866,0.0,-3.4425405682241816,-2.8669171671779816,-2.5696338432333636,12,539,True,
1min,2024-04-12,2024-04-12,2024-04-12,540,lag_sensitivity,KPSS,c,level_or_trend_stationarity,,Bartlett_short_bandwidth,False,ok,0.12072008136772469,0.49321020512740255,0.7428,0.4614,0.3475,12,540,False,
1min,2024-04-15,2024-04-15,2024-04-15,540,main,ADF,c,unit_root,12.0,bic,False,ok,-23.479241913588375,0.0,-3.4425405682241816,-2.8669171671779816,-2.5696338432333636,0,539,True,
1min,2024-04-15,2024-04-15,2024-04-15,540,main,PP,c,unit_root,,Bartlett_short_bandwidth,False,ok,-23.58093264064476,0.0,-3.4425405682241816,-2.8669171671779816,-2.5696338432333636,6,539,True,
1min,2024-04-15,2024-04-15,2024-04-15,540,main,KPSS,c,level_or_trend_stationarity,,Bartlett_short_bandwidth,False,ok,0.056847801613646165,0.8342105599151534,0.7428,0.4614,0.3475,6,540,False,
1min,2024-04-15,2024-04-15,2024-04-15,540,trend_sensitivity,ADF,ct,unit_root,12.0,bic,False,ok,-23.46589960670407,0.0,-3.9756648124097875,-3.4186668470500177,-3.131860684671111,0,539,True,
1min,2024-04-15,2024-04-15,2024-04-15,540,trend_sensitivity,PP,ct,unit_root,,Bartlett_short_bandwidth,False,ok,-23.5683383447684,0.0,-3.9756648124097875,-3.4186668470500177,-3.131860684671111,6,539,True,
1min,2024-04-15,2024-04-15,2024-04-15,540,trend_sensitivity,KPSS,ct,level_or_trend_stationarity,,Bartlett_short_bandwidth,False,ok,0.044214104492769954,0.6577884326084507,0.2175,0.1479,0.1193,6,540,False,
1min,2024-04-15,2024-04-15,2024-04-15,540,lag_sensitivity,ADF,c,unit_root,12.0,aic,False,ok,-23.479241913588375,0.0,-3.4425405682241816,-2.8669171671779816,-2.5696338432333636,0,539,True,
1min,2024-04-15,2024-04-15,2024-04-15,540,lag_sensitivity,PP,c,unit_root,,Bartlett_short_bandwidth,False,ok,-23.735241185339603,0.0,-3.4425405682241816,-2.8669171671779816,-2.5696338432333636,12,539,True,
1min,2024-04-15,2024-04-15,2024-04-15,540,lag_sensitivity,KPSS,c,level_or_trend_stationarity,,Bartlett_short_bandwidth,False,ok,0.0635108407586242,0.7927823372520774,0.7428,0.4614,0.3475,12,540,False,
1min,2024-04-17,2024-04-17,2024-04-17,540,main,ADF,c,unit_root,12.0,bic,False,ok,-24.184343238695554,0.0,-3.4425405682241816,-2.8669171671779816,-2.5696338432333636,0,539,True,
1min,2024-04-17,2024-04-17,2024-04-17,540,main,PP,c,unit_root,,Bartlett_short_bandwidth,False,ok,-24.34222745062289,0.0,-3.4425405682241816,-2.8669171671779816,-2.5696338432333636,6,539,True,
1min,2024-04-17,2024-04-17,2024-04-17,540,main,KPSS,c,level_or_trend_stationarity,,Bartlett_short_bandwidth,False,ok,0.11681985987627255,0.5092118596777216,0.7428,0.4614,0.3475,6,540,False,
1min,2024-04-17,2024-04-17,2024-04-17,540,trend_sensitivity,ADF,ct,unit_root,12.0,bic,False,ok,-24.184030727207272,0.0,-3.9756648124097875,-3.4186668470500177,-3.131860684671111,0,539,True,
1min,2024-04-17,2024-04-17,2024-04-17,540,trend_sensitivity,PP,ct,unit_root,,Bartlett_short_bandwidth,False,ok,-24.346728083679164,0.0,-3.9756648124097875,-3.4186668470500177,-3.131860684671111,6,539,True,
1min,2024-04-17,2024-04-17,2024-04-17,540,trend_sensitivity,KPSS,ct,level_or_trend_stationarity,,Bartlett_short_bandwidth,False,ok,0.029913827594971416,0.8736968389587304,0.2175,0.1479,0.1193,6,540,False,
1min,2024-04-17,2024-04-17,2024-04-17,540,lag_sensitivity,ADF,c,unit_root,12.0,aic,False,ok,-18.05854781858308,2.6260226626481932e-30,-3.442563336759378,-2.866927190004947,-2.5696391843672695,1,538,True,
1min,2024-04-17,2024-04-17,2024-04-17,540,lag_sensitivity,PP,c,unit_root,,Bartlett_short_bandwidth,False,ok,-24.443486817784127,0.0,-3.4425405682241816,-2.8669171671779816,-2.5696338432333636,12,539,True,
1min,2024-04-17,2024-04-17,2024-04-17,540,lag_sensitivity,KPSS,c,level_or_trend_stationarity,,Bartlett_short_bandwidth,False,ok,0.12336544316476009,0.482767987507526,0.7428,0.4614,0.3475,12,540,False,
1min,2024-04-18,2024-04-18,2024-04-18,540,main,ADF,c,unit_root,12.0,bic,False,ok,-23.090410299258938,0.0,-3.4425405682241816,-2.8669171671779816,-2.5696338432333636,0,539,True,
1min,2024-04-18,2024-04-18,2024-04-18,540,main,PP,c,unit_root,,Bartlett_short_bandwidth,False,ok,-23.137189715070004,0.0,-3.4425405682241816,-2.8669171671779816,-2.5696338432333636,6,539,True,
1min,2024-04-18,2024-04-18,2024-04-18,540,main,KPSS,c,level_or_trend_stationarity,,Bartlett_short_bandwidth,False,ok,0.14178593775528098,0.4161989174510225,0.7428,0.4614,0.3475,6,540,False,
1min,2024-04-18,2024-04-18,2024-04-18,540,trend_sensitivity,ADF,ct,unit_root,12.0,bic,False,ok,-23.073060227476535,0.0,-3.9756648124097875,-3.4186668470500177,-3.131860684671111,0,539,True,
1min,2024-04-18,2024-04-18,2024-04-18,540,trend_sensitivity,PP,ct,unit_root,,Bartlett_short_bandwidth,False,ok,-23.11915955040407,0.0,-3.9756648124097875,-3.4186668470500177,-3.131860684671111,6,539,True,
1min,2024-04-18,2024-04-18,2024-04-18,540,trend_sensitivity,KPSS,ct,level_or_trend_stationarity,,Bartlett_short_bandwidth,False,ok,0.12396436102073158,0.08920791082449657,0.2175,0.1479,0.1193,6,540,False,
1min,2024-04-18,2024-04-18,2024-04-18,540,lag_sensitivity,ADF,c,unit_root,12.0,aic,False,ok,-23.090410299258938,0.0,-3.4425405682241816,-2.8669171671779816,-2.5696338432333636,0,539,True,
1min,2024-04-18,2024-04-18,2024-04-18,540,lag_sensitivity,PP,c,unit_root,,Bartlett_short_bandwidth,False,ok,-23.10947014583496,0.0,-3.4425405682241816,-2.8669171671779816,-2.5696338432333636,12,539,True,
1min,2024-04-18,2024-04-18,2024-04-18,540,lag_sensitivity,KPSS,c,level_or_trend_stationarity,,Bartlett_short_bandwidth,False,ok,0.1339454473145062,0.4427895639914171,0.7428,0.4614,0.3475,12,540,False,
1min,2024-04-19,2024-04-19,2024-04-19,540,main,ADF,c,unit_root,12.0,bic,False,ok,-24.317221598458218,0.0,-3.4425405682241816,-2.8669171671779816,-2.5696338432333636,0,539,True,
1min,2024-04-19,2024-04-19,2024-04-19,540,main,PP,c,unit_root,,Bartlett_short_bandwidth,False,ok,-24.308392827834528,0.0,-3.4425405682241816,-2.8669171671779816,-2.5696338432333636,6,539,True,
1min,2024-04-19,2024-04-19,2024-04-19,540,main,KPSS,c,level_or_trend_stationarity,,Bartlett_short_bandwidth,False,ok,0.28611150978066124,0.14817951449460837,0.7428,0.4614,0.3475,6,540,False,
1min,2024-04-19,2024-04-19,2024-04-19,540,trend_sensitivity,ADF,ct,unit_root,12.0,bic,False,ok,-24.41241613420164,0.0,-3.9756648124097875,-3.4186668470500177,-3.131860684671111,0,539,True,
1min,2024-04-19,2024-04-19,2024-04-19,540,trend_sensitivity,PP,ct,unit_root,,Bartlett_short_bandwidth,False,ok,-24.415676452213866,0.0,-3.9756648124097875,-3.4186668470500177,-3.131860684671111,6,539,True,
1min,2024-04-19,2024-04-19,2024-04-19,540,trend_sensitivity,KPSS,ct,level_or_trend_stationarity,,Bartlett_short_bandwidth,False,ok,0.0696376943581541,0.35036470380901635,0.2175,0.1479,0.1193,6,540,False,
1min,2024-04-19,2024-04-19,2024-04-19,540,lag_sensitivity,ADF,c,unit_root,12.0,aic,False,ok,-8.290651291839666,4.27080973870312e-13,-3.442678467240966,-2.8669778698997543,-2.5696661916864083,6,533,True,
1min,2024-04-19,2024-04-19,2024-04-19,540,lag_sensitivity,PP,c,unit_root,,Bartlett_short_bandwidth,False,ok,-24.323042591884008,0.0,-3.4425405682241816,-2.8669171671779816,-2.5696338432333636,12,539,True,
1min,2024-04-19,2024-04-19,2024-04-19,540,lag_sensitivity,KPSS,c,level_or_trend_stationarity,,Bartlett_short_bandwidth,False,ok,0.3011684532372715,0.13458706842069332,0.7428,0.4614,0.3475,12,540,False,
1min,2024-04-22,2024-04-22,2024-04-22,540,main,ADF,c,unit_root,12.0,bic,False,ok,-26.843090583522233,0.0,-3.4425405682241816,-2.8669171671779816,-2.5696338432333636,0,539,True,
1min,2024-04-22,2024-04-22,2024-04-22,540,main,PP,c,unit_root,,Bartlett_short_bandwidth,False,ok,-26.632170339051317,0.0,-3.4425405682241816,-2.8669171671779816,-2.5696338432333636,6,539,True,
1min,2024-04-22,2024-04-22,2024-04-22,540,main,KPSS,c,level_or_trend_stationarity,,Bartlett_short_bandwidth,False,ok,0.11206757472915321,0.5292919377641414,0.7428,0.4614,0.3475,6,540,False,
1min,2024-04-22,2024-04-22,2024-04-22,540,trend_sensitivity,ADF,ct,unit_root,12.0,bic,False,ok,-26.81769771574081,0.0,-3.9756648124097875,-3.4186668470500177,-3.131860684671111,0,539,True,
1min,2024-04-22,2024-04-22,2024-04-22,540,trend_sensitivity,PP,ct,unit_root,,Bartlett_short_bandwidth,False,ok,-26.608766748169792,0.0,-3.9756648124097875,-3.4186668470500177,-3.131860684671111,6,539,True,
1min,2024-04-22,2024-04-22,2024-04-22,540,trend_sensitivity,KPSS,ct,level_or_trend_stationarity,,Bartlett_short_bandwidth,False,ok,0.11232583179056252,0.11884910326874994,0.2175,0.1479,0.1193,6,540,False,
1min,2024-04-22,2024-04-22,2024-04-22,540,lag_sensitivity,ADF,c,unit_root,12.0,aic,False,ok,-26.843090583522233,0.0,-3.4425405682241816,-2.8669171671779816,-2.5696338432333636,0,539,True,
1min,2024-04-22,2024-04-22,2024-04-22,540,lag_sensitivity,PP,c,unit_root,,Bartlett_short_bandwidth,False,ok,-26.540497343594073,0.0,-3.4425405682241816,-2.8669171671779816,-2.5696338432333636,12,539,True,
1min,2024-04-22,2024-04-22,2024-04-22,540,lag_sensitivity,KPSS,c,level_or_trend_stationarity,,Bartlett_short_bandwidth,False,ok,0.10052037424004485,0.5829789699997844,0.7428,0.4614,0.3475,12,540,False,
1min,2024-04-23,2024-04-23,2024-04-23,540,main,ADF,c,unit_root,12.0,bic,False,ok,-23.878461431118524,0.0,-3.4425405682241816,-2.8669171671779816,-2.5696338432333636,0,539,True,
1min,2024-04-23,2024-04-23,2024-04-23,540,main,PP,c,unit_root,,Bartlett_short_bandwidth,False,ok,-24.219363329310802,0.0,-3.4425405682241816,-2.8669171671779816,-2.5696338432333636,6,539,True,
1min,2024-04-23,2024-04-23,2024-04-23,540,main,KPSS,c,level_or_trend_stationarity,,Bartlett_short_bandwidth,False,ok,0.2236319299052853,0.22626604960667257,0.7428,0.4614,0.3475,6,540,False,
1min,2024-04-23,2024-04-23,2024-04-23,540,trend_sensitivity,ADF,ct,unit_root,12.0,bic,False,ok,-23.855757563462834,0.0,-3.9756648124097875,-3.4186668470500177,-3.131860684671111,0,539,True,
1min,2024-04-23,2024-04-23,2024-04-23,540,trend_sensitivity,PP,ct,unit_root,,Bartlett_short_bandwidth,False,ok,-24.19280930107267,0.0,-3.9756648124097875,-3.4186668470500177,-3.131860684671111,6,539,True,
1min,2024-04-23,2024-04-23,2024-04-23,540,trend_sensitivity,KPSS,ct,level_or_trend_stationarity,,Bartlett_short_bandwidth,False,ok,0.22858616820726066,0.007818971965456558,0.2175,0.1479,0.1193,6,540,True,
1min,2024-04-23,2024-04-23,2024-04-23,540,lag_sensitivity,ADF,c,unit_root,12.0,aic,False,ok,-9.086410164974886,3.929370806585287e-15,-3.442678467240966,-2.8669778698997543,-2.5696661916864083,6,533,True,
1min,2024-04-23,2024-04-23,2024-04-23,540,lag_sensitivity,PP,c,unit_root,,Bartlett_short_bandwidth,False,ok,-24.27849182911295,0.0,-3.4425405682241816,-2.8669171671779816,-2.5696338432333636,12,539,True,
1min,2024-04-23,2024-04-23,2024-04-23,540,lag_sensitivity,KPSS,c,level_or_trend_stationarity,,Bartlett_short_bandwidth,False,ok,0.2265176550438482,0.22179143175174518,0.7428,0.4614,0.3475,12,540,False,
1min,2024-04-24,2024-04-24,2024-04-24,540,main,ADF,c,unit_root,12.0,bic,False,ok,-26.971717523204212,0.0,-3.4425405682241816,-2.8669171671779816,-2.5696338432333636,0,539,True,
1min,2024-04-24,2024-04-24,2024-04-24,540,main,PP,c,unit_root,,Bartlett_short_bandwidth,False,ok,-27.661081952239382,0.0,-3.4425405682241816,-2.8669171671779816,-2.5696338432333636,6,539,True,
1min,2024-04-24,2024-04-24,2024-04-24,540,main,KPSS,c,level_or_trend_stationarity,,Bartlett_short_bandwidth,False,ok,0.16974199338524007,0.33529799650191905,0.7428,0.4614,0.3475,6,540,False,
1min,2024-04-24,2024-04-24,2024-04-24,540,trend_sensitivity,ADF,ct,unit_root,12.0,bic,False,ok,-26.987112567151318,0.0,-3.9756648124097875,-3.4186668470500177,-3.131860684671111,0,539,True,
1min,2024-04-24,2024-04-24,2024-04-24,540,trend_sensitivity,PP,ct,unit_root,,Bartlett_short_bandwidth,False,ok,-27.72762113378051,0.0,-3.9756648124097875,-3.4186668470500177,-3.131860684671111,6,539,True,
1min,2024-04-24,2024-04-24,2024-04-24,540,trend_sensitivity,KPSS,ct,level_or_trend_stationarity,,Bartlett_short_bandwidth,False,ok,0.05264345166339012,0.5384983864083166,0.2175,0.1479,0.1193,6,540,False,
1min,2024-04-24,2024-04-24,2024-04-24,540,lag_sensitivity,ADF,c,unit_root,12.0,aic,False,ok,-12.52968273994901,2.44422871505748e-23,-3.4426321555520905,-2.86695748394138,-2.5696553279762426,4,535,True,
1min,2024-04-24,2024-04-24,2024-04-24,540,lag_sensitivity,PP,c,unit_root,,Bartlett_short_bandwidth,False,ok,-28.577855015571885,0.0,-3.4425405682241816,-2.8669171671779816,-2.5696338432333636,12,539,True,
1min,2024-04-24,2024-04-24,2024-04-24,540,lag_sensitivity,KPSS,c,level_or_trend_stationarity,,Bartlett_short_bandwidth,False,ok,0.21333529131487022,0.24350840836630316,0.7428,0.4614,0.3475,12,540,False,
1min,2024-04-25,2024-04-25,2024-04-25,540,main,ADF,c,unit_root,12.0,bic,False,ok,-25.103422950921907,0.0,-3.4425405682241816,-2.8669171671779816,-2.5696338432333636,0,539,True,
1min,2024-04-25,2024-04-25,2024-04-25,540,main,PP,c,unit_root,,Bartlett_short_bandwidth,False,ok,-25.08628650780463,0.0,-3.4425405682241816,-2.8669171671779816,-2.5696338432333636,6,539,True,
1min,2024-04-25,2024-04-25,2024-04-25,540,main,KPSS,c,level_or_trend_stationarity,,Bartlett_short_bandwidth,False,ok,0.15429022369721257,0.3774695723297245,0.7428,0.4614,0.3475,6,540,False,
1min,2024-04-25,2024-04-25,2024-04-25,540,trend_sensitivity,ADF,ct,unit_root,12.0,bic,False,ok,-25.113350125738314,0.0,-3.9756648124097875,-3.4186668470500177,-3.131860684671111,0,539,True,
1min,2024-04-25,2024-04-25,2024-04-25,540,trend_sensitivity,PP,ct,unit_root,,Bartlett_short_bandwidth,False,ok,-25.104087749312253,0.0,-3.9756648124097875,-3.4186668470500177,-3.131860684671111,6,539,True,
1min,2024-04-25,2024-04-25,2024-04-25,540,trend_sensitivity,KPSS,ct,level_or_trend_stationarity,,Bartlett_short_bandwidth,False,ok,0.1030156506311514,0.15012962025980606,0.2175,0.1479,0.1193,6,540,False,
1min,2024-04-25,2024-04-25,2024-04-25,540,lag_sensitivity,ADF,c,unit_root,12.0,aic,False,ok,-25.103422950921907,0.0,-3.4425405682241816,-2.8669171671779816,-2.5696338432333636,0,539,True,
1min,2024-04-25,2024-04-25,2024-04-25,540,lag_sensitivity,PP,c,unit_root,,Bartlett_short_bandwidth,False,ok,-25.022646843040654,0.0,-3.4425405682241816,-2.8669171671779816,-2.5696338432333636,12,539,True,
1min,2024-04-25,2024-04-25,2024-04-25,540,lag_sensitivity,KPSS,c,level_or_trend_stationarity,,Bartlett_short_bandwidth,False,ok,0.13426181097701445,0.4417061267910464,0.7428,0.4614,0.3475,12,540,False,
1min,2024-04-26,2024-04-26,2024-04-26,540,main,ADF,c,unit_root,12.0,bic,False,ok,-22.40629475076564,0.0,-3.4425405682241816,-2.8669171671779816,-2.5696338432333636,0,539,True,
1min,2024-04-26,2024-04-26,2024-04-26,540,main,PP,c,unit_root,,Bartlett_short_bandwidth,False,ok,-22.47810671567002,0.0,-3.4425405682241816,-2.8669171671779816,-2.5696338432333636,6,539,True,
1min,2024-04-26,2024-04-26,2024-04-26,540,main,KPSS,c,level_or_trend_stationarity,,Bartlett_short_bandwidth,False,ok,0.25995963885676104,0.17635426285758338,0.7428,0.4614,0.3475,6,540,False,
1min,2024-04-26,2024-04-26,2024-04-26,540,trend_sensitivity,ADF,ct,unit_root,12.0,bic,False,ok,-22.456576708860513,0.0,-3.9756648124097875,-3.4186668470500177,-3.131860684671111,0,539,True,
1min,2024-04-26,2024-04-26,2024-04-26,540,trend_sensitivity,PP,ct,unit_root,,Bartlett_short_bandwidth,False,ok,-22.56100421025835,0.0,-3.9756648124097875,-3.4186668470500177,-3.131860684671111,6,539,True,
1min,2024-04-26,2024-04-26,2024-04-26,540,trend_sensitivity,KPSS,ct,level_or_trend_stationarity,,Bartlett_short_bandwidth,False,ok,0.05154120112615625,0.5535290755524148,0.2175,0.1479,0.1193,6,540,False,
1min,2024-04-26,2024-04-26,2024-04-26,540,lag_sensitivity,ADF,c,unit_root,12.0,aic,False,ok,-15.485836302801939,2.521539692409741e-28,-3.4425861905056556,-2.8669372502674824,-2.5696445454608505,2,537,True,
1min,2024-04-26,2024-04-26,2024-04-26,540,lag_sensitivity,PP,c,unit_root,,Bartlett_short_bandwidth,False,ok,-22.444745556276448,0.0,-3.4425405682241816,-2.8669171671779816,-2.5696338432333636,12,539,True,
1min,2024-04-26,2024-04-26,2024-04-26,540,lag_sensitivity,KPSS,c,level_or_trend_stationarity,,Bartlett_short_bandwidth,False,ok,0.24541337649771588,0.19459823525933864,0.7428,0.4614,0.3475,12,540,False,
1min,2024-04-29,2024-04-29,2024-04-29,540,main,ADF,c,unit_root,12.0,bic,False,ok,-22.860542173438795,0.0,-3.4425405682241816,-2.8669171671779816,-2.5696338432333636,0,539,True,
1min,2024-04-29,2024-04-29,2024-04-29,540,main,PP,c,unit_root,,Bartlett_short_bandwidth,False,ok,-22.87139956217196,0.0,-3.4425405682241816,-2.8669171671779816,-2.5696338432333636,6,539,True,
1min,2024-04-29,2024-04-29,2024-04-29,540,main,KPSS,c,level_or_trend_stationarity,,Bartlett_short_bandwidth,False,ok,0.024078491792849908,0.9913691803452501,0.7428,0.4614,0.3475,6,540,False,
1min,2024-04-29,2024-04-29,2024-04-29,540,trend_sensitivity,ADF,ct,unit_root,12.0,bic,False,ok,-22.839601952904502,0.0,-3.9756648124097875,-3.4186668470500177,-3.131860684671111,0,539,True,
1min,2024-04-29,2024-04-29,2024-04-29,540,trend_sensitivity,PP,ct,unit_root,,Bartlett_short_bandwidth,False,ok,-22.849460212640903,0.0,-3.9756648124097875,-3.4186668470500177,-3.131860684671111,6,539,True,
1min,2024-04-29,2024-04-29,2024-04-29,540,trend_sensitivity,KPSS,ct,level_or_trend_stationarity,,Bartlett_short_bandwidth,False,ok,0.01919294192024878,0.9811503226652846,0.2175,0.1479,0.1193,6,540,False,
1min,2024-04-29,2024-04-29,2024-04-29,540,lag_sensitivity,ADF,c,unit_root,12.0,aic,False,ok,-17.931544878749133,2.8820114959819602e-30,-3.442563336759378,-2.866927190004947,-2.5696391843672695,1,538,True,
1min,2024-04-29,2024-04-29,2024-04-29,540,lag_sensitivity,PP,c,unit_root,,Bartlett_short_bandwidth,False,ok,-22.957672025995613,0.0,-3.4425405682241816,-2.8669171671779816,-2.5696338432333636,12,539,True,
1min,2024-04-29,2024-04-29,2024-04-29,540,lag_sensitivity,KPSS,c,level_or_trend_stationarity,,Bartlett_short_bandwidth,False,ok,0.026814639078049613,0.985213402304876,0.7428,0.4614,0.3475,12,540,False,
1min,2024-04-30,2024-04-30,2024-04-30,540,main,ADF,c,unit_root,12.0,bic,False,ok,-23.95672728098213,0.0,-3.4425405682241816,-2.8669171671779816,-2.5696338432333636,0,539,True,
1min,2024-04-30,2024-04-30,2024-04-30,540,main,PP,c,unit_root,,Bartlett_short_bandwidth,False,ok,-24.060768786847888,0.0,-3.4425405682241816,-2.8669171671779816,-2.5696338432333636,6,539,True,
1min,2024-04-30,2024-04-30,2024-04-30,540,main,KPSS,c,level_or_trend_stationarity,,Bartlett_short_bandwidth,False,ok,0.32257687088722076,0.11724784021645622,0.7428,0.4614,0.3475,6,540,False,
1min,2024-04-30,2024-04-30,2024-04-30,540,trend_sensitivity,ADF,ct,unit_root,12.0,bic,False,ok,-24.055156281294117,0.0,-3.9756648124097875,-3.4186668470500177,-3.131860684671111,0,539,True,
1min,2024-04-30,2024-04-30,2024-04-30,540,trend_sensitivity,PP,ct,unit_root,,Bartlett_short_bandwidth,False,ok,-24.202399700821594,0.0,-3.9756648124097875,-3.4186668470500177,-3.131860684671111,6,539,True,
1min,2024-04-30,2024-04-30,2024-04-30,540,trend_sensitivity,KPSS,ct,level_or_trend_stationarity,,Bartlett_short_bandwidth,False,ok,0.023195173706604833,0.9525452465005797,0.2175,0.1479,0.1193,6,540,False,
1min,2024-04-30,2024-04-30,2024-04-30,540,lag_sensitivity,ADF,c,unit_root,12.0,aic,False,ok,-8.139518084794027,1.0372287560017021e-12,-3.4427485933555886,-2.8670087381529723,-2.569682641509434,9,530,True,
1min,2024-04-30,2024-04-30,2024-04-30,540,lag_sensitivity,PP,c,unit_root,,Bartlett_short_bandwidth,False,ok,-24.362999826023557,0.0,-3.4425405682241816,-2.8669171671779816,-2.5696338432333636,12,539,True,
1min,2024-04-30,2024-04-30,2024-04-30,540,lag_sensitivity,KPSS,c,level_or_trend_stationarity,,Bartlett_short_bandwidth,False,ok,0.3819626931384918,0.0807333198273001,0.7428,0.4614,0.3475,12,540,False,
1min,2024-05-02,2024-05-02,2024-05-02,540,main,ADF,c,unit_root,12.0,bic,False,ok,-21.862199106062924,0.0,-3.4425405682241816,-2.8669171671779816,-2.5696338432333636,0,539,True,
1min,2024-05-02,2024-05-02,2024-05-02,540,main,PP,c,unit_root,,Bartlett_short_bandwidth,False,ok,-21.84394695325745,0.0,-3.4425405682241816,-2.8669171671779816,-2.5696338432333636,6,539,True,
1min,2024-05-02,2024-05-02,2024-05-02,540,main,KPSS,c,level_or_trend_stationarity,,Bartlett_short_bandwidth,False,ok,0.0850310348320444,0.6638307190979397,0.7428,0.4614,0.3475,6,540,False,
1min,2024-05-02,2024-05-02,2024-05-02,540,trend_sensitivity,ADF,ct,unit_root,12.0,bic,False,ok,-21.842110938072793,0.0,-3.9756648124097875,-3.4186668470500177,-3.131860684671111,0,539,True,
1min,2024-05-02,2024-05-02,2024-05-02,540,trend_sensitivity,PP,ct,unit_root,,Bartlett_short_bandwidth,False,ok,-21.823263642789005,0.0,-3.9756648124097875,-3.4186668470500177,-3.131860684671111,6,539,True,
1min,2024-05-02,2024-05-02,2024-05-02,540,trend_sensitivity,KPSS,ct,level_or_trend_stationarity,,Bartlett_short_bandwidth,False,ok,0.08593623243673357,0.23078260537959863,0.2175,0.1479,0.1193,6,540,False,
1min,2024-05-02,2024-05-02,2024-05-02,540,lag_sensitivity,ADF,c,unit_root,12.0,aic,False,ok,-21.862199106062924,0.0,-3.4425405682241816,-2.8669171671779816,-2.5696338432333636,0,539,True,
1min,2024-05-02,2024-05-02,2024-05-02,540,lag_sensitivity,PP,c,unit_root,,Bartlett_short_bandwidth,False,ok,-21.883773126653985,0.0,-3.4425405682241816,-2.8669171671779816,-2.5696338432333636,12,539,True,
1min,2024-05-02,2024-05-02,2024-05-02,540,lag_sensitivity,KPSS,c,level_or_trend_stationarity,,Bartlett_short_bandwidth,False,ok,0.07800822581474422,0.7038052617186807,0.7428,0.4614,0.3475,12,540,False,
1min,2024-05-03,2024-05-03,2024-05-03,540,main,ADF,c,unit_root,12.0,bic,False,ok,-14.016274910717577,3.638124488809777e-26,-3.442563336759378,-2.866927190004947,-2.5696391843672695,1,538,True,
1min,2024-05-03,2024-05-03,2024-05-03,540,main,PP,c,unit_root,,Bartlett_short_bandwidth,False,ok,-21.55399702512764,0.0,-3.4425405682241816,-2.8669171671779816,-2.5696338432333636,6,539,True,
1min,2024-05-03,2024-05-03,2024-05-03,540,main,KPSS,c,level_or_trend_stationarity,,Bartlett_short_bandwidth,False,ok,0.1769414068619152,0.3173760761795053,0.7428,0.4614,0.3475,6,540,False,
1min,2024-05-03,2024-05-03,2024-05-03,540,trend_sensitivity,ADF,ct,unit_root,12.0,bic,False,ok,-21.342200210089214,0.0,-3.9756648124097875,-3.4186668470500177,-3.131860684671111,0,539,True,
1min,2024-05-03,2024-05-03,2024-05-03,540,trend_sensitivity,PP,ct,unit_root,,Bartlett_short_bandwidth,False,ok,-21.588946449674957,0.0,-3.9756648124097875,-3.4186668470500177,-3.131860684671111,6,539,True,
1min,2024-05-03,2024-05-03,2024-05-03,540,trend_sensitivity,KPSS,ct,level_or_trend_stationarity,,Bartlett_short_bandwidth,False,ok,0.07259761377158735,0.325019885236772,0.2175,0.1479,0.1193,6,540,False,
1min,2024-05-03,2024-05-03,2024-05-03,540,lag_sensitivity,ADF,c,unit_root,12.0,aic,False,ok,-6.615828169231045,6.211085297454381e-09,-3.442819521824351,-2.8670399588708047,-2.5696992792614384,12,527,True,
1min,2024-05-03,2024-05-03,2024-05-03,540,lag_sensitivity,PP,c,unit_root,,Bartlett_short_bandwidth,False,ok,-21.611292752308835,0.0,-3.4425405682241816,-2.8669171671779816,-2.5696338432333636,12,539,True,
1min,2024-05-03,2024-05-03,2024-05-03,540,lag_sensitivity,KPSS,c,level_or_trend_stationarity,,Bartlett_short_bandwidth,False,ok,0.1702483831426274,0.3340192344883146,0.7428,0.4614,0.3475,12,540,False,
1min,2024-05-06,2024-05-06,2024-05-06,540,main,ADF,c,unit_root,12.0,bic,False,ok,-24.185064533926976,0.0,-3.4425405682241816,-2.8669171671779816,-2.5696338432333636,0,539,True,
1min,2024-05-06,2024-05-06,2024-05-06,540,main,PP,c,unit_root,,Bartlett_short_bandwidth,False,ok,-24.22506086447906,0.0,-3.4425405682241816,-2.8669171671779816,-2.5696338432333636,6,539,True,
1min,2024-05-06,2024-05-06,2024-05-06,540,main,KPSS,c,level_or_trend_stationarity,,Bartlett_short_bandwidth,False,ok,0.1437023448167852,0.41005658712568843,0.7428,0.4614,0.3475,6,540,False,
1min,2024-05-06,2024-05-06,2024-05-06,540,trend_sensitivity,ADF,ct,unit_root,12.0,bic,False,ok,-24.172033115046624,0.0,-3.9756648124097875,-3.4186668470500177,-3.131860684671111,0,539,True,
1min,2024-05-06,2024-05-06,2024-05-06,540,trend_sensitivity,PP,ct,unit_root,,Bartlett_short_bandwidth,False,ok,-24.213474237870155,0.0,-3.9756648124097875,-3.4186668470500177,-3.131860684671111,6,539,True,
1min,2024-05-06,2024-05-06,2024-05-06,540,trend_sensitivity,KPSS,ct,level_or_trend_stationarity,,Bartlett_short_bandwidth,False,ok,0.11367751685043544,0.11519590040422856,0.2175,0.1479,0.1193,6,540,False,
1min,2024-05-06,2024-05-06,2024-05-06,540,lag_sensitivity,ADF,c,unit_root,12.0,aic,False,ok,-24.185064533926976,0.0,-3.4425405682241816,-2.8669171671779816,-2.5696338432333636,0,539,True,
1min,2024-05-06,2024-05-06,2024-05-06,540,lag_sensitivity,PP,c,unit_root,,Bartlett_short_bandwidth,False,ok,-24.186683225351373,0.0,-3.4425405682241816,-2.8669171671779816,-2.5696338432333636,12,539,True,
1min,2024-05-06,2024-05-06,2024-05-06,540,lag_sensitivity,KPSS,c,level_or_trend_stationarity,,Bartlett_short_bandwidth,False,ok,0.13677746176472264,0.43309088436738824,0.7428,0.4614,0.3475,12,540,False,
1min,2024-05-07,2024-05-07,2024-05-07,540,main,ADF,c,unit_root,12.0,bic,False,ok,-21.9580157511024,0.0,-3.4425405682241816,-2.8669171671779816,-2.5696338432333636,0,539,True,
1min,2024-05-07,2024-05-07,2024-05-07,540,main,PP,c,unit_root,,Bartlett_short_bandwidth,False,ok,-21.96154326800318,0.0,-3.4425405682241816,-2.8669171671779816,-2.5696338432333636,6,539,True,
1min,2024-05-07,2024-05-07,2024-05-07,540,main,KPSS,c,level_or_trend_stationarity,,Bartlett_short_bandwidth,False,ok,0.35467117165970596,0.09562733435383784,0.7428,0.4614,0.3475,6,540,False,
1min,2024-05-07,2024-05-07,2024-05-07,540,trend_sensitivity,ADF,ct,unit_root,12.0,bic,False,ok,-22.083066821011993,0.0,-3.9756648124097875,-3.4186668470500177,-3.131860684671111,0,539,True,
1min,2024-05-07,2024-05-07,2024-05-07,540,trend_sensitivity,PP,ct,unit_root,,Bartlett_short_bandwidth,False,ok,-22.075613034186212,0.0,-3.9756648124097875,-3.4186668470500177,-3.131860684671111,6,539,True,
1min,2024-05-07,2024-05-07,2024-05-07,540,trend_sensitivity,KPSS,ct,level_or_trend_stationarity,,Bartlett_short_bandwidth,False,ok,0.07741772659103432,0.2870162386354691,0.2175,0.1479,0.1193,6,540,False,
1min,2024-05-07,2024-05-07,2024-05-07,540,lag_sensitivity,ADF,c,unit_root,12.0,aic,False,ok,-21.9580157511024,0.0,-3.4425405682241816,-2.8669171671779816,-2.5696338432333636,0,539,True,
1min,2024-05-07,2024-05-07,2024-05-07,540,lag_sensitivity,PP,c,unit_root,,Bartlett_short_bandwidth,False,ok,-21.989673228686314,0.0,-3.4425405682241816,-2.8669171671779816,-2.5696338432333636,12,539,True,
1min,2024-05-07,2024-05-07,2024-05-07,540,lag_sensitivity,KPSS,c,level_or_trend_stationarity,,Bartlett_short_bandwidth,False,ok,0.33167900463465066,0.11094878571996493,0.7428,0.4614,0.3475,12,540,False,
1min,2024-05-08,2024-05-08,2024-05-08,540,main,ADF,c,unit_root,12.0,bic,False,ok,-22.0690155094686,0.0,-3.4425405682241816,-2.8669171671779816,-2.5696338432333636,0,539,True,
1min,2024-05-08,2024-05-08,2024-05-08,540,main,PP,c,unit_root,,Bartlett_short_bandwidth,False,ok,-22.085194793946442,0.0,-3.4425405682241816,-2.8669171671779816,-2.5696338432333636,6,539,True,
1min,2024-05-08,2024-05-08,2024-05-08,540,main,KPSS,c,level_or_trend_stationarity,,Bartlett_short_bandwidth,False,ok,0.11703187912433659,0.5083160036999863,0.7428,0.4614,0.3475,6,540,False,
1min,2024-05-08,2024-05-08,2024-05-08,540,trend_sensitivity,ADF,ct,unit_root,12.0,bic,False,ok,-22.048064261607276,0.0,-3.9756648124097875,-3.4186668470500177,-3.131860684671111,0,539,True,
1min,2024-05-08,2024-05-08,2024-05-08,540,trend_sensitivity,PP,ct,unit_root,,Bartlett_short_bandwidth,False,ok,-22.064132734021968,0.0,-3.9756648124097875,-3.4186668470500177,-3.131860684671111,6,539,True,
1min,2024-05-08,2024-05-08,2024-05-08,540,trend_sensitivity,KPSS,ct,level_or_trend_stationarity,,Bartlett_short_bandwidth,False,ok,0.12018878286237197,0.09788385032768578,0.2175,0.1479,0.1193,6,540,False,
1min,2024-05-08,2024-05-08,2024-05-08,540,lag_sensitivity,ADF,c,unit_root,12.0,aic,False,ok,-22.0690155094686,0.0,-3.4425405682241816,-2.8669171671779816,-2.5696338432333636,0,539,True,
1min,2024-05-08,2024-05-08,2024-05-08,540,lag_sensitivity,PP,c,unit_root,,Bartlett_short_bandwidth,False,ok,-22.288604783033946,0.0,-3.4425405682241816,-2.8669171671779816,-2.5696338432333636,12,539,True,
1min,2024-05-08,2024-05-08,2024-05-08,540,lag_sensitivity,KPSS,c,level_or_trend_stationarity,,Bartlett_short_bandwidth,False,ok,0.0968355107490126,0.601322446254937,0.7428,0.4614,0.3475,12,540,False,
1min,2024-05-09,2024-05-09,2024-05-09,540,main,ADF,c,unit_root,12.0,bic,False,ok,-25.400807679692846,0.0,-3.4425405682241816,-2.8669171671779816,-2.5696338432333636,0,539,True,
1min,2024-05-09,2024-05-09,2024-05-09,540,main,PP,c,unit_root,,Bartlett_short_bandwidth,False,ok,-25.292563684497935,0.0,-3.4425405682241816,-2.8669171671779816,-2.5696338432333636,6,539,True,
1min,2024-05-09,2024-05-09,2024-05-09,540,main,KPSS,c,level_or_trend_stationarity,,Bartlett_short_bandwidth,False,ok,0.5986703547365255,0.022663637501723084,0.7428,0.4614,0.3475,6,540,True,
1min,2024-05-09,2024-05-09,2024-05-09,540,trend_sensitivity,ADF,ct,unit_root,12.0,bic,False,ok,-25.603003303316722,0.0,-3.9756648124097875,-3.4186668470500177,-3.131860684671111,0,539,True,
1min,2024-05-09,2024-05-09,2024-05-09,540,trend_sensitivity,PP,ct,unit_root,,Bartlett_short_bandwidth,False,ok,-25.50422201830972,0.0,-3.9756648124097875,-3.4186668470500177,-3.131860684671111,6,539,True,
1min,2024-05-09,2024-05-09,2024-05-09,540,trend_sensitivity,KPSS,ct,level_or_trend_stationarity,,Bartlett_short_bandwidth,False,ok,0.10325186698476152,0.14923823779335277,0.2175,0.1479,0.1193,6,540,False,
1min,2024-05-09,2024-05-09,2024-05-09,540,lag_sensitivity,ADF,c,unit_root,12.0,aic,False,ok,-25.400807679692846,0.0,-3.4425405682241816,-2.8669171671779816,-2.5696338432333636,0,539,True,
1min,2024-05-09,2024-05-09,2024-05-09,540,lag_sensitivity,PP,c,unit_root,,Bartlett_short_bandwidth,False,ok,-25.276386928106596,0.0,-3.4425405682241816,-2.8669171671779816,-2.5696338432333636,12,539,True,
1min,2024-05-09,2024-05-09,2024-05-09,540,lag_sensitivity,KPSS,c,level_or_trend_stationarity,,Bartlett_short_bandwidth,False,ok,0.5579346202701839,0.02855464869142659,0.7428,0.4614,0.3475,12,540,True,
1min,2024-05-10,2024-05-10,2024-05-10,540,main,ADF,c,unit_root,12.0,bic,False,ok,-22.427318168261337,0.0,-3.4425405682241816,-2.8669171671779816,-2.5696338432333636,0,539,True,
1min,2024-05-10,2024-05-10,2024-05-10,540,main,PP,c,unit_root,,Bartlett_short_bandwidth,False,ok,-22.421075997356112,0.0,-3.4425405682241816,-2.8669171671779816,-2.5696338432333636,6,539,True,
1min,2024-05-10,2024-05-10,2024-05-10,540,main,KPSS,c,level_or_trend_stationarity,,Bartlett_short_bandwidth,False,ok,0.17313116818651395,0.32673947427648,0.7428,0.4614,0.3475,6,540,False,
1min,2024-05-10,2024-05-10,2024-05-10,540,trend_sensitivity,ADF,ct,unit_root,12.0,bic,False,ok,-22.441259604244078,0.0,-3.9756648124097875,-3.4186668470500177,-3.131860684671111,0,539,True,
1min,2024-05-10,2024-05-10,2024-05-10,540,trend_sensitivity,PP,ct,unit_root,,Bartlett_short_bandwidth,False,ok,-22.43657963175818,0.0,-3.9756648124097875,-3.4186668470500177,-3.131860684671111,6,539,True,
1min,2024-05-10,2024-05-10,2024-05-10,540,trend_sensitivity,KPSS,ct,level_or_trend_stationarity,,Bartlett_short_bandwidth,False,ok,0.04495762421779304,0.6466356367331043,0.2175,0.1479,0.1193,6,540,False,
1min,2024-05-10,2024-05-10,2024-05-10,540,lag_sensitivity,ADF,c,unit_root,12.0,aic,False,ok,-17.806112605992304,3.203251753481906e-30,-3.442563336759378,-2.866927190004947,-2.5696391843672695,1,538,True,
1min,2024-05-10,2024-05-10,2024-05-10,540,lag_sensitivity,PP,c,unit_root,,Bartlett_short_bandwidth,False,ok,-22.416744045168258,0.0,-3.4425405682241816,-2.8669171671779816,-2.5696338432333636,12,539,True,
1min,2024-05-10,2024-05-10,2024-05-10,540,lag_sensitivity,KPSS,c,level_or_trend_stationarity,,Bartlett_short_bandwidth,False,ok,0.16410672291862374,0.34992658538839627,0.7428,0.4614,0.3475,12,540,False,
1min,2024-05-13,2024-05-13,2024-05-13,540,main,ADF,c,unit_root,12.0,bic,False,ok,-21.93713427175618,0.0,-3.4425405682241816,-2.8669171671779816,-2.5696338432333636,0,539,True,
1min,2024-05-13,2024-05-13,2024-05-13,540,main,PP,c,unit_root,,Bartlett_short_bandwidth,False,ok,-22.040031052960174,0.0,-3.4425405682241816,-2.8669171671779816,-2.5696338432333636,6,539,True,
1min,2024-05-13,2024-05-13,2024-05-13,540,main,KPSS,c,level_or_trend_stationarity,,Bartlett_short_bandwidth,False,ok,0.0717369185704332,0.7416357394584465,0.7428,0.4614,0.3475,6,540,False,
1min,2024-05-13,2024-05-13,2024-05-13,540,trend_sensitivity,ADF,ct,unit_root,12.0,bic,False,ok,-21.91731843684326,0.0,-3.9756648124097875,-3.4186668470500177,-3.131860684671111,0,539,True,
1min,2024-05-13,2024-05-13,2024-05-13,540,trend_sensitivity,PP,ct,unit_root,,Bartlett_short_bandwidth,False,ok,-22.021354536474398,0.0,-3.9756648124097875,-3.4186668470500177,-3.131860684671111,6,539,True,
1min,2024-05-13,2024-05-13,2024-05-13,540,trend_sensitivity,KPSS,ct,level_or_trend_stationarity,,Bartlett_short_bandwidth,False,ok,0.07059051460538276,0.3421507361604934,0.2175,0.1479,0.1193,6,540,False,
1min,2024-05-13,2024-05-13,2024-05-13,540,lag_sensitivity,ADF,c,unit_root,12.0,aic,False,ok,-21.93713427175618,0.0,-3.4425405682241816,-2.8669171671779816,-2.5696338432333636,0,539,True,
1min,2024-05-13,2024-05-13,2024-05-13,540,lag_sensitivity,PP,c,unit_root,,Bartlett_short_bandwidth,False,ok,-22.00504894411918,0.0,-3.4425405682241816,-2.8669171671779816,-2.5696338432333636,12,539,True,
1min,2024-05-13,2024-05-13,2024-05-13,540,lag_sensitivity,KPSS,c,level_or_trend_stationarity,,Bartlett_short_bandwidth,False,ok,0.07321295895302525,0.7326804201110545,0.7428,0.4614,0.3475,12,540,False,
1min,2024-05-14,2024-05-14,2024-05-14,540,main,ADF,c,unit_root,12.0,bic,False,ok,-25.84774215343069,0.0,-3.4425405682241816,-2.8669171671779816,-2.5696338432333636,0,539,True,
1min,2024-05-14,2024-05-14,2024-05-14,540,main,PP,c,unit_root,,Bartlett_short_bandwidth,False,ok,-25.717013484542804,0.0,-3.4425405682241816,-2.8669171671779816,-2.5696338432333636,6,539,True,
1min,2024-05-14,2024-05-14,2024-05-14,540,main,KPSS,c,level_or_trend_stationarity,,Bartlett_short_bandwidth,False,ok,0.0860641457856336,0.6581955684419986,0.7428,0.4614,0.3475,6,540,False,
1min,2024-05-14,2024-05-14,2024-05-14,540,trend_sensitivity,ADF,ct,unit_root,12.0,bic,False,ok,-25.84438359040236,0.0,-3.9756648124097875,-3.4186668470500177,-3.131860684671111,0,539,True,
1min,2024-05-14,2024-05-14,2024-05-14,540,trend_sensitivity,PP,ct,unit_root,,Bartlett_short_bandwidth,False,ok,-25.71474708409256,0.0,-3.9756648124097875,-3.4186668470500177,-3.131860684671111,6,539,True,
1min,2024-05-14,2024-05-14,2024-05-14,540,trend_sensitivity,KPSS,ct,level_or_trend_stationarity,,Bartlett_short_bandwidth,False,ok,0.04457267574317363,0.6524098638523955,0.2175,0.1479,0.1193,6,540,False,
1min,2024-05-14,2024-05-14,2024-05-14,540,lag_sensitivity,ADF,c,unit_root,12.0,aic,False,ok,-25.84774215343069,0.0,-3.4425405682241816,-2.8669171671779816,-2.5696338432333636,0,539,True,
1min,2024-05-14,2024-05-14,2024-05-14,540,lag_sensitivity,PP,c,unit_root,,Bartlett_short_bandwidth,False,ok,-25.768975586912436,0.0,-3.4425405682241816,-2.8669171671779816,-2.5696338432333636,12,539,True,
1min,2024-05-14,2024-05-14,2024-05-14,540,lag_sensitivity,KPSS,c,level_or_trend_stationarity,,Bartlett_short_bandwidth,False,ok,0.09356239022071149,0.6178596264855772,0.7428,0.4614,0.3475,12,540,False,
1min,2024-05-15,2024-05-15,2024-05-15,540,main,ADF,c,unit_root,12.0,bic,False,ok,-23.47136478858513,0.0,-3.4425405682241816,-2.8669171671779816,-2.5696338432333636,0,539,True,
1min,2024-05-15,2024-05-15,2024-05-15,540,main,PP,c,unit_root,,Bartlett_short_bandwidth,False,ok,-23.51156261223323,0.0,-3.4425405682241816,-2.8669171671779816,-2.5696338432333636,6,539,True,
1min,2024-05-15,2024-05-15,2024-05-15,540,main,KPSS,c,level_or_trend_stationarity,,Bartlett_short_bandwidth,False,ok,0.03228146925794351,0.9681481951617558,0.7428,0.4614,0.3475,6,540,False,
1min,2024-05-15,2024-05-15,2024-05-15,540,trend_sensitivity,ADF,ct,unit_root,12.0,bic,False,ok,-23.449824833073762,0.0,-3.9756648124097875,-3.4186668470500177,-3.131860684671111,0,539,True,
1min,2024-05-15,2024-05-15,2024-05-15,540,trend_sensitivity,PP,ct,unit_root,,Bartlett_short_bandwidth,False,ok,-23.489342321133712,0.0,-3.9756648124097875,-3.4186668470500177,-3.131860684671111,6,539,True,
1min,2024-05-15,2024-05-15,2024-05-15,540,trend_sensitivity,KPSS,ct,level_or_trend_stationarity,,Bartlett_short_bandwidth,False,ok,0.03214796207822885,0.8416476164966347,0.2175,0.1479,0.1193,6,540,False,
1min,2024-05-15,2024-05-15,2024-05-15,540,lag_sensitivity,ADF,c,unit_root,12.0,aic,False,ok,-17.420428875702147,4.8293560776496014e-30,-3.442563336759378,-2.866927190004947,-2.5696391843672695,1,538,True,
1min,2024-05-15,2024-05-15,2024-05-15,540,lag_sensitivity,PP,c,unit_root,,Bartlett_short_bandwidth,False,ok,-23.476831468172012,0.0,-3.4425405682241816,-2.8669171671779816,-2.5696338432333636,12,539,True,
1min,2024-05-15,2024-05-15,2024-05-15,540,lag_sensitivity,KPSS,c,level_or_trend_stationarity,,Bartlett_short_bandwidth,False,ok,0.029715162877517094,0.9771890935258031,0.7428,0.4614,0.3475,12,540,False,
1min,2024-05-16,2024-05-16,2024-05-16,540,main,ADF,c,unit_root,12.0,bic,False,ok,-22.780127134874622,0.0,-3.4425405682241816,-2.8669171671779816,-2.5696338432333636,0,539,True,
1min,2024-05-16,2024-05-16,2024-05-16,540,main,PP,c,unit_root,,Bartlett_short_bandwidth,False,ok,-22.898372581942347,0.0,-3.4425405682241816,-2.8669171671779816,-2.5696338432333636,6,539,True,
1min,2024-05-16,2024-05-16,2024-05-16,540,main,KPSS,c,level_or_trend_stationarity,,Bartlett_short_bandwidth,False,ok,0.08737692581183372,0.6510349501172706,0.7428,0.4614,0.3475,6,540,False,
1min,2024-05-16,2024-05-16,2024-05-16,540,trend_sensitivity,ADF,ct,unit_root,12.0,bic,False,ok,-22.76327082172229,0.0,-3.9756648124097875,-3.4186668470500177,-3.131860684671111,0,539,True,
1min,2024-05-16,2024-05-16,2024-05-16,540,trend_sensitivity,PP,ct,unit_root,,Bartlett_short_bandwidth,False,ok,-22.88288567165874,0.0,-3.9756648124097875,-3.4186668470500177,-3.131860684671111,6,539,True,
1min,2024-05-16,2024-05-16,2024-05-16,540,trend_sensitivity,KPSS,ct,level_or_trend_stationarity,,Bartlett_short_bandwidth,False,ok,0.09255786489134216,0.19541905667682574,0.2175,0.1479,0.1193,6,540,False,
1min,2024-05-16,2024-05-16,2024-05-16,540,lag_sensitivity,ADF,c,unit_root,12.0,aic,False,ok,-22.780127134874622,0.0,-3.4425405682241816,-2.8669171671779816,-2.5696338432333636,0,539,True,
1min,2024-05-16,2024-05-16,2024-05-16,540,lag_sensitivity,PP,c,unit_root,,Bartlett_short_bandwidth,False,ok,-23.172815457845218,0.0,-3.4425405682241816,-2.8669171671779816,-2.5696338432333636,12,539,True,
1min,2024-05-16,2024-05-16,2024-05-16,540,lag_sensitivity,KPSS,c,level_or_trend_stationarity,,Bartlett_short_bandwidth,False,ok,0.0747072903644135,0.7236629029733668,0.7428,0.4614,0.3475,12,540,False,
1min,2024-05-17,2024-05-17,2024-05-17,540,main,ADF,c,unit_root,12.0,bic,False,ok,-21.655105289763256,0.0,-3.4425405682241816,-2.8669171671779816,-2.5696338432333636,0,539,True,
1min,2024-05-17,2024-05-17,2024-05-17,540,main,PP,c,unit_root,,Bartlett_short_bandwidth,False,ok,-21.69424154456427,0.0,-3.4425405682241816,-2.8669171671779816,-2.5696338432333636,6,539,True,
1min,2024-05-17,2024-05-17,2024-05-17,540,main,KPSS,c,level_or_trend_stationarity,,Bartlett_short_bandwidth,False,ok,0.11602801817552655,0.5125576696808737,0.7428,0.4614,0.3475,6,540,False,
1min,2024-05-17,2024-05-17,2024-05-17,540,trend_sensitivity,ADF,ct,unit_root,12.0,bic,False,ok,-21.659010617134197,0.0,-3.9756648124097875,-3.4186668470500177,-3.131860684671111,0,539,True,
1min,2024-05-17,2024-05-17,2024-05-17,540,trend_sensitivity,PP,ct,unit_root,,Bartlett_short_bandwidth,False,ok,-21.694241164418337,0.0,-3.9756648124097875,-3.4186668470500177,-3.131860684671111,6,539,True,
1min,2024-05-17,2024-05-17,2024-05-17,540,trend_sensitivity,KPSS,ct,level_or_trend_stationarity,,Bartlett_short_bandwidth,False,ok,0.045124187411782674,0.6441371888232598,0.2175,0.1479,0.1193,6,540,False,
1min,2024-05-17,2024-05-17,2024-05-17,540,lag_sensitivity,ADF,c,unit_root,12.0,aic,False,ok,-21.655105289763256,0.0,-3.4425405682241816,-2.8669171671779816,-2.5696338432333636,0,539,True,
1min,2024-05-17,2024-05-17,2024-05-17,540,lag_sensitivity,PP,c,unit_root,,Bartlett_short_bandwidth,False,ok,-21.663886735523732,0.0,-3.4425405682241816,-2.8669171671779816,-2.5696338432333636,12,539,True,
1min,2024-05-17,2024-05-17,2024-05-17,540,lag_sensitivity,KPSS,c,level_or_trend_stationarity,,Bartlett_short_bandwidth,False,ok,0.11776552711177886,0.5052160826262865,0.7428,0.4614,0.3475,12,540,False,
1min,2024-05-20,2024-05-20,2024-05-20,540,main,ADF,c,unit_root,12.0,bic,False,ok,-20.855942739517676,0.0,-3.4425405682241816,-2.8669171671779816,-2.5696338432333636,0,539,True,
1min,2024-05-20,2024-05-20,2024-05-20,540,main,PP,c,unit_root,,Bartlett_short_bandwidth,False,ok,-20.908193002524364,0.0,-3.4425405682241816,-2.8669171671779816,-2.5696338432333636,6,539,True,
1min,2024-05-20,2024-05-20,2024-05-20,540,main,KPSS,c,level_or_trend_stationarity,,Bartlett_short_bandwidth,False,ok,0.13130103586270034,0.45245882140783455,0.7428,0.4614,0.3475,6,540,False,
1min,2024-05-20,2024-05-20,2024-05-20,540,trend_sensitivity,ADF,ct,unit_root,12.0,bic,False,ok,-20.844148186176312,0.0,-3.9756648124097875,-3.4186668470500177,-3.131860684671111,0,539,True,
1min,2024-05-20,2024-05-20,2024-05-20,540,trend_sensitivity,PP,ct,unit_root,,Bartlett_short_bandwidth,False,ok,-20.894561578962428,0.0,-3.9756648124097875,-3.4186668470500177,-3.131860684671111,6,539,True,
1min,2024-05-20,2024-05-20,2024-05-20,540,trend_sensitivity,KPSS,ct,level_or_trend_stationarity,,Bartlett_short_bandwidth,False,ok,0.10304259858389438,0.1500279298720967,0.2175,0.1479,0.1193,6,540,False,
1min,2024-05-20,2024-05-20,2024-05-20,540,lag_sensitivity,ADF,c,unit_root,12.0,aic,False,ok,-20.855942739517676,0.0,-3.4425405682241816,-2.8669171671779816,-2.5696338432333636,0,539,True,
1min,2024-05-20,2024-05-20,2024-05-20,540,lag_sensitivity,PP,c,unit_root,,Bartlett_short_bandwidth,False,ok,-21.09069002407473,0.0,-3.4425405682241816,-2.8669171671779816,-2.5696338432333636,12,539,True,
1min,2024-05-20,2024-05-20,2024-05-20,540,lag_sensitivity,KPSS,c,level_or_trend_stationarity,,Bartlett_short_bandwidth,False,ok,0.11561900276606576,0.5142859038053559,0.7428,0.4614,0.3475,12,540,False,
1min,2024-05-21,2024-05-21,2024-05-21,540,main,ADF,c,unit_root,12.0,bic,False,ok,-24.02802206905819,0.0,-3.4425405682241816,-2.8669171671779816,-2.5696338432333636,0,539,True,
1min,2024-05-21,2024-05-21,2024-05-21,540,main,PP,c,unit_root,,Bartlett_short_bandwidth,False,ok,-24.029882821524087,0.0,-3.4425405682241816,-2.8669171671779816,-2.5696338432333636,6,539,True,
1min,2024-05-21,2024-05-21,2024-05-21,540,main,KPSS,c,level_or_trend_stationarity,,Bartlett_short_bandwidth,False,ok,0.02666621876862836,0.9855844530784291,0.7428,0.4614,0.3475,6,540,False,
1min,2024-05-21,2024-05-21,2024-05-21,540,trend_sensitivity,ADF,ct,unit_root,12.0,bic,False,ok,-24.00495910597333,0.0,-3.9756648124097875,-3.4186668470500177,-3.131860684671111,0,539,True,
1min,2024-05-21,2024-05-21,2024-05-21,540,trend_sensitivity,PP,ct,unit_root,,Bartlett_short_bandwidth,False,ok,-24.006775333509328,0.0,-3.9756648124097875,-3.4186668470500177,-3.131860684671111,6,539,True,
1min,2024-05-21,2024-05-21,2024-05-21,540,trend_sensitivity,KPSS,ct,level_or_trend_stationarity,,Bartlett_short_bandwidth,False,ok,0.022025191704769458,0.9626772021087896,0.2175,0.1479,0.1193,6,540,False,
1min,2024-05-21,2024-05-21,2024-05-21,540,lag_sensitivity,ADF,c,unit_root,12.0,aic,False,ok,-24.02802206905819,0.0,-3.4425405682241816,-2.8669171671779816,-2.5696338432333636,0,539,True,
1min,2024-05-21,2024-05-21,2024-05-21,540,lag_sensitivity,PP,c,unit_root,,Bartlett_short_bandwidth,False,ok,-24.220796556356667,0.0,-3.4425405682241816,-2.8669171671779816,-2.5696338432333636,12,539,True,
1min,2024-05-21,2024-05-21,2024-05-21,540,lag_sensitivity,KPSS,c,level_or_trend_stationarity,,Bartlett_short_bandwidth,False,ok,0.03255499025767394,0.9670961913166387,0.7428,0.4614,0.3475,12,540,False,
1min,2024-05-22,2024-05-22,2024-05-22,540,main,ADF,c,unit_root,12.0,bic,False,ok,-15.132230994580883,7.204439515269347e-28,-3.442609129942274,-2.866947348175723,-2.569649926626197,3,536,True,
1min,2024-05-22,2024-05-22,2024-05-22,540,main,PP,c,unit_root,,Bartlett_short_bandwidth,False,ok,-24.316815783443538,0.0,-3.4425405682241816,-2.8669171671779816,-2.5696338432333636,6,539,True,
1min,2024-05-22,2024-05-22,2024-05-22,540,main,KPSS,c,level_or_trend_stationarity,,Bartlett_short_bandwidth,False,ok,0.03474595440311687,0.9584274799858323,0.7428,0.4614,0.3475,6,540,False,
1min,2024-05-22,2024-05-22,2024-05-22,540,trend_sensitivity,ADF,ct,unit_root,12.0,bic,False,ok,-15.117214295223823,1.9247090811344532e-22,-3.97575993334115,-3.4187127913127404,-3.131887687798408,3,536,True,
1min,2024-05-22,2024-05-22,2024-05-22,540,trend_sensitivity,PP,ct,unit_root,,Bartlett_short_bandwidth,False,ok,-24.290289969437175,0.0,-3.9756648124097875,-3.4186668470500177,-3.131860684671111,6,539,True,
1min,2024-05-22,2024-05-22,2024-05-22,540,trend_sensitivity,KPSS,ct,level_or_trend_stationarity,,Bartlett_short_bandwidth,False,ok,0.03132202865350526,0.8537936962719814,0.2175,0.1479,0.1193,6,540,False,
1min,2024-05-22,2024-05-22,2024-05-22,540,lag_sensitivity,ADF,c,unit_root,12.0,aic,False,ok,-15.132230994580883,7.204439515269347e-28,-3.442609129942274,-2.866947348175723,-2.569649926626197,3,536,True,
1min,2024-05-22,2024-05-22,2024-05-22,540,lag_sensitivity,PP,c,unit_root,,Bartlett_short_bandwidth,False,ok,-25.231057881460266,0.0,-3.4425405682241816,-2.8669171671779816,-2.5696338432333636,12,539,True,
1min,2024-05-22,2024-05-22,2024-05-22,540,lag_sensitivity,KPSS,c,level_or_trend_stationarity,,Bartlett_short_bandwidth,False,ok,0.045381389838740016,0.9042492009214856,0.7428,0.4614,0.3475,12,540,False,
1min,2024-05-23,2024-05-23,2024-05-23,540,main,ADF,c,unit_root,12.0,bic,False,ok,-24.182860881725894,0.0,-3.4425405682241816,-2.8669171671779816,-2.5696338432333636,0,539,True,
1min,2024-05-23,2024-05-23,2024-05-23,540,main,PP,c,unit_root,,Bartlett_short_bandwidth,False,ok,-24.379954555322335,0.0,-3.4425405682241816,-2.8669171671779816,-2.5696338432333636,6,539,True,
1min,2024-05-23,2024-05-23,2024-05-23,540,main,KPSS,c,level_or_trend_stationarity,,Bartlett_short_bandwidth,False,ok,0.28772785972287784,0.14664013359725922,0.7428,0.4614,0.3475,6,540,False,
1min,2024-05-23,2024-05-23,2024-05-23,540,trend_sensitivity,ADF,ct,unit_root,12.0,bic,False,ok,-24.222809175340643,0.0,-3.9756648124097875,-3.4186668470500177,-3.131860684671111,0,539,True,
1min,2024-05-23,2024-05-23,2024-05-23,540,trend_sensitivity,PP,ct,unit_root,,Bartlett_short_bandwidth,False,ok,-24.446292293723907,0.0,-3.9756648124097875,-3.4186668470500177,-3.131860684671111,6,539,True,
1min,2024-05-23,2024-05-23,2024-05-23,540,trend_sensitivity,KPSS,ct,level_or_trend_stationarity,,Bartlett_short_bandwidth,False,ok,0.03983245796732529,0.7246225622326343,0.2175,0.1479,0.1193,6,540,False,
1min,2024-05-23,2024-05-23,2024-05-23,540,lag_sensitivity,ADF,c,unit_root,12.0,aic,False,ok,-9.64472541518459,1.4883373257838513e-16,-3.442678467240966,-2.8669778698997543,-2.5696661916864083,6,533,True,
1min,2024-05-23,2024-05-23,2024-05-23,540,lag_sensitivity,PP,c,unit_root,,Bartlett_short_bandwidth,False,ok,-24.68759407317913,0.0,-3.4425405682241816,-2.8669171671779816,-2.5696338432333636,12,539,True,
1min,2024-05-23,2024-05-23,2024-05-23,540,lag_sensitivity,KPSS,c,level_or_trend_stationarity,,Bartlett_short_bandwidth,False,ok,0.32864855463921183,0.11304598294864233,0.7428,0.4614,0.3475,12,540,False,
1min,2024-05-24,2024-05-24,2024-05-24,540,main,ADF,c,unit_root,12.0,bic,False,ok,-23.210238731611014,0.0,-3.4425405682241816,-2.8669171671779816,-2.5696338432333636,0,539,True,
1min,2024-05-24,2024-05-24,2024-05-24,540,main,PP,c,unit_root,,Bartlett_short_bandwidth,False,ok,-23.214790715197402,0.0,-3.4425405682241816,-2.8669171671779816,-2.5696338432333636,6,539,True,
1min,2024-05-24,2024-05-24,2024-05-24,540,main,KPSS,c,level_or_trend_stationarity,,Bartlett_short_bandwidth,False,ok,0.08390221400766074,0.6699879235945778,0.7428,0.4614,0.3475,6,540,False,
1min,2024-05-24,2024-05-24,2024-05-24,540,trend_sensitivity,ADF,ct,unit_root,12.0,bic,False,ok,-23.233075982449602,0.0,-3.9756648124097875,-3.4186668470500177,-3.131860684671111,0,539,True,
1min,2024-05-24,2024-05-24,2024-05-24,540,trend_sensitivity,PP,ct,unit_root,,Bartlett_short_bandwidth,False,ok,-23.235231932189226,0.0,-3.9756648124097875,-3.4186668470500177,-3.131860684671111,6,539,True,
1min,2024-05-24,2024-05-24,2024-05-24,540,trend_sensitivity,KPSS,ct,level_or_trend_stationarity,,Bartlett_short_bandwidth,False,ok,0.019721046224809375,0.9782164098621702,0.2175,0.1479,0.1193,6,540,False,
1min,2024-05-24,2024-05-24,2024-05-24,540,lag_sensitivity,ADF,c,unit_root,12.0,aic,False,ok,-15.336413197233941,3.883442186875791e-28,-3.442563336759378,-2.866927190004947,-2.5696391843672695,1,538,True,
1min,2024-05-24,2024-05-24,2024-05-24,540,lag_sensitivity,PP,c,unit_root,,Bartlett_short_bandwidth,False,ok,-23.326333092155444,0.0,-3.4425405682241816,-2.8669171671779816,-2.5696338432333636,12,539,True,
1min,2024-05-24,2024-05-24,2024-05-24,540,lag_sensitivity,KPSS,c,level_or_trend_stationarity,,Bartlett_short_bandwidth,False,ok,0.1090403193711458,0.5429985483129736,0.7428,0.4614,0.3475,12,540,False,
1min,2024-05-27,2024-05-27,2024-05-27,540,main,ADF,c,unit_root,12.0,bic,False,ok,-23.646918456672957,0.0,-3.4425405682241816,-2.8669171671779816,-2.5696338432333636,0,539,True,
1min,2024-05-27,2024-05-27,2024-05-27,540,main,PP,c,unit_root,,Bartlett_short_bandwidth,False,ok,-23.67549314909087,0.0,-3.4425405682241816,-2.8669171671779816,-2.5696338432333636,6,539,True,
1min,2024-05-27,2024-05-27,2024-05-27,540,main,KPSS,c,level_or_trend_stationarity,,Bartlett_short_bandwidth,False,ok,0.021637105113127435,0.9950600216636696,0.7428,0.4614,0.3475,6,540,False,
1min,2024-05-27,2024-05-27,2024-05-27,540,trend_sensitivity,ADF,ct,unit_root,12.0,bic,False,ok,-23.62510623458345,0.0,-3.9756648124097875,-3.4186668470500177,-3.131860684671111,0,539,True,
1min,2024-05-27,2024-05-27,2024-05-27,540,trend_sensitivity,PP,ct,unit_root,,Bartlett_short_bandwidth,False,ok,-23.65304375729415,0.0,-3.9756648124097875,-3.4186668470500177,-3.131860684671111,6,539,True,
1min,2024-05-27,2024-05-27,2024-05-27,540,trend_sensitivity,KPSS,ct,level_or_trend_stationarity,,Bartlett_short_bandwidth,False,ok,0.02224261948568652,0.9611241465308106,0.2175,0.1479,0.1193,6,540,False,
1min,2024-05-27,2024-05-27,2024-05-27,540,lag_sensitivity,ADF,c,unit_root,12.0,aic,False,ok,-12.768845522619248,7.85009140635309e-24,-3.442609129942274,-2.866947348175723,-2.569649926626197,3,536,True,
1min,2024-05-27,2024-05-27,2024-05-27,540,lag_sensitivity,PP,c,unit_root,,Bartlett_short_bandwidth,False,ok,-24.032114756745028,0.0,-3.4425405682241816,-2.8669171671779816,-2.5696338432333636,12,539,True,
1min,2024-05-27,2024-05-27,2024-05-27,540,lag_sensitivity,KPSS,c,level_or_trend_stationarity,,Bartlett_short_bandwidth,False,ok,0.02807677723692913,0.9820580569076772,0.7428,0.4614,0.3475,12,540,False,
1min,2024-05-28,2024-05-28,2024-05-28,540,main,ADF,c,unit_root,12.0,bic,False,ok,-23.391318511825293,0.0,-3.4425405682241816,-2.8669171671779816,-2.5696338432333636,0,539,True,
1min,2024-05-28,2024-05-28,2024-05-28,540,main,PP,c,unit_root,,Bartlett_short_bandwidth,False,ok,-23.396466669668484,0.0,-3.4425405682241816,-2.8669171671779816,-2.5696338432333636,6,539,True,
1min,2024-05-28,2024-05-28,2024-05-28,540,main,KPSS,c,level_or_trend_stationarity,,Bartlett_short_bandwidth,False,ok,0.11184494013223617,0.5302502721261992,0.7428,0.4614,0.3475,6,540,False,
1min,2024-05-28,2024-05-28,2024-05-28,540,trend_sensitivity,ADF,ct,unit_root,12.0,bic,False,ok,-23.382016353366964,0.0,-3.9756648124097875,-3.4186668470500177,-3.131860684671111,0,539,True,
1min,2024-05-28,2024-05-28,2024-05-28,540,trend_sensitivity,PP,ct,unit_root,,Bartlett_short_bandwidth,False,ok,-23.387163011836112,0.0,-3.9756648124097875,-3.4186668470500177,-3.131860684671111,6,539,True,
1min,2024-05-28,2024-05-28,2024-05-28,540,trend_sensitivity,KPSS,ct,level_or_trend_stationarity,,Bartlett_short_bandwidth,False,ok,0.09772958463829907,0.17151041104181433,0.2175,0.1479,0.1193,6,540,False,
1min,2024-05-28,2024-05-28,2024-05-28,540,lag_sensitivity,ADF,c,unit_root,12.0,aic,False,ok,-23.391318511825293,0.0,-3.4425405682241816,-2.8669171671779816,-2.5696338432333636,0,539,True,
1min,2024-05-28,2024-05-28,2024-05-28,540,lag_sensitivity,PP,c,unit_root,,Bartlett_short_bandwidth,False,ok,-23.48671913061417,0.0,-3.4425405682241816,-2.8669171671779816,-2.5696338432333636,12,539,True,
1min,2024-05-28,2024-05-28,2024-05-28,540,lag_sensitivity,KPSS,c,level_or_trend_stationarity,,Bartlett_short_bandwidth,False,ok,0.09716682422515024,0.5996658788742488,0.7428,0.4614,0.3475,12,540,False,
1min,2024-05-29,2024-05-29,2024-05-29,540,main,ADF,c,unit_root,12.0,bic,False,ok,-24.24460857400517,0.0,-3.4425405682241816,-2.8669171671779816,-2.5696338432333636,0,539,True,
1min,2024-05-29,2024-05-29,2024-05-29,540,main,PP,c,unit_root,,Bartlett_short_bandwidth,False,ok,-24.264382025948564,0.0,-3.4425405682241816,-2.8669171671779816,-2.5696338432333636,6,539,True,
1min,2024-05-29,2024-05-29,2024-05-29,540,main,KPSS,c,level_or_trend_stationarity,,Bartlett_short_bandwidth,False,ok,0.09541045665911638,0.6084477167044181,0.7428,0.4614,0.3475,6,540,False,
1min,2024-05-29,2024-05-29,2024-05-29,540,trend_sensitivity,ADF,ct,unit_root,12.0,bic,False,ok,-24.238406236529077,0.0,-3.9756648124097875,-3.4186668470500177,-3.131860684671111,0,539,True,
1min,2024-05-29,2024-05-29,2024-05-29,540,trend_sensitivity,PP,ct,unit_root,,Bartlett_short_bandwidth,False,ok,-24.260332178235387,0.0,-3.9756648124097875,-3.4186668470500177,-3.131860684671111,6,539,True,
1min,2024-05-29,2024-05-29,2024-05-29,540,trend_sensitivity,KPSS,ct,level_or_trend_stationarity,,Bartlett_short_bandwidth,False,ok,0.06504820718550063,0.39451792814499376,0.2175,0.1479,0.1193,6,540,False,
1min,2024-05-29,2024-05-29,2024-05-29,540,lag_sensitivity,ADF,c,unit_root,12.0,aic,False,ok,-24.24460857400517,0.0,-3.4425405682241816,-2.8669171671779816,-2.5696338432333636,0,539,True,
1min,2024-05-29,2024-05-29,2024-05-29,540,lag_sensitivity,PP,c,unit_root,,Bartlett_short_bandwidth,False,ok,-24.223028606600128,0.0,-3.4425405682241816,-2.8669171671779816,-2.5696338432333636,12,539,True,
1min,2024-05-29,2024-05-29,2024-05-29,540,lag_sensitivity,KPSS,c,level_or_trend_stationarity,,Bartlett_short_bandwidth,False,ok,0.08716572298603875,0.6521869655306978,0.7428,0.4614,0.3475,12,540,False,
1min,2024-05-31,2024-05-31,2024-05-31,540,main,ADF,c,unit_root,12.0,bic,False,ok,-24.31172941097189,0.0,-3.4425405682241816,-2.8669171671779816,-2.5696338432333636,0,539,True,
1min,2024-05-31,2024-05-31,2024-05-31,540,main,PP,c,unit_root,,Bartlett_short_bandwidth,False,ok,-24.41539684135671,0.0,-3.4425405682241816,-2.8669171671779816,-2.5696338432333636,6,539,True,
1min,2024-05-31,2024-05-31,2024-05-31,540,main,KPSS,c,level_or_trend_stationarity,,Bartlett_short_bandwidth,False,ok,0.34018284629832524,0.10506377418801022,0.7428,0.4614,0.3475,6,540,False,
1min,2024-05-31,2024-05-31,2024-05-31,540,trend_sensitivity,ADF,ct,unit_root,12.0,bic,False,ok,-24.407676593892894,0.0,-3.9756648124097875,-3.4186668470500177,-3.131860684671111,0,539,True,
1min,2024-05-31,2024-05-31,2024-05-31,540,trend_sensitivity,PP,ct,unit_root,,Bartlett_short_bandwidth,False,ok,-24.549636164842,0.0,-3.9756648124097875,-3.4186668470500177,-3.131860684671111,6,539,True,
1min,2024-05-31,2024-05-31,2024-05-31,540,trend_sensitivity,KPSS,ct,level_or_trend_stationarity,,Bartlett_short_bandwidth,False,ok,0.025151121851129495,0.9326665515950411,0.2175,0.1479,0.1193,6,540,False,
1min,2024-05-31,2024-05-31,2024-05-31,540,lag_sensitivity,ADF,c,unit_root,12.0,aic,False,ok,-24.31172941097189,0.0,-3.4425405682241816,-2.8669171671779816,-2.5696338432333636,0,539,True,
1min,2024-05-31,2024-05-31,2024-05-31,540,lag_sensitivity,PP,c,unit_root,,Bartlett_short_bandwidth,False,ok,-24.999295510327418,0.0,-3.4425405682241816,-2.8669171671779816,-2.5696338432333636,12,539,True,
1min,2024-05-31,2024-05-31,2024-05-31,540,lag_sensitivity,KPSS,c,level_or_trend_stationarity,,Bartlett_short_bandwidth,False,ok,0.4499765166543836,0.05356983854550513,0.7428,0.4614,0.3475,12,540,False,
1min,2024-06-03,2024-06-03,2024-06-03,540,main,ADF,c,unit_root,12.0,bic,False,ok,-24.76282226211933,0.0,-3.4425405682241816,-2.8669171671779816,-2.5696338432333636,0,539,True,
1min,2024-06-03,2024-06-03,2024-06-03,540,main,PP,c,unit_root,,Bartlett_short_bandwidth,False,ok,-24.730676185249727,0.0,-3.4425405682241816,-2.8669171671779816,-2.5696338432333636,6,539,True,
1min,2024-06-03,2024-06-03,2024-06-03,540,main,KPSS,c,level_or_trend_stationarity,,Bartlett_short_bandwidth,False,ok,0.08126400909233351,0.6851245379948077,0.7428,0.4614,0.3475,6,540,False,
1min,2024-06-03,2024-06-03,2024-06-03,540,trend_sensitivity,ADF,ct,unit_root,12.0,bic,False,ok,-24.741099928615455,0.0,-3.9756648124097875,-3.4186668470500177,-3.131860684671111,0,539,True,
1min,2024-06-03,2024-06-03,2024-06-03,540,trend_sensitivity,PP,ct,unit_root,,Bartlett_short_bandwidth,False,ok,-24.709620944600402,0.0,-3.9756648124097875,-3.4186668470500177,-3.131860684671111,6,539,True,
1min,2024-06-03,2024-06-03,2024-06-03,540,trend_sensitivity,KPSS,ct,level_or_trend_stationarity,,Bartlett_short_bandwidth,False,ok,0.07624001277011931,0.2958460556144668,0.2175,0.1479,0.1193,6,540,False,
1min,2024-06-03,2024-06-03,2024-06-03,540,lag_sensitivity,ADF,c,unit_root,12.0,aic,False,ok,-10.741393901695357,2.812185534704537e-19,-3.442609129942274,-2.866947348175723,-2.569649926626197,3,536,True,
1min,2024-06-03,2024-06-03,2024-06-03,540,lag_sensitivity,PP,c,unit_root,,Bartlett_short_bandwidth,False,ok,-24.712398114210433,0.0,-3.4425405682241816,-2.8669171671779816,-2.5696338432333636,12,539,True,
1min,2024-06-03,2024-06-03,2024-06-03,540,lag_sensitivity,KPSS,c,level_or_trend_stationarity,,Bartlett_short_bandwidth,False,ok,0.07339502886450668,0.7315817223693563,0.7428,0.4614,0.3475,12,540,False,
1min,2024-06-04,2024-06-04,2024-06-04,540,main,ADF,c,unit_root,12.0,bic,False,ok,-22.535452381622935,0.0,-3.4425405682241816,-2.8669171671779816,-2.5696338432333636,0,539,True,
1min,2024-06-04,2024-06-04,2024-06-04,540,main,PP,c,unit_root,,Bartlett_short_bandwidth,False,ok,-22.550195401984713,0.0,-3.4425405682241816,-2.8669171671779816,-2.5696338432333636,6,539,True,
1min,2024-06-04,2024-06-04,2024-06-04,540,main,KPSS,c,level_or_trend_stationarity,,Bartlett_short_bandwidth,False,ok,0.08873889446948452,0.643606030166448,0.7428,0.4614,0.3475,6,540,False,
1min,2024-06-04,2024-06-04,2024-06-04,540,trend_sensitivity,ADF,ct,unit_root,12.0,bic,False,ok,-22.52589955141303,0.0,-3.9756648124097875,-3.4186668470500177,-3.131860684671111,0,539,True,
1min,2024-06-04,2024-06-04,2024-06-04,540,trend_sensitivity,PP,ct,unit_root,,Bartlett_short_bandwidth,False,ok,-22.53967998007266,0.0,-3.9756648124097875,-3.4186668470500177,-3.131860684671111,6,539,True,
1min,2024-06-04,2024-06-04,2024-06-04,540,trend_sensitivity,KPSS,ct,level_or_trend_stationarity,,Bartlett_short_bandwidth,False,ok,0.043132565913480254,0.6740115112977962,0.2175,0.1479,0.1193,6,540,False,
1min,2024-06-04,2024-06-04,2024-06-04,540,lag_sensitivity,ADF,c,unit_root,12.0,aic,False,ok,-22.535452381622935,0.0,-3.4425405682241816,-2.8669171671779816,-2.5696338432333636,0,539,True,
1min,2024-06-04,2024-06-04,2024-06-04,540,lag_sensitivity,PP,c,unit_root,,Bartlett_short_bandwidth,False,ok,-22.552404386727215,0.0,-3.4425405682241816,-2.8669171671779816,-2.5696338432333636,12,539,True,
1min,2024-06-04,2024-06-04,2024-06-04,540,lag_sensitivity,KPSS,c,level_or_trend_stationarity,,Bartlett_short_bandwidth,False,ok,0.08922794002219164,0.6409385089698637,0.7428,0.4614,0.3475,12,540,False,
1min,2024-06-05,2024-06-05,2024-06-05,540,main,ADF,c,unit_root,12.0,bic,False,ok,-22.41136926271915,0.0,-3.4425405682241816,-2.8669171671779816,-2.5696338432333636,0,539,True,
1min,2024-06-05,2024-06-05,2024-06-05,540,main,PP,c,unit_root,,Bartlett_short_bandwidth,False,ok,-22.446660165306124,0.0,-3.4425405682241816,-2.8669171671779816,-2.5696338432333636,6,539,True,
1min,2024-06-05,2024-06-05,2024-06-05,540,main,KPSS,c,level_or_trend_stationarity,,Bartlett_short_bandwidth,False,ok,0.046758448037630254,0.8963802969278271,0.7428,0.4614,0.3475,6,540,False,
1min,2024-06-05,2024-06-05,2024-06-05,540,trend_sensitivity,ADF,ct,unit_root,12.0,bic,False,ok,-22.390886223238237,0.0,-3.9756648124097875,-3.4186668470500177,-3.131860684671111,0,539,True,
1min,2024-06-05,2024-06-05,2024-06-05,540,trend_sensitivity,PP,ct,unit_root,,Bartlett_short_bandwidth,False,ok,-22.426707921186615,0.0,-3.9756648124097875,-3.4186668470500177,-3.131860684671111,6,539,True,
1min,2024-06-05,2024-06-05,2024-06-05,540,trend_sensitivity,KPSS,ct,level_or_trend_stationarity,,Bartlett_short_bandwidth,False,ok,0.04575700036022981,0.6346449945965528,0.2175,0.1479,0.1193,6,540,False,
1min,2024-06-05,2024-06-05,2024-06-05,540,lag_sensitivity,ADF,c,unit_root,12.0,aic,False,ok,-22.41136926271915,0.0,-3.4425405682241816,-2.8669171671779816,-2.5696338432333636,0,539,True,
1min,2024-06-05,2024-06-05,2024-06-05,540,lag_sensitivity,PP,c,unit_root,,Bartlett_short_bandwidth,False,ok,-22.498876348663057,0.0,-3.4425405682241816,-2.8669171671779816,-2.5696338432333636,12,539,True,
1min,2024-06-05,2024-06-05,2024-06-05,540,lag_sensitivity,KPSS,c,level_or_trend_stationarity,,Bartlett_short_bandwidth,False,ok,0.04407075417169197,0.9117385475903316,0.7428,0.4614,0.3475,12,540,False,
1min,2024-06-06,2024-06-06,2024-06-06,540,main,ADF,c,unit_root,12.0,bic,False,ok,-21.239895737971935,0.0,-3.4425405682241816,-2.8669171671779816,-2.5696338432333636,0,539,True,
1min,2024-06-06,2024-06-06,2024-06-06,540,main,PP,c,unit_root,,Bartlett_short_bandwidth,False,ok,-21.408871865750513,0.0,-3.4425405682241816,-2.8669171671779816,-2.5696338432333636,6,539,True,
1min,2024-06-06,2024-06-06,2024-06-06,540,main,KPSS,c,level_or_trend_stationarity,,Bartlett_short_bandwidth,False,ok,0.27076363750422694,0.16399621093309694,0.7428,0.4614,0.3475,6,540,False,
1min,2024-06-06,2024-06-06,2024-06-06,540,trend_sensitivity,ADF,ct,unit_root,12.0,bic,False,ok,-21.30978854124551,0.0,-3.9756648124097875,-3.4186668470500177,-3.131860684671111,0,539,True,
1min,2024-06-06,2024-06-06,2024-06-06,540,trend_sensitivity,PP,ct,unit_root,,Bartlett_short_bandwidth,False,ok,-21.453892500203228,0.0,-3.9756648124097875,-3.4186668470500177,-3.131860684671111,6,539,True,
1min,2024-06-06,2024-06-06,2024-06-06,540,trend_sensitivity,KPSS,ct,level_or_trend_stationarity,,Bartlett_short_bandwidth,False,ok,0.05405677771840267,0.5197792405473333,0.2175,0.1479,0.1193,6,540,False,
1min,2024-06-06,2024-06-06,2024-06-06,540,lag_sensitivity,ADF,c,unit_root,12.0,aic,False,ok,-21.239895737971935,0.0,-3.4425405682241816,-2.8669171671779816,-2.5696338432333636,0,539,True,
1min,2024-06-06,2024-06-06,2024-06-06,540,lag_sensitivity,PP,c,unit_root,,Bartlett_short_bandwidth,False,ok,-21.765748934951294,0.0,-3.4425405682241816,-2.8669171671779816,-2.5696338432333636,12,539,True,
1min,2024-06-06,2024-06-06,2024-06-06,540,lag_sensitivity,KPSS,c,level_or_trend_stationarity,,Bartlett_short_bandwidth,False,ok,0.22579786286458625,0.2228820259627481,0.7428,0.4614,0.3475,12,540,False,
1min,2024-06-10,2024-06-10,2024-06-10,540,main,ADF,c,unit_root,12.0,bic,False,ok,-24.7984423031468,0.0,-3.4425405682241816,-2.8669171671779816,-2.5696338432333636,0,539,True,
1min,2024-06-10,2024-06-10,2024-06-10,540,main,PP,c,unit_root,,Bartlett_short_bandwidth,False,ok,-25.182354746921835,0.0,-3.4425405682241816,-2.8669171671779816,-2.5696338432333636,6,539,True,
1min,2024-06-10,2024-06-10,2024-06-10,540,main,KPSS,c,level_or_trend_stationarity,,Bartlett_short_bandwidth,False,ok,0.062413764928694875,0.7996035341221044,0.7428,0.4614,0.3475,6,540,False,
1min,2024-06-10,2024-06-10,2024-06-10,540,trend_sensitivity,ADF,ct,unit_root,12.0,bic,False,ok,-24.787310238628717,0.0,-3.9756648124097875,-3.4186668470500177,-3.131860684671111,0,539,True,
1min,2024-06-10,2024-06-10,2024-06-10,540,trend_sensitivity,PP,ct,unit_root,,Bartlett_short_bandwidth,False,ok,-25.17545954482672,0.0,-3.9756648124097875,-3.4186668470500177,-3.131860684671111,6,539,True,
1min,2024-06-10,2024-06-10,2024-06-10,540,trend_sensitivity,KPSS,ct,level_or_trend_stationarity,,Bartlett_short_bandwidth,False,ok,0.04479318603351754,0.6491022094972368,0.2175,0.1479,0.1193,6,540,False,
1min,2024-06-10,2024-06-10,2024-06-10,540,lag_sensitivity,ADF,c,unit_root,12.0,aic,False,ok,-18.71627580687751,2.0336270656067814e-30,-3.442563336759378,-2.866927190004947,-2.5696391843672695,1,538,True,
1min,2024-06-10,2024-06-10,2024-06-10,540,lag_sensitivity,PP,c,unit_root,,Bartlett_short_bandwidth,False,ok,-25.321131629894882,0.0,-3.4425405682241816,-2.8669171671779816,-2.5696338432333636,12,539,True,
1min,2024-06-10,2024-06-10,2024-06-10,540,lag_sensitivity,KPSS,c,level_or_trend_stationarity,,Bartlett_short_bandwidth,False,ok,0.06663870249533257,0.7733344922569995,0.7428,0.4614,0.3475,12,540,False,
1min,2024-06-11,2024-06-11,2024-06-11,540,main,ADF,c,unit_root,12.0,bic,False,ok,-23.66507292160279,0.0,-3.4425405682241816,-2.8669171671779816,-2.5696338432333636,0,539,True,
1min,2024-06-11,2024-06-11,2024-06-11,540,main,PP,c,unit_root,,Bartlett_short_bandwidth,False,ok,-23.666010834605697,0.0,-3.4425405682241816,-2.8669171671779816,-2.5696338432333636,6,539,True,
1min,2024-06-11,2024-06-11,2024-06-11,540,main,KPSS,c,level_or_trend_stationarity,,Bartlett_short_bandwidth,False,ok,0.10099342840455978,0.580704671131924,0.7428,0.4614,0.3475,6,540,False,
1min,2024-06-11,2024-06-11,2024-06-11,540,trend_sensitivity,ADF,ct,unit_root,12.0,bic,False,ok,-23.662397180954983,0.0,-3.9756648124097875,-3.4186668470500177,-3.131860684671111,0,539,True,
1min,2024-06-11,2024-06-11,2024-06-11,540,trend_sensitivity,PP,ct,unit_root,,Bartlett_short_bandwidth,False,ok,-23.66455064216079,0.0,-3.9756648124097875,-3.4186668470500177,-3.131860684671111,6,539,True,
1min,2024-06-11,2024-06-11,2024-06-11,540,trend_sensitivity,KPSS,ct,level_or_trend_stationarity,,Bartlett_short_bandwidth,False,ok,0.03357455300478415,0.820668338164939,0.2175,0.1479,0.1193,6,540,False,
1min,2024-06-11,2024-06-11,2024-06-11,540,lag_sensitivity,ADF,c,unit_root,12.0,aic,False,ok,-23.66507292160279,0.0,-3.4425405682241816,-2.8669171671779816,-2.5696338432333636,0,539,True,
1min,2024-06-11,2024-06-11,2024-06-11,540,lag_sensitivity,PP,c,unit_root,,Bartlett_short_bandwidth,False,ok,-23.668734570177573,0.0,-3.4425405682241816,-2.8669171671779816,-2.5696338432333636,12,539,True,
1min,2024-06-11,2024-06-11,2024-06-11,540,lag_sensitivity,KPSS,c,level_or_trend_stationarity,,Bartlett_short_bandwidth,False,ok,0.0980718402896134,0.595140798551933,0.7428,0.4614,0.3475,12,540,False,
1min,2024-06-12,2024-06-12,2024-06-12,540,main,ADF,c,unit_root,12.0,bic,False,ok,-21.9318496972731,0.0,-3.4425405682241816,-2.8669171671779816,-2.5696338432333636,0,539,True,
1min,2024-06-12,2024-06-12,2024-06-12,540,main,PP,c,unit_root,,Bartlett_short_bandwidth,False,ok,-22.007322764233425,0.0,-3.4425405682241816,-2.8669171671779816,-2.5696338432333636,6,539,True,
1min,2024-06-12,2024-06-12,2024-06-12,540,main,KPSS,c,level_or_trend_stationarity,,Bartlett_short_bandwidth,False,ok,0.06799599114495633,0.764895391844831,0.7428,0.4614,0.3475,6,540,False,
1min,2024-06-12,2024-06-12,2024-06-12,540,trend_sensitivity,ADF,ct,unit_root,12.0,bic,False,ok,-21.91164238633252,0.0,-3.9756648124097875,-3.4186668470500177,-3.131860684671111,0,539,True,
1min,2024-06-12,2024-06-12,2024-06-12,540,trend_sensitivity,PP,ct,unit_root,,Bartlett_short_bandwidth,False,ok,-21.9879260656364,0.0,-3.9756648124097875,-3.4186668470500177,-3.131860684671111,6,539,True,
1min,2024-06-12,2024-06-12,2024-06-12,540,trend_sensitivity,KPSS,ct,level_or_trend_stationarity,,Bartlett_short_bandwidth,False,ok,0.06856365684559429,0.3601080300419591,0.2175,0.1479,0.1193,6,540,False,
1min,2024-06-12,2024-06-12,2024-06-12,540,lag_sensitivity,ADF,c,unit_root,12.0,aic,False,ok,-6.296096149851271,3.502963822027904e-08,-3.442772146350605,-2.8670191055991836,-2.5696881663873414,10,529,True,
1min,2024-06-12,2024-06-12,2024-06-12,540,lag_sensitivity,PP,c,unit_root,,Bartlett_short_bandwidth,False,ok,-22.04425314713281,0.0,-3.4425405682241816,-2.8669171671779816,-2.5696338432333636,12,539,True,
1min,2024-06-12,2024-06-12,2024-06-12,540,lag_sensitivity,KPSS,c,level_or_trend_stationarity,,Bartlett_short_bandwidth,False,ok,0.06528646845345179,0.7817421650562583,0.7428,0.4614,0.3475,12,540,False,
1min,2024-06-13,2024-06-13,2024-06-13,540,main,ADF,c,unit_root,12.0,bic,False,ok,-23.44453936079184,0.0,-3.4425405682241816,-2.8669171671779816,-2.5696338432333636,0,539,True,
1min,2024-06-13,2024-06-13,2024-06-13,540,main,PP,c,unit_root,,Bartlett_short_bandwidth,False,ok,-23.500079602539792,0.0,-3.4425405682241816,-2.8669171671779816,-2.5696338432333636,6,539,True,
1min,2024-06-13,2024-06-13,2024-06-13,540,main,KPSS,c,level_or_trend_stationarity,,Bartlett_short_bandwidth,False,ok,0.0631581621540004,0.7949751575917073,0.7428,0.4614,0.3475,6,540,False,
1min,2024-06-13,2024-06-13,2024-06-13,540,trend_sensitivity,ADF,ct,unit_root,12.0,bic,False,ok,-23.423868867380286,0.0,-3.9756648124097875,-3.4186668470500177,-3.131860684671111,0,539,True,
1min,2024-06-13,2024-06-13,2024-06-13,540,trend_sensitivity,PP,ct,unit_root,,Bartlett_short_bandwidth,False,ok,-23.481228659136626,0.0,-3.9756648124097875,-3.4186668470500177,-3.131860684671111,6,539,True,
1min,2024-06-13,2024-06-13,2024-06-13,540,trend_sensitivity,KPSS,ct,level_or_trend_stationarity,,Bartlett_short_bandwidth,False,ok,0.06342796691435577,0.4110899974376989,0.2175,0.1479,0.1193,6,540,False,
1min,2024-06-13,2024-06-13,2024-06-13,540,lag_sensitivity,ADF,c,unit_root,12.0,aic,False,ok,-23.44453936079184,0.0,-3.4425405682241816,-2.8669171671779816,-2.5696338432333636,0,539,True,
1min,2024-06-13,2024-06-13,2024-06-13,540,lag_sensitivity,PP,c,unit_root,,Bartlett_short_bandwidth,False,ok,-23.500519752508087,0.0,-3.4425405682241816,-2.8669171671779816,-2.5696338432333636,12,539,True,
1min,2024-06-13,2024-06-13,2024-06-13,540,lag_sensitivity,KPSS,c,level_or_trend_stationarity,,Bartlett_short_bandwidth,False,ok,0.06370570227776745,0.7915707630397878,0.7428,0.4614,0.3475,12,540,False,
1min,2024-06-14,2024-06-14,2024-06-14,540,main,ADF,c,unit_root,12.0,bic,False,ok,-22.38614964047761,0.0,-3.4425405682241816,-2.8669171671779816,-2.5696338432333636,0,539,True,
1min,2024-06-14,2024-06-14,2024-06-14,540,main,PP,c,unit_root,,Bartlett_short_bandwidth,False,ok,-22.527169083384436,0.0,-3.4425405682241816,-2.8669171671779816,-2.5696338432333636,6,539,True,
1min,2024-06-14,2024-06-14,2024-06-14,540,main,KPSS,c,level_or_trend_stationarity,,Bartlett_short_bandwidth,False,ok,0.08046637848594997,0.6897011070478282,0.7428,0.4614,0.3475,6,540,False,
1min,2024-06-14,2024-06-14,2024-06-14,540,trend_sensitivity,ADF,ct,unit_root,12.0,bic,False,ok,-22.364720195691735,0.0,-3.9756648124097875,-3.4186668470500177,-3.131860684671111,0,539,True,
1min,2024-06-14,2024-06-14,2024-06-14,540,trend_sensitivity,PP,ct,unit_root,,Bartlett_short_bandwidth,False,ok,-22.507381223733287,0.0,-3.9756648124097875,-3.4186668470500177,-3.131860684671111,6,539,True,
1min,2024-06-14,2024-06-14,2024-06-14,540,trend_sensitivity,KPSS,ct,level_or_trend_stationarity,,Bartlett_short_bandwidth,False,ok,0.07861076124296852,0.27849456255022487,0.2175,0.1479,0.1193,6,540,False,
1min,2024-06-14,2024-06-14,2024-06-14,540,lag_sensitivity,ADF,c,unit_root,12.0,aic,False,ok,-7.242340417684938,1.87018070817122e-10,-3.4426552678216003,-2.8669676577777548,-2.569660749624767,5,534,True,
1min,2024-06-14,2024-06-14,2024-06-14,540,lag_sensitivity,PP,c,unit_root,,Bartlett_short_bandwidth,False,ok,-22.958125726847697,0.0,-3.4425405682241816,-2.8669171671779816,-2.5696338432333636,12,539,True,
1min,2024-06-14,2024-06-14,2024-06-14,540,lag_sensitivity,KPSS,c,level_or_trend_stationarity,,Bartlett_short_bandwidth,False,ok,0.06366066697475141,0.7918507752865197,0.7428,0.4614,0.3475,12,540,False,
1min,2024-06-17,2024-06-17,2024-06-17,540,main,ADF,c,unit_root,12.0,bic,False,ok,-24.711073517258214,0.0,-3.4425405682241816,-2.8669171671779816,-2.5696338432333636,0,539,True,
1min,2024-06-17,2024-06-17,2024-06-17,540,main,PP,c,unit_root,,Bartlett_short_bandwidth,False,ok,-24.683907249301463,0.0,-3.4425405682241816,-2.8669171671779816,-2.5696338432333636,6,539,True,
1min,2024-06-17,2024-06-17,2024-06-17,540,main,KPSS,c,level_or_trend_stationarity,,Bartlett_short_bandwidth,False,ok,0.08781592885655103,0.6486403880551762,0.7428,0.4614,0.3475,6,540,False,
1min,2024-06-17,2024-06-17,2024-06-17,540,trend_sensitivity,ADF,ct,unit_root,12.0,bic,False,ok,-24.688735203332467,0.0,-3.9756648124097875,-3.4186668470500177,-3.131860684671111,0,539,True,
1min,2024-06-17,2024-06-17,2024-06-17,540,trend_sensitivity,PP,ct,unit_root,,Bartlett_short_bandwidth,False,ok,-24.66191221651993,0.0,-3.9756648124097875,-3.4186668470500177,-3.131860684671111,6,539,True,
1min,2024-06-17,2024-06-17,2024-06-17,540,trend_sensitivity,KPSS,ct,level_or_trend_stationarity,,Bartlett_short_bandwidth,False,ok,0.08793951736009147,0.21943115699951005,0.2175,0.1479,0.1193,6,540,False,
1min,2024-06-17,2024-06-17,2024-06-17,540,lag_sensitivity,ADF,c,unit_root,12.0,aic,False,ok,-9.42172675132909,5.480290253127348e-16,-3.4426321555520905,-2.86695748394138,-2.5696553279762426,4,535,True,
1min,2024-06-17,2024-06-17,2024-06-17,540,lag_sensitivity,PP,c,unit_root,,Bartlett_short_bandwidth,False,ok,-24.67201933150437,0.0,-3.4425405682241816,-2.8669171671779816,-2.5696338432333636,12,539,True,
1min,2024-06-17,2024-06-17,2024-06-17,540,lag_sensitivity,KPSS,c,level_or_trend_stationarity,,Bartlett_short_bandwidth,False,ok,0.08701549061100615,0.6530064148490574,0.7428,0.4614,0.3475,12,540,False,
1min,2024-06-18,2024-06-18,2024-06-18,540,main,ADF,c,unit_root,12.0,bic,False,ok,-21.91271092701668,0.0,-3.4425405682241816,-2.8669171671779816,-2.5696338432333636,0,539,True,
1min,2024-06-18,2024-06-18,2024-06-18,540,main,PP,c,unit_root,,Bartlett_short_bandwidth,False,ok,-22.1321145219246,0.0,-3.4425405682241816,-2.8669171671779816,-2.5696338432333636,6,539,True,
1min,2024-06-18,2024-06-18,2024-06-18,540,main,KPSS,c,level_or_trend_stationarity,,Bartlett_short_bandwidth,False,ok,0.2079269897234336,0.2531660897795829,0.7428,0.4614,0.3475,6,540,False,
1min,2024-06-18,2024-06-18,2024-06-18,540,trend_sensitivity,ADF,ct,unit_root,12.0,bic,False,ok,-21.97378450398511,0.0,-3.9756648124097875,-3.4186668470500177,-3.131860684671111,0,539,True,
1min,2024-06-18,2024-06-18,2024-06-18,540,trend_sensitivity,PP,ct,unit_root,,Bartlett_short_bandwidth,False,ok,-22.176222103330616,0.0,-3.9756648124097875,-3.4186668470500177,-3.131860684671111,6,539,True,
1min,2024-06-18,2024-06-18,2024-06-18,540,trend_sensitivity,KPSS,ct,level_or_trend_stationarity,,Bartlett_short_bandwidth,False,ok,0.046696069542994316,0.6208687970744979,0.2175,0.1479,0.1193,6,540,False,
1min,2024-06-18,2024-06-18,2024-06-18,540,lag_sensitivity,ADF,c,unit_root,12.0,aic,False,ok,-7.6004525158188265,2.3970859293805882e-11,-3.4426552678216003,-2.8669676577777548,-2.569660749624767,5,534,True,
1min,2024-06-18,2024-06-18,2024-06-18,540,lag_sensitivity,PP,c,unit_root,,Bartlett_short_bandwidth,False,ok,-22.360939946618355,0.0,-3.4425405682241816,-2.8669171671779816,-2.5696338432333636,12,539,True,
1min,2024-06-18,2024-06-18,2024-06-18,540,lag_sensitivity,KPSS,c,level_or_trend_stationarity,,Bartlett_short_bandwidth,False,ok,0.18420252291379685,0.30068385537058195,0.7428,0.4614,0.3475,12,540,False,
1min,2024-06-19,2024-06-19,2024-06-19,540,main,ADF,c,unit_root,12.0,bic,False,ok,-22.97400755175501,0.0,-3.4425405682241816,-2.8669171671779816,-2.5696338432333636,0,539,True,
1min,2024-06-19,2024-06-19,2024-06-19,540,main,PP,c,unit_root,,Bartlett_short_bandwidth,False,ok,-22.98924087859119,0.0,-3.4425405682241816,-2.8669171671779816,-2.5696338432333636,6,539,True,
1min,2024-06-19,2024-06-19,2024-06-19,540,main,KPSS,c,level_or_trend_stationarity,,Bartlett_short_bandwidth,False,ok,0.3360971856432617,0.10789122100812339,0.7428,0.4614,0.3475,6,540,False,
1min,2024-06-19,2024-06-19,2024-06-19,540,trend_sensitivity,ADF,ct,unit_root,12.0,bic,False,ok,-23.036925252529915,0.0,-3.9756648124097875,-3.4186668470500177,-3.131860684671111,0,539,True,
1min,2024-06-19,2024-06-19,2024-06-19,540,trend_sensitivity,PP,ct,unit_root,,Bartlett_short_bandwidth,False,ok,-23.061171066971603,0.0,-3.9756648124097875,-3.4186668470500177,-3.131860684671111,6,539,True,
1min,2024-06-19,2024-06-19,2024-06-19,540,trend_sensitivity,KPSS,ct,level_or_trend_stationarity,,Bartlett_short_bandwidth,False,ok,0.05878380340386621,0.46233567376349755,0.2175,0.1479,0.1193,6,540,False,
1min,2024-06-19,2024-06-19,2024-06-19,540,lag_sensitivity,ADF,c,unit_root,12.0,aic,False,ok,-22.97400755175501,0.0,-3.4425405682241816,-2.8669171671779816,-2.5696338432333636,0,539,True,
1min,2024-06-19,2024-06-19,2024-06-19,540,lag_sensitivity,PP,c,unit_root,,Bartlett_short_bandwidth,False,ok,-23.11507027451501,0.0,-3.4425405682241816,-2.8669171671779816,-2.5696338432333636,12,539,True,
1min,2024-06-19,2024-06-19,2024-06-19,540,lag_sensitivity,KPSS,c,level_or_trend_stationarity,,Bartlett_short_bandwidth,False,ok,0.38717566350076593,0.07821902665058211,0.7428,0.4614,0.3475,12,540,False,
1min,2024-06-20,2024-06-20,2024-06-20,540,main,ADF,c,unit_root,12.0,bic,False,ok,-22.97855680701741,0.0,-3.4425405682241816,-2.8669171671779816,-2.5696338432333636,0,539,True,
1min,2024-06-20,2024-06-20,2024-06-20,540,main,PP,c,unit_root,,Bartlett_short_bandwidth,False,ok,-23.00479223339054,0.0,-3.4425405682241816,-2.8669171671779816,-2.5696338432333636,6,539,True,
1min,2024-06-20,2024-06-20,2024-06-20,540,main,KPSS,c,level_or_trend_stationarity,,Bartlett_short_bandwidth,False,ok,0.11064103290440885,0.5357225777072325,0.7428,0.4614,0.3475,6,540,False,
1min,2024-06-20,2024-06-20,2024-06-20,540,trend_sensitivity,ADF,ct,unit_root,12.0,bic,False,ok,-22.964400290599688,0.0,-3.9756648124097875,-3.4186668470500177,-3.131860684671111,0,539,True,
1min,2024-06-20,2024-06-20,2024-06-20,540,trend_sensitivity,PP,ct,unit_root,,Bartlett_short_bandwidth,False,ok,-22.990844553878443,0.0,-3.9756648124097875,-3.4186668470500177,-3.131860684671111,6,539,True,
1min,2024-06-20,2024-06-20,2024-06-20,540,trend_sensitivity,KPSS,ct,level_or_trend_stationarity,,Bartlett_short_bandwidth,False,ok,0.05341311145257851,0.5282485335187039,0.2175,0.1479,0.1193,6,540,False,
1min,2024-06-20,2024-06-20,2024-06-20,540,lag_sensitivity,ADF,c,unit_root,12.0,aic,False,ok,-8.420569089493082,1.9887719804045175e-13,-3.4426321555520905,-2.86695748394138,-2.5696553279762426,4,535,True,
1min,2024-06-20,2024-06-20,2024-06-20,540,lag_sensitivity,PP,c,unit_root,,Bartlett_short_bandwidth,False,ok,-23.07663296676191,0.0,-3.4425405682241816,-2.8669171671779816,-2.5696338432333636,12,539,True,
1min,2024-06-20,2024-06-20,2024-06-20,540,lag_sensitivity,KPSS,c,level_or_trend_stationarity,,Bartlett_short_bandwidth,False,ok,0.10207598318227105,0.575500080854466,0.7428,0.4614,0.3475,12,540,False,
1min,2024-06-21,2024-06-21,2024-06-21,540,main,ADF,c,unit_root,12.0,bic,False,ok,-24.38446216647257,0.0,-3.4425405682241816,-2.8669171671779816,-2.5696338432333636,0,539,True,
1min,2024-06-21,2024-06-21,2024-06-21,540,main,PP,c,unit_root,,Bartlett_short_bandwidth,False,ok,-24.453701674068007,0.0,-3.4425405682241816,-2.8669171671779816,-2.5696338432333636,6,539,True,
1min,2024-06-21,2024-06-21,2024-06-21,540,main,KPSS,c,level_or_trend_stationarity,,Bartlett_short_bandwidth,False,ok,0.0939516075631373,0.6157893214726741,0.7428,0.4614,0.3475,6,540,False,
1min,2024-06-21,2024-06-21,2024-06-21,540,trend_sensitivity,ADF,ct,unit_root,12.0,bic,False,ok,-24.366437729381563,0.0,-3.9756648124097875,-3.4186668470500177,-3.131860684671111,0,539,True,
1min,2024-06-21,2024-06-21,2024-06-21,540,trend_sensitivity,PP,ct,unit_root,,Bartlett_short_bandwidth,False,ok,-24.435753824085005,0.0,-3.9756648124097875,-3.4186668470500177,-3.131860684671111,6,539,True,
1min,2024-06-21,2024-06-21,2024-06-21,540,trend_sensitivity,KPSS,ct,level_or_trend_stationarity,,Bartlett_short_bandwidth,False,ok,0.06353043278403929,0.4100300056823522,0.2175,0.1479,0.1193,6,540,False,
1min,2024-06-21,2024-06-21,2024-06-21,540,lag_sensitivity,ADF,c,unit_root,12.0,aic,False,ok,-24.38446216647257,0.0,-3.4425405682241816,-2.8669171671779816,-2.5696338432333636,0,539,True,
1min,2024-06-21,2024-06-21,2024-06-21,540,lag_sensitivity,PP,c,unit_root,,Bartlett_short_bandwidth,False,ok,-24.41951588379121,0.0,-3.4425405682241816,-2.8669171671779816,-2.5696338432333636,12,539,True,
1min,2024-06-21,2024-06-21,2024-06-21,540,lag_sensitivity,KPSS,c,level_or_trend_stationarity,,Bartlett_short_bandwidth,False,ok,0.091897194002982,0.6267170531756276,0.7428,0.4614,0.3475,12,540,False,
1min,2024-06-24,2024-06-24,2024-06-24,540,main,ADF,c,unit_root,12.0,bic,False,ok,-23.344303082952337,0.0,-3.4425405682241816,-2.8669171671779816,-2.5696338432333636,0,539,True,
1min,2024-06-24,2024-06-24,2024-06-24,540,main,PP,c,unit_root,,Bartlett_short_bandwidth,False,ok,-23.355259875419257,0.0,-3.4425405682241816,-2.8669171671779816,-2.5696338432333636,6,539,True,
1min,2024-06-24,2024-06-24,2024-06-24,540,main,KPSS,c,level_or_trend_stationarity,,Bartlett_short_bandwidth,False,ok,0.4314340648781347,0.059815839697194936,0.7428,0.4614,0.3475,6,540,False,
1min,2024-06-24,2024-06-24,2024-06-24,540,trend_sensitivity,ADF,ct,unit_root,12.0,bic,False,ok,-23.455461706036267,0.0,-3.9756648124097875,-3.4186668470500177,-3.131860684671111,0,539,True,
1min,2024-06-24,2024-06-24,2024-06-24,540,trend_sensitivity,PP,ct,unit_root,,Bartlett_short_bandwidth,False,ok,-23.45669647099694,0.0,-3.9756648124097875,-3.4186668470500177,-3.131860684671111,6,539,True,
1min,2024-06-24,2024-06-24,2024-06-24,540,trend_sensitivity,KPSS,ct,level_or_trend_stationarity,,Bartlett_short_bandwidth,False,ok,0.1342717068305564,0.0694004728539413,0.2175,0.1479,0.1193,6,540,False,
1min,2024-06-24,2024-06-24,2024-06-24,540,lag_sensitivity,ADF,c,unit_root,12.0,aic,False,ok,-10.381805087541103,2.1294621914673868e-18,-3.442609129942274,-2.866947348175723,-2.569649926626197,3,536,True,
1min,2024-06-24,2024-06-24,2024-06-24,540,lag_sensitivity,PP,c,unit_root,,Bartlett_short_bandwidth,False,ok,-23.34655478125217,0.0,-3.4425405682241816,-2.8669171671779816,-2.5696338432333636,12,539,True,
1min,2024-06-24,2024-06-24,2024-06-24,540,lag_sensitivity,KPSS,c,level_or_trend_stationarity,,Bartlett_short_bandwidth,False,ok,0.44535419466866516,0.055015794941839606,0.7428,0.4614,0.3475,12,540,False,
1min,2024-06-25,2024-06-25,2024-06-25,540,main,ADF,c,unit_root,12.0,bic,False,ok,-22.469045750363073,0.0,-3.4425405682241816,-2.8669171671779816,-2.5696338432333636,0,539,True,
1min,2024-06-25,2024-06-25,2024-06-25,540,main,PP,c,unit_root,,Bartlett_short_bandwidth,False,ok,-22.476153411496238,0.0,-3.4425405682241816,-2.8669171671779816,-2.5696338432333636,6,539,True,
1min,2024-06-25,2024-06-25,2024-06-25,540,main,KPSS,c,level_or_trend_stationarity,,Bartlett_short_bandwidth,False,ok,0.06114858839388903,0.8074699167219335,0.7428,0.4614,0.3475,6,540,False,
1min,2024-06-25,2024-06-25,2024-06-25,540,trend_sensitivity,ADF,ct,unit_root,12.0,bic,False,ok,-22.463555025544753,0.0,-3.9756648124097875,-3.4186668470500177,-3.131860684671111,0,539,True,
1min,2024-06-25,2024-06-25,2024-06-25,540,trend_sensitivity,PP,ct,unit_root,,Bartlett_short_bandwidth,False,ok,-22.47115742759361,0.0,-3.9756648124097875,-3.4186668470500177,-3.131860684671111,6,539,True,
1min,2024-06-25,2024-06-25,2024-06-25,540,trend_sensitivity,KPSS,ct,level_or_trend_stationarity,,Bartlett_short_bandwidth,False,ok,0.025986231214520667,0.9234863198386593,0.2175,0.1479,0.1193,6,540,False,
1min,2024-06-25,2024-06-25,2024-06-25,540,lag_sensitivity,ADF,c,unit_root,12.0,aic,False,ok,-9.927468297659853,2.8813934207946076e-17,-3.4427485933555886,-2.8670087381529723,-2.569682641509434,9,530,True,
1min,2024-06-25,2024-06-25,2024-06-25,540,lag_sensitivity,PP,c,unit_root,,Bartlett_short_bandwidth,False,ok,-23.171412862561496,0.0,-3.4425405682241816,-2.8669171671779816,-2.5696338432333636,12,539,True,
1min,2024-06-25,2024-06-25,2024-06-25,540,lag_sensitivity,KPSS,c,level_or_trend_stationarity,,Bartlett_short_bandwidth,False,ok,0.09301270082991694,0.620783506223846,0.7428,0.4614,0.3475,12,540,False,
1min,2024-06-26,2024-06-26,2024-06-26,540,main,ADF,c,unit_root,12.0,bic,False,ok,-24.250297475932374,0.0,-3.4425405682241816,-2.8669171671779816,-2.5696338432333636,0,539,True,
1min,2024-06-26,2024-06-26,2024-06-26,540,main,PP,c,unit_root,,Bartlett_short_bandwidth,False,ok,-24.23732177058829,0.0,-3.4425405682241816,-2.8669171671779816,-2.5696338432333636,6,539,True,
1min,2024-06-26,2024-06-26,2024-06-26,540,main,KPSS,c,level_or_trend_stationarity,,Bartlett_short_bandwidth,False,ok,0.3639133113044343,0.09027970614687686,0.7428,0.4614,0.3475,6,540,False,
1min,2024-06-26,2024-06-26,2024-06-26,540,trend_sensitivity,ADF,ct,unit_root,12.0,bic,False,ok,-24.360206609321416,0.0,-3.9756648124097875,-3.4186668470500177,-3.131860684671111,0,539,True,
1min,2024-06-26,2024-06-26,2024-06-26,540,trend_sensitivity,PP,ct,unit_root,,Bartlett_short_bandwidth,False,ok,-24.35530028581186,0.0,-3.9756648124097875,-3.4186668470500177,-3.131860684671111,6,539,True,
1min,2024-06-26,2024-06-26,2024-06-26,540,trend_sensitivity,KPSS,ct,level_or_trend_stationarity,,Bartlett_short_bandwidth,False,ok,0.13279228279390076,0.07190985725189523,0.2175,0.1479,0.1193,6,540,False,
1min,2024-06-26,2024-06-26,2024-06-26,540,lag_sensitivity,ADF,c,unit_root,12.0,aic,False,ok,-24.250297475932374,0.0,-3.4425405682241816,-2.8669171671779816,-2.5696338432333636,0,539,True,
1min,2024-06-26,2024-06-26,2024-06-26,540,lag_sensitivity,PP,c,unit_root,,Bartlett_short_bandwidth,False,ok,-24.274483282214085,0.0,-3.4425405682241816,-2.8669171671779816,-2.5696338432333636,12,539,True,
1min,2024-06-26,2024-06-26,2024-06-26,540,lag_sensitivity,KPSS,c,level_or_trend_stationarity,,Bartlett_short_bandwidth,False,ok,0.39030375834194486,0.07674351021606375,0.7428,0.4614,0.3475,12,540,False,
1min,2024-06-27,2024-06-27,2024-06-27,540,main,ADF,c,unit_root,12.0,bic,False,ok,-25.44421388298571,0.0,-3.4425405682241816,-2.8669171671779816,-2.5696338432333636,0,539,True,
1min,2024-06-27,2024-06-27,2024-06-27,540,main,PP,c,unit_root,,Bartlett_short_bandwidth,False,ok,-25.33901409546276,0.0,-3.4425405682241816,-2.8669171671779816,-2.5696338432333636,6,539,True,
1min,2024-06-27,2024-06-27,2024-06-27,540,main,KPSS,c,level_or_trend_stationarity,,Bartlett_short_bandwidth,False,ok,0.0976251918538834,0.597374040730583,0.7428,0.4614,0.3475,6,540,False,
1min,2024-06-27,2024-06-27,2024-06-27,540,trend_sensitivity,ADF,ct,unit_root,12.0,bic,False,ok,-25.451251000986012,0.0,-3.9756648124097875,-3.4186668470500177,-3.131860684671111,0,539,True,
1min,2024-06-27,2024-06-27,2024-06-27,540,trend_sensitivity,PP,ct,unit_root,,Bartlett_short_bandwidth,False,ok,-25.3478059243595,0.0,-3.9756648124097875,-3.4186668470500177,-3.131860684671111,6,539,True,
1min,2024-06-27,2024-06-27,2024-06-27,540,trend_sensitivity,KPSS,ct,level_or_trend_stationarity,,Bartlett_short_bandwidth,False,ok,0.049063603854108406,0.5878334345938362,0.2175,0.1479,0.1193,6,540,False,
1min,2024-06-27,2024-06-27,2024-06-27,540,lag_sensitivity,ADF,c,unit_root,12.0,aic,False,ok,-13.390219131264804,4.783885462045126e-25,-3.4425861905056556,-2.8669372502674824,-2.5696445454608505,2,537,True,
1min,2024-06-27,2024-06-27,2024-06-27,540,lag_sensitivity,PP,c,unit_root,,Bartlett_short_bandwidth,False,ok,-25.319086728334796,0.0,-3.4425405682241816,-2.8669171671779816,-2.5696338432333636,12,539,True,
1min,2024-06-27,2024-06-27,2024-06-27,540,lag_sensitivity,KPSS,c,level_or_trend_stationarity,,Bartlett_short_bandwidth,False,ok,0.09097263785887742,0.6316349050059711,0.7428,0.4614,0.3475,12,540,False,
1min,2024-06-28,2024-06-28,2024-06-28,540,main,ADF,c,unit_root,12.0,bic,False,ok,-25.449792223732366,0.0,-3.4425405682241816,-2.8669171671779816,-2.5696338432333636,0,539,True,
1min,2024-06-28,2024-06-28,2024-06-28,540,main,PP,c,unit_root,,Bartlett_short_bandwidth,False,ok,-25.422438410208283,0.0,-3.4425405682241816,-2.8669171671779816,-2.5696338432333636,6,539,True,
1min,2024-06-28,2024-06-28,2024-06-28,540,main,KPSS,c,level_or_trend_stationarity,,Bartlett_short_bandwidth,False,ok,0.05687499245625673,0.8340414976813052,0.7428,0.4614,0.3475,6,540,False,
1min,2024-06-28,2024-06-28,2024-06-28,540,trend_sensitivity,ADF,ct,unit_root,12.0,bic,False,ok,-25.426149260141536,0.0,-3.9756648124097875,-3.4186668470500177,-3.131860684671111,0,539,True,
1min,2024-06-28,2024-06-28,2024-06-28,540,trend_sensitivity,PP,ct,unit_root,,Bartlett_short_bandwidth,False,ok,-25.398888453218337,0.0,-3.9756648124097875,-3.4186668470500177,-3.131860684671111,6,539,True,
1min,2024-06-28,2024-06-28,2024-06-28,540,trend_sensitivity,KPSS,ct,level_or_trend_stationarity,,Bartlett_short_bandwidth,False,ok,0.05623279847149677,0.4928064183420387,0.2175,0.1479,0.1193,6,540,False,
1min,2024-06-28,2024-06-28,2024-06-28,540,lag_sensitivity,ADF,c,unit_root,12.0,aic,False,ok,-8.175015058319007,8.422677699432272e-13,-3.4426552678216003,-2.8669676577777548,-2.569660749624767,5,534,True,
1min,2024-06-28,2024-06-28,2024-06-28,540,lag_sensitivity,PP,c,unit_root,,Bartlett_short_bandwidth,False,ok,-25.34265520730242,0.0,-3.4425405682241816,-2.8669171671779816,-2.5696338432333636,12,539,True,
1min,2024-06-28,2024-06-28,2024-06-28,540,lag_sensitivity,KPSS,c,level_or_trend_stationarity,,Bartlett_short_bandwidth,False,ok,0.051106990723839986,0.8697816359062458,0.7428,0.4614,0.3475,12,540,False,
1min,2024-07-01,2024-07-01,2024-07-01,540,main,ADF,c,unit_root,12.0,bic,False,ok,-24.887840398937723,0.0,-3.4425405682241816,-2.8669171671779816,-2.5696338432333636,0,539,True,
1min,2024-07-01,2024-07-01,2024-07-01,540,main,PP,c,unit_root,,Bartlett_short_bandwidth,False,ok,-24.76180754251838,0.0,-3.4425405682241816,-2.8669171671779816,-2.5696338432333636,6,539,True,
1min,2024-07-01,2024-07-01,2024-07-01,540,main,KPSS,c,level_or_trend_stationarity,,Bartlett_short_bandwidth,False,ok,0.14774123085505675,0.3971114395671258,0.7428,0.4614,0.3475,6,540,False,
1min,2024-07-01,2024-07-01,2024-07-01,540,trend_sensitivity,ADF,ct,unit_root,12.0,bic,False,ok,-24.87603038688978,0.0,-3.9756648124097875,-3.4186668470500177,-3.131860684671111,0,539,True,
1min,2024-07-01,2024-07-01,2024-07-01,540,trend_sensitivity,PP,ct,unit_root,,Bartlett_short_bandwidth,False,ok,-24.752871591035216,0.0,-3.9756648124097875,-3.4186668470500177,-3.131860684671111,6,539,True,
1min,2024-07-01,2024-07-01,2024-07-01,540,trend_sensitivity,KPSS,ct,level_or_trend_stationarity,,Bartlett_short_bandwidth,False,ok,0.037734096311428676,0.7570046865520266,0.2175,0.1479,0.1193,6,540,False,
1min,2024-07-01,2024-07-01,2024-07-01,540,lag_sensitivity,ADF,c,unit_root,12.0,aic,False,ok,-7.752809944021076,9.916261758489172e-12,-3.4426552678216003,-2.8669676577777548,-2.569660749624767,5,534,True,
1min,2024-07-01,2024-07-01,2024-07-01,540,lag_sensitivity,PP,c,unit_root,,Bartlett_short_bandwidth,False,ok,-24.804947915021206,0.0,-3.4425405682241816,-2.8669171671779816,-2.5696338432333636,12,539,True,
1min,2024-07-01,2024-07-01,2024-07-01,540,lag_sensitivity,KPSS,c,level_or_trend_stationarity,,Bartlett_short_bandwidth,False,ok,0.1225536501984985,0.4859724334269796,0.7428,0.4614,0.3475,12,540,False,
1min,2024-07-02,2024-07-02,2024-07-02,540,main,ADF,c,unit_root,12.0,bic,False,ok,-24.115356269441367,0.0,-3.4425405682241816,-2.8669171671779816,-2.5696338432333636,0,539,True,
1min,2024-07-02,2024-07-02,2024-07-02,540,main,PP,c,unit_root,,Bartlett_short_bandwidth,False,ok,-24.117474192472336,0.0,-3.4425405682241816,-2.8669171671779816,-2.5696338432333636,6,539,True,
1min,2024-07-02,2024-07-02,2024-07-02,540,main,KPSS,c,level_or_trend_stationarity,,Bartlett_short_bandwidth,False,ok,0.07571358290719216,0.7175904479738403,0.7428,0.4614,0.3475,6,540,False,
1min,2024-07-02,2024-07-02,2024-07-02,540,trend_sensitivity,ADF,ct,unit_root,12.0,bic,False,ok,-24.11054389731099,0.0,-3.9756648124097875,-3.4186668470500177,-3.131860684671111,0,539,True,
1min,2024-07-02,2024-07-02,2024-07-02,540,trend_sensitivity,PP,ct,unit_root,,Bartlett_short_bandwidth,False,ok,-24.111420490629,0.0,-3.9756648124097875,-3.4186668470500177,-3.131860684671111,6,539,True,
1min,2024-07-02,2024-07-02,2024-07-02,540,trend_sensitivity,KPSS,ct,level_or_trend_stationarity,,Bartlett_short_bandwidth,False,ok,0.06904958831351758,0.35548011129983254,0.2175,0.1479,0.1193,6,540,False,
1min,2024-07-02,2024-07-02,2024-07-02,540,lag_sensitivity,ADF,c,unit_root,12.0,aic,False,ok,-15.284066590977762,4.53625937001979e-28,-3.442563336759378,-2.866927190004947,-2.5696391843672695,1,538,True,
1min,2024-07-02,2024-07-02,2024-07-02,540,lag_sensitivity,PP,c,unit_root,,Bartlett_short_bandwidth,False,ok,-24.117964581844575,0.0,-3.4425405682241816,-2.8669171671779816,-2.5696338432333636,12,539,True,
1min,2024-07-02,2024-07-02,2024-07-02,540,lag_sensitivity,KPSS,c,level_or_trend_stationarity,,Bartlett_short_bandwidth,False,ok,0.07804626286541565,0.7035870163459758,0.7428,0.4614,0.3475,12,540,False,
1min,2024-07-03,2024-07-03,2024-07-03,540,main,ADF,c,unit_root,12.0,bic,False,ok,-26.60601658884398,0.0,-3.4425405682241816,-2.8669171671779816,-2.5696338432333636,0,539,True,
1min,2024-07-03,2024-07-03,2024-07-03,540,main,PP,c,unit_root,,Bartlett_short_bandwidth,False,ok,-26.490380094112897,0.0,-3.4425405682241816,-2.8669171671779816,-2.5696338432333636,6,539,True,
1min,2024-07-03,2024-07-03,2024-07-03,540,main,KPSS,c,level_or_trend_stationarity,,Bartlett_short_bandwidth,False,ok,0.3338784957970808,0.10942664650721051,0.7428,0.4614,0.3475,6,540,False,
1min,2024-07-03,2024-07-03,2024-07-03,540,trend_sensitivity,ADF,ct,unit_root,12.0,bic,False,ok,-26.67998800362664,0.0,-3.9756648124097875,-3.4186668470500177,-3.131860684671111,0,539,True,
1min,2024-07-03,2024-07-03,2024-07-03,540,trend_sensitivity,PP,ct,unit_root,,Bartlett_short_bandwidth,False,ok,-26.590342800220192,0.0,-3.9756648124097875,-3.4186668470500177,-3.131860684671111,6,539,True,
1min,2024-07-03,2024-07-03,2024-07-03,540,trend_sensitivity,KPSS,ct,level_or_trend_stationarity,,Bartlett_short_bandwidth,False,ok,0.06460121057605019,0.39898789423949815,0.2175,0.1479,0.1193,6,540,False,
1min,2024-07-03,2024-07-03,2024-07-03,540,lag_sensitivity,ADF,c,unit_root,12.0,aic,False,ok,-26.60601658884398,0.0,-3.4425405682241816,-2.8669171671779816,-2.5696338432333636,0,539,True,
1min,2024-07-03,2024-07-03,2024-07-03,540,lag_sensitivity,PP,c,unit_root,,Bartlett_short_bandwidth,False,ok,-26.60108240624075,0.0,-3.4425405682241816,-2.8669171671779816,-2.5696338432333636,12,539,True,
1min,2024-07-03,2024-07-03,2024-07-03,540,lag_sensitivity,KPSS,c,level_or_trend_stationarity,,Bartlett_short_bandwidth,False,ok,0.36117039614624596,0.09185609416882416,0.7428,0.4614,0.3475,12,540,False,
1min,2024-07-04,2024-07-04,2024-07-04,540,main,ADF,c,unit_root,12.0,bic,False,ok,-24.85286245425234,0.0,-3.4425405682241816,-2.8669171671779816,-2.5696338432333636,0,539,True,
1min,2024-07-04,2024-07-04,2024-07-04,540,main,PP,c,unit_root,,Bartlett_short_bandwidth,False,ok,-25.183726189776685,0.0,-3.4425405682241816,-2.8669171671779816,-2.5696338432333636,6,539,True,
1min,2024-07-04,2024-07-04,2024-07-04,540,main,KPSS,c,level_or_trend_stationarity,,Bartlett_short_bandwidth,False,ok,0.06916647320464865,0.7576177831835317,0.7428,0.4614,0.3475,6,540,False,
1min,2024-07-04,2024-07-04,2024-07-04,540,trend_sensitivity,ADF,ct,unit_root,12.0,bic,False,ok,-24.85458579613797,0.0,-3.9756648124097875,-3.4186668470500177,-3.131860684671111,0,539,True,
1min,2024-07-04,2024-07-04,2024-07-04,540,trend_sensitivity,PP,ct,unit_root,,Bartlett_short_bandwidth,False,ok,-25.19972463643099,0.0,-3.9756648124097875,-3.4186668470500177,-3.131860684671111,6,539,True,
1min,2024-07-04,2024-07-04,2024-07-04,540,trend_sensitivity,KPSS,ct,level_or_trend_stationarity,,Bartlett_short_bandwidth,False,ok,0.017561352065192787,0.9889110330616967,0.2175,0.1479,0.1193,6,540,False,
1min,2024-07-04,2024-07-04,2024-07-04,540,lag_sensitivity,ADF,c,unit_root,12.0,aic,False,ok,-12.194800065558045,1.2617146839803568e-22,-3.4426321555520905,-2.86695748394138,-2.5696553279762426,4,535,True,
1min,2024-07-04,2024-07-04,2024-07-04,540,lag_sensitivity,PP,c,unit_root,,Bartlett_short_bandwidth,False,ok,-25.589644570204534,0.0,-3.4425405682241816,-2.8669171671779816,-2.5696338432333636,12,539,True,
1min,2024-07-04,2024-07-04,2024-07-04,540,lag_sensitivity,KPSS,c,level_or_trend_stationarity,,Bartlett_short_bandwidth,False,ok,0.08176413709164773,0.6822549511134965,0.7428,0.4614,0.3475,12,540,False,
1min,2024-07-05,2024-07-05,2024-07-05,540,main,ADF,c,unit_root,12.0,bic,False,ok,-23.091364237530698,0.0,-3.4425405682241816,-2.8669171671779816,-2.5696338432333636,0,539,True,
1min,2024-07-05,2024-07-05,2024-07-05,540,main,PP,c,unit_root,,Bartlett_short_bandwidth,False,ok,-23.132433276894925,0.0,-3.4425405682241816,-2.8669171671779816,-2.5696338432333636,6,539,True,
1min,2024-07-05,2024-07-05,2024-07-05,540,main,KPSS,c,level_or_trend_stationarity,,Bartlett_short_bandwidth,False,ok,0.050720000805080184,0.8721578897933672,0.7428,0.4614,0.3475,6,540,False,
1min,2024-07-05,2024-07-05,2024-07-05,540,trend_sensitivity,ADF,ct,unit_root,12.0,bic,False,ok,-23.076141997266266,0.0,-3.9756648124097875,-3.4186668470500177,-3.131860684671111,0,539,True,
1min,2024-07-05,2024-07-05,2024-07-05,540,trend_sensitivity,PP,ct,unit_root,,Bartlett_short_bandwidth,False,ok,-23.11752894412829,0.0,-3.9756648124097875,-3.4186668470500177,-3.131860684671111,6,539,True,
1min,2024-07-05,2024-07-05,2024-07-05,540,trend_sensitivity,KPSS,ct,level_or_trend_stationarity,,Bartlett_short_bandwidth,False,ok,0.02242358694377109,0.959778872402146,0.2175,0.1479,0.1193,6,540,False,
1min,2024-07-05,2024-07-05,2024-07-05,540,lag_sensitivity,ADF,c,unit_root,12.0,aic,False,ok,-9.669332339543574,1.28948257639975e-16,-3.4426321555520905,-2.86695748394138,-2.5696553279762426,4,535,True,
1min,2024-07-05,2024-07-05,2024-07-05,540,lag_sensitivity,PP,c,unit_root,,Bartlett_short_bandwidth,False,ok,-23.133995162910004,0.0,-3.4425405682241816,-2.8669171671779816,-2.5696338432333636,12,539,True,
1min,2024-07-05,2024-07-05,2024-07-05,540,lag_sensitivity,KPSS,c,level_or_trend_stationarity,,Bartlett_short_bandwidth,False,ok,0.050643411271125205,0.8726281764053715,0.7428,0.4614,0.3475,12,540,False,
1min,2024-07-08,2024-07-08,2024-07-08,540,main,ADF,c,unit_root,12.0,bic,False,ok,-14.996866691516027,1.1044054471638752e-27,-3.442563336759378,-2.866927190004947,-2.5696391843672695,1,538,True,
1min,2024-07-08,2024-07-08,2024-07-08,540,main,PP,c,unit_root,,Bartlett_short_bandwidth,False,ok,-24.82203974315693,0.0,-3.4425405682241816,-2.8669171671779816,-2.5696338432333636,6,539,True,
1min,2024-07-08,2024-07-08,2024-07-08,540,main,KPSS,c,level_or_trend_stationarity,,Bartlett_short_bandwidth,False,ok,0.04681197663876112,0.8960744192070793,0.7428,0.4614,0.3475,6,540,False,
1min,2024-07-08,2024-07-08,2024-07-08,540,trend_sensitivity,ADF,ct,unit_root,12.0,bic,False,ok,-15.011599383105928,2.1575622433477487e-22,-3.975696400819281,-3.4186821046499145,-3.131869652155557,1,538,True,
1min,2024-07-08,2024-07-08,2024-07-08,540,trend_sensitivity,PP,ct,unit_root,,Bartlett_short_bandwidth,False,ok,-24.815717919689465,0.0,-3.9756648124097875,-3.4186668470500177,-3.131860684671111,6,539,True,
1min,2024-07-08,2024-07-08,2024-07-08,540,trend_sensitivity,KPSS,ct,level_or_trend_stationarity,,Bartlett_short_bandwidth,False,ok,0.031454962851207705,0.8518387815998867,0.2175,0.1479,0.1193,6,540,False,
1min,2024-07-08,2024-07-08,2024-07-08,540,lag_sensitivity,ADF,c,unit_root,12.0,aic,False,ok,-14.996866691516027,1.1044054471638752e-27,-3.442563336759378,-2.866927190004947,-2.5696391843672695,1,538,True,
1min,2024-07-08,2024-07-08,2024-07-08,540,lag_sensitivity,PP,c,unit_root,,Bartlett_short_bandwidth,False,ok,-24.795230821842097,0.0,-3.4425405682241816,-2.8669171671779816,-2.5696338432333636,12,539,True,
1min,2024-07-08,2024-07-08,2024-07-08,540,lag_sensitivity,KPSS,c,level_or_trend_stationarity,,Bartlett_short_bandwidth,False,ok,0.04875589112111668,0.8842182124141957,0.7428,0.4614,0.3475,12,540,False,
1min,2024-07-09,2024-07-09,2024-07-09,540,main,ADF,c,unit_root,12.0,bic,False,ok,-23.55287255893508,0.0,-3.4425405682241816,-2.8669171671779816,-2.5696338432333636,0,539,True,
1min,2024-07-09,2024-07-09,2024-07-09,540,main,PP,c,unit_root,,Bartlett_short_bandwidth,False,ok,-23.558303202174066,0.0,-3.4425405682241816,-2.8669171671779816,-2.5696338432333636,6,539,True,
1min,2024-07-09,2024-07-09,2024-07-09,540,main,KPSS,c,level_or_trend_stationarity,,Bartlett_short_bandwidth,False,ok,0.07433526130183847,0.7259079059371817,0.7428,0.4614,0.3475,6,540,False,
1min,2024-07-09,2024-07-09,2024-07-09,540,trend_sensitivity,ADF,ct,unit_root,12.0,bic,False,ok,-23.54799438536212,0.0,-3.9756648124097875,-3.4186668470500177,-3.131860684671111,0,539,True,
1min,2024-07-09,2024-07-09,2024-07-09,540,trend_sensitivity,PP,ct,unit_root,,Bartlett_short_bandwidth,False,ok,-23.55491616587036,0.0,-3.9756648124097875,-3.4186668470500177,-3.131860684671111,6,539,True,
1min,2024-07-09,2024-07-09,2024-07-09,540,trend_sensitivity,KPSS,ct,level_or_trend_stationarity,,Bartlett_short_bandwidth,False,ok,0.027642161464760097,0.9041820859899987,0.2175,0.1479,0.1193,6,540,False,
1min,2024-07-09,2024-07-09,2024-07-09,540,lag_sensitivity,ADF,c,unit_root,12.0,aic,False,ok,-23.55287255893508,0.0,-3.4425405682241816,-2.8669171671779816,-2.5696338432333636,0,539,True,
1min,2024-07-09,2024-07-09,2024-07-09,540,lag_sensitivity,PP,c,unit_root,,Bartlett_short_bandwidth,False,ok,-23.65609458828792,0.0,-3.4425405682241816,-2.8669171671779816,-2.5696338432333636,12,539,True,
1min,2024-07-09,2024-07-09,2024-07-09,540,lag_sensitivity,KPSS,c,level_or_trend_stationarity,,Bartlett_short_bandwidth,False,ok,0.08545334615905191,0.6615272027688077,0.7428,0.4614,0.3475,12,540,False,
1min,2024-07-10,2024-07-10,2024-07-10,540,main,ADF,c,unit_root,12.0,bic,False,ok,-22.22238149725122,0.0,-3.4425405682241816,-2.8669171671779816,-2.5696338432333636,0,539,True,
1min,2024-07-10,2024-07-10,2024-07-10,540,main,PP,c,unit_root,,Bartlett_short_bandwidth,False,ok,-22.21823973714037,0.0,-3.4425405682241816,-2.8669171671779816,-2.5696338432333636,6,539,True,
1min,2024-07-10,2024-07-10,2024-07-10,540,main,KPSS,c,level_or_trend_stationarity,,Bartlett_short_bandwidth,False,ok,0.03613468161756742,0.9521150835565118,0.7428,0.4614,0.3475,6,540,False,
1min,2024-07-10,2024-07-10,2024-07-10,540,trend_sensitivity,ADF,ct,unit_root,12.0,bic,False,ok,-22.211318515113856,0.0,-3.9756648124097875,-3.4186668470500177,-3.131860684671111,0,539,True,
1min,2024-07-10,2024-07-10,2024-07-10,540,trend_sensitivity,PP,ct,unit_root,,Bartlett_short_bandwidth,False,ok,-22.207438479372446,0.0,-3.9756648124097875,-3.4186668470500177,-3.131860684671111,6,539,True,
1min,2024-07-10,2024-07-10,2024-07-10,540,trend_sensitivity,KPSS,ct,level_or_trend_stationarity,,Bartlett_short_bandwidth,False,ok,0.028421686797356415,0.8939251737189946,0.2175,0.1479,0.1193,6,540,False,
1min,2024-07-10,2024-07-10,2024-07-10,540,lag_sensitivity,ADF,c,unit_root,12.0,aic,False,ok,-12.295348397063181,7.661510547341973e-23,-3.442609129942274,-2.866947348175723,-2.569649926626197,3,536,True,
1min,2024-07-10,2024-07-10,2024-07-10,540,lag_sensitivity,PP,c,unit_root,,Bartlett_short_bandwidth,False,ok,-22.39750381277303,0.0,-3.4425405682241816,-2.8669171671779816,-2.5696338432333636,12,539,True,
1min,2024-07-10,2024-07-10,2024-07-10,540,lag_sensitivity,KPSS,c,level_or_trend_stationarity,,Bartlett_short_bandwidth,False,ok,0.04394056977908046,0.9124824584052545,0.7428,0.4614,0.3475,12,540,False,
1min,2024-07-11,2024-07-11,2024-07-11,540,main,ADF,c,unit_root,12.0,bic,False,ok,-21.800606525953583,0.0,-3.4425405682241816,-2.8669171671779816,-2.5696338432333636,0,539,True,
1min,2024-07-11,2024-07-11,2024-07-11,540,main,PP,c,unit_root,,Bartlett_short_bandwidth,False,ok,-21.799015730732336,0.0,-3.4425405682241816,-2.8669171671779816,-2.5696338432333636,6,539,True,
1min,2024-07-11,2024-07-11,2024-07-11,540,main,KPSS,c,level_or_trend_stationarity,,Bartlett_short_bandwidth,False,ok,0.14035838578844237,0.4208274459299919,0.7428,0.4614,0.3475,6,540,False,
1min,2024-07-11,2024-07-11,2024-07-11,540,trend_sensitivity,ADF,ct,unit_root,12.0,bic,False,ok,-21.824528604586636,0.0,-3.9756648124097875,-3.4186668470500177,-3.131860684671111,0,539,True,
1min,2024-07-11,2024-07-11,2024-07-11,540,trend_sensitivity,PP,ct,unit_root,,Bartlett_short_bandwidth,False,ok,-21.817575666505057,0.0,-3.9756648124097875,-3.4186668470500177,-3.131860684671111,6,539,True,
1min,2024-07-11,2024-07-11,2024-07-11,540,trend_sensitivity,KPSS,ct,level_or_trend_stationarity,,Bartlett_short_bandwidth,False,ok,0.04577703077068323,0.6343445384397515,0.2175,0.1479,0.1193,6,540,False,
1min,2024-07-11,2024-07-11,2024-07-11,540,lag_sensitivity,ADF,c,unit_root,12.0,aic,False,ok,-21.800606525953583,0.0,-3.4425405682241816,-2.8669171671779816,-2.5696338432333636,0,539,True,
1min,2024-07-11,2024-07-11,2024-07-11,540,lag_sensitivity,PP,c,unit_root,,Bartlett_short_bandwidth,False,ok,-21.765602264490095,0.0,-3.4425405682241816,-2.8669171671779816,-2.5696338432333636,12,539,True,
1min,2024-07-11,2024-07-11,2024-07-11,540,lag_sensitivity,KPSS,c,level_or_trend_stationarity,,Bartlett_short_bandwidth,False,ok,0.14902188333682181,0.3931491567356494,0.7428,0.4614,0.3475,12,540,False,
1min,2024-07-12,2024-07-12,2024-07-12,540,main,ADF,c,unit_root,12.0,bic,False,ok,-22.89435481604434,0.0,-3.4425405682241816,-2.8669171671779816,-2.5696338432333636,0,539,True,
1min,2024-07-12,2024-07-12,2024-07-12,540,main,PP,c,unit_root,,Bartlett_short_bandwidth,False,ok,-22.93271855356641,0.0,-3.4425405682241816,-2.8669171671779816,-2.5696338432333636,6,539,True,
1min,2024-07-12,2024-07-12,2024-07-12,540,main,KPSS,c,level_or_trend_stationarity,,Bartlett_short_bandwidth,False,ok,0.0324413368961839,0.967533319630062,0.7428,0.4614,0.3475,6,540,False,
1min,2024-07-12,2024-07-12,2024-07-12,540,trend_sensitivity,ADF,ct,unit_root,12.0,bic,False,ok,-22.873929090773725,0.0,-3.9756648124097875,-3.4186668470500177,-3.131860684671111,0,539,True,
1min,2024-07-12,2024-07-12,2024-07-12,540,trend_sensitivity,PP,ct,unit_root,,Bartlett_short_bandwidth,False,ok,-22.911079723626578,0.0,-3.9756648124097875,-3.4186668470500177,-3.131860684671111,6,539,True,
1min,2024-07-12,2024-07-12,2024-07-12,540,trend_sensitivity,KPSS,ct,level_or_trend_stationarity,,Bartlett_short_bandwidth,False,ok,0.03213373693931925,0.8418568097158934,0.2175,0.1479,0.1193,6,540,False,
1min,2024-07-12,2024-07-12,2024-07-12,540,lag_sensitivity,ADF,c,unit_root,12.0,aic,False,ok,-9.008342655135474,6.222978959452771e-15,-3.442819521824351,-2.8670399588708047,-2.5696992792614384,12,527,True,
1min,2024-07-12,2024-07-12,2024-07-12,540,lag_sensitivity,PP,c,unit_root,,Bartlett_short_bandwidth,False,ok,-23.32181391237161,0.0,-3.4425405682241816,-2.8669171671779816,-2.5696338432333636,12,539,True,
1min,2024-07-12,2024-07-12,2024-07-12,540,lag_sensitivity,KPSS,c,level_or_trend_stationarity,,Bartlett_short_bandwidth,False,ok,0.042975829655743904,0.9177587912855585,0.7428,0.4614,0.3475,12,540,False,
1min,2024-07-15,2024-07-15,2024-07-15,540,main,ADF,c,unit_root,12.0,bic,False,ok,-22.51786615547134,0.0,-3.4425405682241816,-2.8669171671779816,-2.5696338432333636,0,539,True,
1min,2024-07-15,2024-07-15,2024-07-15,540,main,PP,c,unit_root,,Bartlett_short_bandwidth,False,ok,-22.51547661643343,0.0,-3.4425405682241816,-2.8669171671779816,-2.5696338432333636,6,539,True,
1min,2024-07-15,2024-07-15,2024-07-15,540,main,KPSS,c,level_or_trend_stationarity,,Bartlett_short_bandwidth,False,ok,0.03657989946712703,0.9500913660585135,0.7428,0.4614,0.3475,6,540,False,
1min,2024-07-15,2024-07-15,2024-07-15,540,trend_sensitivity,ADF,ct,unit_root,12.0,bic,False,ok,-22.496270390264826,0.0,-3.9756648124097875,-3.4186668470500177,-3.131860684671111,0,539,True,
1min,2024-07-15,2024-07-15,2024-07-15,540,trend_sensitivity,PP,ct,unit_root,,Bartlett_short_bandwidth,False,ok,-22.493363263667597,0.0,-3.9756648124097875,-3.4186668470500177,-3.131860684671111,6,539,True,
1min,2024-07-15,2024-07-15,2024-07-15,540,trend_sensitivity,KPSS,ct,level_or_trend_stationarity,,Bartlett_short_bandwidth,False,ok,0.017617052414690273,0.9886789482721238,0.2175,0.1479,0.1193,6,540,False,
1min,2024-07-15,2024-07-15,2024-07-15,540,lag_sensitivity,ADF,c,unit_root,12.0,aic,False,ok,-11.258248444508952,1.6464625733614325e-20,-3.4426321555520905,-2.86695748394138,-2.5696553279762426,4,535,True,
1min,2024-07-15,2024-07-15,2024-07-15,540,lag_sensitivity,PP,c,unit_root,,Bartlett_short_bandwidth,False,ok,-22.557501766044055,0.0,-3.4425405682241816,-2.8669171671779816,-2.5696338432333636,12,539,True,
1min,2024-07-15,2024-07-15,2024-07-15,540,lag_sensitivity,KPSS,c,level_or_trend_stationarity,,Bartlett_short_bandwidth,False,ok,0.04052284347451763,0.9306692448709599,0.7428,0.4614,0.3475,12,540,False,
1min,2024-07-16,2024-07-16,2024-07-16,540,main,ADF,c,unit_root,12.0,bic,False,ok,-22.191653755737057,0.0,-3.4425405682241816,-2.8669171671779816,-2.5696338432333636,0,539,True,
1min,2024-07-16,2024-07-16,2024-07-16,540,main,PP,c,unit_root,,Bartlett_short_bandwidth,False,ok,-22.19438477426548,0.0,-3.4425405682241816,-2.8669171671779816,-2.5696338432333636,6,539,True,
1min,2024-07-16,2024-07-16,2024-07-16,540,main,KPSS,c,level_or_trend_stationarity,,Bartlett_short_bandwidth,False,ok,0.04965651745698505,0.8786880507027233,0.7428,0.4614,0.3475,6,540,False,
1min,2024-07-16,2024-07-16,2024-07-16,540,trend_sensitivity,ADF,ct,unit_root,12.0,bic,False,ok,-22.174507972366666,0.0,-3.9756648124097875,-3.4186668470500177,-3.131860684671111,0,539,True,
1min,2024-07-16,2024-07-16,2024-07-16,540,trend_sensitivity,PP,ct,unit_root,,Bartlett_short_bandwidth,False,ok,-22.176450030240336,0.0,-3.9756648124097875,-3.4186668470500177,-3.131860684671111,6,539,True,
1min,2024-07-16,2024-07-16,2024-07-16,540,trend_sensitivity,KPSS,ct,level_or_trend_stationarity,,Bartlett_short_bandwidth,False,ok,0.0408182277294482,0.7094100659035771,0.2175,0.1479,0.1193,6,540,False,
1min,2024-07-16,2024-07-16,2024-07-16,540,lag_sensitivity,ADF,c,unit_root,12.0,aic,False,ok,-14.768284882358643,2.343974974519318e-27,-3.4425861905056556,-2.8669372502674824,-2.5696445454608505,2,537,True,
1min,2024-07-16,2024-07-16,2024-07-16,540,lag_sensitivity,PP,c,unit_root,,Bartlett_short_bandwidth,False,ok,-22.404465839063285,0.0,-3.4425405682241816,-2.8669171671779816,-2.5696338432333636,12,539,True,
1min,2024-07-16,2024-07-16,2024-07-16,540,lag_sensitivity,KPSS,c,level_or_trend_stationarity,,Bartlett_short_bandwidth,False,ok,0.059039649964630236,0.8205824872665477,0.7428,0.4614,0.3475,12,540,False,
1min,2024-07-17,2024-07-17,2024-07-17,540,main,ADF,c,unit_root,12.0,bic,False,ok,-22.046486768185023,0.0,-3.4425405682241816,-2.8669171671779816,-2.5696338432333636,0,539,True,
1min,2024-07-17,2024-07-17,2024-07-17,540,main,PP,c,unit_root,,Bartlett_short_bandwidth,False,ok,-22.040658566576187,0.0,-3.4425405682241816,-2.8669171671779816,-2.5696338432333636,6,539,True,
1min,2024-07-17,2024-07-17,2024-07-17,540,main,KPSS,c,level_or_trend_stationarity,,Bartlett_short_bandwidth,False,ok,0.04602020095963724,0.9005988516592157,0.7428,0.4614,0.3475,6,540,False,
1min,2024-07-17,2024-07-17,2024-07-17,540,trend_sensitivity,ADF,ct,unit_root,12.0,bic,False,ok,-22.03553768102911,0.0,-3.9756648124097875,-3.4186668470500177,-3.131860684671111,0,539,True,
1min,2024-07-17,2024-07-17,2024-07-17,540,trend_sensitivity,PP,ct,unit_root,,Bartlett_short_bandwidth,False,ok,-22.02839234826151,0.0,-3.9756648124097875,-3.4186668470500177,-3.131860684671111,6,539,True,
1min,2024-07-17,2024-07-17,2024-07-17,540,trend_sensitivity,KPSS,ct,level_or_trend_stationarity,,Bartlett_short_bandwidth,False,ok,0.02333813857682387,0.9512049508422763,0.2175,0.1479,0.1193,6,540,False,
1min,2024-07-17,2024-07-17,2024-07-17,540,lag_sensitivity,ADF,c,unit_root,12.0,aic,False,ok,-11.48554548859909,4.875857406820507e-21,-3.4426321555520905,-2.86695748394138,-2.5696553279762426,4,535,True,
1min,2024-07-17,2024-07-17,2024-07-17,540,lag_sensitivity,PP,c,unit_root,,Bartlett_short_bandwidth,False,ok,-22.034191889143585,0.0,-3.4425405682241816,-2.8669171671779816,-2.5696338432333636,12,539,True,
1min,2024-07-17,2024-07-17,2024-07-17,540,lag_sensitivity,KPSS,c,level_or_trend_stationarity,,Bartlett_short_bandwidth,False,ok,0.05411399055939086,0.8512083488535284,0.7428,0.4614,0.3475,12,540,False,
1min,2024-07-18,2024-07-18,2024-07-18,540,main,ADF,c,unit_root,12.0,bic,False,ok,-23.484521345246733,0.0,-3.4425405682241816,-2.8669171671779816,-2.5696338432333636,0,539,True,
1min,2024-07-18,2024-07-18,2024-07-18,540,main,PP,c,unit_root,,Bartlett_short_bandwidth,False,ok,-23.55362044623506,0.0,-3.4425405682241816,-2.8669171671779816,-2.5696338432333636,6,539,True,
1min,2024-07-18,2024-07-18,2024-07-18,540,main,KPSS,c,level_or_trend_stationarity,,Bartlett_short_bandwidth,False,ok,0.6335701816857617,0.018617860345210048,0.7428,0.4614,0.3475,6,540,True,
1min,2024-07-18,2024-07-18,2024-07-18,540,trend_sensitivity,ADF,ct,unit_root,12.0,bic,False,ok,-18.52553827360476,0.0,-3.975696400819281,-3.4186821046499145,-3.131869652155557,1,538,True,
1min,2024-07-18,2024-07-18,2024-07-18,540,trend_sensitivity,PP,ct,unit_root,,Bartlett_short_bandwidth,False,ok,-23.8456664996005,0.0,-3.9756648124097875,-3.4186668470500177,-3.131860684671111,6,539,True,
1min,2024-07-18,2024-07-18,2024-07-18,540,trend_sensitivity,KPSS,ct,level_or_trend_stationarity,,Bartlett_short_bandwidth,False,ok,0.0534616784931834,0.5276094935107447,0.2175,0.1479,0.1193,6,540,False,
1min,2024-07-18,2024-07-18,2024-07-18,540,lag_sensitivity,ADF,c,unit_root,12.0,aic,False,ok,-18.225824548751635,2.373760228534099e-30,-3.442563336759378,-2.866927190004947,-2.5696391843672695,1,538,True,
1min,2024-07-18,2024-07-18,2024-07-18,540,lag_sensitivity,PP,c,unit_root,,Bartlett_short_bandwidth,False,ok,-23.532689969005133,0.0,-3.4425405682241816,-2.8669171671779816,-2.5696338432333636,12,539,True,
1min,2024-07-18,2024-07-18,2024-07-18,540,lag_sensitivity,KPSS,c,level_or_trend_stationarity,,Bartlett_short_bandwidth,False,ok,0.6153530008631032,0.0205303067949996,0.7428,0.4614,0.3475,12,540,True,
1min,2024-07-19,2024-07-19,2024-07-19,540,main,ADF,c,unit_root,12.0,bic,False,ok,-25.52723182442082,0.0,-3.4425405682241816,-2.8669171671779816,-2.5696338432333636,0,539,True,
1min,2024-07-19,2024-07-19,2024-07-19,540,main,PP,c,unit_root,,Bartlett_short_bandwidth,False,ok,-25.65090715162035,0.0,-3.4425405682241816,-2.8669171671779816,-2.5696338432333636,6,539,True,
1min,2024-07-19,2024-07-19,2024-07-19,540,main,KPSS,c,level_or_trend_stationarity,,Bartlett_short_bandwidth,False,ok,0.03266550129495108,0.9666711488655727,0.7428,0.4614,0.3475,6,540,False,
1min,2024-07-19,2024-07-19,2024-07-19,540,trend_sensitivity,ADF,ct,unit_root,12.0,bic,False,ok,-25.50344076084676,0.0,-3.9756648124097875,-3.4186668470500177,-3.131860684671111,0,539,True,
1min,2024-07-19,2024-07-19,2024-07-19,540,trend_sensitivity,PP,ct,unit_root,,Bartlett_short_bandwidth,False,ok,-25.62592553684082,0.0,-3.9756648124097875,-3.4186668470500177,-3.131860684671111,6,539,True,
1min,2024-07-19,2024-07-19,2024-07-19,540,trend_sensitivity,KPSS,ct,level_or_trend_stationarity,,Bartlett_short_bandwidth,False,ok,0.03369022517959295,0.8189672767706919,0.2175,0.1479,0.1193,6,540,False,
1min,2024-07-19,2024-07-19,2024-07-19,540,lag_sensitivity,ADF,c,unit_root,12.0,aic,False,ok,-10.61828384387021,5.600645464066975e-19,-3.442678467240966,-2.8669778698997543,-2.5696661916864083,6,533,True,
1min,2024-07-19,2024-07-19,2024-07-19,540,lag_sensitivity,PP,c,unit_root,,Bartlett_short_bandwidth,False,ok,-26.198165934809264,0.0,-3.4425405682241816,-2.8669171671779816,-2.5696338432333636,12,539,True,
1min,2024-07-19,2024-07-19,2024-07-19,540,lag_sensitivity,KPSS,c,level_or_trend_stationarity,,Bartlett_short_bandwidth,False,ok,0.04110348599865449,0.927613231586029,0.7428,0.4614,0.3475,12,540,False,
1min,2024-07-22,2024-07-22,2024-07-22,540,main,ADF,c,unit_root,12.0,bic,False,ok,-23.54008181328283,0.0,-3.4425405682241816,-2.8669171671779816,-2.5696338432333636,0,539,True,
1min,2024-07-22,2024-07-22,2024-07-22,540,main,PP,c,unit_root,,Bartlett_short_bandwidth,False,ok,-23.586234533197022,0.0,-3.4425405682241816,-2.8669171671779816,-2.5696338432333636,6,539,True,
1min,2024-07-22,2024-07-22,2024-07-22,540,main,KPSS,c,level_or_trend_stationarity,,Bartlett_short_bandwidth,False,ok,0.04583956442901918,0.9016310604056046,0.7428,0.4614,0.3475,6,540,False,
1min,2024-07-22,2024-07-22,2024-07-22,540,trend_sensitivity,ADF,ct,unit_root,12.0,bic,False,ok,-23.531171797450103,0.0,-3.9756648124097875,-3.4186668470500177,-3.131860684671111,0,539,True,
1min,2024-07-22,2024-07-22,2024-07-22,540,trend_sensitivity,PP,ct,unit_root,,Bartlett_short_bandwidth,False,ok,-23.58131163480062,0.0,-3.9756648124097875,-3.4186668470500177,-3.131860684671111,6,539,True,
1min,2024-07-22,2024-07-22,2024-07-22,540,trend_sensitivity,KPSS,ct,level_or_trend_stationarity,,Bartlett_short_bandwidth,False,ok,0.02436665484525984,0.9410715552293588,0.2175,0.1479,0.1193,6,540,False,
1min,2024-07-22,2024-07-22,2024-07-22,540,lag_sensitivity,ADF,c,unit_root,12.0,aic,False,ok,-7.780594297343449,8.437956778288908e-12,-3.4427485933555886,-2.8670087381529723,-2.569682641509434,9,530,True,
1min,2024-07-22,2024-07-22,2024-07-22,540,lag_sensitivity,PP,c,unit_root,,Bartlett_short_bandwidth,False,ok,-23.64838119199075,0.0,-3.4425405682241816,-2.8669171671779816,-2.5696338432333636,12,539,True,
1min,2024-07-22,2024-07-22,2024-07-22,540,lag_sensitivity,KPSS,c,level_or_trend_stationarity,,Bartlett_short_bandwidth,False,ok,0.04971826399714633,0.8783089052806804,0.7428,0.4614,0.3475,12,540,False,
1min,2024-07-23,2024-07-23,2024-07-23,540,main,ADF,c,unit_root,12.0,bic,False,ok,-23.594973754026828,0.0,-3.4425405682241816,-2.8669171671779816,-2.5696338432333636,0,539,True,
1min,2024-07-23,2024-07-23,2024-07-23,540,main,PP,c,unit_root,,Bartlett_short_bandwidth,False,ok,-23.736988956547002,0.0,-3.4425405682241816,-2.8669171671779816,-2.5696338432333636,6,539,True,
1min,2024-07-23,2024-07-23,2024-07-23,540,main,KPSS,c,level_or_trend_stationarity,,Bartlett_short_bandwidth,False,ok,0.04308442921311887,0.9171872146677954,0.7428,0.4614,0.3475,6,540,False,
1min,2024-07-23,2024-07-23,2024-07-23,540,trend_sensitivity,ADF,ct,unit_root,12.0,bic,False,ok,-23.57270401947371,0.0,-3.9756648124097875,-3.4186668470500177,-3.131860684671111,0,539,True,
1min,2024-07-23,2024-07-23,2024-07-23,540,trend_sensitivity,PP,ct,unit_root,,Bartlett_short_bandwidth,False,ok,-23.71250929582656,0.0,-3.9756648124097875,-3.4186668470500177,-3.131860684671111,6,539,True,
1min,2024-07-23,2024-07-23,2024-07-23,540,trend_sensitivity,KPSS,ct,level_or_trend_stationarity,,Bartlett_short_bandwidth,False,ok,0.04006011391705678,0.7211093531318399,0.2175,0.1479,0.1193,6,540,False,
1min,2024-07-23,2024-07-23,2024-07-23,540,lag_sensitivity,ADF,c,unit_root,12.0,aic,False,ok,-9.572039703456431,2.2746170170905827e-16,-3.442701754304053,-2.866988120523906,-2.5696716542766693,7,532,True,
1min,2024-07-23,2024-07-23,2024-07-23,540,lag_sensitivity,PP,c,unit_root,,Bartlett_short_bandwidth,False,ok,-23.99893545302297,0.0,-3.4425405682241816,-2.8669171671779816,-2.5696338432333636,12,539,True,
1min,2024-07-23,2024-07-23,2024-07-23,540,lag_sensitivity,KPSS,c,level_or_trend_stationarity,,Bartlett_short_bandwidth,False,ok,0.05093253199830709,0.8708528736946056,0.7428,0.4614,0.3475,12,540,False,
1min,2024-07-24,2024-07-24,2024-07-24,540,main,ADF,c,unit_root,12.0,bic,False,ok,-24.589058272029042,0.0,-3.4425405682241816,-2.8669171671779816,-2.5696338432333636,0,539,True,
1min,2024-07-24,2024-07-24,2024-07-24,540,main,PP,c,unit_root,,Bartlett_short_bandwidth,False,ok,-24.551237973899074,0.0,-3.4425405682241816,-2.8669171671779816,-2.5696338432333636,6,539,True,
1min,2024-07-24,2024-07-24,2024-07-24,540,main,KPSS,c,level_or_trend_stationarity,,Bartlett_short_bandwidth,False,ok,0.057758868298678295,0.8285458965885287,0.7428,0.4614,0.3475,6,540,False,
1min,2024-07-24,2024-07-24,2024-07-24,540,trend_sensitivity,ADF,ct,unit_root,12.0,bic,False,ok,-24.568894242611414,0.0,-3.9756648124097875,-3.4186668470500177,-3.131860684671111,0,539,True,
1min,2024-07-24,2024-07-24,2024-07-24,540,trend_sensitivity,PP,ct,unit_root,,Bartlett_short_bandwidth,False,ok,-24.531876991529987,0.0,-3.9756648124097875,-3.4186668470500177,-3.131860684671111,6,539,True,
1min,2024-07-24,2024-07-24,2024-07-24,540,trend_sensitivity,KPSS,ct,level_or_trend_stationarity,,Bartlett_short_bandwidth,False,ok,0.04987110831780362,0.5765659304492519,0.2175,0.1479,0.1193,6,540,False,
1min,2024-07-24,2024-07-24,2024-07-24,540,lag_sensitivity,ADF,c,unit_root,12.0,aic,False,ok,-24.589058272029042,0.0,-3.4425405682241816,-2.8669171671779816,-2.5696338432333636,0,539,True,
1min,2024-07-24,2024-07-24,2024-07-24,540,lag_sensitivity,PP,c,unit_root,,Bartlett_short_bandwidth,False,ok,-24.57177929239966,0.0,-3.4425405682241816,-2.8669171671779816,-2.5696338432333636,12,539,True,
1min,2024-07-24,2024-07-24,2024-07-24,540,lag_sensitivity,KPSS,c,level_or_trend_stationarity,,Bartlett_short_bandwidth,False,ok,0.06146840956825272,0.8054813912854754,0.7428,0.4614,0.3475,12,540,False,
1min,2024-07-25,2024-07-25,2024-07-25,540,main,ADF,c,unit_root,12.0,bic,False,ok,-24.565028901455495,0.0,-3.4425405682241816,-2.8669171671779816,-2.5696338432333636,0,539,True,
1min,2024-07-25,2024-07-25,2024-07-25,540,main,PP,c,unit_root,,Bartlett_short_bandwidth,False,ok,-24.528116246825547,0.0,-3.4425405682241816,-2.8669171671779816,-2.5696338432333636,6,539,True,
1min,2024-07-25,2024-07-25,2024-07-25,540,main,KPSS,c,level_or_trend_stationarity,,Bartlett_short_bandwidth,False,ok,0.02789038823674558,0.9825240294081361,0.7428,0.4614,0.3475,6,540,False,
1min,2024-07-25,2024-07-25,2024-07-25,540,trend_sensitivity,ADF,ct,unit_root,12.0,bic,False,ok,-24.548685876579952,0.0,-3.9756648124097875,-3.4186668470500177,-3.131860684671111,0,539,True,
1min,2024-07-25,2024-07-25,2024-07-25,540,trend_sensitivity,PP,ct,unit_root,,Bartlett_short_bandwidth,False,ok,-24.512507906531834,0.0,-3.9756648124097875,-3.4186668470500177,-3.131860684671111,6,539,True,
1min,2024-07-25,2024-07-25,2024-07-25,540,trend_sensitivity,KPSS,ct,level_or_trend_stationarity,,Bartlett_short_bandwidth,False,ok,0.022625294199722777,0.957887866877599,0.2175,0.1479,0.1193,6,540,False,
1min,2024-07-25,2024-07-25,2024-07-25,540,lag_sensitivity,ADF,c,unit_root,12.0,aic,False,ok,-24.565028901455495,0.0,-3.4425405682241816,-2.8669171671779816,-2.5696338432333636,0,539,True,
1min,2024-07-25,2024-07-25,2024-07-25,540,lag_sensitivity,PP,c,unit_root,,Bartlett_short_bandwidth,False,ok,-24.566147664104854,0.0,-3.4425405682241816,-2.8669171671779816,-2.5696338432333636,12,539,True,
1min,2024-07-25,2024-07-25,2024-07-25,540,lag_sensitivity,KPSS,c,level_or_trend_stationarity,,Bartlett_short_bandwidth,False,ok,0.026455797087011224,0.986110507282472,0.7428,0.4614,0.3475,12,540,False,
1min,2024-07-26,2024-07-26,2024-07-26,540,main,ADF,c,unit_root,12.0,bic,False,ok,-18.957794309956395,0.0,-3.442563336759378,-2.866927190004947,-2.5696391843672695,1,538,True,
1min,2024-07-26,2024-07-26,2024-07-26,540,main,PP,c,unit_root,,Bartlett_short_bandwidth,False,ok,-24.916620525150506,0.0,-3.4425405682241816,-2.8669171671779816,-2.5696338432333636,6,539,True,
1min,2024-07-26,2024-07-26,2024-07-26,540,main,KPSS,c,level_or_trend_stationarity,,Bartlett_short_bandwidth,False,ok,0.16410060042195895,0.3499434054341787,0.7428,0.4614,0.3475,6,540,False,
1min,2024-07-26,2024-07-26,2024-07-26,540,trend_sensitivity,ADF,ct,unit_root,12.0,bic,False,ok,-18.941984192506144,0.0,-3.975696400819281,-3.4186821046499145,-3.131869652155557,1,538,True,
1min,2024-07-26,2024-07-26,2024-07-26,540,trend_sensitivity,PP,ct,unit_root,,Bartlett_short_bandwidth,False,ok,-24.895126397575822,0.0,-3.9756648124097875,-3.4186668470500177,-3.131860684671111,6,539,True,
1min,2024-07-26,2024-07-26,2024-07-26,540,trend_sensitivity,KPSS,ct,level_or_trend_stationarity,,Bartlett_short_bandwidth,False,ok,0.16030067934938344,0.03736782513211979,0.2175,0.1479,0.1193,6,540,True,
1min,2024-07-26,2024-07-26,2024-07-26,540,lag_sensitivity,ADF,c,unit_root,12.0,aic,False,ok,-18.957794309956395,0.0,-3.442563336759378,-2.866927190004947,-2.5696391843672695,1,538,True,
1min,2024-07-26,2024-07-26,2024-07-26,540,lag_sensitivity,PP,c,unit_root,,Bartlett_short_bandwidth,False,ok,-25.041300286085498,0.0,-3.4425405682241816,-2.8669171671779816,-2.5696338432333636,12,539,True,
1min,2024-07-26,2024-07-26,2024-07-26,540,lag_sensitivity,KPSS,c,level_or_trend_stationarity,,Bartlett_short_bandwidth,False,ok,0.1728705129123505,0.3273976946657816,0.7428,0.4614,0.3475,12,540,False,
1min,2024-07-29,2024-07-29,2024-07-29,540,main,ADF,c,unit_root,12.0,bic,False,ok,-24.66939740298691,0.0,-3.4425405682241816,-2.8669171671779816,-2.5696338432333636,0,539,True,
1min,2024-07-29,2024-07-29,2024-07-29,540,main,PP,c,unit_root,,Bartlett_short_bandwidth,False,ok,-24.673917366201625,0.0,-3.4425405682241816,-2.8669171671779816,-2.5696338432333636,6,539,True,
1min,2024-07-29,2024-07-29,2024-07-29,540,main,KPSS,c,level_or_trend_stationarity,,Bartlett_short_bandwidth,False,ok,0.4437304570138844,0.055575704477970896,0.7428,0.4614,0.3475,6,540,False,
1min,2024-07-29,2024-07-29,2024-07-29,540,trend_sensitivity,ADF,ct,unit_root,12.0,bic,False,ok,-24.78399748673273,0.0,-3.9756648124097875,-3.4186668470500177,-3.131860684671111,0,539,True,
1min,2024-07-29,2024-07-29,2024-07-29,540,trend_sensitivity,PP,ct,unit_root,,Bartlett_short_bandwidth,False,ok,-24.82033616756877,0.0,-3.9756648124097875,-3.4186668470500177,-3.131860684671111,6,539,True,
1min,2024-07-29,2024-07-29,2024-07-29,540,trend_sensitivity,KPSS,ct,level_or_trend_stationarity,,Bartlett_short_bandwidth,False,ok,0.0800731499064858,0.2682886213345807,0.2175,0.1479,0.1193,6,540,False,
1min,2024-07-29,2024-07-29,2024-07-29,540,lag_sensitivity,ADF,c,unit_root,12.0,aic,False,ok,-10.808267450966142,1.9380787810037107e-19,-3.442609129942274,-2.866947348175723,-2.569649926626197,3,536,True,
1min,2024-07-29,2024-07-29,2024-07-29,540,lag_sensitivity,PP,c,unit_root,,Bartlett_short_bandwidth,False,ok,-24.672162692298816,0.0,-3.4425405682241816,-2.8669171671779816,-2.5696338432333636,12,539,True,
1min,2024-07-29,2024-07-29,2024-07-29,540,lag_sensitivity,KPSS,c,level_or_trend_stationarity,,Bartlett_short_bandwidth,False,ok,0.4437293378983429,0.05557609037988177,0.7428,0.4614,0.3475,12,540,False,
1min,2024-07-30,2024-07-30,2024-07-30,540,main,ADF,c,unit_root,12.0,bic,False,ok,-25.041455943570835,0.0,-3.4425405682241816,-2.8669171671779816,-2.5696338432333636,0,539,True,
1min,2024-07-30,2024-07-30,2024-07-30,540,main,PP,c,unit_root,,Bartlett_short_bandwidth,False,ok,-25.14139196011075,0.0,-3.4425405682241816,-2.8669171671779816,-2.5696338432333636,6,539,True,
1min,2024-07-30,2024-07-30,2024-07-30,540,main,KPSS,c,level_or_trend_stationarity,,Bartlett_short_bandwidth,False,ok,0.4554963426359756,0.05184489292625762,0.7428,0.4614,0.3475,6,540,False,
1min,2024-07-30,2024-07-30,2024-07-30,540,trend_sensitivity,ADF,ct,unit_root,12.0,bic,False,ok,-25.164360046639597,0.0,-3.9756648124097875,-3.4186668470500177,-3.131860684671111,0,539,True,
1min,2024-07-30,2024-07-30,2024-07-30,540,trend_sensitivity,PP,ct,unit_root,,Bartlett_short_bandwidth,False,ok,-25.326996108825725,0.0,-3.9756648124097875,-3.4186668470500177,-3.131860684671111,6,539,True,
1min,2024-07-30,2024-07-30,2024-07-30,540,trend_sensitivity,KPSS,ct,level_or_trend_stationarity,,Bartlett_short_bandwidth,False,ok,0.03329612626226458,0.8247628490843444,0.2175,0.1479,0.1193,6,540,False,
1min,2024-07-30,2024-07-30,2024-07-30,540,lag_sensitivity,ADF,c,unit_root,12.0,aic,False,ok,-25.041455943570835,0.0,-3.4425405682241816,-2.8669171671779816,-2.5696338432333636,0,539,True,
1min,2024-07-30,2024-07-30,2024-07-30,540,lag_sensitivity,PP,c,unit_root,,Bartlett_short_bandwidth,False,ok,-25.202427211338964,0.0,-3.4425405682241816,-2.8669171671779816,-2.5696338432333636,12,539,True,
1min,2024-07-30,2024-07-30,2024-07-30,540,lag_sensitivity,KPSS,c,level_or_trend_stationarity,,Bartlett_short_bandwidth,False,ok,0.47819845385174325,0.04530769445482032,0.7428,0.4614,0.3475,12,540,True,
1min,2024-07-31,2024-07-31,2024-07-31,540,main,ADF,c,unit_root,12.0,bic,False,ok,-21.623409984705255,0.0,-3.4425405682241816,-2.8669171671779816,-2.5696338432333636,0,539,True,
1min,2024-07-31,2024-07-31,2024-07-31,540,main,PP,c,unit_root,,Bartlett_short_bandwidth,False,ok,-21.803847207756363,0.0,-3.4425405682241816,-2.8669171671779816,-2.5696338432333636,6,539,True,
1min,2024-07-31,2024-07-31,2024-07-31,540,main,KPSS,c,level_or_trend_stationarity,,Bartlett_short_bandwidth,False,ok,0.03856065101531633,0.9405129789581469,0.7428,0.4614,0.3475,6,540,False,
1min,2024-07-31,2024-07-31,2024-07-31,540,trend_sensitivity,ADF,ct,unit_root,12.0,bic,False,ok,-21.603302306104972,0.0,-3.9756648124097875,-3.4186668470500177,-3.131860684671111,0,539,True,
1min,2024-07-31,2024-07-31,2024-07-31,540,trend_sensitivity,PP,ct,unit_root,,Bartlett_short_bandwidth,False,ok,-21.785401391572517,0.0,-3.9756648124097875,-3.4186668470500177,-3.131860684671111,6,539,True,
1min,2024-07-31,2024-07-31,2024-07-31,540,trend_sensitivity,KPSS,ct,level_or_trend_stationarity,,Bartlett_short_bandwidth,False,ok,0.038467542210903614,0.7456860769922281,0.2175,0.1479,0.1193,6,540,False,
1min,2024-07-31,2024-07-31,2024-07-31,540,lag_sensitivity,ADF,c,unit_root,12.0,aic,False,ok,-8.461697219488721,1.56102605658617e-13,-3.442701754304053,-2.866988120523906,-2.5696716542766693,7,532,True,
1min,2024-07-31,2024-07-31,2024-07-31,540,lag_sensitivity,PP,c,unit_root,,Bartlett_short_bandwidth,False,ok,-21.757569023688987,0.0,-3.4425405682241816,-2.8669171671779816,-2.5696338432333636,12,539,True,
1min,2024-07-31,2024-07-31,2024-07-31,540,lag_sensitivity,KPSS,c,level_or_trend_stationarity,,Bartlett_short_bandwidth,False,ok,0.039499695549407896,0.9359692150835102,0.7428,0.4614,0.3475,12,540,False,
1min,2024-08-01,2024-08-01,2024-08-01,540,main,ADF,c,unit_root,12.0,bic,False,ok,-25.593455749077094,0.0,-3.4425405682241816,-2.8669171671779816,-2.5696338432333636,0,539,True,
1min,2024-08-01,2024-08-01,2024-08-01,540,main,PP,c,unit_root,,Bartlett_short_bandwidth,False,ok,-25.686064539783597,0.0,-3.4425405682241816,-2.8669171671779816,-2.5696338432333636,6,539,True,
1min,2024-08-01,2024-08-01,2024-08-01,540,main,KPSS,c,level_or_trend_stationarity,,Bartlett_short_bandwidth,False,ok,0.5736092153271551,0.026074491245703303,0.7428,0.4614,0.3475,6,540,True,
1min,2024-08-01,2024-08-01,2024-08-01,540,trend_sensitivity,ADF,ct,unit_root,12.0,bic,False,ok,-25.705451387683436,0.0,-3.9756648124097875,-3.4186668470500177,-3.131860684671111,0,539,True,
1min,2024-08-01,2024-08-01,2024-08-01,540,trend_sensitivity,PP,ct,unit_root,,Bartlett_short_bandwidth,False,ok,-25.85318058469802,0.0,-3.9756648124097875,-3.4186668470500177,-3.131860684671111,6,539,True,
1min,2024-08-01,2024-08-01,2024-08-01,540,trend_sensitivity,KPSS,ct,level_or_trend_stationarity,,Bartlett_short_bandwidth,False,ok,0.3165807760595039,0.0011792860169434504,0.2175,0.1479,0.1193,6,540,True,
1min,2024-08-01,2024-08-01,2024-08-01,540,lag_sensitivity,ADF,c,unit_root,12.0,aic,False,ok,-25.593455749077094,0.0,-3.4425405682241816,-2.8669171671779816,-2.5696338432333636,0,539,True,
1min,2024-08-01,2024-08-01,2024-08-01,540,lag_sensitivity,PP,c,unit_root,,Bartlett_short_bandwidth,False,ok,-25.65993337576927,0.0,-3.4425405682241816,-2.8669171671779816,-2.5696338432333636,12,539,True,
1min,2024-08-01,2024-08-01,2024-08-01,540,lag_sensitivity,KPSS,c,level_or_trend_stationarity,,Bartlett_short_bandwidth,False,ok,0.5699792083997228,0.026648859430423607,0.7428,0.4614,0.3475,12,540,True,
1min,2024-08-02,2024-08-02,2024-08-02,540,main,ADF,c,unit_root,12.0,bic,False,ok,-14.35650439771894,1.001323057587127e-26,-3.442563336759378,-2.866927190004947,-2.5696391843672695,1,538,True,
1min,2024-08-02,2024-08-02,2024-08-02,540,main,PP,c,unit_root,,Bartlett_short_bandwidth,False,ok,-23.158000602482026,0.0,-3.4425405682241816,-2.8669171671779816,-2.5696338432333636,6,539,True,
1min,2024-08-02,2024-08-02,2024-08-02,540,main,KPSS,c,level_or_trend_stationarity,,Bartlett_short_bandwidth,False,ok,0.07130280202506067,0.7443349096887419,0.7428,0.4614,0.3475,6,540,False,
1min,2024-08-02,2024-08-02,2024-08-02,540,trend_sensitivity,ADF,ct,unit_root,12.0,bic,False,ok,-14.343500256200478,5.676731246856231e-22,-3.975696400819281,-3.4186821046499145,-3.131869652155557,1,538,True,
1min,2024-08-02,2024-08-02,2024-08-02,540,trend_sensitivity,PP,ct,unit_root,,Bartlett_short_bandwidth,False,ok,-23.138288372948605,0.0,-3.9756648124097875,-3.4186668470500177,-3.131860684671111,6,539,True,
1min,2024-08-02,2024-08-02,2024-08-02,540,trend_sensitivity,KPSS,ct,level_or_trend_stationarity,,Bartlett_short_bandwidth,False,ok,0.0662130012805343,0.3828699871946571,0.2175,0.1479,0.1193,6,540,False,
1min,2024-08-02,2024-08-02,2024-08-02,540,lag_sensitivity,ADF,c,unit_root,12.0,aic,False,ok,-10.424470776291216,1.6715914544516718e-18,-3.442609129942274,-2.866947348175723,-2.569649926626197,3,536,True,
1min,2024-08-02,2024-08-02,2024-08-02,540,lag_sensitivity,PP,c,unit_root,,Bartlett_short_bandwidth,False,ok,-23.17647954862121,0.0,-3.4425405682241816,-2.8669171671779816,-2.5696338432333636,12,539,True,
1min,2024-08-02,2024-08-02,2024-08-02,540,lag_sensitivity,KPSS,c,level_or_trend_stationarity,,Bartlett_short_bandwidth,False,ok,0.07022009262260727,0.7510667816210946,0.7428,0.4614,0.3475,12,540,False,
1min,2024-08-05,2024-08-05,2024-08-05,540,main,ADF,c,unit_root,12.0,bic,False,ok,-26.249927243129747,0.0,-3.4425405682241816,-2.8669171671779816,-2.5696338432333636,0,539,True,
1min,2024-08-05,2024-08-05,2024-08-05,540,main,PP,c,unit_root,,Bartlett_short_bandwidth,False,ok,-26.740972396642537,0.0,-3.4425405682241816,-2.8669171671779816,-2.5696338432333636,6,539,True,
1min,2024-08-05,2024-08-05,2024-08-05,540,main,KPSS,c,level_or_trend_stationarity,,Bartlett_short_bandwidth,False,ok,0.04739272584148449,0.8925885255347444,0.7428,0.4614,0.3475,6,540,False,
1min,2024-08-05,2024-08-05,2024-08-05,540,trend_sensitivity,ADF,ct,unit_root,12.0,bic,False,ok,-26.230523203053608,0.0,-3.9756648124097875,-3.4186668470500177,-3.131860684671111,0,539,True,
1min,2024-08-05,2024-08-05,2024-08-05,540,trend_sensitivity,PP,ct,unit_root,,Bartlett_short_bandwidth,False,ok,-26.7216904654291,0.0,-3.9756648124097875,-3.4186668470500177,-3.131860684671111,6,539,True,
1min,2024-08-05,2024-08-05,2024-08-05,540,trend_sensitivity,KPSS,ct,level_or_trend_stationarity,,Bartlett_short_bandwidth,False,ok,0.05158605244327509,0.5529174666826124,0.2175,0.1479,0.1193,6,540,False,
1min,2024-08-05,2024-08-05,2024-08-05,540,lag_sensitivity,ADF,c,unit_root,12.0,aic,False,ok,-8.740024393190678,3.0265088682011596e-14,-3.4427957890025533,-2.867029512430173,-2.5696937122646926,11,528,True,
1min,2024-08-05,2024-08-05,2024-08-05,540,lag_sensitivity,PP,c,unit_root,,Bartlett_short_bandwidth,False,ok,-27.602137992113345,0.0,-3.4425405682241816,-2.8669171671779816,-2.5696338432333636,12,539,True,
1min,2024-08-05,2024-08-05,2024-08-05,540,lag_sensitivity,KPSS,c,level_or_trend_stationarity,,Bartlett_short_bandwidth,False,ok,0.062242951761986076,0.8006655848995685,0.7428,0.4614,0.3475,12,540,False,
1min,2024-08-06,2024-08-06,2024-08-06,540,main,ADF,c,unit_root,12.0,bic,False,ok,-25.09150563256888,0.0,-3.4425405682241816,-2.8669171671779816,-2.5696338432333636,0,539,True,
1min,2024-08-06,2024-08-06,2024-08-06,540,main,PP,c,unit_root,,Bartlett_short_bandwidth,False,ok,-25.207622434833812,0.0,-3.4425405682241816,-2.8669171671779816,-2.5696338432333636,6,539,True,
1min,2024-08-06,2024-08-06,2024-08-06,540,main,KPSS,c,level_or_trend_stationarity,,Bartlett_short_bandwidth,False,ok,0.23717207236914656,0.20601101059840757,0.7428,0.4614,0.3475,6,540,False,
1min,2024-08-06,2024-08-06,2024-08-06,540,trend_sensitivity,ADF,ct,unit_root,12.0,bic,False,ok,-25.112303610142938,0.0,-3.9756648124097875,-3.4186668470500177,-3.131860684671111,0,539,True,
1min,2024-08-06,2024-08-06,2024-08-06,540,trend_sensitivity,PP,ct,unit_root,,Bartlett_short_bandwidth,False,ok,-25.248357400040803,0.0,-3.9756648124097875,-3.4186668470500177,-3.131860684671111,6,539,True,
1min,2024-08-06,2024-08-06,2024-08-06,540,trend_sensitivity,KPSS,ct,level_or_trend_stationarity,,Bartlett_short_bandwidth,False,ok,0.1649974612137276,0.033486771807782124,0.2175,0.1479,0.1193,6,540,True,
1min,2024-08-06,2024-08-06,2024-08-06,540,lag_sensitivity,ADF,c,unit_root,12.0,aic,False,ok,-8.03877010118985,1.8714659961542176e-12,-3.442701754304053,-2.866988120523906,-2.5696716542766693,7,532,True,
1min,2024-08-06,2024-08-06,2024-08-06,540,lag_sensitivity,PP,c,unit_root,,Bartlett_short_bandwidth,False,ok,-25.163187176619598,0.0,-3.4425405682241816,-2.8669171671779816,-2.5696338432333636,12,539,True,
1min,2024-08-06,2024-08-06,2024-08-06,540,lag_sensitivity,KPSS,c,level_or_trend_stationarity,,Bartlett_short_bandwidth,False,ok,0.2286797278881151,0.2185155638058862,0.7428,0.4614,0.3475,12,540,False,
1min,2024-08-07,2024-08-07,2024-08-07,540,main,ADF,c,unit_root,12.0,bic,False,ok,-24.47141455959749,0.0,-3.4425405682241816,-2.8669171671779816,-2.5696338432333636,0,539,True,
1min,2024-08-07,2024-08-07,2024-08-07,540,main,PP,c,unit_root,,Bartlett_short_bandwidth,False,ok,-24.56206943167811,0.0,-3.4425405682241816,-2.8669171671779816,-2.5696338432333636,6,539,True,
1min,2024-08-07,2024-08-07,2024-08-07,540,main,KPSS,c,level_or_trend_stationarity,,Bartlett_short_bandwidth,False,ok,0.07099159944407307,0.746269848016126,0.7428,0.4614,0.3475,6,540,False,
1min,2024-08-07,2024-08-07,2024-08-07,540,trend_sensitivity,ADF,ct,unit_root,12.0,bic,False,ok,-24.454974712614447,0.0,-3.9756648124097875,-3.4186668470500177,-3.131860684671111,0,539,True,
1min,2024-08-07,2024-08-07,2024-08-07,540,trend_sensitivity,PP,ct,unit_root,,Bartlett_short_bandwidth,False,ok,-24.54711766708228,0.0,-3.9756648124097875,-3.4186668470500177,-3.131860684671111,6,539,True,
1min,2024-08-07,2024-08-07,2024-08-07,540,trend_sensitivity,KPSS,ct,level_or_trend_stationarity,,Bartlett_short_bandwidth,False,ok,0.0447376725275064,0.649934912087404,0.2175,0.1479,0.1193,6,540,False,
1min,2024-08-07,2024-08-07,2024-08-07,540,lag_sensitivity,ADF,c,unit_root,12.0,aic,False,ok,-9.543049212687887,2.694431111197009e-16,-3.442701754304053,-2.866988120523906,-2.5696716542766693,7,532,True,
1min,2024-08-07,2024-08-07,2024-08-07,540,lag_sensitivity,PP,c,unit_root,,Bartlett_short_bandwidth,False,ok,-24.84571957486577,0.0,-3.4425405682241816,-2.8669171671779816,-2.5696338432333636,12,539,True,
1min,2024-08-07,2024-08-07,2024-08-07,540,lag_sensitivity,KPSS,c,level_or_trend_stationarity,,Bartlett_short_bandwidth,False,ok,0.08388477830970546,0.6700873375672637,0.7428,0.4614,0.3475,12,540,False,
1min,2024-08-08,2024-08-08,2024-08-08,540,main,ADF,c,unit_root,12.0,bic,False,ok,-25.286534279453907,0.0,-3.4425405682241816,-2.8669171671779816,-2.5696338432333636,0,539,True,
1min,2024-08-08,2024-08-08,2024-08-08,540,main,PP,c,unit_root,,Bartlett_short_bandwidth,False,ok,-25.422892467303935,0.0,-3.4425405682241816,-2.8669171671779816,-2.5696338432333636,6,539,True,
1min,2024-08-08,2024-08-08,2024-08-08,540,main,KPSS,c,level_or_trend_stationarity,,Bartlett_short_bandwidth,False,ok,0.27900620906465307,0.1554101988909864,0.7428,0.4614,0.3475,6,540,False,
1min,2024-08-08,2024-08-08,2024-08-08,540,trend_sensitivity,ADF,ct,unit_root,12.0,bic,False,ok,-25.325772348580085,0.0,-3.9756648124097875,-3.4186668470500177,-3.131860684671111,0,539,True,
1min,2024-08-08,2024-08-08,2024-08-08,540,trend_sensitivity,PP,ct,unit_root,,Bartlett_short_bandwidth,False,ok,-25.485212605281824,0.0,-3.9756648124097875,-3.4186668470500177,-3.131860684671111,6,539,True,
1min,2024-08-08,2024-08-08,2024-08-08,540,trend_sensitivity,KPSS,ct,level_or_trend_stationarity,,Bartlett_short_bandwidth,False,ok,0.07058829684355115,0.34216985479697276,0.2175,0.1479,0.1193,6,540,False,
1min,2024-08-08,2024-08-08,2024-08-08,540,lag_sensitivity,ADF,c,unit_root,12.0,aic,False,ok,-9.36469743388434,7.6558895929155e-16,-3.4427251295084678,-2.8669984098683736,-2.5696771375119254,8,531,True,
1min,2024-08-08,2024-08-08,2024-08-08,540,lag_sensitivity,PP,c,unit_root,,Bartlett_short_bandwidth,False,ok,-25.82014822508534,0.0,-3.4425405682241816,-2.8669171671779816,-2.5696338432333636,12,539,True,
1min,2024-08-08,2024-08-08,2024-08-08,540,lag_sensitivity,KPSS,c,level_or_trend_stationarity,,Bartlett_short_bandwidth,False,ok,0.3317443261112689,0.11090358054583466,0.7428,0.4614,0.3475,12,540,False,
1min,2024-08-09,2024-08-09,2024-08-09,540,main,ADF,c,unit_root,12.0,bic,False,ok,-25.229166488685365,0.0,-3.4425405682241816,-2.8669171671779816,-2.5696338432333636,0,539,True,
1min,2024-08-09,2024-08-09,2024-08-09,540,main,PP,c,unit_root,,Bartlett_short_bandwidth,False,ok,-25.24045309873926,0.0,-3.4425405682241816,-2.8669171671779816,-2.5696338432333636,6,539,True,
1min,2024-08-09,2024-08-09,2024-08-09,540,main,KPSS,c,level_or_trend_stationarity,,Bartlett_short_bandwidth,False,ok,0.12135072521162918,0.49072082153304264,0.7428,0.4614,0.3475,6,540,False,
1min,2024-08-09,2024-08-09,2024-08-09,540,trend_sensitivity,ADF,ct,unit_root,12.0,bic,False,ok,-25.224087055738906,0.0,-3.9756648124097875,-3.4186668470500177,-3.131860684671111,0,539,True,
1min,2024-08-09,2024-08-09,2024-08-09,540,trend_sensitivity,PP,ct,unit_root,,Bartlett_short_bandwidth,False,ok,-25.237118230856893,0.0,-3.9756648124097875,-3.4186668470500177,-3.131860684671111,6,539,True,
1min,2024-08-09,2024-08-09,2024-08-09,540,trend_sensitivity,KPSS,ct,level_or_trend_stationarity,,Bartlett_short_bandwidth,False,ok,0.060048973211354675,0.4476253044164242,0.2175,0.1479,0.1193,6,540,False,
1min,2024-08-09,2024-08-09,2024-08-09,540,lag_sensitivity,ADF,c,unit_root,12.0,aic,False,ok,-25.229166488685365,0.0,-3.4425405682241816,-2.8669171671779816,-2.5696338432333636,0,539,True,
1min,2024-08-09,2024-08-09,2024-08-09,540,lag_sensitivity,PP,c,unit_root,,Bartlett_short_bandwidth,False,ok,-25.208410580889336,0.0,-3.4425405682241816,-2.8669171671779816,-2.5696338432333636,12,539,True,
1min,2024-08-09,2024-08-09,2024-08-09,540,lag_sensitivity,KPSS,c,level_or_trend_stationarity,,Bartlett_short_bandwidth,False,ok,0.11786270606143266,0.5048054673460591,0.7428,0.4614,0.3475,12,540,False,
1min,2024-08-12,2024-08-12,2024-08-12,540,main,ADF,c,unit_root,12.0,bic,False,ok,-25.02413386558547,0.0,-3.4425405682241816,-2.8669171671779816,-2.5696338432333636,0,539,True,
1min,2024-08-12,2024-08-12,2024-08-12,540,main,PP,c,unit_root,,Bartlett_short_bandwidth,False,ok,-25.486372186273666,0.0,-3.4425405682241816,-2.8669171671779816,-2.5696338432333636,6,539,True,
1min,2024-08-12,2024-08-12,2024-08-12,540,main,KPSS,c,level_or_trend_stationarity,,Bartlett_short_bandwidth,False,ok,0.06226712369488542,0.8005152930887952,0.7428,0.4614,0.3475,6,540,False,
1min,2024-08-12,2024-08-12,2024-08-12,540,trend_sensitivity,ADF,ct,unit_root,12.0,bic,False,ok,-25.011185881711434,0.0,-3.9756648124097875,-3.4186668470500177,-3.131860684671111,0,539,True,
1min,2024-08-12,2024-08-12,2024-08-12,540,trend_sensitivity,PP,ct,unit_root,,Bartlett_short_bandwidth,False,ok,-25.476376589804286,0.0,-3.9756648124097875,-3.4186668470500177,-3.131860684671111,6,539,True,
1min,2024-08-12,2024-08-12,2024-08-12,540,trend_sensitivity,KPSS,ct,level_or_trend_stationarity,,Bartlett_short_bandwidth,False,ok,0.036719468100423105,0.7726625293144582,0.2175,0.1479,0.1193,6,540,False,
1min,2024-08-12,2024-08-12,2024-08-12,540,lag_sensitivity,ADF,c,unit_root,12.0,aic,False,ok,-16.077778583395585,5.419597250823634e-29,-3.4425861905056556,-2.8669372502674824,-2.5696445454608505,2,537,True,
1min,2024-08-12,2024-08-12,2024-08-12,540,lag_sensitivity,PP,c,unit_root,,Bartlett_short_bandwidth,False,ok,-25.938937670527487,0.0,-3.4425405682241816,-2.8669171671779816,-2.5696338432333636,12,539,True,
1min,2024-08-12,2024-08-12,2024-08-12,540,lag_sensitivity,KPSS,c,level_or_trend_stationarity,,Bartlett_short_bandwidth,False,ok,0.07295010983225433,0.7342665785984651,0.7428,0.4614,0.3475,12,540,False,
1min,2024-08-13,2024-08-13,2024-08-13,540,main,ADF,c,unit_root,12.0,bic,False,ok,-25.49890374704786,0.0,-3.4425405682241816,-2.8669171671779816,-2.5696338432333636,0,539,True,
1min,2024-08-13,2024-08-13,2024-08-13,540,main,PP,c,unit_root,,Bartlett_short_bandwidth,False,ok,-25.960744526594727,0.0,-3.4425405682241816,-2.8669171671779816,-2.5696338432333636,6,539,True,
1min,2024-08-13,2024-08-13,2024-08-13,540,main,KPSS,c,level_or_trend_stationarity,,Bartlett_short_bandwidth,False,ok,0.04509185404238207,0.9059036911863881,0.7428,0.4614,0.3475,6,540,False,
1min,2024-08-13,2024-08-13,2024-08-13,540,trend_sensitivity,ADF,ct,unit_root,12.0,bic,False,ok,-25.48434774114178,0.0,-3.9756648124097875,-3.4186668470500177,-3.131860684671111,0,539,True,
1min,2024-08-13,2024-08-13,2024-08-13,540,trend_sensitivity,PP,ct,unit_root,,Bartlett_short_bandwidth,False,ok,-25.94747362021304,0.0,-3.9756648124097875,-3.4186668470500177,-3.131860684671111,6,539,True,
1min,2024-08-13,2024-08-13,2024-08-13,540,trend_sensitivity,KPSS,ct,level_or_trend_stationarity,,Bartlett_short_bandwidth,False,ok,0.03375690809260117,0.8179866456970416,0.2175,0.1479,0.1193,6,540,False,
1min,2024-08-13,2024-08-13,2024-08-13,540,lag_sensitivity,ADF,c,unit_root,12.0,aic,False,ok,-9.399427054780341,6.245378380216392e-16,-3.442678467240966,-2.8669778698997543,-2.5696661916864083,6,533,True,
1min,2024-08-13,2024-08-13,2024-08-13,540,lag_sensitivity,PP,c,unit_root,,Bartlett_short_bandwidth,False,ok,-25.94137532108975,0.0,-3.4425405682241816,-2.8669171671779816,-2.5696338432333636,12,539,True,
1min,2024-08-13,2024-08-13,2024-08-13,540,lag_sensitivity,KPSS,c,level_or_trend_stationarity,,Bartlett_short_bandwidth,False,ok,0.04546897252847892,0.9037487284086919,0.7428,0.4614,0.3475,12,540,False,
1min,2024-08-14,2024-08-14,2024-08-14,540,main,ADF,c,unit_root,12.0,bic,False,ok,-24.86937719343724,0.0,-3.4425405682241816,-2.8669171671779816,-2.5696338432333636,0,539,True,
1min,2024-08-14,2024-08-14,2024-08-14,540,main,PP,c,unit_root,,Bartlett_short_bandwidth,False,ok,-24.818055346531654,0.0,-3.4425405682241816,-2.8669171671779816,-2.5696338432333636,6,539,True,
1min,2024-08-14,2024-08-14,2024-08-14,540,main,KPSS,c,level_or_trend_stationarity,,Bartlett_short_bandwidth,False,ok,0.22043416023296283,0.23153709851709423,0.7428,0.4614,0.3475,6,540,False,
1min,2024-08-14,2024-08-14,2024-08-14,540,trend_sensitivity,ADF,ct,unit_root,12.0,bic,False,ok,-24.934856262104837,0.0,-3.9756648124097875,-3.4186668470500177,-3.131860684671111,0,539,True,
1min,2024-08-14,2024-08-14,2024-08-14,540,trend_sensitivity,PP,ct,unit_root,,Bartlett_short_bandwidth,False,ok,-24.885683987317616,0.0,-3.9756648124097875,-3.4186668470500177,-3.131860684671111,6,539,True,
1min,2024-08-14,2024-08-14,2024-08-14,540,trend_sensitivity,KPSS,ct,level_or_trend_stationarity,,Bartlett_short_bandwidth,False,ok,0.052657906326662555,0.5383012773636925,0.2175,0.1479,0.1193,6,540,False,
1min,2024-08-14,2024-08-14,2024-08-14,540,lag_sensitivity,ADF,c,unit_root,12.0,aic,False,ok,-24.86937719343724,0.0,-3.4425405682241816,-2.8669171671779816,-2.5696338432333636,0,539,True,
1min,2024-08-14,2024-08-14,2024-08-14,540,lag_sensitivity,PP,c,unit_root,,Bartlett_short_bandwidth,False,ok,-24.870527396704755,0.0,-3.4425405682241816,-2.8669171671779816,-2.5696338432333636,12,539,True,
1min,2024-08-14,2024-08-14,2024-08-14,540,lag_sensitivity,KPSS,c,level_or_trend_stationarity,,Bartlett_short_bandwidth,False,ok,0.24196278237326976,0.199357246703792,0.7428,0.4614,0.3475,12,540,False,
1min,2024-08-15,2024-08-15,2024-08-15,540,main,ADF,c,unit_root,12.0,bic,False,ok,-23.598771783784706,0.0,-3.4425405682241816,-2.8669171671779816,-2.5696338432333636,0,539,True,
1min,2024-08-15,2024-08-15,2024-08-15,540,main,PP,c,unit_root,,Bartlett_short_bandwidth,False,ok,-23.665639866672233,0.0,-3.4425405682241816,-2.8669171671779816,-2.5696338432333636,6,539,True,
1min,2024-08-15,2024-08-15,2024-08-15,540,main,KPSS,c,level_or_trend_stationarity,,Bartlett_short_bandwidth,False,ok,0.38629961936099344,0.07863225501839934,0.7428,0.4614,0.3475,6,540,False,
1min,2024-08-15,2024-08-15,2024-08-15,540,trend_sensitivity,ADF,ct,unit_root,12.0,bic,False,ok,-23.689989039326953,0.0,-3.9756648124097875,-3.4186668470500177,-3.131860684671111,0,539,True,
1min,2024-08-15,2024-08-15,2024-08-15,540,trend_sensitivity,PP,ct,unit_root,,Bartlett_short_bandwidth,False,ok,-23.785125554048303,0.0,-3.9756648124097875,-3.4186668470500177,-3.131860684671111,6,539,True,
1min,2024-08-15,2024-08-15,2024-08-15,540,trend_sensitivity,KPSS,ct,level_or_trend_stationarity,,Bartlett_short_bandwidth,False,ok,0.04877151167066069,0.5919091394791531,0.2175,0.1479,0.1193,6,540,False,
1min,2024-08-15,2024-08-15,2024-08-15,540,lag_sensitivity,ADF,c,unit_root,12.0,aic,False,ok,-23.598771783784706,0.0,-3.4425405682241816,-2.8669171671779816,-2.5696338432333636,0,539,True,
1min,2024-08-15,2024-08-15,2024-08-15,540,lag_sensitivity,PP,c,unit_root,,Bartlett_short_bandwidth,False,ok,-23.669296430941984,0.0,-3.4425405682241816,-2.8669171671779816,-2.5696338432333636,12,539,True,
1min,2024-08-15,2024-08-15,2024-08-15,540,lag_sensitivity,KPSS,c,level_or_trend_stationarity,,Bartlett_short_bandwidth,False,ok,0.3881371758620934,0.07776548308391822,0.7428,0.4614,0.3475,12,540,False,
1min,2024-08-16,2024-08-16,2024-08-16,540,main,ADF,c,unit_root,12.0,bic,False,ok,-22.517101991969618,0.0,-3.4425405682241816,-2.8669171671779816,-2.5696338432333636,0,539,True,
1min,2024-08-16,2024-08-16,2024-08-16,540,main,PP,c,unit_root,,Bartlett_short_bandwidth,False,ok,-22.58233368242275,0.0,-3.4425405682241816,-2.8669171671779816,-2.5696338432333636,6,539,True,
1min,2024-08-16,2024-08-16,2024-08-16,540,main,KPSS,c,level_or_trend_stationarity,,Bartlett_short_bandwidth,False,ok,0.14405463040046906,0.4089274666651632,0.7428,0.4614,0.3475,6,540,False,
1min,2024-08-16,2024-08-16,2024-08-16,540,trend_sensitivity,ADF,ct,unit_root,12.0,bic,False,ok,-22.504539312961104,0.0,-3.9756648124097875,-3.4186668470500177,-3.131860684671111,0,539,True,
1min,2024-08-16,2024-08-16,2024-08-16,540,trend_sensitivity,PP,ct,unit_root,,Bartlett_short_bandwidth,False,ok,-22.56902428916266,0.0,-3.9756648124097875,-3.4186668470500177,-3.131860684671111,6,539,True,
1min,2024-08-16,2024-08-16,2024-08-16,540,trend_sensitivity,KPSS,ct,level_or_trend_stationarity,,Bartlett_short_bandwidth,False,ok,0.10978515241135714,0.1268220889956221,0.2175,0.1479,0.1193,6,540,False,
1min,2024-08-16,2024-08-16,2024-08-16,540,lag_sensitivity,ADF,c,unit_root,12.0,aic,False,ok,-22.517101991969618,0.0,-3.4425405682241816,-2.8669171671779816,-2.5696338432333636,0,539,True,
1min,2024-08-16,2024-08-16,2024-08-16,540,lag_sensitivity,PP,c,unit_root,,Bartlett_short_bandwidth,False,ok,-22.63072316795024,0.0,-3.4425405682241816,-2.8669171671779816,-2.5696338432333636,12,539,True,
1min,2024-08-16,2024-08-16,2024-08-16,540,lag_sensitivity,KPSS,c,level_or_trend_stationarity,,Bartlett_short_bandwidth,False,ok,0.15003164183725184,0.3901439231034171,0.7428,0.4614,0.3475,12,540,False,
1min,2024-08-19,2024-08-19,2024-08-19,540,main,ADF,c,unit_root,12.0,bic,False,ok,-23.838157785880522,0.0,-3.4425405682241816,-2.8669171671779816,-2.5696338432333636,0,539,True,
1min,2024-08-19,2024-08-19,2024-08-19,540,main,PP,c,unit_root,,Bartlett_short_bandwidth,False,ok,-23.84980990480689,0.0,-3.4425405682241816,-2.8669171671779816,-2.5696338432333636,6,539,True,
1min,2024-08-19,2024-08-19,2024-08-19,540,main,KPSS,c,level_or_trend_stationarity,,Bartlett_short_bandwidth,False,ok,0.26695222848642136,0.16828589020797532,0.7428,0.4614,0.3475,6,540,False,
1min,2024-08-19,2024-08-19,2024-08-19,540,trend_sensitivity,ADF,ct,unit_root,12.0,bic,False,ok,-23.87112510529353,0.0,-3.9756648124097875,-3.4186668470500177,-3.131860684671111,0,539,True,
1min,2024-08-19,2024-08-19,2024-08-19,540,trend_sensitivity,PP,ct,unit_root,,Bartlett_short_bandwidth,False,ok,-23.88884040905916,0.0,-3.9756648124097875,-3.4186668470500177,-3.131860684671111,6,539,True,
1min,2024-08-19,2024-08-19,2024-08-19,540,trend_sensitivity,KPSS,ct,level_or_trend_stationarity,,Bartlett_short_bandwidth,False,ok,0.04705048028995867,0.615923530837786,0.2175,0.1479,0.1193,6,540,False,
1min,2024-08-19,2024-08-19,2024-08-19,540,lag_sensitivity,ADF,c,unit_root,12.0,aic,False,ok,-23.838157785880522,0.0,-3.4425405682241816,-2.8669171671779816,-2.5696338432333636,0,539,True,
1min,2024-08-19,2024-08-19,2024-08-19,540,lag_sensitivity,PP,c,unit_root,,Bartlett_short_bandwidth,False,ok,-23.848533246215798,0.0,-3.4425405682241816,-2.8669171671779816,-2.5696338432333636,12,539,True,
1min,2024-08-19,2024-08-19,2024-08-19,540,lag_sensitivity,KPSS,c,level_or_trend_stationarity,,Bartlett_short_bandwidth,False,ok,0.26963108572746264,0.16519490108369694,0.7428,0.4614,0.3475,12,540,False,
1min,2024-08-20,2024-08-20,2024-08-20,540,main,ADF,c,unit_root,12.0,bic,False,ok,-23.135277215339272,0.0,-3.4425405682241816,-2.8669171671779816,-2.5696338432333636,0,539,True,
1min,2024-08-20,2024-08-20,2024-08-20,540,main,PP,c,unit_root,,Bartlett_short_bandwidth,False,ok,-23.270673690286035,0.0,-3.4425405682241816,-2.8669171671779816,-2.5696338432333636,6,539,True,
1min,2024-08-20,2024-08-20,2024-08-20,540,main,KPSS,c,level_or_trend_stationarity,,Bartlett_short_bandwidth,False,ok,0.08687797527072223,0.6537564985233333,0.7428,0.4614,0.3475,6,540,False,
1min,2024-08-20,2024-08-20,2024-08-20,540,trend_sensitivity,ADF,ct,unit_root,12.0,bic,False,ok,-23.128304928241803,0.0,-3.9756648124097875,-3.4186668470500177,-3.131860684671111,0,539,True,
1min,2024-08-20,2024-08-20,2024-08-20,540,trend_sensitivity,PP,ct,unit_root,,Bartlett_short_bandwidth,False,ok,-23.269896723702505,0.0,-3.9756648124097875,-3.4186668470500177,-3.131860684671111,6,539,True,
1min,2024-08-20,2024-08-20,2024-08-20,540,trend_sensitivity,KPSS,ct,level_or_trend_stationarity,,Bartlett_short_bandwidth,False,ok,0.06379686148322848,0.4072738467252226,0.2175,0.1479,0.1193,6,540,False,
1min,2024-08-20,2024-08-20,2024-08-20,540,lag_sensitivity,ADF,c,unit_root,12.0,aic,False,ok,-23.135277215339272,0.0,-3.4425405682241816,-2.8669171671779816,-2.5696338432333636,0,539,True,
1min,2024-08-20,2024-08-20,2024-08-20,540,lag_sensitivity,PP,c,unit_root,,Bartlett_short_bandwidth,False,ok,-23.38398072541908,0.0,-3.4425405682241816,-2.8669171671779816,-2.5696338432333636,12,539,True,
1min,2024-08-20,2024-08-20,2024-08-20,540,lag_sensitivity,KPSS,c,level_or_trend_stationarity,,Bartlett_short_bandwidth,False,ok,0.09304670800989441,0.6206026169686468,0.7428,0.4614,0.3475,12,540,False,
1min,2024-08-21,2024-08-21,2024-08-21,540,main,ADF,c,unit_root,12.0,bic,False,ok,-23.74056476109853,0.0,-3.4425405682241816,-2.8669171671779816,-2.5696338432333636,0,539,True,
1min,2024-08-21,2024-08-21,2024-08-21,540,main,PP,c,unit_root,,Bartlett_short_bandwidth,False,ok,-23.742031274853407,0.0,-3.4425405682241816,-2.8669171671779816,-2.5696338432333636,6,539,True,
1min,2024-08-21,2024-08-21,2024-08-21,540,main,KPSS,c,level_or_trend_stationarity,,Bartlett_short_bandwidth,False,ok,0.056833905839248376,0.8342969585124453,0.7428,0.4614,0.3475,6,540,False,
1min,2024-08-21,2024-08-21,2024-08-21,540,trend_sensitivity,ADF,ct,unit_root,12.0,bic,False,ok,-23.726347887114045,0.0,-3.9756648124097875,-3.4186668470500177,-3.131860684671111,0,539,True,
1min,2024-08-21,2024-08-21,2024-08-21,540,trend_sensitivity,PP,ct,unit_root,,Bartlett_short_bandwidth,False,ok,-23.728322718538166,0.0,-3.9756648124097875,-3.4186668470500177,-3.131860684671111,6,539,True,
1min,2024-08-21,2024-08-21,2024-08-21,540,trend_sensitivity,KPSS,ct,level_or_trend_stationarity,,Bartlett_short_bandwidth,False,ok,0.025549431806833736,0.9283396465907363,0.2175,0.1479,0.1193,6,540,False,
1min,2024-08-21,2024-08-21,2024-08-21,540,lag_sensitivity,ADF,c,unit_root,12.0,aic,False,ok,-23.74056476109853,0.0,-3.4425405682241816,-2.8669171671779816,-2.5696338432333636,0,539,True,
1min,2024-08-21,2024-08-21,2024-08-21,540,lag_sensitivity,PP,c,unit_root,,Bartlett_short_bandwidth,False,ok,-23.7834207089924,0.0,-3.4425405682241816,-2.8669171671779816,-2.5696338432333636,12,539,True,
1min,2024-08-21,2024-08-21,2024-08-21,540,lag_sensitivity,KPSS,c,level_or_trend_stationarity,,Bartlett_short_bandwidth,False,ok,0.0682927493619139,0.7630502630347322,0.7428,0.4614,0.3475,12,540,False,
1min,2024-08-22,2024-08-22,2024-08-22,540,main,ADF,c,unit_root,12.0,bic,False,ok,-23.504936861780656,0.0,-3.4425405682241816,-2.8669171671779816,-2.5696338432333636,0,539,True,
1min,2024-08-22,2024-08-22,2024-08-22,540,main,PP,c,unit_root,,Bartlett_short_bandwidth,False,ok,-23.508153458313373,0.0,-3.4425405682241816,-2.8669171671779816,-2.5696338432333636,6,539,True,
1min,2024-08-22,2024-08-22,2024-08-22,540,main,KPSS,c,level_or_trend_stationarity,,Bartlett_short_bandwidth,False,ok,0.44501065533543577,0.055134256780884225,0.7428,0.4614,0.3475,6,540,False,
1min,2024-08-22,2024-08-22,2024-08-22,540,trend_sensitivity,ADF,ct,unit_root,12.0,bic,False,ok,-23.626008975591173,0.0,-3.9756648124097875,-3.4186668470500177,-3.131860684671111,0,539,True,
1min,2024-08-22,2024-08-22,2024-08-22,540,trend_sensitivity,PP,ct,unit_root,,Bartlett_short_bandwidth,False,ok,-23.64125140682846,0.0,-3.9756648124097875,-3.4186668470500177,-3.131860684671111,6,539,True,
1min,2024-08-22,2024-08-22,2024-08-22,540,trend_sensitivity,KPSS,ct,level_or_trend_stationarity,,Bartlett_short_bandwidth,False,ok,0.021697244291117433,0.9650196836348754,0.2175,0.1479,0.1193,6,540,False,
1min,2024-08-22,2024-08-22,2024-08-22,540,lag_sensitivity,ADF,c,unit_root,12.0,aic,False,ok,-23.504936861780656,0.0,-3.4425405682241816,-2.8669171671779816,-2.5696338432333636,0,539,True,
1min,2024-08-22,2024-08-22,2024-08-22,540,lag_sensitivity,PP,c,unit_root,,Bartlett_short_bandwidth,False,ok,-23.51588159141164,0.0,-3.4425405682241816,-2.8669171671779816,-2.5696338432333636,12,539,True,
1min,2024-08-22,2024-08-22,2024-08-22,540,lag_sensitivity,KPSS,c,level_or_trend_stationarity,,Bartlett_short_bandwidth,False,ok,0.46132232596914985,0.05002427313464066,0.7428,0.4614,0.3475,12,540,False,
1min,2024-08-23,2024-08-23,2024-08-23,540,main,ADF,c,unit_root,12.0,bic,False,ok,-22.65997707962282,0.0,-3.4425405682241816,-2.8669171671779816,-2.5696338432333636,0,539,True,
1min,2024-08-23,2024-08-23,2024-08-23,540,main,PP,c,unit_root,,Bartlett_short_bandwidth,False,ok,-22.709987905555415,0.0,-3.4425405682241816,-2.8669171671779816,-2.5696338432333636,6,539,True,
1min,2024-08-23,2024-08-23,2024-08-23,540,main,KPSS,c,level_or_trend_stationarity,,Bartlett_short_bandwidth,False,ok,0.1447655100736901,0.4066490061740702,0.7428,0.4614,0.3475,6,540,False,
1min,2024-08-23,2024-08-23,2024-08-23,540,trend_sensitivity,ADF,ct,unit_root,12.0,bic,False,ok,-22.6726097547218,0.0,-3.9756648124097875,-3.4186668470500177,-3.131860684671111,0,539,True,
1min,2024-08-23,2024-08-23,2024-08-23,540,trend_sensitivity,PP,ct,unit_root,,Bartlett_short_bandwidth,False,ok,-22.716248295776893,0.0,-3.9756648124097875,-3.4186668470500177,-3.131860684671111,6,539,True,
1min,2024-08-23,2024-08-23,2024-08-23,540,trend_sensitivity,KPSS,ct,level_or_trend_stationarity,,Bartlett_short_bandwidth,False,ok,0.024954275775441567,0.9347756166916974,0.2175,0.1479,0.1193,6,540,False,
1min,2024-08-23,2024-08-23,2024-08-23,540,lag_sensitivity,ADF,c,unit_root,12.0,aic,False,ok,-9.864696329601516,4.143790519652096e-17,-3.442678467240966,-2.8669778698997543,-2.5696661916864083,6,533,True,
1min,2024-08-23,2024-08-23,2024-08-23,540,lag_sensitivity,PP,c,unit_root,,Bartlett_short_bandwidth,False,ok,-22.661459488461738,0.0,-3.4425405682241816,-2.8669171671779816,-2.5696338432333636,12,539,True,
1min,2024-08-23,2024-08-23,2024-08-23,540,lag_sensitivity,KPSS,c,level_or_trend_stationarity,,Bartlett_short_bandwidth,False,ok,0.17507040875567106,0.3218424021321438,0.7428,0.4614,0.3475,12,540,False,
1min,2024-08-26,2024-08-26,2024-08-26,540,main,ADF,c,unit_root,12.0,bic,False,ok,-21.578423483462025,0.0,-3.4425405682241816,-2.8669171671779816,-2.5696338432333636,0,539,True,
1min,2024-08-26,2024-08-26,2024-08-26,540,main,PP,c,unit_root,,Bartlett_short_bandwidth,False,ok,-21.565589511216764,0.0,-3.4425405682241816,-2.8669171671779816,-2.5696338432333636,6,539,True,
1min,2024-08-26,2024-08-26,2024-08-26,540,main,KPSS,c,level_or_trend_stationarity,,Bartlett_short_bandwidth,False,ok,0.03688554350500531,0.9486183378790066,0.7428,0.4614,0.3475,6,540,False,
1min,2024-08-26,2024-08-26,2024-08-26,540,trend_sensitivity,ADF,ct,unit_root,12.0,bic,False,ok,-21.563335005324326,0.0,-3.9756648124097875,-3.4186668470500177,-3.131860684671111,0,539,True,
1min,2024-08-26,2024-08-26,2024-08-26,540,trend_sensitivity,PP,ct,unit_root,,Bartlett_short_bandwidth,False,ok,-21.55040265094547,0.0,-3.9756648124097875,-3.4186668470500177,-3.131860684671111,6,539,True,
1min,2024-08-26,2024-08-26,2024-08-26,540,trend_sensitivity,KPSS,ct,level_or_trend_stationarity,,Bartlett_short_bandwidth,False,ok,0.026425530047120803,0.9186052216986578,0.2175,0.1479,0.1193,6,540,False,
1min,2024-08-26,2024-08-26,2024-08-26,540,lag_sensitivity,ADF,c,unit_root,12.0,aic,False,ok,-21.578423483462025,0.0,-3.4425405682241816,-2.8669171671779816,-2.5696338432333636,0,539,True,
1min,2024-08-26,2024-08-26,2024-08-26,540,lag_sensitivity,PP,c,unit_root,,Bartlett_short_bandwidth,False,ok,-21.555424545618084,0.0,-3.4425405682241816,-2.8669171671779816,-2.5696338432333636,12,539,True,
1min,2024-08-26,2024-08-26,2024-08-26,540,lag_sensitivity,KPSS,c,level_or_trend_stationarity,,Bartlett_short_bandwidth,False,ok,0.03708511923250607,0.9476526488749707,0.7428,0.4614,0.3475,12,540,False,
1min,2024-08-27,2024-08-27,2024-08-27,540,main,ADF,c,unit_root,12.0,bic,False,ok,-26.8519072814402,0.0,-3.4425405682241816,-2.8669171671779816,-2.5696338432333636,0,539,True,
1min,2024-08-27,2024-08-27,2024-08-27,540,main,PP,c,unit_root,,Bartlett_short_bandwidth,False,ok,-27.128057183816004,0.0,-3.4425405682241816,-2.8669171671779816,-2.5696338432333636,6,539,True,
1min,2024-08-27,2024-08-27,2024-08-27,540,main,KPSS,c,level_or_trend_stationarity,,Bartlett_short_bandwidth,False,ok,0.04259951569778593,0.9197393910642846,0.7428,0.4614,0.3475,6,540,False,
1min,2024-08-27,2024-08-27,2024-08-27,540,trend_sensitivity,ADF,ct,unit_root,12.0,bic,False,ok,-26.82749526167674,0.0,-3.9756648124097875,-3.4186668470500177,-3.131860684671111,0,539,True,
1min,2024-08-27,2024-08-27,2024-08-27,540,trend_sensitivity,PP,ct,unit_root,,Bartlett_short_bandwidth,False,ok,-27.103030679832823,0.0,-3.9756648124097875,-3.4186668470500177,-3.131860684671111,6,539,True,
1min,2024-08-27,2024-08-27,2024-08-27,540,trend_sensitivity,KPSS,ct,level_or_trend_stationarity,,Bartlett_short_bandwidth,False,ok,0.04081923814461634,0.7093944730769083,0.2175,0.1479,0.1193,6,540,False,
1min,2024-08-27,2024-08-27,2024-08-27,540,lag_sensitivity,ADF,c,unit_root,12.0,aic,False,ok,-8.168904429212592,8.730123398282323e-13,-3.442819521824351,-2.8670399588708047,-2.5696992792614384,12,527,True,
1min,2024-08-27,2024-08-27,2024-08-27,540,lag_sensitivity,PP,c,unit_root,,Bartlett_short_bandwidth,False,ok,-27.43547504889411,0.0,-3.4425405682241816,-2.8669171671779816,-2.5696338432333636,12,539,True,
1min,2024-08-27,2024-08-27,2024-08-27,540,lag_sensitivity,KPSS,c,level_or_trend_stationarity,,Bartlett_short_bandwidth,False,ok,0.04792633403574598,0.8893119839910335,0.7428,0.4614,0.3475,12,540,False,
1min,2024-08-28,2024-08-28,2024-08-28,540,main,ADF,c,unit_root,12.0,bic,False,ok,-21.716025299319714,0.0,-3.4425405682241816,-2.8669171671779816,-2.5696338432333636,0,539,True,
1min,2024-08-28,2024-08-28,2024-08-28,540,main,PP,c,unit_root,,Bartlett_short_bandwidth,False,ok,-21.70636176671162,0.0,-3.4425405682241816,-2.8669171671779816,-2.5696338432333636,6,539,True,
1min,2024-08-28,2024-08-28,2024-08-28,540,main,KPSS,c,level_or_trend_stationarity,,Bartlett_short_bandwidth,False,ok,0.06087237390416663,0.8091873125129535,0.7428,0.4614,0.3475,6,540,False,
1min,2024-08-28,2024-08-28,2024-08-28,540,trend_sensitivity,ADF,ct,unit_root,12.0,bic,False,ok,-21.69791705753962,0.0,-3.9756648124097875,-3.4186668470500177,-3.131860684671111,0,539,True,
1min,2024-08-28,2024-08-28,2024-08-28,540,trend_sensitivity,PP,ct,unit_root,,Bartlett_short_bandwidth,False,ok,-21.687762444778937,0.0,-3.9756648124097875,-3.4186668470500177,-3.131860684671111,6,539,True,
1min,2024-08-28,2024-08-28,2024-08-28,540,trend_sensitivity,KPSS,ct,level_or_trend_stationarity,,Bartlett_short_bandwidth,False,ok,0.04842581822820863,0.5967327689087168,0.2175,0.1479,0.1193,6,540,False,
1min,2024-08-28,2024-08-28,2024-08-28,540,lag_sensitivity,ADF,c,unit_root,12.0,aic,False,ok,-21.716025299319714,0.0,-3.4425405682241816,-2.8669171671779816,-2.5696338432333636,0,539,True,
1min,2024-08-28,2024-08-28,2024-08-28,540,lag_sensitivity,PP,c,unit_root,,Bartlett_short_bandwidth,False,ok,-21.6754337778827,0.0,-3.4425405682241816,-2.8669171671779816,-2.5696338432333636,12,539,True,
1min,2024-08-28,2024-08-28,2024-08-28,540,lag_sensitivity,KPSS,c,level_or_trend_stationarity,,Bartlett_short_bandwidth,False,ok,0.06547778550178017,0.7805526290044756,0.7428,0.4614,0.3475,12,540,False,
1min,2024-08-29,2024-08-29,2024-08-29,540,main,ADF,c,unit_root,12.0,bic,False,ok,-24.97288454076908,0.0,-3.4425405682241816,-2.8669171671779816,-2.5696338432333636,0,539,True,
1min,2024-08-29,2024-08-29,2024-08-29,540,main,PP,c,unit_root,,Bartlett_short_bandwidth,False,ok,-25.187722110516454,0.0,-3.4425405682241816,-2.8669171671779816,-2.5696338432333636,6,539,True,
1min,2024-08-29,2024-08-29,2024-08-29,540,main,KPSS,c,level_or_trend_stationarity,,Bartlett_short_bandwidth,False,ok,0.4433674078803026,0.055700893834378415,0.7428,0.4614,0.3475,6,540,False,
1min,2024-08-29,2024-08-29,2024-08-29,540,trend_sensitivity,ADF,ct,unit_root,12.0,bic,False,ok,-25.056321293704343,0.0,-3.9756648124097875,-3.4186668470500177,-3.131860684671111,0,539,True,
1min,2024-08-29,2024-08-29,2024-08-29,540,trend_sensitivity,PP,ct,unit_root,,Bartlett_short_bandwidth,False,ok,-25.33401109506093,0.0,-3.9756648124097875,-3.4186668470500177,-3.131860684671111,6,539,True,
1min,2024-08-29,2024-08-29,2024-08-29,540,trend_sensitivity,KPSS,ct,level_or_trend_stationarity,,Bartlett_short_bandwidth,False,ok,0.135126092947429,0.06802243072995323,0.2175,0.1479,0.1193,6,540,False,
1min,2024-08-29,2024-08-29,2024-08-29,540,lag_sensitivity,ADF,c,unit_root,12.0,aic,False,ok,-24.97288454076908,0.0,-3.4425405682241816,-2.8669171671779816,-2.5696338432333636,0,539,True,
1min,2024-08-29,2024-08-29,2024-08-29,540,lag_sensitivity,PP,c,unit_root,,Bartlett_short_bandwidth,False,ok,-25.32524047930561,0.0,-3.4425405682241816,-2.8669171671779816,-2.5696338432333636,12,539,True,
1min,2024-08-29,2024-08-29,2024-08-29,540,lag_sensitivity,KPSS,c,level_or_trend_stationarity,,Bartlett_short_bandwidth,False,ok,0.47873305881001754,0.04515836346088895,0.7428,0.4614,0.3475,12,540,True,
1min,2024-08-30,2024-08-30,2024-08-30,540,main,ADF,c,unit_root,12.0,bic,False,ok,-22.562443372597613,0.0,-3.4425405682241816,-2.8669171671779816,-2.5696338432333636,0,539,True,
1min,2024-08-30,2024-08-30,2024-08-30,540,main,PP,c,unit_root,,Bartlett_short_bandwidth,False,ok,-22.597110462383355,0.0,-3.4425405682241816,-2.8669171671779816,-2.5696338432333636,6,539,True,
1min,2024-08-30,2024-08-30,2024-08-30,540,main,KPSS,c,level_or_trend_stationarity,,Bartlett_short_bandwidth,False,ok,0.31554785425691206,0.12255409685614053,0.7428,0.4614,0.3475,6,540,False,
1min,2024-08-30,2024-08-30,2024-08-30,540,trend_sensitivity,ADF,ct,unit_root,12.0,bic,False,ok,-22.626464334404776,0.0,-3.9756648124097875,-3.4186668470500177,-3.131860684671111,0,539,True,
1min,2024-08-30,2024-08-30,2024-08-30,540,trend_sensitivity,PP,ct,unit_root,,Bartlett_short_bandwidth,False,ok,-22.681625960485857,0.0,-3.9756648124097875,-3.4186668470500177,-3.131860684671111,6,539,True,
1min,2024-08-30,2024-08-30,2024-08-30,540,trend_sensitivity,KPSS,ct,level_or_trend_stationarity,,Bartlett_short_bandwidth,False,ok,0.10173005630757796,0.15498091959404545,0.2175,0.1479,0.1193,6,540,False,
1min,2024-08-30,2024-08-30,2024-08-30,540,lag_sensitivity,ADF,c,unit_root,12.0,aic,False,ok,-22.562443372597613,0.0,-3.4425405682241816,-2.8669171671779816,-2.5696338432333636,0,539,True,
1min,2024-08-30,2024-08-30,2024-08-30,540,lag_sensitivity,PP,c,unit_root,,Bartlett_short_bandwidth,False,ok,-22.55956138196432,0.0,-3.4425405682241816,-2.8669171671779816,-2.5696338432333636,12,539,True,
1min,2024-08-30,2024-08-30,2024-08-30,540,lag_sensitivity,KPSS,c,level_or_trend_stationarity,,Bartlett_short_bandwidth,False,ok,0.29069919928782956,0.14381028639254329,0.7428,0.4614,0.3475,12,540,False,
1min,2024-09-02,2024-09-02,2024-09-02,540,main,ADF,c,unit_root,12.0,bic,False,ok,-24.738057094317977,0.0,-3.4425405682241816,-2.8669171671779816,-2.5696338432333636,0,539,True,
1min,2024-09-02,2024-09-02,2024-09-02,540,main,PP,c,unit_root,,Bartlett_short_bandwidth,False,ok,-24.75940397201305,0.0,-3.4425405682241816,-2.8669171671779816,-2.5696338432333636,6,539,True,
1min,2024-09-02,2024-09-02,2024-09-02,540,main,KPSS,c,level_or_trend_stationarity,,Bartlett_short_bandwidth,False,ok,0.19271273487441837,0.2825260960118758,0.7428,0.4614,0.3475,6,540,False,
1min,2024-09-02,2024-09-02,2024-09-02,540,trend_sensitivity,ADF,ct,unit_root,12.0,bic,False,ok,-24.742122683083625,0.0,-3.9756648124097875,-3.4186668470500177,-3.131860684671111,0,539,True,
1min,2024-09-02,2024-09-02,2024-09-02,540,trend_sensitivity,PP,ct,unit_root,,Bartlett_short_bandwidth,False,ok,-24.770148233152575,0.0,-3.9756648124097875,-3.4186668470500177,-3.131860684671111,6,539,True,
1min,2024-09-02,2024-09-02,2024-09-02,540,trend_sensitivity,KPSS,ct,level_or_trend_stationarity,,Bartlett_short_bandwidth,False,ok,0.09992754343393125,0.16203645071581363,0.2175,0.1479,0.1193,6,540,False,
1min,2024-09-02,2024-09-02,2024-09-02,540,lag_sensitivity,ADF,c,unit_root,12.0,aic,False,ok,-9.952928976396858,2.4870946250447777e-17,-3.4426552678216003,-2.8669676577777548,-2.569660749624767,5,534,True,
1min,2024-09-02,2024-09-02,2024-09-02,540,lag_sensitivity,PP,c,unit_root,,Bartlett_short_bandwidth,False,ok,-24.925034395427478,0.0,-3.4425405682241816,-2.8669171671779816,-2.5696338432333636,12,539,True,
1min,2024-09-02,2024-09-02,2024-09-02,540,lag_sensitivity,KPSS,c,level_or_trend_stationarity,,Bartlett_short_bandwidth,False,ok,0.22178774487552244,0.2293059150403476,0.7428,0.4614,0.3475,12,540,False,
1min,2024-09-03,2024-09-03,2024-09-03,540,main,ADF,c,unit_root,12.0,bic,False,ok,-23.027234640514532,0.0,-3.4425405682241816,-2.8669171671779816,-2.5696338432333636,0,539,True,
1min,2024-09-03,2024-09-03,2024-09-03,540,main,PP,c,unit_root,,Bartlett_short_bandwidth,False,ok,-23.026733637218232,0.0,-3.4425405682241816,-2.8669171671779816,-2.5696338432333636,6,539,True,
1min,2024-09-03,2024-09-03,2024-09-03,540,main,KPSS,c,level_or_trend_stationarity,,Bartlett_short_bandwidth,False,ok,0.03141387968622991,0.971331449357828,0.7428,0.4614,0.3475,6,540,False,
1min,2024-09-03,2024-09-03,2024-09-03,540,trend_sensitivity,ADF,ct,unit_root,12.0,bic,False,ok,-23.00543522943056,0.0,-3.9756648124097875,-3.4186668470500177,-3.131860684671111,0,539,True,
1min,2024-09-03,2024-09-03,2024-09-03,540,trend_sensitivity,PP,ct,unit_root,,Bartlett_short_bandwidth,False,ok,-23.004746271082713,0.0,-3.9756648124097875,-3.4186668470500177,-3.131860684671111,6,539,True,
1min,2024-09-03,2024-09-03,2024-09-03,540,trend_sensitivity,KPSS,ct,level_or_trend_stationarity,,Bartlett_short_bandwidth,False,ok,0.03170116539804919,0.8482181559110414,0.2175,0.1479,0.1193,6,540,False,
1min,2024-09-03,2024-09-03,2024-09-03,540,lag_sensitivity,ADF,c,unit_root,12.0,aic,False,ok,-10.61078205750146,5.841619265824864e-19,-3.442609129942274,-2.866947348175723,-2.569649926626197,3,536,True,
1min,2024-09-03,2024-09-03,2024-09-03,540,lag_sensitivity,PP,c,unit_root,,Bartlett_short_bandwidth,False,ok,-23.026726845339283,0.0,-3.4425405682241816,-2.8669171671779816,-2.5696338432333636,12,539,True,
1min,2024-09-03,2024-09-03,2024-09-03,540,lag_sensitivity,KPSS,c,level_or_trend_stationarity,,Bartlett_short_bandwidth,False,ok,0.031051371987945477,0.9725814759036363,0.7428,0.4614,0.3475,12,540,False,
1min,2024-09-04,2024-09-04,2024-09-04,540,main,ADF,c,unit_root,12.0,bic,False,ok,-21.442794755270658,0.0,-3.4425405682241816,-2.8669171671779816,-2.5696338432333636,0,539,True,
1min,2024-09-04,2024-09-04,2024-09-04,540,main,PP,c,unit_root,,Bartlett_short_bandwidth,False,ok,-21.388744230136187,0.0,-3.4425405682241816,-2.8669171671779816,-2.5696338432333636,6,539,True,
1min,2024-09-04,2024-09-04,2024-09-04,540,main,KPSS,c,level_or_trend_stationarity,,Bartlett_short_bandwidth,False,ok,0.7655491112888966,0.008823155127882239,0.7428,0.4614,0.3475,6,540,True,
1min,2024-09-04,2024-09-04,2024-09-04,540,trend_sensitivity,ADF,ct,unit_root,12.0,bic,False,ok,-21.682917392746198,0.0,-3.9756648124097875,-3.4186668470500177,-3.131860684671111,0,539,True,
1min,2024-09-04,2024-09-04,2024-09-04,540,trend_sensitivity,PP,ct,unit_root,,Bartlett_short_bandwidth,False,ok,-21.642193661641652,0.0,-3.9756648124097875,-3.4186668470500177,-3.131860684671111,6,539,True,
1min,2024-09-04,2024-09-04,2024-09-04,540,trend_sensitivity,KPSS,ct,level_or_trend_stationarity,,Bartlett_short_bandwidth,False,ok,0.15283565430213672,0.044464345697863276,0.2175,0.1479,0.1193,6,540,True,
1min,2024-09-04,2024-09-04,2024-09-04,540,lag_sensitivity,ADF,c,unit_root,12.0,aic,False,ok,-7.495601776733532,4.388177752310917e-11,-3.442678467240966,-2.8669778698997543,-2.5696661916864083,6,533,True,
1min,2024-09-04,2024-09-04,2024-09-04,540,lag_sensitivity,PP,c,unit_root,,Bartlett_short_bandwidth,False,ok,-21.459995346014587,0.0,-3.4425405682241816,-2.8669171671779816,-2.5696338432333636,12,539,True,
1min,2024-09-04,2024-09-04,2024-09-04,540,lag_sensitivity,KPSS,c,level_or_trend_stationarity,,Bartlett_short_bandwidth,False,ok,0.6717329747749367,0.014907943731012663,0.7428,0.4614,0.3475,12,540,True,
1min,2024-09-05,2024-09-05,2024-09-05,540,main,ADF,c,unit_root,12.0,bic,False,ok,-27.116200143463548,0.0,-3.4425405682241816,-2.8669171671779816,-2.5696338432333636,0,539,True,
1min,2024-09-05,2024-09-05,2024-09-05,540,main,PP,c,unit_root,,Bartlett_short_bandwidth,False,ok,-27.241351555264977,0.0,-3.4425405682241816,-2.8669171671779816,-2.5696338432333636,6,539,True,
1min,2024-09-05,2024-09-05,2024-09-05,540,main,KPSS,c,level_or_trend_stationarity,,Bartlett_short_bandwidth,False,ok,0.22006972765724514,0.2321378115539915,0.7428,0.4614,0.3475,6,540,False,
1min,2024-09-05,2024-09-05,2024-09-05,540,trend_sensitivity,ADF,ct,unit_root,12.0,bic,False,ok,-27.12398450863594,0.0,-3.9756648124097875,-3.4186668470500177,-3.131860684671111,0,539,True,
1min,2024-09-05,2024-09-05,2024-09-05,540,trend_sensitivity,PP,ct,unit_root,,Bartlett_short_bandwidth,False,ok,-27.25937483969625,0.0,-3.9756648124097875,-3.4186668470500177,-3.131860684671111,6,539,True,
1min,2024-09-05,2024-09-05,2024-09-05,540,trend_sensitivity,KPSS,ct,level_or_trend_stationarity,,Bartlett_short_bandwidth,False,ok,0.08167966413686459,0.2572092128492098,0.2175,0.1479,0.1193,6,540,False,
1min,2024-09-05,2024-09-05,2024-09-05,540,lag_sensitivity,ADF,c,unit_root,12.0,aic,False,ok,-12.320706859571096,6.761230293271053e-23,-3.442609129942274,-2.866947348175723,-2.569649926626197,3,536,True,
1min,2024-09-05,2024-09-05,2024-09-05,540,lag_sensitivity,PP,c,unit_root,,Bartlett_short_bandwidth,False,ok,-27.58833168039812,0.0,-3.4425405682241816,-2.8669171671779816,-2.5696338432333636,12,539,True,
1min,2024-09-05,2024-09-05,2024-09-05,540,lag_sensitivity,KPSS,c,level_or_trend_stationarity,,Bartlett_short_bandwidth,False,ok,0.2398835635263423,0.20224505065785794,0.7428,0.4614,0.3475,12,540,False,
1min,2024-09-06,2024-09-06,2024-09-06,540,main,ADF,c,unit_root,12.0,bic,False,ok,-22.961221965327944,0.0,-3.4425405682241816,-2.8669171671779816,-2.5696338432333636,0,539,True,
1min,2024-09-06,2024-09-06,2024-09-06,540,main,PP,c,unit_root,,Bartlett_short_bandwidth,False,ok,-23.001130711628186,0.0,-3.4425405682241816,-2.8669171671779816,-2.5696338432333636,6,539,True,
1min,2024-09-06,2024-09-06,2024-09-06,540,main,KPSS,c,level_or_trend_stationarity,,Bartlett_short_bandwidth,False,ok,0.10025808609284863,0.5842399707074585,0.7428,0.4614,0.3475,6,540,False,
1min,2024-09-06,2024-09-06,2024-09-06,540,trend_sensitivity,ADF,ct,unit_root,12.0,bic,False,ok,-22.965952943927064,0.0,-3.9756648124097875,-3.4186668470500177,-3.131860684671111,0,539,True,
1min,2024-09-06,2024-09-06,2024-09-06,540,trend_sensitivity,PP,ct,unit_root,,Bartlett_short_bandwidth,False,ok,-23.002363208983898,0.0,-3.9756648124097875,-3.4186668470500177,-3.131860684671111,6,539,True,
1min,2024-09-06,2024-09-06,2024-09-06,540,trend_sensitivity,KPSS,ct,level_or_trend_stationarity,,Bartlett_short_bandwidth,False,ok,0.04224002679831199,0.6874687222482717,0.2175,0.1479,0.1193,6,540,False,
1min,2024-09-06,2024-09-06,2024-09-06,540,lag_sensitivity,ADF,c,unit_root,12.0,aic,False,ok,-6.700917549300317,3.891394095015019e-09,-3.442819521824351,-2.8670399588708047,-2.5696992792614384,12,527,True,
1min,2024-09-06,2024-09-06,2024-09-06,540,lag_sensitivity,PP,c,unit_root,,Bartlett_short_bandwidth,False,ok,-22.973289103046028,0.0,-3.4425405682241816,-2.8669171671779816,-2.5696338432333636,12,539,True,
1min,2024-09-06,2024-09-06,2024-09-06,540,lag_sensitivity,KPSS,c,level_or_trend_stationarity,,Bartlett_short_bandwidth,False,ok,0.12062676159499573,0.49357857265133265,0.7428,0.4614,0.3475,12,540,False,
1min,2024-09-09,2024-09-09,2024-09-09,540,main,ADF,c,unit_root,12.0,bic,False,ok,-18.46860630286644,2.1415229888990083e-30,-3.442563336759378,-2.866927190004947,-2.5696391843672695,1,538,True,
1min,2024-09-09,2024-09-09,2024-09-09,540,main,PP,c,unit_root,,Bartlett_short_bandwidth,False,ok,-25.07774132569736,0.0,-3.4425405682241816,-2.8669171671779816,-2.5696338432333636,6,539,True,
1min,2024-09-09,2024-09-09,2024-09-09,540,main,KPSS,c,level_or_trend_stationarity,,Bartlett_short_bandwidth,False,ok,0.07009364048594707,0.7518530125226088,0.7428,0.4614,0.3475,6,540,False,
1min,2024-09-09,2024-09-09,2024-09-09,540,trend_sensitivity,ADF,ct,unit_root,12.0,bic,False,ok,-18.455448538103415,0.0,-3.975696400819281,-3.4186821046499145,-3.131869652155557,1,538,True,
1min,2024-09-09,2024-09-09,2024-09-09,540,trend_sensitivity,PP,ct,unit_root,,Bartlett_short_bandwidth,False,ok,-25.05280641936575,0.0,-3.9756648124097875,-3.4186668470500177,-3.131860684671111,6,539,True,
1min,2024-09-09,2024-09-09,2024-09-09,540,trend_sensitivity,KPSS,ct,level_or_trend_stationarity,,Bartlett_short_bandwidth,False,ok,0.05428247065350974,0.5168095966643456,0.2175,0.1479,0.1193,6,540,False,
1min,2024-09-09,2024-09-09,2024-09-09,540,lag_sensitivity,ADF,c,unit_root,12.0,aic,False,ok,-12.108359643762828,1.9451526903563817e-22,-3.4426552678216003,-2.8669676577777548,-2.569660749624767,5,534,True,
1min,2024-09-09,2024-09-09,2024-09-09,540,lag_sensitivity,PP,c,unit_root,,Bartlett_short_bandwidth,False,ok,-25.410673516581976,0.0,-3.4425405682241816,-2.8669171671779816,-2.5696338432333636,12,539,True,
1min,2024-09-09,2024-09-09,2024-09-09,540,lag_sensitivity,KPSS,c,level_or_trend_stationarity,,Bartlett_short_bandwidth,False,ok,0.08185013923899646,0.6817614961696924,0.7428,0.4614,0.3475,12,540,False,
1min,2024-09-10,2024-09-10,2024-09-10,540,main,ADF,c,unit_root,12.0,bic,False,ok,-21.877791030552327,0.0,-3.4425405682241816,-2.8669171671779816,-2.5696338432333636,0,539,True,
1min,2024-09-10,2024-09-10,2024-09-10,540,main,PP,c,unit_root,,Bartlett_short_bandwidth,False,ok,-21.84226801475911,0.0,-3.4425405682241816,-2.8669171671779816,-2.5696338432333636,6,539,True,
1min,2024-09-10,2024-09-10,2024-09-10,540,main,KPSS,c,level_or_trend_stationarity,,Bartlett_short_bandwidth,False,ok,0.3352506532823691,0.1084770565519937,0.7428,0.4614,0.3475,6,540,False,
1min,2024-09-10,2024-09-10,2024-09-10,540,trend_sensitivity,ADF,ct,unit_root,12.0,bic,False,ok,-21.964545840412047,0.0,-3.9756648124097875,-3.4186668470500177,-3.131860684671111,0,539,True,
1min,2024-09-10,2024-09-10,2024-09-10,540,trend_sensitivity,PP,ct,unit_root,,Bartlett_short_bandwidth,False,ok,-21.93084905851883,0.0,-3.9756648124097875,-3.4186668470500177,-3.131860684671111,6,539,True,
1min,2024-09-10,2024-09-10,2024-09-10,540,trend_sensitivity,KPSS,ct,level_or_trend_stationarity,,Bartlett_short_bandwidth,False,ok,0.07408235675259695,0.31264702706169206,0.2175,0.1479,0.1193,6,540,False,
1min,2024-09-10,2024-09-10,2024-09-10,540,lag_sensitivity,ADF,c,unit_root,12.0,aic,False,ok,-6.976098104371184,8.421277220597942e-10,-3.4427251295084678,-2.8669984098683736,-2.5696771375119254,8,531,True,
1min,2024-09-10,2024-09-10,2024-09-10,540,lag_sensitivity,PP,c,unit_root,,Bartlett_short_bandwidth,False,ok,-21.885333312080366,0.0,-3.4425405682241816,-2.8669171671779816,-2.5696338432333636,12,539,True,
1min,2024-09-10,2024-09-10,2024-09-10,540,lag_sensitivity,KPSS,c,level_or_trend_stationarity,,Bartlett_short_bandwidth,False,ok,0.3005392513748961,0.13511359717581917,0.7428,0.4614,0.3475,12,540,False,
1min,2024-09-11,2024-09-11,2024-09-11,540,main,ADF,c,unit_root,12.0,bic,False,ok,-23.822206360336363,0.0,-3.4425405682241816,-2.8669171671779816,-2.5696338432333636,0,539,True,
1min,2024-09-11,2024-09-11,2024-09-11,540,main,PP,c,unit_root,,Bartlett_short_bandwidth,False,ok,-23.9302288007671,0.0,-3.4425405682241816,-2.8669171671779816,-2.5696338432333636,6,539,True,
1min,2024-09-11,2024-09-11,2024-09-11,540,main,KPSS,c,level_or_trend_stationarity,,Bartlett_short_bandwidth,False,ok,0.08776440410119132,0.6489214321753201,0.7428,0.4614,0.3475,6,540,False,
1min,2024-09-11,2024-09-11,2024-09-11,540,trend_sensitivity,ADF,ct,unit_root,12.0,bic,False,ok,-23.802914733223567,0.0,-3.9756648124097875,-3.4186668470500177,-3.131860684671111,0,539,True,
1min,2024-09-11,2024-09-11,2024-09-11,540,trend_sensitivity,PP,ct,unit_root,,Bartlett_short_bandwidth,False,ok,-23.910655217626122,0.0,-3.9756648124097875,-3.4186668470500177,-3.131860684671111,6,539,True,
1min,2024-09-11,2024-09-11,2024-09-11,540,trend_sensitivity,KPSS,ct,level_or_trend_stationarity,,Bartlett_short_bandwidth,False,ok,0.07167435277775545,0.33280730364003913,0.2175,0.1479,0.1193,6,540,False,
1min,2024-09-11,2024-09-11,2024-09-11,540,lag_sensitivity,ADF,c,unit_root,12.0,aic,False,ok,-10.804977179686059,1.9738381840272343e-19,-3.4426321555520905,-2.86695748394138,-2.5696553279762426,4,535,True,
1min,2024-09-11,2024-09-11,2024-09-11,540,lag_sensitivity,PP,c,unit_root,,Bartlett_short_bandwidth,False,ok,-23.91349105553538,0.0,-3.4425405682241816,-2.8669171671779816,-2.5696338432333636,12,539,True,
1min,2024-09-11,2024-09-11,2024-09-11,540,lag_sensitivity,KPSS,c,level_or_trend_stationarity,,Bartlett_short_bandwidth,False,ok,0.08728764127419741,0.651521956686196,0.7428,0.4614,0.3475,12,540,False,
1min,2024-09-12,2024-09-12,2024-09-12,540,main,ADF,c,unit_root,12.0,bic,False,ok,-24.028353297672098,0.0,-3.4425405682241816,-2.8669171671779816,-2.5696338432333636,0,539,True,
1min,2024-09-12,2024-09-12,2024-09-12,540,main,PP,c,unit_root,,Bartlett_short_bandwidth,False,ok,-24.017255464148775,0.0,-3.4425405682241816,-2.8669171671779816,-2.5696338432333636,6,539,True,
1min,2024-09-12,2024-09-12,2024-09-12,540,main,KPSS,c,level_or_trend_stationarity,,Bartlett_short_bandwidth,False,ok,0.3365407162882887,0.10758427938526732,0.7428,0.4614,0.3475,6,540,False,
1min,2024-09-12,2024-09-12,2024-09-12,540,trend_sensitivity,ADF,ct,unit_root,12.0,bic,False,ok,-24.08440070332641,0.0,-3.9756648124097875,-3.4186668470500177,-3.131860684671111,0,539,True,
1min,2024-09-12,2024-09-12,2024-09-12,540,trend_sensitivity,PP,ct,unit_root,,Bartlett_short_bandwidth,False,ok,-24.06653823864089,0.0,-3.9756648124097875,-3.4186668470500177,-3.131860684671111,6,539,True,
1min,2024-09-12,2024-09-12,2024-09-12,540,trend_sensitivity,KPSS,ct,level_or_trend_stationarity,,Bartlett_short_bandwidth,False,ok,0.1202366862895861,0.09776979454860452,0.2175,0.1479,0.1193,6,540,False,
1min,2024-09-12,2024-09-12,2024-09-12,540,lag_sensitivity,ADF,c,unit_root,12.0,aic,False,ok,-9.95788324451933,2.4169222680875145e-17,-3.442609129942274,-2.866947348175723,-2.569649926626197,3,536,True,
1min,2024-09-12,2024-09-12,2024-09-12,540,lag_sensitivity,PP,c,unit_root,,Bartlett_short_bandwidth,False,ok,-24.048019427703203,0.0,-3.4425405682241816,-2.8669171671779816,-2.5696338432333636,12,539,True,
1min,2024-09-12,2024-09-12,2024-09-12,540,lag_sensitivity,KPSS,c,level_or_trend_stationarity,,Bartlett_short_bandwidth,False,ok,0.32364849556267183,0.11650623144451776,0.7428,0.4614,0.3475,12,540,False,
1min,2024-09-13,2024-09-13,2024-09-13,540,main,ADF,c,unit_root,12.0,bic,False,ok,-24.36457796013557,0.0,-3.4425405682241816,-2.8669171671779816,-2.5696338432333636,0,539,True,
1min,2024-09-13,2024-09-13,2024-09-13,540,main,PP,c,unit_root,,Bartlett_short_bandwidth,False,ok,-24.334982927959572,0.0,-3.4425405682241816,-2.8669171671779816,-2.5696338432333636,6,539,True,
1min,2024-09-13,2024-09-13,2024-09-13,540,main,KPSS,c,level_or_trend_stationarity,,Bartlett_short_bandwidth,False,ok,0.661894108949509,0.01583554921910521,0.7428,0.4614,0.3475,6,540,True,
1min,2024-09-13,2024-09-13,2024-09-13,540,trend_sensitivity,ADF,ct,unit_root,12.0,bic,False,ok,-24.557285778870973,0.0,-3.9756648124097875,-3.4186668470500177,-3.131860684671111,0,539,True,
1min,2024-09-13,2024-09-13,2024-09-13,540,trend_sensitivity,PP,ct,unit_root,,Bartlett_short_bandwidth,False,ok,-24.53226390709499,0.0,-3.9756648124097875,-3.4186668470500177,-3.131860684671111,6,539,True,
1min,2024-09-13,2024-09-13,2024-09-13,540,trend_sensitivity,KPSS,ct,level_or_trend_stationarity,,Bartlett_short_bandwidth,False,ok,0.25218014929407256,0.004649004971169355,0.2175,0.1479,0.1193,6,540,True,
1min,2024-09-13,2024-09-13,2024-09-13,540,lag_sensitivity,ADF,c,unit_root,12.0,aic,False,ok,-24.36457796013557,0.0,-3.4425405682241816,-2.8669171671779816,-2.5696338432333636,0,539,True,
1min,2024-09-13,2024-09-13,2024-09-13,540,lag_sensitivity,PP,c,unit_root,,Bartlett_short_bandwidth,False,ok,-24.415501926266955,0.0,-3.4425405682241816,-2.8669171671779816,-2.5696338432333636,12,539,True,
1min,2024-09-13,2024-09-13,2024-09-13,540,lag_sensitivity,KPSS,c,level_or_trend_stationarity,,Bartlett_short_bandwidth,False,ok,0.5582129507024544,0.028510609066067345,0.7428,0.4614,0.3475,12,540,True,
1min,2024-09-16,2024-09-16,2024-09-16,540,main,ADF,c,unit_root,12.0,bic,False,ok,-26.3593347399186,0.0,-3.4425405682241816,-2.8669171671779816,-2.5696338432333636,0,539,True,
1min,2024-09-16,2024-09-16,2024-09-16,540,main,PP,c,unit_root,,Bartlett_short_bandwidth,False,ok,-26.405068555090025,0.0,-3.4425405682241816,-2.8669171671779816,-2.5696338432333636,6,539,True,
1min,2024-09-16,2024-09-16,2024-09-16,540,main,KPSS,c,level_or_trend_stationarity,,Bartlett_short_bandwidth,False,ok,0.0748177914589119,0.7229960860238074,0.7428,0.4614,0.3475,6,540,False,
1min,2024-09-16,2024-09-16,2024-09-16,540,trend_sensitivity,ADF,ct,unit_root,12.0,bic,False,ok,-26.36094262252331,0.0,-3.9756648124097875,-3.4186668470500177,-3.131860684671111,0,539,True,
1min,2024-09-16,2024-09-16,2024-09-16,540,trend_sensitivity,PP,ct,unit_root,,Bartlett_short_bandwidth,False,ok,-26.41856023047581,0.0,-3.9756648124097875,-3.4186668470500177,-3.131860684671111,6,539,True,
1min,2024-09-16,2024-09-16,2024-09-16,540,trend_sensitivity,KPSS,ct,level_or_trend_stationarity,,Bartlett_short_bandwidth,False,ok,0.06648911969927067,0.3801088030072933,0.2175,0.1479,0.1193,6,540,False,
1min,2024-09-16,2024-09-16,2024-09-16,540,lag_sensitivity,ADF,c,unit_root,12.0,aic,False,ok,-11.758006546342719,1.1660562601065269e-21,-3.4426321555520905,-2.86695748394138,-2.5696553279762426,4,535,True,
1min,2024-09-16,2024-09-16,2024-09-16,540,lag_sensitivity,PP,c,unit_root,,Bartlett_short_bandwidth,False,ok,-26.878080738645668,0.0,-3.4425405682241816,-2.8669171671779816,-2.5696338432333636,12,539,True,
1min,2024-09-16,2024-09-16,2024-09-16,540,lag_sensitivity,KPSS,c,level_or_trend_stationarity,,Bartlett_short_bandwidth,False,ok,0.09519392787810732,0.6095303606094634,0.7428,0.4614,0.3475,12,540,False,
1min,2024-09-17,2024-09-17,2024-09-17,540,main,ADF,c,unit_root,12.0,bic,False,ok,-23.405586498807917,0.0,-3.4425405682241816,-2.8669171671779816,-2.5696338432333636,0,539,True,
1min,2024-09-17,2024-09-17,2024-09-17,540,main,PP,c,unit_root,,Bartlett_short_bandwidth,False,ok,-23.506897707373554,0.0,-3.4425405682241816,-2.8669171671779816,-2.5696338432333636,6,539,True,
1min,2024-09-17,2024-09-17,2024-09-17,540,main,KPSS,c,level_or_trend_stationarity,,Bartlett_short_bandwidth,False,ok,0.6353595677545464,0.018442085682264603,0.7428,0.4614,0.3475,6,540,True,
1min,2024-09-17,2024-09-17,2024-09-17,540,trend_sensitivity,ADF,ct,unit_root,12.0,bic,False,ok,-23.677778505927776,0.0,-3.9756648124097875,-3.4186668470500177,-3.131860684671111,0,539,True,
1min,2024-09-17,2024-09-17,2024-09-17,540,trend_sensitivity,PP,ct,unit_root,,Bartlett_short_bandwidth,False,ok,-23.718906379414808,0.0,-3.9756648124097875,-3.4186668470500177,-3.131860684671111,6,539,True,
1min,2024-09-17,2024-09-17,2024-09-17,540,trend_sensitivity,KPSS,ct,level_or_trend_stationarity,,Bartlett_short_bandwidth,False,ok,0.09538355180715971,0.18162262152086334,0.2175,0.1479,0.1193,6,540,False,
1min,2024-09-17,2024-09-17,2024-09-17,540,lag_sensitivity,ADF,c,unit_root,12.0,aic,False,ok,-6.245128799243544,4.5956707290787624e-08,-3.4427485933555886,-2.8670087381529723,-2.569682641509434,9,530,True,
1min,2024-09-17,2024-09-17,2024-09-17,540,lag_sensitivity,PP,c,unit_root,,Bartlett_short_bandwidth,False,ok,-23.87851207339671,0.0,-3.4425405682241816,-2.8669171671779816,-2.5696338432333636,12,539,True,
1min,2024-09-17,2024-09-17,2024-09-17,540,lag_sensitivity,KPSS,c,level_or_trend_stationarity,,Bartlett_short_bandwidth,False,ok,0.5120764082486329,0.03721039121208889,0.7428,0.4614,0.3475,12,540,True,
1min,2024-09-18,2024-09-18,2024-09-18,540,main,ADF,c,unit_root,12.0,bic,False,ok,-22.091622348164293,0.0,-3.4425405682241816,-2.8669171671779816,-2.5696338432333636,0,539,True,
1min,2024-09-18,2024-09-18,2024-09-18,540,main,PP,c,unit_root,,Bartlett_short_bandwidth,False,ok,-22.07149740594672,0.0,-3.4425405682241816,-2.8669171671779816,-2.5696338432333636,6,539,True,
1min,2024-09-18,2024-09-18,2024-09-18,540,main,KPSS,c,level_or_trend_stationarity,,Bartlett_short_bandwidth,False,ok,0.09085883758452451,0.6322402256142313,0.7428,0.4614,0.3475,6,540,False,
1min,2024-09-18,2024-09-18,2024-09-18,540,trend_sensitivity,ADF,ct,unit_root,12.0,bic,False,ok,-22.071858142804782,0.0,-3.9756648124097875,-3.4186668470500177,-3.131860684671111,0,539,True,
1min,2024-09-18,2024-09-18,2024-09-18,540,trend_sensitivity,PP,ct,unit_root,,Bartlett_short_bandwidth,False,ok,-22.051271394687692,0.0,-3.9756648124097875,-3.4186668470500177,-3.131860684671111,6,539,True,
1min,2024-09-18,2024-09-18,2024-09-18,540,trend_sensitivity,KPSS,ct,level_or_trend_stationarity,,Bartlett_short_bandwidth,False,ok,0.09022629807100076,0.20731480576020023,0.2175,0.1479,0.1193,6,540,False,
1min,2024-09-18,2024-09-18,2024-09-18,540,lag_sensitivity,ADF,c,unit_root,12.0,aic,False,ok,-8.153661906288104,9.546666851713635e-13,-3.4427251295084678,-2.8669984098683736,-2.5696771375119254,8,531,True,
1min,2024-09-18,2024-09-18,2024-09-18,540,lag_sensitivity,PP,c,unit_root,,Bartlett_short_bandwidth,False,ok,-22.078742046514606,0.0,-3.4425405682241816,-2.8669171671779816,-2.5696338432333636,12,539,True,
1min,2024-09-18,2024-09-18,2024-09-18,540,lag_sensitivity,KPSS,c,level_or_trend_stationarity,,Bartlett_short_bandwidth,False,ok,0.1021327758267873,0.5752270392942919,0.7428,0.4614,0.3475,12,540,False,
1min,2024-09-19,2024-09-19,2024-09-19,540,main,ADF,c,unit_root,12.0,bic,False,ok,-21.917608979885667,0.0,-3.4425405682241816,-2.8669171671779816,-2.5696338432333636,0,539,True,
1min,2024-09-19,2024-09-19,2024-09-19,540,main,PP,c,unit_root,,Bartlett_short_bandwidth,False,ok,-21.918967496132453,0.0,-3.4425405682241816,-2.8669171671779816,-2.5696338432333636,6,539,True,
1min,2024-09-19,2024-09-19,2024-09-19,540,main,KPSS,c,level_or_trend_stationarity,,Bartlett_short_bandwidth,False,ok,0.1424119078040839,0.4141926031920389,0.7428,0.4614,0.3475,6,540,False,
1min,2024-09-19,2024-09-19,2024-09-19,540,trend_sensitivity,ADF,ct,unit_root,12.0,bic,False,ok,-21.92766108128279,0.0,-3.9756648124097875,-3.4186668470500177,-3.131860684671111,0,539,True,
1min,2024-09-19,2024-09-19,2024-09-19,540,trend_sensitivity,PP,ct,unit_root,,Bartlett_short_bandwidth,False,ok,-21.935654545710797,0.0,-3.9756648124097875,-3.4186668470500177,-3.131860684671111,6,539,True,
1min,2024-09-19,2024-09-19,2024-09-19,540,trend_sensitivity,KPSS,ct,level_or_trend_stationarity,,Bartlett_short_bandwidth,False,ok,0.08086518058497452,0.2628263407932792,0.2175,0.1479,0.1193,6,540,False,
1min,2024-09-19,2024-09-19,2024-09-19,540,lag_sensitivity,ADF,c,unit_root,12.0,aic,False,ok,-9.813981052724742,5.560488704710053e-17,-3.442701754304053,-2.866988120523906,-2.5696716542766693,7,532,True,
1min,2024-09-19,2024-09-19,2024-09-19,540,lag_sensitivity,PP,c,unit_root,,Bartlett_short_bandwidth,False,ok,-22.098565831949458,0.0,-3.4425405682241816,-2.8669171671779816,-2.5696338432333636,12,539,True,
1min,2024-09-19,2024-09-19,2024-09-19,540,lag_sensitivity,KPSS,c,level_or_trend_stationarity,,Bartlett_short_bandwidth,False,ok,0.16795597419732508,0.3398081459663508,0.7428,0.4614,0.3475,12,540,False,
1min,2024-09-20,2024-09-20,2024-09-20,540,main,ADF,c,unit_root,12.0,bic,False,ok,-24.60404714489811,0.0,-3.4425405682241816,-2.8669171671779816,-2.5696338432333636,0,539,True,
1min,2024-09-20,2024-09-20,2024-09-20,540,main,PP,c,unit_root,,Bartlett_short_bandwidth,False,ok,-25.244716902709378,0.0,-3.4425405682241816,-2.8669171671779816,-2.5696338432333636,6,539,True,
1min,2024-09-20,2024-09-20,2024-09-20,540,main,KPSS,c,level_or_trend_stationarity,,Bartlett_short_bandwidth,False,ok,0.22968514140671098,0.21699220998983187,0.7428,0.4614,0.3475,6,540,False,
1min,2024-09-20,2024-09-20,2024-09-20,540,trend_sensitivity,ADF,ct,unit_root,12.0,bic,False,ok,-24.63833027763435,0.0,-3.9756648124097875,-3.4186668470500177,-3.131860684671111,0,539,True,
1min,2024-09-20,2024-09-20,2024-09-20,540,trend_sensitivity,PP,ct,unit_root,,Bartlett_short_bandwidth,False,ok,-25.352545504706807,0.0,-3.9756648124097875,-3.4186668470500177,-3.131860684671111,6,539,True,
1min,2024-09-20,2024-09-20,2024-09-20,540,trend_sensitivity,KPSS,ct,level_or_trend_stationarity,,Bartlett_short_bandwidth,False,ok,0.04791884227747515,0.6038068519422072,0.2175,0.1479,0.1193,6,540,False,
1min,2024-09-20,2024-09-20,2024-09-20,540,lag_sensitivity,ADF,c,unit_root,12.0,aic,False,ok,-12.646215238378955,1.3999103496741492e-23,-3.4426321555520905,-2.86695748394138,-2.5696553279762426,4,535,True,
1min,2024-09-20,2024-09-20,2024-09-20,540,lag_sensitivity,PP,c,unit_root,,Bartlett_short_bandwidth,False,ok,-26.06274205092711,0.0,-3.4425405682241816,-2.8669171671779816,-2.5696338432333636,12,539,True,
1min,2024-09-20,2024-09-20,2024-09-20,540,lag_sensitivity,KPSS,c,level_or_trend_stationarity,,Bartlett_short_bandwidth,False,ok,0.2888584671520088,0.14556336461713448,0.7428,0.4614,0.3475,12,540,False,
1min,2024-09-23,2024-09-23,2024-09-23,540,main,ADF,c,unit_root,12.0,bic,False,ok,-22.736988607978144,0.0,-3.4425405682241816,-2.8669171671779816,-2.5696338432333636,0,539,True,
1min,2024-09-23,2024-09-23,2024-09-23,540,main,PP,c,unit_root,,Bartlett_short_bandwidth,False,ok,-22.73348804331026,0.0,-3.4425405682241816,-2.8669171671779816,-2.5696338432333636,6,539,True,
1min,2024-09-23,2024-09-23,2024-09-23,540,main,KPSS,c,level_or_trend_stationarity,,Bartlett_short_bandwidth,False,ok,0.0883275060941409,0.6458499667592313,0.7428,0.4614,0.3475,6,540,False,
1min,2024-09-23,2024-09-23,2024-09-23,540,trend_sensitivity,ADF,ct,unit_root,12.0,bic,False,ok,-22.75006477547131,0.0,-3.9756648124097875,-3.4186668470500177,-3.131860684671111,0,539,True,
1min,2024-09-23,2024-09-23,2024-09-23,540,trend_sensitivity,PP,ct,unit_root,,Bartlett_short_bandwidth,False,ok,-22.747538740179653,0.0,-3.9756648124097875,-3.4186668470500177,-3.131860684671111,6,539,True,
1min,2024-09-23,2024-09-23,2024-09-23,540,trend_sensitivity,KPSS,ct,level_or_trend_stationarity,,Bartlett_short_bandwidth,False,ok,0.03470287499873719,0.8037827932293642,0.2175,0.1479,0.1193,6,540,False,
1min,2024-09-23,2024-09-23,2024-09-23,540,lag_sensitivity,ADF,c,unit_root,12.0,aic,False,ok,-22.736988607978144,0.0,-3.4425405682241816,-2.8669171671779816,-2.5696338432333636,0,539,True,
1min,2024-09-23,2024-09-23,2024-09-23,540,lag_sensitivity,PP,c,unit_root,,Bartlett_short_bandwidth,False,ok,-22.774956011488733,0.0,-3.4425405682241816,-2.8669171671779816,-2.5696338432333636,12,539,True,
1min,2024-09-23,2024-09-23,2024-09-23,540,lag_sensitivity,KPSS,c,level_or_trend_stationarity,,Bartlett_short_bandwidth,False,ok,0.09945488274745884,0.5882255862627058,0.7428,0.4614,0.3475,12,540,False,
1min,2024-09-24,2024-09-24,2024-09-24,540,main,ADF,c,unit_root,12.0,bic,False,ok,-25.957932213162163,0.0,-3.4425405682241816,-2.8669171671779816,-2.5696338432333636,0,539,True,
1min,2024-09-24,2024-09-24,2024-09-24,540,main,PP,c,unit_root,,Bartlett_short_bandwidth,False,ok,-25.796666026658528,0.0,-3.4425405682241816,-2.8669171671779816,-2.5696338432333636,6,539,True,
1min,2024-09-24,2024-09-24,2024-09-24,540,main,KPSS,c,level_or_trend_stationarity,,Bartlett_short_bandwidth,False,ok,0.06753724215864602,0.7677477171483149,0.7428,0.4614,0.3475,6,540,False,
1min,2024-09-24,2024-09-24,2024-09-24,540,trend_sensitivity,ADF,ct,unit_root,12.0,bic,False,ok,-25.936874868921336,0.0,-3.9756648124097875,-3.4186668470500177,-3.131860684671111,0,539,True,
1min,2024-09-24,2024-09-24,2024-09-24,540,trend_sensitivity,PP,ct,unit_root,,Bartlett_short_bandwidth,False,ok,-25.777792520533716,0.0,-3.9756648124097875,-3.4186668470500177,-3.131860684671111,6,539,True,
1min,2024-09-24,2024-09-24,2024-09-24,540,trend_sensitivity,KPSS,ct,level_or_trend_stationarity,,Bartlett_short_bandwidth,False,ok,0.06475766952034138,0.3974233047965862,0.2175,0.1479,0.1193,6,540,False,
1min,2024-09-24,2024-09-24,2024-09-24,540,lag_sensitivity,ADF,c,unit_root,12.0,aic,False,ok,-7.194094173524534,2.460288637057377e-10,-3.4426552678216003,-2.8669676577777548,-2.569660749624767,5,534,True,
1min,2024-09-24,2024-09-24,2024-09-24,540,lag_sensitivity,PP,c,unit_root,,Bartlett_short_bandwidth,False,ok,-25.921303751242966,0.0,-3.4425405682241816,-2.8669171671779816,-2.5696338432333636,12,539,True,
1min,2024-09-24,2024-09-24,2024-09-24,540,lag_sensitivity,KPSS,c,level_or_trend_stationarity,,Bartlett_short_bandwidth,False,ok,0.05613904252879237,0.8386173521525864,0.7428,0.4614,0.3475,12,540,False,
1min,2024-09-25,2024-09-25,2024-09-25,540,main,ADF,c,unit_root,12.0,bic,False,ok,-22.187729866108675,0.0,-3.4425405682241816,-2.8669171671779816,-2.5696338432333636,0,539,True,
1min,2024-09-25,2024-09-25,2024-09-25,540,main,PP,c,unit_root,,Bartlett_short_bandwidth,False,ok,-22.176304597149304,0.0,-3.4425405682241816,-2.8669171671779816,-2.5696338432333636,6,539,True,
1min,2024-09-25,2024-09-25,2024-09-25,540,main,KPSS,c,level_or_trend_stationarity,,Bartlett_short_bandwidth,False,ok,0.2499716426688681,0.18875430427068193,0.7428,0.4614,0.3475,6,540,False,
1min,2024-09-25,2024-09-25,2024-09-25,540,trend_sensitivity,ADF,ct,unit_root,12.0,bic,False,ok,-22.25451282525398,0.0,-3.9756648124097875,-3.4186668470500177,-3.131860684671111,0,539,True,
1min,2024-09-25,2024-09-25,2024-09-25,540,trend_sensitivity,PP,ct,unit_root,,Bartlett_short_bandwidth,False,ok,-22.240946594835652,0.0,-3.9756648124097875,-3.4186668470500177,-3.131860684671111,6,539,True,
1min,2024-09-25,2024-09-25,2024-09-25,540,trend_sensitivity,KPSS,ct,level_or_trend_stationarity,,Bartlett_short_bandwidth,False,ok,0.022631088686670582,0.9578335435624633,0.2175,0.1479,0.1193,6,540,False,
1min,2024-09-25,2024-09-25,2024-09-25,540,lag_sensitivity,ADF,c,unit_root,12.0,aic,False,ok,-22.187729866108675,0.0,-3.4425405682241816,-2.8669171671779816,-2.5696338432333636,0,539,True,
1min,2024-09-25,2024-09-25,2024-09-25,540,lag_sensitivity,PP,c,unit_root,,Bartlett_short_bandwidth,False,ok,-22.17155786153424,0.0,-3.4425405682241816,-2.8669171671779816,-2.5696338432333636,12,539,True,
1min,2024-09-25,2024-09-25,2024-09-25,540,lag_sensitivity,KPSS,c,level_or_trend_stationarity,,Bartlett_short_bandwidth,False,ok,0.25255557691349245,0.18544156805962506,0.7428,0.4614,0.3475,12,540,False,
1min,2024-09-26,2024-09-26,2024-09-26,540,main,ADF,c,unit_root,12.0,bic,False,ok,-23.747357177133082,0.0,-3.4425405682241816,-2.8669171671779816,-2.5696338432333636,0,539,True,
1min,2024-09-26,2024-09-26,2024-09-26,540,main,PP,c,unit_root,,Bartlett_short_bandwidth,False,ok,-23.77470852372114,0.0,-3.4425405682241816,-2.8669171671779816,-2.5696338432333636,6,539,True,
1min,2024-09-26,2024-09-26,2024-09-26,540,main,KPSS,c,level_or_trend_stationarity,,Bartlett_short_bandwidth,False,ok,0.07139070581790709,0.7437883576088679,0.7428,0.4614,0.3475,6,540,False,
1min,2024-09-26,2024-09-26,2024-09-26,540,trend_sensitivity,ADF,ct,unit_root,12.0,bic,False,ok,-23.726111545611364,0.0,-3.9756648124097875,-3.4186668470500177,-3.131860684671111,0,539,True,
1min,2024-09-26,2024-09-26,2024-09-26,540,trend_sensitivity,PP,ct,unit_root,,Bartlett_short_bandwidth,False,ok,-23.753401227827354,0.0,-3.9756648124097875,-3.4186668470500177,-3.131860684671111,6,539,True,
1min,2024-09-26,2024-09-26,2024-09-26,540,trend_sensitivity,KPSS,ct,level_or_trend_stationarity,,Bartlett_short_bandwidth,False,ok,0.0693806600318347,0.35258051696694226,0.2175,0.1479,0.1193,6,540,False,
1min,2024-09-26,2024-09-26,2024-09-26,540,lag_sensitivity,ADF,c,unit_root,12.0,aic,False,ok,-23.747357177133082,0.0,-3.4425405682241816,-2.8669171671779816,-2.5696338432333636,0,539,True,
1min,2024-09-26,2024-09-26,2024-09-26,540,lag_sensitivity,PP,c,unit_root,,Bartlett_short_bandwidth,False,ok,-23.77528951007082,0.0,-3.4425405682241816,-2.8669171671779816,-2.5696338432333636,12,539,True,
1min,2024-09-26,2024-09-26,2024-09-26,540,lag_sensitivity,KPSS,c,level_or_trend_stationarity,,Bartlett_short_bandwidth,False,ok,0.07144336870998791,0.743460919937899,0.7428,0.4614,0.3475,12,540,False,
1min,2024-09-27,2024-09-27,2024-09-27,540,main,ADF,c,unit_root,12.0,bic,False,ok,-22.110575855026095,0.0,-3.4425405682241816,-2.8669171671779816,-2.5696338432333636,0,539,True,
1min,2024-09-27,2024-09-27,2024-09-27,540,main,PP,c,unit_root,,Bartlett_short_bandwidth,False,ok,-22.194189131566944,0.0,-3.4425405682241816,-2.8669171671779816,-2.5696338432333636,6,539,True,
1min,2024-09-27,2024-09-27,2024-09-27,540,main,KPSS,c,level_or_trend_stationarity,,Bartlett_short_bandwidth,False,ok,0.2213275580374689,0.2300644647734029,0.7428,0.4614,0.3475,6,540,False,
1min,2024-09-27,2024-09-27,2024-09-27,540,trend_sensitivity,ADF,ct,unit_root,12.0,bic,False,ok,-22.145370887066203,0.0,-3.9756648124097875,-3.4186668470500177,-3.131860684671111,0,539,True,
1min,2024-09-27,2024-09-27,2024-09-27,540,trend_sensitivity,PP,ct,unit_root,,Bartlett_short_bandwidth,False,ok,-22.21434152074596,0.0,-3.9756648124097875,-3.4186668470500177,-3.131860684671111,6,539,True,
1min,2024-09-27,2024-09-27,2024-09-27,540,trend_sensitivity,KPSS,ct,level_or_trend_stationarity,,Bartlett_short_bandwidth,False,ok,0.08168030671759063,0.2572047812579957,0.2175,0.1479,0.1193,6,540,False,
1min,2024-09-27,2024-09-27,2024-09-27,540,lag_sensitivity,ADF,c,unit_root,12.0,aic,False,ok,-22.110575855026095,0.0,-3.4425405682241816,-2.8669171671779816,-2.5696338432333636,0,539,True,
1min,2024-09-27,2024-09-27,2024-09-27,540,lag_sensitivity,PP,c,unit_root,,Bartlett_short_bandwidth,False,ok,-22.22987272449658,0.0,-3.4425405682241816,-2.8669171671779816,-2.5696338432333636,12,539,True,
1min,2024-09-27,2024-09-27,2024-09-27,540,lag_sensitivity,KPSS,c,level_or_trend_stationarity,,Bartlett_short_bandwidth,False,ok,0.21212043123750315,0.2456778013616015,0.7428,0.4614,0.3475,12,540,False,
1min,2024-09-30,2024-09-30,2024-09-30,540,main,ADF,c,unit_root,12.0,bic,False,ok,-24.115900880740913,0.0,-3.4425405682241816,-2.8669171671779816,-2.5696338432333636,0,539,True,
1min,2024-09-30,2024-09-30,2024-09-30,540,main,PP,c,unit_root,,Bartlett_short_bandwidth,False,ok,-24.114805371447574,0.0,-3.4425405682241816,-2.8669171671779816,-2.5696338432333636,6,539,True,
1min,2024-09-30,2024-09-30,2024-09-30,540,main,KPSS,c,level_or_trend_stationarity,,Bartlett_short_bandwidth,False,ok,0.04811323559437062,0.8881643428415839,0.7428,0.4614,0.3475,6,540,False,
1min,2024-09-30,2024-09-30,2024-09-30,540,trend_sensitivity,ADF,ct,unit_root,12.0,bic,False,ok,-24.105234891993845,0.0,-3.9756648124097875,-3.4186668470500177,-3.131860684671111,0,539,True,
1min,2024-09-30,2024-09-30,2024-09-30,540,trend_sensitivity,PP,ct,unit_root,,Bartlett_short_bandwidth,False,ok,-24.105998330623414,0.0,-3.9756648124097875,-3.4186668470500177,-3.131860684671111,6,539,True,
1min,2024-09-30,2024-09-30,2024-09-30,540,trend_sensitivity,KPSS,ct,level_or_trend_stationarity,,Bartlett_short_bandwidth,False,ok,0.02251164716494909,0.9589533078286023,0.2175,0.1479,0.1193,6,540,False,
1min,2024-09-30,2024-09-30,2024-09-30,540,lag_sensitivity,ADF,c,unit_root,12.0,aic,False,ok,-24.115900880740913,0.0,-3.4425405682241816,-2.8669171671779816,-2.5696338432333636,0,539,True,
1min,2024-09-30,2024-09-30,2024-09-30,540,lag_sensitivity,PP,c,unit_root,,Bartlett_short_bandwidth,False,ok,-24.108916717260016,0.0,-3.4425405682241816,-2.8669171671779816,-2.5696338432333636,12,539,True,
1min,2024-09-30,2024-09-30,2024-09-30,540,lag_sensitivity,KPSS,c,level_or_trend_stationarity,,Bartlett_short_bandwidth,False,ok,0.04764200462652833,0.8910578663283348,0.7428,0.4614,0.3475,12,540,False,
1min,2024-10-01,2024-10-01,2024-10-01,540,main,ADF,c,unit_root,12.0,bic,False,ok,-24.959430621641825,0.0,-3.4425405682241816,-2.8669171671779816,-2.5696338432333636,0,539,True,
1min,2024-10-01,2024-10-01,2024-10-01,540,main,PP,c,unit_root,,Bartlett_short_bandwidth,False,ok,-24.93399368981526,0.0,-3.4425405682241816,-2.8669171671779816,-2.5696338432333636,6,539,True,
1min,2024-10-01,2024-10-01,2024-10-01,540,main,KPSS,c,level_or_trend_stationarity,,Bartlett_short_bandwidth,False,ok,0.1427781361314021,0.4130187944506343,0.7428,0.4614,0.3475,6,540,False,
1min,2024-10-01,2024-10-01,2024-10-01,540,trend_sensitivity,ADF,ct,unit_root,12.0,bic,False,ok,-24.96857629336104,0.0,-3.9756648124097875,-3.4186668470500177,-3.131860684671111,0,539,True,
1min,2024-10-01,2024-10-01,2024-10-01,540,trend_sensitivity,PP,ct,unit_root,,Bartlett_short_bandwidth,False,ok,-24.947381906959393,0.0,-3.9756648124097875,-3.4186668470500177,-3.131860684671111,6,539,True,
1min,2024-10-01,2024-10-01,2024-10-01,540,trend_sensitivity,KPSS,ct,level_or_trend_stationarity,,Bartlett_short_bandwidth,False,ok,0.04160980544193382,0.6971943604639843,0.2175,0.1479,0.1193,6,540,False,
1min,2024-10-01,2024-10-01,2024-10-01,540,lag_sensitivity,ADF,c,unit_root,12.0,aic,False,ok,-24.959430621641825,0.0,-3.4425405682241816,-2.8669171671779816,-2.5696338432333636,0,539,True,
1min,2024-10-01,2024-10-01,2024-10-01,540,lag_sensitivity,PP,c,unit_root,,Bartlett_short_bandwidth,False,ok,-25.067071309099546,0.0,-3.4425405682241816,-2.8669171671779816,-2.5696338432333636,12,539,True,
1min,2024-10-01,2024-10-01,2024-10-01,540,lag_sensitivity,KPSS,c,level_or_trend_stationarity,,Bartlett_short_bandwidth,False,ok,0.1622236213872644,0.35509994124377914,0.7428,0.4614,0.3475,12,540,False,
1min,2024-10-02,2024-10-02,2024-10-02,540,main,ADF,c,unit_root,12.0,bic,False,ok,-22.48427452350521,0.0,-3.4425405682241816,-2.8669171671779816,-2.5696338432333636,0,539,True,
1min,2024-10-02,2024-10-02,2024-10-02,540,main,PP,c,unit_root,,Bartlett_short_bandwidth,False,ok,-22.476372068024556,0.0,-3.4425405682241816,-2.8669171671779816,-2.5696338432333636,6,539,True,
1min,2024-10-02,2024-10-02,2024-10-02,540,main,KPSS,c,level_or_trend_stationarity,,Bartlett_short_bandwidth,False,ok,0.262188491434545,0.1737825098832173,0.7428,0.4614,0.3475,6,540,False,
1min,2024-10-02,2024-10-02,2024-10-02,540,trend_sensitivity,ADF,ct,unit_root,12.0,bic,False,ok,-22.531338661319566,0.0,-3.9756648124097875,-3.4186668470500177,-3.131860684671111,0,539,True,
1min,2024-10-02,2024-10-02,2024-10-02,540,trend_sensitivity,PP,ct,unit_root,,Bartlett_short_bandwidth,False,ok,-22.52235347809644,0.0,-3.9756648124097875,-3.4186668470500177,-3.131860684671111,6,539,True,
1min,2024-10-02,2024-10-02,2024-10-02,540,trend_sensitivity,KPSS,ct,level_or_trend_stationarity,,Bartlett_short_bandwidth,False,ok,0.11757873748859096,0.10465206084164606,0.2175,0.1479,0.1193,6,540,False,
1min,2024-10-02,2024-10-02,2024-10-02,540,lag_sensitivity,ADF,c,unit_root,12.0,aic,False,ok,-5.4199986059710525,3.074544746498053e-06,-3.442819521824351,-2.8670399588708047,-2.5696992792614384,12,527,True,
1min,2024-10-02,2024-10-02,2024-10-02,540,lag_sensitivity,PP,c,unit_root,,Bartlett_short_bandwidth,False,ok,-22.48085285351961,0.0,-3.4425405682241816,-2.8669171671779816,-2.5696338432333636,12,539,True,
1min,2024-10-02,2024-10-02,2024-10-02,540,lag_sensitivity,KPSS,c,level_or_trend_stationarity,,Bartlett_short_bandwidth,False,ok,0.2858985267486381,0.14838235547748757,0.7428,0.4614,0.3475,12,540,False,
1min,2024-10-03,2024-10-03,2024-10-03,540,main,ADF,c,unit_root,12.0,bic,False,ok,-19.749649797572022,0.0,-3.442563336759378,-2.866927190004947,-2.5696391843672695,1,538,True,
1min,2024-10-03,2024-10-03,2024-10-03,540,main,PP,c,unit_root,,Bartlett_short_bandwidth,False,ok,-23.923982810562105,0.0,-3.4425405682241816,-2.8669171671779816,-2.5696338432333636,6,539,True,
1min,2024-10-03,2024-10-03,2024-10-03,540,main,KPSS,c,level_or_trend_stationarity,,Bartlett_short_bandwidth,False,ok,0.6410184084660759,0.017886207419835373,0.7428,0.4614,0.3475,6,540,True,
1min,2024-10-03,2024-10-03,2024-10-03,540,trend_sensitivity,ADF,ct,unit_root,12.0,bic,False,ok,-19.894429809292046,0.0,-3.975696400819281,-3.4186821046499145,-3.131869652155557,1,538,True,
1min,2024-10-03,2024-10-03,2024-10-03,540,trend_sensitivity,PP,ct,unit_root,,Bartlett_short_bandwidth,False,ok,-24.188410478027766,0.0,-3.9756648124097875,-3.4186668470500177,-3.131860684671111,6,539,True,
1min,2024-10-03,2024-10-03,2024-10-03,540,trend_sensitivity,KPSS,ct,level_or_trend_stationarity,,Bartlett_short_bandwidth,False,ok,0.105235920121161,0.1417512448258076,0.2175,0.1479,0.1193,6,540,False,
1min,2024-10-03,2024-10-03,2024-10-03,540,lag_sensitivity,ADF,c,unit_root,12.0,aic,False,ok,-12.825386153903622,6.029327283119603e-24,-3.4426552678216003,-2.8669676577777548,-2.569660749624767,5,534,True,
1min,2024-10-03,2024-10-03,2024-10-03,540,lag_sensitivity,PP,c,unit_root,,Bartlett_short_bandwidth,False,ok,-24.730456897709878,0.0,-3.4425405682241816,-2.8669171671779816,-2.5696338432333636,12,539,True,
1min,2024-10-03,2024-10-03,2024-10-03,540,lag_sensitivity,KPSS,c,level_or_trend_stationarity,,Bartlett_short_bandwidth,False,ok,0.8045217995948433,0.007114329234780112,0.7428,0.4614,0.3475,12,540,True,
1min,2024-10-04,2024-10-04,2024-10-04,540,main,ADF,c,unit_root,12.0,bic,False,ok,-27.69192157056864,0.0,-3.4425405682241816,-2.8669171671779816,-2.5696338432333636,0,539,True,
1min,2024-10-04,2024-10-04,2024-10-04,540,main,PP,c,unit_root,,Bartlett_short_bandwidth,False,ok,-29.14699073352596,0.0,-3.4425405682241816,-2.8669171671779816,-2.5696338432333636,6,539,True,
1min,2024-10-04,2024-10-04,2024-10-04,540,main,KPSS,c,level_or_trend_stationarity,,Bartlett_short_bandwidth,False,ok,0.02395124703269576,0.991581254945507,0.7428,0.4614,0.3475,6,540,False,
1min,2024-10-04,2024-10-04,2024-10-04,540,trend_sensitivity,ADF,ct,unit_root,12.0,bic,False,ok,-27.67054618892523,0.0,-3.9756648124097875,-3.4186668470500177,-3.131860684671111,0,539,True,
1min,2024-10-04,2024-10-04,2024-10-04,540,trend_sensitivity,PP,ct,unit_root,,Bartlett_short_bandwidth,False,ok,-29.132387001919618,0.0,-3.9756648124097875,-3.4186668470500177,-3.131860684671111,6,539,True,
1min,2024-10-04,2024-10-04,2024-10-04,540,trend_sensitivity,KPSS,ct,level_or_trend_stationarity,,Bartlett_short_bandwidth,False,ok,0.024001603535565016,0.9449828192618034,0.2175,0.1479,0.1193,6,540,False,
1min,2024-10-04,2024-10-04,2024-10-04,540,lag_sensitivity,ADF,c,unit_root,12.0,aic,False,ok,-14.09576492843205,2.6722028518009625e-26,-3.442609129942274,-2.866947348175723,-2.569649926626197,3,536,True,
1min,2024-10-04,2024-10-04,2024-10-04,540,lag_sensitivity,PP,c,unit_root,,Bartlett_short_bandwidth,False,ok,-30.298616787526946,0.0,-3.4425405682241816,-2.8669171671779816,-2.5696338432333636,12,539,True,
1min,2024-10-04,2024-10-04,2024-10-04,540,lag_sensitivity,KPSS,c,level_or_trend_stationarity,,Bartlett_short_bandwidth,False,ok,0.030240005767364863,0.9753792904573625,0.7428,0.4614,0.3475,12,540,False,
1min,2024-10-07,2024-10-07,2024-10-07,540,main,ADF,c,unit_root,12.0,bic,False,ok,-23.83710643258039,0.0,-3.4425405682241816,-2.8669171671779816,-2.5696338432333636,0,539,True,
1min,2024-10-07,2024-10-07,2024-10-07,540,main,PP,c,unit_root,,Bartlett_short_bandwidth,False,ok,-23.826977678017958,0.0,-3.4425405682241816,-2.8669171671779816,-2.5696338432333636,6,539,True,
1min,2024-10-07,2024-10-07,2024-10-07,540,main,KPSS,c,level_or_trend_stationarity,,Bartlett_short_bandwidth,False,ok,0.0635225660850535,0.7927094336680611,0.7428,0.4614,0.3475,6,540,False,
1min,2024-10-07,2024-10-07,2024-10-07,540,trend_sensitivity,ADF,ct,unit_root,12.0,bic,False,ok,-23.81511065522429,0.0,-3.9756648124097875,-3.4186668470500177,-3.131860684671111,0,539,True,
1min,2024-10-07,2024-10-07,2024-10-07,540,trend_sensitivity,PP,ct,unit_root,,Bartlett_short_bandwidth,False,ok,-23.80587023965255,0.0,-3.9756648124097875,-3.4186668470500177,-3.131860684671111,6,539,True,
1min,2024-10-07,2024-10-07,2024-10-07,540,trend_sensitivity,KPSS,ct,level_or_trend_stationarity,,Bartlett_short_bandwidth,False,ok,0.06245313802609057,0.42117443421285616,0.2175,0.1479,0.1193,6,540,False,
1min,2024-10-07,2024-10-07,2024-10-07,540,lag_sensitivity,ADF,c,unit_root,12.0,aic,False,ok,-5.812971352663548,4.3578136123289723e-07,-3.4427957890025533,-2.867029512430173,-2.5696937122646926,11,528,True,
1min,2024-10-07,2024-10-07,2024-10-07,540,lag_sensitivity,PP,c,unit_root,,Bartlett_short_bandwidth,False,ok,-23.963081750511087,0.0,-3.4425405682241816,-2.8669171671779816,-2.5696338432333636,12,539,True,
1min,2024-10-07,2024-10-07,2024-10-07,540,lag_sensitivity,KPSS,c,level_or_trend_stationarity,,Bartlett_short_bandwidth,False,ok,0.052424028771523454,0.861694560174856,0.7428,0.4614,0.3475,12,540,False,
1min,2024-10-08,2024-10-08,2024-10-08,540,main,ADF,c,unit_root,12.0,bic,False,ok,-24.309025734046422,0.0,-3.4425405682241816,-2.8669171671779816,-2.5696338432333636,0,539,True,
1min,2024-10-08,2024-10-08,2024-10-08,540,main,PP,c,unit_root,,Bartlett_short_bandwidth,False,ok,-24.342182912768035,0.0,-3.4425405682241816,-2.8669171671779816,-2.5696338432333636,6,539,True,
1min,2024-10-08,2024-10-08,2024-10-08,540,main,KPSS,c,level_or_trend_stationarity,,Bartlett_short_bandwidth,False,ok,0.07175332427559453,0.7415337350740236,0.7428,0.4614,0.3475,6,540,False,
1min,2024-10-08,2024-10-08,2024-10-08,540,trend_sensitivity,ADF,ct,unit_root,12.0,bic,False,ok,-24.306003543105533,0.0,-3.9756648124097875,-3.4186668470500177,-3.131860684671111,0,539,True,
1min,2024-10-08,2024-10-08,2024-10-08,540,trend_sensitivity,PP,ct,unit_root,,Bartlett_short_bandwidth,False,ok,-24.34338684907576,0.0,-3.9756648124097875,-3.4186668470500177,-3.131860684671111,6,539,True,
1min,2024-10-08,2024-10-08,2024-10-08,540,trend_sensitivity,KPSS,ct,level_or_trend_stationarity,,Bartlett_short_bandwidth,False,ok,0.02737219731864271,0.9077342458073328,0.2175,0.1479,0.1193,6,540,False,
1min,2024-10-08,2024-10-08,2024-10-08,540,lag_sensitivity,ADF,c,unit_root,12.0,aic,False,ok,-24.309025734046422,0.0,-3.4425405682241816,-2.8669171671779816,-2.5696338432333636,0,539,True,
1min,2024-10-08,2024-10-08,2024-10-08,540,lag_sensitivity,PP,c,unit_root,,Bartlett_short_bandwidth,False,ok,-24.337035991980077,0.0,-3.4425405682241816,-2.8669171671779816,-2.5696338432333636,12,539,True,
1min,2024-10-08,2024-10-08,2024-10-08,540,lag_sensitivity,KPSS,c,level_or_trend_stationarity,,Bartlett_short_bandwidth,False,ok,0.07254025671192994,0.7367398301866297,0.7428,0.4614,0.3475,12,540,False,
1min,2024-10-09,2024-10-09,2024-10-09,540,main,ADF,c,unit_root,12.0,bic,False,ok,-24.24273590956291,0.0,-3.4425405682241816,-2.8669171671779816,-2.5696338432333636,0,539,True,
1min,2024-10-09,2024-10-09,2024-10-09,540,main,PP,c,unit_root,,Bartlett_short_bandwidth,False,ok,-24.23071238390333,0.0,-3.4425405682241816,-2.8669171671779816,-2.5696338432333636,6,539,True,
1min,2024-10-09,2024-10-09,2024-10-09,540,main,KPSS,c,level_or_trend_stationarity,,Bartlett_short_bandwidth,False,ok,0.22028129304702251,0.2317890773950178,0.7428,0.4614,0.3475,6,540,False,
1min,2024-10-09,2024-10-09,2024-10-09,540,trend_sensitivity,ADF,ct,unit_root,12.0,bic,False,ok,-24.28207083515073,0.0,-3.9756648124097875,-3.4186668470500177,-3.131860684671111,0,539,True,
1min,2024-10-09,2024-10-09,2024-10-09,540,trend_sensitivity,PP,ct,unit_root,,Bartlett_short_bandwidth,False,ok,-24.275543138681094,0.0,-3.9756648124097875,-3.4186668470500177,-3.131860684671111,6,539,True,
1min,2024-10-09,2024-10-09,2024-10-09,540,trend_sensitivity,KPSS,ct,level_or_trend_stationarity,,Bartlett_short_bandwidth,False,ok,0.03578804516242901,0.787036340085972,0.2175,0.1479,0.1193,6,540,False,
1min,2024-10-09,2024-10-09,2024-10-09,540,lag_sensitivity,ADF,c,unit_root,12.0,aic,False,ok,-24.24273590956291,0.0,-3.4425405682241816,-2.8669171671779816,-2.5696338432333636,0,539,True,
1min,2024-10-09,2024-10-09,2024-10-09,540,lag_sensitivity,PP,c,unit_root,,Bartlett_short_bandwidth,False,ok,-24.27696400338531,0.0,-3.4425405682241816,-2.8669171671779816,-2.5696338432333636,12,539,True,
1min,2024-10-09,2024-10-09,2024-10-09,540,lag_sensitivity,KPSS,c,level_or_trend_stationarity,,Bartlett_short_bandwidth,False,ok,0.23746418732818575,0.20560529537751981,0.7428,0.4614,0.3475,12,540,False,
1min,2024-10-10,2024-10-10,2024-10-10,540,main,ADF,c,unit_root,12.0,bic,False,ok,-21.517770032280563,0.0,-3.442563336759378,-2.866927190004947,-2.5696391843672695,1,538,True,
1min,2024-10-10,2024-10-10,2024-10-10,540,main,PP,c,unit_root,,Bartlett_short_bandwidth,False,ok,-27.061568193774495,0.0,-3.4425405682241816,-2.8669171671779816,-2.5696338432333636,6,539,True,
1min,2024-10-10,2024-10-10,2024-10-10,540,main,KPSS,c,level_or_trend_stationarity,,Bartlett_short_bandwidth,False,ok,0.037558659303031004,0.9453613259530758,0.7428,0.4614,0.3475,6,540,False,
1min,2024-10-10,2024-10-10,2024-10-10,540,trend_sensitivity,ADF,ct,unit_root,12.0,bic,False,ok,-21.49614001479629,0.0,-3.975696400819281,-3.4186821046499145,-3.131869652155557,1,538,True,
1min,2024-10-10,2024-10-10,2024-10-10,540,trend_sensitivity,PP,ct,unit_root,,Bartlett_short_bandwidth,False,ok,-27.027536694283974,0.0,-3.9756648124097875,-3.4186668470500177,-3.131860684671111,6,539,True,
1min,2024-10-10,2024-10-10,2024-10-10,540,trend_sensitivity,KPSS,ct,level_or_trend_stationarity,,Bartlett_short_bandwidth,False,ok,0.02603501874491053,0.9229442361676609,0.2175,0.1479,0.1193,6,540,False,
1min,2024-10-10,2024-10-10,2024-10-10,540,lag_sensitivity,ADF,c,unit_root,12.0,aic,False,ok,-7.297553344163784,1.365333280705925e-10,-3.4427485933555886,-2.8670087381529723,-2.569682641509434,9,530,True,
1min,2024-10-10,2024-10-10,2024-10-10,540,lag_sensitivity,PP,c,unit_root,,Bartlett_short_bandwidth,False,ok,-27.279390515166014,0.0,-3.4425405682241816,-2.8669171671779816,-2.5696338432333636,12,539,True,
1min,2024-10-10,2024-10-10,2024-10-10,540,lag_sensitivity,KPSS,c,level_or_trend_stationarity,,Bartlett_short_bandwidth,False,ok,0.03968841012388287,0.935056080045728,0.7428,0.4614,0.3475,12,540,False,
1min,2024-10-11,2024-10-11,2024-10-11,540,main,ADF,c,unit_root,12.0,bic,False,ok,-24.24226839587171,0.0,-3.4425405682241816,-2.8669171671779816,-2.5696338432333636,0,539,True,
1min,2024-10-11,2024-10-11,2024-10-11,540,main,PP,c,unit_root,,Bartlett_short_bandwidth,False,ok,-24.253327994678564,0.0,-3.4425405682241816,-2.8669171671779816,-2.5696338432333636,6,539,True,
1min,2024-10-11,2024-10-11,2024-10-11,540,main,KPSS,c,level_or_trend_stationarity,,Bartlett_short_bandwidth,False,ok,0.5967924658376776,0.02290377674710005,0.7428,0.4614,0.3475,6,540,True,
1min,2024-10-11,2024-10-11,2024-10-11,540,trend_sensitivity,ADF,ct,unit_root,12.0,bic,False,ok,-24.447445710150532,0.0,-3.9756648124097875,-3.4186668470500177,-3.131860684671111,0,539,True,
1min,2024-10-11,2024-10-11,2024-10-11,540,trend_sensitivity,PP,ct,unit_root,,Bartlett_short_bandwidth,False,ok,-24.50103141600958,0.0,-3.9756648124097875,-3.4186668470500177,-3.131860684671111,6,539,True,
1min,2024-10-11,2024-10-11,2024-10-11,540,trend_sensitivity,KPSS,ct,level_or_trend_stationarity,,Bartlett_short_bandwidth,False,ok,0.13657014799553976,0.0656933096846133,0.2175,0.1479,0.1193,6,540,False,
1min,2024-10-11,2024-10-11,2024-10-11,540,lag_sensitivity,ADF,c,unit_root,12.0,aic,False,ok,-24.24226839587171,0.0,-3.4425405682241816,-2.8669171671779816,-2.5696338432333636,0,539,True,
1min,2024-10-11,2024-10-11,2024-10-11,540,lag_sensitivity,PP,c,unit_root,,Bartlett_short_bandwidth,False,ok,-24.233732844542722,0.0,-3.4425405682241816,-2.8669171671779816,-2.5696338432333636,12,539,True,
1min,2024-10-11,2024-10-11,2024-10-11,540,lag_sensitivity,KPSS,c,level_or_trend_stationarity,,Bartlett_short_bandwidth,False,ok,0.5035826819604404,0.039064916602523925,0.7428,0.4614,0.3475,12,540,True,
1min,2024-10-14,2024-10-14,2024-10-14,540,main,ADF,c,unit_root,12.0,bic,False,ok,-25.236448726570178,0.0,-3.4425405682241816,-2.8669171671779816,-2.5696338432333636,0,539,True,
1min,2024-10-14,2024-10-14,2024-10-14,540,main,PP,c,unit_root,,Bartlett_short_bandwidth,False,ok,-25.26139040743434,0.0,-3.4425405682241816,-2.8669171671779816,-2.5696338432333636,6,539,True,
1min,2024-10-14,2024-10-14,2024-10-14,540,main,KPSS,c,level_or_trend_stationarity,,Bartlett_short_bandwidth,False,ok,0.06723334976015308,0.769637203563815,0.7428,0.4614,0.3475,6,540,False,
1min,2024-10-14,2024-10-14,2024-10-14,540,trend_sensitivity,ADF,ct,unit_root,12.0,bic,False,ok,-25.21975755271452,0.0,-3.9756648124097875,-3.4186668470500177,-3.131860684671111,0,539,True,
1min,2024-10-14,2024-10-14,2024-10-14,540,trend_sensitivity,PP,ct,unit_root,,Bartlett_short_bandwidth,False,ok,-25.247860430526448,0.0,-3.9756648124097875,-3.4186668470500177,-3.131860684671111,6,539,True,
1min,2024-10-14,2024-10-14,2024-10-14,540,trend_sensitivity,KPSS,ct,level_or_trend_stationarity,,Bartlett_short_bandwidth,False,ok,0.058627729196787465,0.46419370003824445,0.2175,0.1479,0.1193,6,540,False,
1min,2024-10-14,2024-10-14,2024-10-14,540,lag_sensitivity,ADF,c,unit_root,12.0,aic,False,ok,-25.236448726570178,0.0,-3.4425405682241816,-2.8669171671779816,-2.5696338432333636,0,539,True,
1min,2024-10-14,2024-10-14,2024-10-14,540,lag_sensitivity,PP,c,unit_root,,Bartlett_short_bandwidth,False,ok,-25.187013811943242,0.0,-3.4425405682241816,-2.8669171671779816,-2.5696338432333636,12,539,True,
1min,2024-10-14,2024-10-14,2024-10-14,540,lag_sensitivity,KPSS,c,level_or_trend_stationarity,,Bartlett_short_bandwidth,False,ok,0.06280416989838113,0.7971761457095474,0.7428,0.4614,0.3475,12,540,False,
1min,2024-10-15,2024-10-15,2024-10-15,540,main,ADF,c,unit_root,12.0,bic,False,ok,-21.610619334446078,0.0,-3.4425405682241816,-2.8669171671779816,-2.5696338432333636,0,539,True,
1min,2024-10-15,2024-10-15,2024-10-15,540,main,PP,c,unit_root,,Bartlett_short_bandwidth,False,ok,-21.704711183383985,0.0,-3.4425405682241816,-2.8669171671779816,-2.5696338432333636,6,539,True,
1min,2024-10-15,2024-10-15,2024-10-15,540,main,KPSS,c,level_or_trend_stationarity,,Bartlett_short_bandwidth,False,ok,0.041701679560831165,0.9244648444166781,0.7428,0.4614,0.3475,6,540,False,
1min,2024-10-15,2024-10-15,2024-10-15,540,trend_sensitivity,ADF,ct,unit_root,12.0,bic,False,ok,-21.59732575257961,0.0,-3.9756648124097875,-3.4186668470500177,-3.131860684671111,0,539,True,
1min,2024-10-15,2024-10-15,2024-10-15,540,trend_sensitivity,PP,ct,unit_root,,Bartlett_short_bandwidth,False,ok,-21.690401622906684,0.0,-3.9756648124097875,-3.4186668470500177,-3.131860684671111,6,539,True,
1min,2024-10-15,2024-10-15,2024-10-15,540,trend_sensitivity,KPSS,ct,level_or_trend_stationarity,,Bartlett_short_bandwidth,False,ok,0.02317576282637699,0.9527272235027158,0.2175,0.1479,0.1193,6,540,False,
1min,2024-10-15,2024-10-15,2024-10-15,540,lag_sensitivity,ADF,c,unit_root,12.0,aic,False,ok,-21.610619334446078,0.0,-3.4425405682241816,-2.8669171671779816,-2.5696338432333636,0,539,True,
1min,2024-10-15,2024-10-15,2024-10-15,540,lag_sensitivity,PP,c,unit_root,,Bartlett_short_bandwidth,False,ok,-21.684389448120417,0.0,-3.4425405682241816,-2.8669171671779816,-2.5696338432333636,12,539,True,
1min,2024-10-15,2024-10-15,2024-10-15,540,lag_sensitivity,KPSS,c,level_or_trend_stationarity,,Bartlett_short_bandwidth,False,ok,0.04210778186718807,0.9223274638569049,0.7428,0.4614,0.3475,12,540,False,
1min,2024-10-16,2024-10-16,2024-10-16,540,main,ADF,c,unit_root,12.0,bic,False,ok,-27.103199622627653,0.0,-3.4425405682241816,-2.8669171671779816,-2.5696338432333636,0,539,True,
1min,2024-10-16,2024-10-16,2024-10-16,540,main,PP,c,unit_root,,Bartlett_short_bandwidth,False,ok,-27.476293590912917,0.0,-3.4425405682241816,-2.8669171671779816,-2.5696338432333636,6,539,True,
1min,2024-10-16,2024-10-16,2024-10-16,540,main,KPSS,c,level_or_trend_stationarity,,Bartlett_short_bandwidth,False,ok,0.12227138935363699,0.48708662097248556,0.7428,0.4614,0.3475,6,540,False,
1min,2024-10-16,2024-10-16,2024-10-16,540,trend_sensitivity,ADF,ct,unit_root,12.0,bic,False,ok,-27.08214162856758,0.0,-3.9756648124097875,-3.4186668470500177,-3.131860684671111,0,539,True,
1min,2024-10-16,2024-10-16,2024-10-16,540,trend_sensitivity,PP,ct,unit_root,,Bartlett_short_bandwidth,False,ok,-27.455332335018355,0.0,-3.9756648124097875,-3.4186668470500177,-3.131860684671111,6,539,True,
1min,2024-10-16,2024-10-16,2024-10-16,540,trend_sensitivity,KPSS,ct,level_or_trend_stationarity,,Bartlett_short_bandwidth,False,ok,0.12498117240924622,0.08699745128424735,0.2175,0.1479,0.1193,6,540,False,
1min,2024-10-16,2024-10-16,2024-10-16,540,lag_sensitivity,ADF,c,unit_root,12.0,aic,False,ok,-15.300196477728878,4.323213687829857e-28,-3.4425861905056556,-2.8669372502674824,-2.5696445454608505,2,537,True,
1min,2024-10-16,2024-10-16,2024-10-16,540,lag_sensitivity,PP,c,unit_root,,Bartlett_short_bandwidth,False,ok,-27.90705447931795,0.0,-3.4425405682241816,-2.8669171671779816,-2.5696338432333636,12,539,True,
1min,2024-10-16,2024-10-16,2024-10-16,540,lag_sensitivity,KPSS,c,level_or_trend_stationarity,,Bartlett_short_bandwidth,False,ok,0.14166697803138498,0.41658019861735585,0.7428,0.4614,0.3475,12,540,False,
1min,2024-10-17,2024-10-17,2024-10-17,540,main,ADF,c,unit_root,12.0,bic,False,ok,-19.630163701738507,0.0,-3.442563336759378,-2.866927190004947,-2.5696391843672695,1,538,True,
1min,2024-10-17,2024-10-17,2024-10-17,540,main,PP,c,unit_root,,Bartlett_short_bandwidth,False,ok,-25.59503968058853,0.0,-3.4425405682241816,-2.8669171671779816,-2.5696338432333636,6,539,True,
1min,2024-10-17,2024-10-17,2024-10-17,540,main,KPSS,c,level_or_trend_stationarity,,Bartlett_short_bandwidth,False,ok,0.16944104573076846,0.3360579653263423,0.7428,0.4614,0.3475,6,540,False,
1min,2024-10-17,2024-10-17,2024-10-17,540,trend_sensitivity,ADF,ct,unit_root,12.0,bic,False,ok,-19.666639121627714,0.0,-3.975696400819281,-3.4186821046499145,-3.131869652155557,1,538,True,
1min,2024-10-17,2024-10-17,2024-10-17,540,trend_sensitivity,PP,ct,unit_root,,Bartlett_short_bandwidth,False,ok,-25.62366674171356,0.0,-3.9756648124097875,-3.4186668470500177,-3.131860684671111,6,539,True,
1min,2024-10-17,2024-10-17,2024-10-17,540,trend_sensitivity,KPSS,ct,level_or_trend_stationarity,,Bartlett_short_bandwidth,False,ok,0.1070333840849117,0.13569876101641387,0.2175,0.1479,0.1193,6,540,False,
1min,2024-10-17,2024-10-17,2024-10-17,540,lag_sensitivity,ADF,c,unit_root,12.0,aic,False,ok,-19.630163701738507,0.0,-3.442563336759378,-2.866927190004947,-2.5696391843672695,1,538,True,
1min,2024-10-17,2024-10-17,2024-10-17,540,lag_sensitivity,PP,c,unit_root,,Bartlett_short_bandwidth,False,ok,-25.675957698811033,0.0,-3.4425405682241816,-2.8669171671779816,-2.5696338432333636,12,539,True,
1min,2024-10-17,2024-10-17,2024-10-17,540,lag_sensitivity,KPSS,c,level_or_trend_stationarity,,Bartlett_short_bandwidth,False,ok,0.1786464778996584,0.31345637264446347,0.7428,0.4614,0.3475,12,540,False,
1min,2024-10-18,2024-10-18,2024-10-18,540,main,ADF,c,unit_root,12.0,bic,False,ok,-22.799079516076755,0.0,-3.4425405682241816,-2.8669171671779816,-2.5696338432333636,0,539,True,
1min,2024-10-18,2024-10-18,2024-10-18,540,main,PP,c,unit_root,,Bartlett_short_bandwidth,False,ok,-22.8095135587854,0.0,-3.4425405682241816,-2.8669171671779816,-2.5696338432333636,6,539,True,
1min,2024-10-18,2024-10-18,2024-10-18,540,main,KPSS,c,level_or_trend_stationarity,,Bartlett_short_bandwidth,False,ok,0.21819658058929303,0.23522541661105542,0.7428,0.4614,0.3475,6,540,False,
1min,2024-10-18,2024-10-18,2024-10-18,540,trend_sensitivity,ADF,ct,unit_root,12.0,bic,False,ok,-22.810830279569306,0.0,-3.9756648124097875,-3.4186668470500177,-3.131860684671111,0,539,True,
1min,2024-10-18,2024-10-18,2024-10-18,540,trend_sensitivity,PP,ct,unit_root,,Bartlett_short_bandwidth,False,ok,-22.820526589005397,0.0,-3.9756648124097875,-3.4186668470500177,-3.131860684671111,6,539,True,
1min,2024-10-18,2024-10-18,2024-10-18,540,trend_sensitivity,KPSS,ct,level_or_trend_stationarity,,Bartlett_short_bandwidth,False,ok,0.06131272689040285,0.4332644671545131,0.2175,0.1479,0.1193,6,540,False,
1min,2024-10-18,2024-10-18,2024-10-18,540,lag_sensitivity,ADF,c,unit_root,12.0,aic,False,ok,-5.7042636819052035,7.551643137137106e-07,-3.4427251295084678,-2.8669984098683736,-2.5696771375119254,8,531,True,
1min,2024-10-18,2024-10-18,2024-10-18,540,lag_sensitivity,PP,c,unit_root,,Bartlett_short_bandwidth,False,ok,-23.07901803447713,0.0,-3.4425405682241816,-2.8669171671779816,-2.5696338432333636,12,539,True,
1min,2024-10-18,2024-10-18,2024-10-18,540,lag_sensitivity,KPSS,c,level_or_trend_stationarity,,Bartlett_short_bandwidth,False,ok,0.17171676315194445,0.33031120416175647,0.7428,0.4614,0.3475,12,540,False,
1min,2024-10-21,2024-10-21,2024-10-21,540,main,ADF,c,unit_root,12.0,bic,False,ok,-18.491721505083298,2.1263606299610882e-30,-3.442563336759378,-2.866927190004947,-2.5696391843672695,1,538,True,
1min,2024-10-21,2024-10-21,2024-10-21,540,main,PP,c,unit_root,,Bartlett_short_bandwidth,False,ok,-23.33631231138643,0.0,-3.4425405682241816,-2.8669171671779816,-2.5696338432333636,6,539,True,
1min,2024-10-21,2024-10-21,2024-10-21,540,main,KPSS,c,level_or_trend_stationarity,,Bartlett_short_bandwidth,False,ok,0.060798606949272374,0.8096459671547831,0.7428,0.4614,0.3475,6,540,False,
1min,2024-10-21,2024-10-21,2024-10-21,540,trend_sensitivity,ADF,ct,unit_root,12.0,bic,False,ok,-18.486941657649158,0.0,-3.975696400819281,-3.4186821046499145,-3.131869652155557,1,538,True,
1min,2024-10-21,2024-10-21,2024-10-21,540,trend_sensitivity,PP,ct,unit_root,,Bartlett_short_bandwidth,False,ok,-23.329389732691745,0.0,-3.9756648124097875,-3.4186668470500177,-3.131860684671111,6,539,True,
1min,2024-10-21,2024-10-21,2024-10-21,540,trend_sensitivity,KPSS,ct,level_or_trend_stationarity,,Bartlett_short_bandwidth,False,ok,0.054895981346323036,0.5088482238441236,0.2175,0.1479,0.1193,6,540,False,
1min,2024-10-21,2024-10-21,2024-10-21,540,lag_sensitivity,ADF,c,unit_root,12.0,aic,False,ok,-13.455071216658949,3.6207241619892106e-25,-3.4425861905056556,-2.8669372502674824,-2.5696445454608505,2,537,True,
1min,2024-10-21,2024-10-21,2024-10-21,540,lag_sensitivity,PP,c,unit_root,,Bartlett_short_bandwidth,False,ok,-23.397862880698263,0.0,-3.4425405682241816,-2.8669171671779816,-2.5696338432333636,12,539,True,
1min,2024-10-21,2024-10-21,2024-10-21,540,lag_sensitivity,KPSS,c,level_or_trend_stationarity,,Bartlett_short_bandwidth,False,ok,0.06804008130193841,0.7646212561537509,0.7428,0.4614,0.3475,12,540,False,
1min,2024-10-22,2024-10-22,2024-10-22,540,main,ADF,c,unit_root,12.0,bic,False,ok,-23.230566543234737,0.0,-3.4425405682241816,-2.8669171671779816,-2.5696338432333636,0,539,True,
1min,2024-10-22,2024-10-22,2024-10-22,540,main,PP,c,unit_root,,Bartlett_short_bandwidth,False,ok,-23.337164137477554,0.0,-3.4425405682241816,-2.8669171671779816,-2.5696338432333636,6,539,True,
1min,2024-10-22,2024-10-22,2024-10-22,540,main,KPSS,c,level_or_trend_stationarity,,Bartlett_short_bandwidth,False,ok,0.06201968689894279,0.8020537602138272,0.7428,0.4614,0.3475,6,540,False,
1min,2024-10-22,2024-10-22,2024-10-22,540,trend_sensitivity,ADF,ct,unit_root,12.0,bic,False,ok,-23.214604556059864,0.0,-3.9756648124097875,-3.4186668470500177,-3.131860684671111,0,539,True,
1min,2024-10-22,2024-10-22,2024-10-22,540,trend_sensitivity,PP,ct,unit_root,,Bartlett_short_bandwidth,False,ok,-23.32214896794999,0.0,-3.9756648124097875,-3.4186668470500177,-3.131860684671111,6,539,True,
1min,2024-10-22,2024-10-22,2024-10-22,540,trend_sensitivity,KPSS,ct,level_or_trend_stationarity,,Bartlett_short_bandwidth,False,ok,0.03544831004976067,0.792279165898755,0.2175,0.1479,0.1193,6,540,False,
1min,2024-10-22,2024-10-22,2024-10-22,540,lag_sensitivity,ADF,c,unit_root,12.0,aic,False,ok,-5.286776493914539,5.831784147082129e-06,-3.442819521824351,-2.8670399588708047,-2.5696992792614384,12,527,True,
1min,2024-10-22,2024-10-22,2024-10-22,540,lag_sensitivity,PP,c,unit_root,,Bartlett_short_bandwidth,False,ok,-23.71043786357311,0.0,-3.4425405682241816,-2.8669171671779816,-2.5696338432333636,12,539,True,
1min,2024-10-22,2024-10-22,2024-10-22,540,lag_sensitivity,KPSS,c,level_or_trend_stationarity,,Bartlett_short_bandwidth,False,ok,0.05045164864869988,0.8738056661921937,0.7428,0.4614,0.3475,12,540,False,
1min,2024-10-23,2024-10-23,2024-10-23,540,main,ADF,c,unit_root,12.0,bic,False,ok,-24.015274823940853,0.0,-3.4425405682241816,-2.8669171671779816,-2.5696338432333636,0,539,True,
1min,2024-10-23,2024-10-23,2024-10-23,540,main,PP,c,unit_root,,Bartlett_short_bandwidth,False,ok,-24.065586111148868,0.0,-3.4425405682241816,-2.8669171671779816,-2.5696338432333636,6,539,True,
1min,2024-10-23,2024-10-23,2024-10-23,540,main,KPSS,c,level_or_trend_stationarity,,Bartlett_short_bandwidth,False,ok,0.056280548464854786,0.8377375224983122,0.7428,0.4614,0.3475,6,540,False,
1min,2024-10-23,2024-10-23,2024-10-23,540,trend_sensitivity,ADF,ct,unit_root,12.0,bic,False,ok,-23.998885966487745,0.0,-3.9756648124097875,-3.4186668470500177,-3.131860684671111,0,539,True,
1min,2024-10-23,2024-10-23,2024-10-23,540,trend_sensitivity,PP,ct,unit_root,,Bartlett_short_bandwidth,False,ok,-24.048971848250908,0.0,-3.9756648124097875,-3.4186668470500177,-3.131860684671111,6,539,True,
1min,2024-10-23,2024-10-23,2024-10-23,540,trend_sensitivity,KPSS,ct,level_or_trend_stationarity,,Bartlett_short_bandwidth,False,ok,0.03801549617949656,0.7526620959954236,0.2175,0.1479,0.1193,6,540,False,
1min,2024-10-23,2024-10-23,2024-10-23,540,lag_sensitivity,ADF,c,unit_root,12.0,aic,False,ok,-6.173775126685776,6.706823634693213e-08,-3.4427957890025533,-2.867029512430173,-2.5696937122646926,11,528,True,
1min,2024-10-23,2024-10-23,2024-10-23,540,lag_sensitivity,PP,c,unit_root,,Bartlett_short_bandwidth,False,ok,-24.01204840202825,0.0,-3.4425405682241816,-2.8669171671779816,-2.5696338432333636,12,539,True,
1min,2024-10-23,2024-10-23,2024-10-23,540,lag_sensitivity,KPSS,c,level_or_trend_stationarity,,Bartlett_short_bandwidth,False,ok,0.051831085248370316,0.8653354414573752,0.7428,0.4614,0.3475,12,540,False,
1min,2024-10-24,2024-10-24,2024-10-24,540,main,ADF,c,unit_root,12.0,bic,False,ok,-23.108262516801844,0.0,-3.4425405682241816,-2.8669171671779816,-2.5696338432333636,0,539,True,
1min,2024-10-24,2024-10-24,2024-10-24,540,main,PP,c,unit_root,,Bartlett_short_bandwidth,False,ok,-23.112348491497322,0.0,-3.4425405682241816,-2.8669171671779816,-2.5696338432333636,6,539,True,
1min,2024-10-24,2024-10-24,2024-10-24,540,main,KPSS,c,level_or_trend_stationarity,,Bartlett_short_bandwidth,False,ok,0.22189999643001676,0.22912088500546687,0.7428,0.4614,0.3475,6,540,False,
1min,2024-10-24,2024-10-24,2024-10-24,540,trend_sensitivity,ADF,ct,unit_root,12.0,bic,False,ok,-23.1803702494811,0.0,-3.9756648124097875,-3.4186668470500177,-3.131860684671111,0,539,True,
1min,2024-10-24,2024-10-24,2024-10-24,540,trend_sensitivity,PP,ct,unit_root,,Bartlett_short_bandwidth,False,ok,-23.193539182063205,0.0,-3.9756648124097875,-3.4186668470500177,-3.131860684671111,6,539,True,
1min,2024-10-24,2024-10-24,2024-10-24,540,trend_sensitivity,KPSS,ct,level_or_trend_stationarity,,Bartlett_short_bandwidth,False,ok,0.04743436167729693,0.6105670463632986,0.2175,0.1479,0.1193,6,540,False,
1min,2024-10-24,2024-10-24,2024-10-24,540,lag_sensitivity,ADF,c,unit_root,12.0,aic,False,ok,-23.108262516801844,0.0,-3.4425405682241816,-2.8669171671779816,-2.5696338432333636,0,539,True,
1min,2024-10-24,2024-10-24,2024-10-24,540,lag_sensitivity,PP,c,unit_root,,Bartlett_short_bandwidth,False,ok,-23.122191141685356,0.0,-3.4425405682241816,-2.8669171671779816,-2.5696338432333636,12,539,True,
1min,2024-10-24,2024-10-24,2024-10-24,540,lag_sensitivity,KPSS,c,level_or_trend_stationarity,,Bartlett_short_bandwidth,False,ok,0.23327824129712868,0.21154811924677475,0.7428,0.4614,0.3475,12,540,False,
1min,2024-10-25,2024-10-25,2024-10-25,540,main,ADF,c,unit_root,12.0,bic,False,ok,-21.641319042848668,0.0,-3.4425405682241816,-2.8669171671779816,-2.5696338432333636,0,539,True,
1min,2024-10-25,2024-10-25,2024-10-25,540,main,PP,c,unit_root,,Bartlett_short_bandwidth,False,ok,-21.614881639884786,0.0,-3.4425405682241816,-2.8669171671779816,-2.5696338432333636,6,539,True,
1min,2024-10-25,2024-10-25,2024-10-25,540,main,KPSS,c,level_or_trend_stationarity,,Bartlett_short_bandwidth,False,ok,0.018844218525376596,0.9956976670033387,0.7428,0.4614,0.3475,6,540,False,
1min,2024-10-25,2024-10-25,2024-10-25,540,trend_sensitivity,ADF,ct,unit_root,12.0,bic,False,ok,-21.62313496824427,0.0,-3.9756648124097875,-3.4186668470500177,-3.131860684671111,0,539,True,
1min,2024-10-25,2024-10-25,2024-10-25,540,trend_sensitivity,PP,ct,unit_root,,Bartlett_short_bandwidth,False,ok,-21.596344733891744,0.0,-3.9756648124097875,-3.4186668470500177,-3.131860684671111,6,539,True,
1min,2024-10-25,2024-10-25,2024-10-25,540,trend_sensitivity,KPSS,ct,level_or_trend_stationarity,,Bartlett_short_bandwidth,False,ok,0.0168360881461596,0.9913644466289423,0.2175,0.1479,0.1193,6,540,False,
1min,2024-10-25,2024-10-25,2024-10-25,540,lag_sensitivity,ADF,c,unit_root,12.0,aic,False,ok,-21.641319042848668,0.0,-3.4425405682241816,-2.8669171671779816,-2.5696338432333636,0,539,True,
1min,2024-10-25,2024-10-25,2024-10-25,540,lag_sensitivity,PP,c,unit_root,,Bartlett_short_bandwidth,False,ok,-21.588429628195776,0.0,-3.4425405682241816,-2.8669171671779816,-2.5696338432333636,12,539,True,
1min,2024-10-25,2024-10-25,2024-10-25,540,lag_sensitivity,KPSS,c,level_or_trend_stationarity,,Bartlett_short_bandwidth,False,ok,0.020582522369658397,0.99530079397953,0.7428,0.4614,0.3475,12,540,False,
1min,2024-10-28,2024-10-28,2024-10-28,540,main,ADF,c,unit_root,12.0,bic,False,ok,-24.057717859985008,0.0,-3.4425405682241816,-2.8669171671779816,-2.5696338432333636,0,539,True,
1min,2024-10-28,2024-10-28,2024-10-28,540,main,PP,c,unit_root,,Bartlett_short_bandwidth,False,ok,-24.17519322480841,0.0,-3.4425405682241816,-2.8669171671779816,-2.5696338432333636,6,539,True,
1min,2024-10-28,2024-10-28,2024-10-28,540,main,KPSS,c,level_or_trend_stationarity,,Bartlett_short_bandwidth,False,ok,0.2834521643976975,0.15077899541906511,0.7428,0.4614,0.3475,6,540,False,
1min,2024-10-28,2024-10-28,2024-10-28,540,trend_sensitivity,ADF,ct,unit_root,12.0,bic,False,ok,-24.07483994801031,0.0,-3.9756648124097875,-3.4186668470500177,-3.131860684671111,0,539,True,
1min,2024-10-28,2024-10-28,2024-10-28,540,trend_sensitivity,PP,ct,unit_root,,Bartlett_short_bandwidth,False,ok,-24.206415378168334,0.0,-3.9756648124097875,-3.4186668470500177,-3.131860684671111,6,539,True,
1min,2024-10-28,2024-10-28,2024-10-28,540,trend_sensitivity,KPSS,ct,level_or_trend_stationarity,,Bartlett_short_bandwidth,False,ok,0.1163402520820048,0.10799931869728434,0.2175,0.1479,0.1193,6,540,False,
1min,2024-10-28,2024-10-28,2024-10-28,540,lag_sensitivity,ADF,c,unit_root,12.0,aic,False,ok,-18.217315957048697,2.384575389910726e-30,-3.442563336759378,-2.866927190004947,-2.5696391843672695,1,538,True,
1min,2024-10-28,2024-10-28,2024-10-28,540,lag_sensitivity,PP,c,unit_root,,Bartlett_short_bandwidth,False,ok,-24.4732920972688,0.0,-3.4425405682241816,-2.8669171671779816,-2.5696338432333636,12,539,True,
1min,2024-10-28,2024-10-28,2024-10-28,540,lag_sensitivity,KPSS,c,level_or_trend_stationarity,,Bartlett_short_bandwidth,False,ok,0.33927282583482804,0.1056935461350671,0.7428,0.4614,0.3475,12,540,False,
1min,2024-10-29,2024-10-29,2024-10-29,540,main,ADF,c,unit_root,12.0,bic,False,ok,-26.442667635418164,0.0,-3.4425405682241816,-2.8669171671779816,-2.5696338432333636,0,539,True,
1min,2024-10-29,2024-10-29,2024-10-29,540,main,PP,c,unit_root,,Bartlett_short_bandwidth,False,ok,-26.72262430608398,0.0,-3.4425405682241816,-2.8669171671779816,-2.5696338432333636,6,539,True,
1min,2024-10-29,2024-10-29,2024-10-29,540,main,KPSS,c,level_or_trend_stationarity,,Bartlett_short_bandwidth,False,ok,0.03927253480512949,0.9370683799751799,0.7428,0.4614,0.3475,6,540,False,
1min,2024-10-29,2024-10-29,2024-10-29,540,trend_sensitivity,ADF,ct,unit_root,12.0,bic,False,ok,-26.431514721174096,0.0,-3.9756648124097875,-3.4186668470500177,-3.131860684671111,0,539,True,
1min,2024-10-29,2024-10-29,2024-10-29,540,trend_sensitivity,PP,ct,unit_root,,Bartlett_short_bandwidth,False,ok,-26.714248913996734,0.0,-3.9756648124097875,-3.4186668470500177,-3.131860684671111,6,539,True,
1min,2024-10-29,2024-10-29,2024-10-29,540,trend_sensitivity,KPSS,ct,level_or_trend_stationarity,,Bartlett_short_bandwidth,False,ok,0.01853349717348733,0.9848139045917371,0.2175,0.1479,0.1193,6,540,False,
1min,2024-10-29,2024-10-29,2024-10-29,540,lag_sensitivity,ADF,c,unit_root,12.0,aic,False,ok,-11.597301995152225,2.7010594431723503e-21,-3.4426552678216003,-2.8669676577777548,-2.569660749624767,5,534,True,
1min,2024-10-29,2024-10-29,2024-10-29,540,lag_sensitivity,PP,c,unit_root,,Bartlett_short_bandwidth,False,ok,-27.526329194109024,0.0,-3.4425405682241816,-2.8669171671779816,-2.5696338432333636,12,539,True,
1min,2024-10-29,2024-10-29,2024-10-29,540,lag_sensitivity,KPSS,c,level_or_trend_stationarity,,Bartlett_short_bandwidth,False,ok,0.05139976378900627,0.8679839065587334,0.7428,0.4614,0.3475,12,540,False,
1min,2024-10-30,2024-10-30,2024-10-30,540,main,ADF,c,unit_root,12.0,bic,False,ok,-18.82503005881983,2.0221444673754562e-30,-3.442563336759378,-2.866927190004947,-2.5696391843672695,1,538,True,
1min,2024-10-30,2024-10-30,2024-10-30,540,main,PP,c,unit_root,,Bartlett_short_bandwidth,False,ok,-23.762324819268677,0.0,-3.4425405682241816,-2.8669171671779816,-2.5696338432333636,6,539,True,
1min,2024-10-30,2024-10-30,2024-10-30,540,main,KPSS,c,level_or_trend_stationarity,,Bartlett_short_bandwidth,False,ok,0.13327853387227978,0.44508009749149335,0.7428,0.4614,0.3475,6,540,False,
1min,2024-10-30,2024-10-30,2024-10-30,540,trend_sensitivity,ADF,ct,unit_root,12.0,bic,False,ok,-18.8737016505122,0.0,-3.975696400819281,-3.4186821046499145,-3.131869652155557,1,538,True,
1min,2024-10-30,2024-10-30,2024-10-30,540,trend_sensitivity,PP,ct,unit_root,,Bartlett_short_bandwidth,False,ok,-23.811774672526116,0.0,-3.9756648124097875,-3.4186668470500177,-3.131860684671111,6,539,True,
1min,2024-10-30,2024-10-30,2024-10-30,540,trend_sensitivity,KPSS,ct,level_or_trend_stationarity,,Bartlett_short_bandwidth,False,ok,0.03961493302123137,0.727979428684701,0.2175,0.1479,0.1193,6,540,False,
1min,2024-10-30,2024-10-30,2024-10-30,540,lag_sensitivity,ADF,c,unit_root,12.0,aic,False,ok,-18.82503005881983,2.0221444673754562e-30,-3.442563336759378,-2.866927190004947,-2.5696391843672695,1,538,True,
1min,2024-10-30,2024-10-30,2024-10-30,540,lag_sensitivity,PP,c,unit_root,,Bartlett_short_bandwidth,False,ok,-24.019809122335687,0.0,-3.4425405682241816,-2.8669171671779816,-2.5696338432333636,12,539,True,
1min,2024-10-30,2024-10-30,2024-10-30,540,lag_sensitivity,KPSS,c,level_or_trend_stationarity,,Bartlett_short_bandwidth,False,ok,0.15603692532797123,0.3722710555715142,0.7428,0.4614,0.3475,12,540,False,
1min,2024-10-31,2024-10-31,2024-10-31,540,main,ADF,c,unit_root,12.0,bic,False,ok,-14.009409238449448,3.737141310422166e-26,-3.442563336759378,-2.866927190004947,-2.5696391843672695,1,538,True,
1min,2024-10-31,2024-10-31,2024-10-31,540,main,PP,c,unit_root,,Bartlett_short_bandwidth,False,ok,-23.311905348192354,0.0,-3.4425405682241816,-2.8669171671779816,-2.5696338432333636,6,539,True,
1min,2024-10-31,2024-10-31,2024-10-31,540,main,KPSS,c,level_or_trend_stationarity,,Bartlett_short_bandwidth,False,ok,0.01972097512707943,0.995497494263224,0.7428,0.4614,0.3475,6,540,False,
1min,2024-10-31,2024-10-31,2024-10-31,540,trend_sensitivity,ADF,ct,unit_root,12.0,bic,False,ok,-13.99570058112537,1.1071884633166062e-21,-3.975696400819281,-3.4186821046499145,-3.131869652155557,1,538,True,
1min,2024-10-31,2024-10-31,2024-10-31,540,trend_sensitivity,PP,ct,unit_root,,Bartlett_short_bandwidth,False,ok,-23.29326101358029,0.0,-3.9756648124097875,-3.4186668470500177,-3.131860684671111,6,539,True,
1min,2024-10-31,2024-10-31,2024-10-31,540,trend_sensitivity,KPSS,ct,level_or_trend_stationarity,,Bartlett_short_bandwidth,False,ok,0.017384114789379075,0.9896495217109205,0.2175,0.1479,0.1193,6,540,False,
1min,2024-10-31,2024-10-31,2024-10-31,540,lag_sensitivity,ADF,c,unit_root,12.0,aic,False,ok,-14.009409238449448,3.737141310422166e-26,-3.442563336759378,-2.866927190004947,-2.5696391843672695,1,538,True,
1min,2024-10-31,2024-10-31,2024-10-31,540,lag_sensitivity,PP,c,unit_root,,Bartlett_short_bandwidth,False,ok,-23.191115876872104,0.0,-3.4425405682241816,-2.8669171671779816,-2.5696338432333636,12,539,True,
1min,2024-10-31,2024-10-31,2024-10-31,540,lag_sensitivity,KPSS,c,level_or_trend_stationarity,,Bartlett_short_bandwidth,False,ok,0.021986876563201307,0.9948552057279979,0.7428,0.4614,0.3475,12,540,False,
1min,2024-11-01,2024-11-01,2024-11-01,540,main,ADF,c,unit_root,12.0,bic,False,ok,-23.897460574052662,0.0,-3.4425405682241816,-2.8669171671779816,-2.5696338432333636,0,539,True,
1min,2024-11-01,2024-11-01,2024-11-01,540,main,PP,c,unit_root,,Bartlett_short_bandwidth,False,ok,-23.90570156035238,0.0,-3.4425405682241816,-2.8669171671779816,-2.5696338432333636,6,539,True,
1min,2024-11-01,2024-11-01,2024-11-01,540,main,KPSS,c,level_or_trend_stationarity,,Bartlett_short_bandwidth,False,ok,0.03988115534867536,0.9340465507964454,0.7428,0.4614,0.3475,6,540,False,
1min,2024-11-01,2024-11-01,2024-11-01,540,trend_sensitivity,ADF,ct,unit_root,12.0,bic,False,ok,-23.87808970377796,0.0,-3.9756648124097875,-3.4186668470500177,-3.131860684671111,0,539,True,
1min,2024-11-01,2024-11-01,2024-11-01,540,trend_sensitivity,PP,ct,unit_root,,Bartlett_short_bandwidth,False,ok,-23.88728725674366,0.0,-3.9756648124097875,-3.4186668470500177,-3.131860684671111,6,539,True,
1min,2024-11-01,2024-11-01,2024-11-01,540,trend_sensitivity,KPSS,ct,level_or_trend_stationarity,,Bartlett_short_bandwidth,False,ok,0.03460718505417501,0.8052594899047065,0.2175,0.1479,0.1193,6,540,False,
1min,2024-11-01,2024-11-01,2024-11-01,540,lag_sensitivity,ADF,c,unit_root,12.0,aic,False,ok,-23.897460574052662,0.0,-3.4425405682241816,-2.8669171671779816,-2.5696338432333636,0,539,True,
1min,2024-11-01,2024-11-01,2024-11-01,540,lag_sensitivity,PP,c,unit_root,,Bartlett_short_bandwidth,False,ok,-23.891815757840174,0.0,-3.4425405682241816,-2.8669171671779816,-2.5696338432333636,12,539,True,
1min,2024-11-01,2024-11-01,2024-11-01,540,lag_sensitivity,KPSS,c,level_or_trend_stationarity,,Bartlett_short_bandwidth,False,ok,0.04143395247383159,0.9258739343482547,0.7428,0.4614,0.3475,12,540,False,
1min,2024-11-04,2024-11-04,2024-11-04,540,main,ADF,c,unit_root,12.0,bic,False,ok,-23.546832239936574,0.0,-3.4425405682241816,-2.8669171671779816,-2.5696338432333636,0,539,True,
1min,2024-11-04,2024-11-04,2024-11-04,540,main,PP,c,unit_root,,Bartlett_short_bandwidth,False,ok,-23.899441880449587,0.0,-3.4425405682241816,-2.8669171671779816,-2.5696338432333636,6,539,True,
1min,2024-11-04,2024-11-04,2024-11-04,540,main,KPSS,c,level_or_trend_stationarity,,Bartlett_short_bandwidth,False,ok,0.46678270795988264,0.04849645029053558,0.7428,0.4614,0.3475,6,540,True,
1min,2024-11-04,2024-11-04,2024-11-04,540,trend_sensitivity,ADF,ct,unit_root,12.0,bic,False,ok,-23.569585617592452,0.0,-3.9756648124097875,-3.4186668470500177,-3.131860684671111,0,539,True,
1min,2024-11-04,2024-11-04,2024-11-04,540,trend_sensitivity,PP,ct,unit_root,,Bartlett_short_bandwidth,False,ok,-23.956412049246744,0.0,-3.9756648124097875,-3.4186668470500177,-3.131860684671111,6,539,True,
1min,2024-11-04,2024-11-04,2024-11-04,540,trend_sensitivity,KPSS,ct,level_or_trend_stationarity,,Bartlett_short_bandwidth,False,ok,0.15531086196922234,0.04198913803077766,0.2175,0.1479,0.1193,6,540,True,
1min,2024-11-04,2024-11-04,2024-11-04,540,lag_sensitivity,ADF,c,unit_root,12.0,aic,False,ok,-14.18043057190811,1.9328622365382452e-26,-3.442609129942274,-2.866947348175723,-2.569649926626197,3,536,True,
1min,2024-11-04,2024-11-04,2024-11-04,540,lag_sensitivity,PP,c,unit_root,,Bartlett_short_bandwidth,False,ok,-24.1020778914696,0.0,-3.4425405682241816,-2.8669171671779816,-2.5696338432333636,12,539,True,
1min,2024-11-04,2024-11-04,2024-11-04,540,lag_sensitivity,KPSS,c,level_or_trend_stationarity,,Bartlett_short_bandwidth,False,ok,0.5064698862519322,0.03843452265241654,0.7428,0.4614,0.3475,12,540,True,
1min,2024-11-05,2024-11-05,2024-11-05,540,main,ADF,c,unit_root,12.0,bic,False,ok,-22.77078063160383,0.0,-3.4425405682241816,-2.8669171671779816,-2.5696338432333636,0,539,True,
1min,2024-11-05,2024-11-05,2024-11-05,540,main,PP,c,unit_root,,Bartlett_short_bandwidth,False,ok,-22.84950659734181,0.0,-3.4425405682241816,-2.8669171671779816,-2.5696338432333636,6,539,True,
1min,2024-11-05,2024-11-05,2024-11-05,540,main,KPSS,c,level_or_trend_stationarity,,Bartlett_short_bandwidth,False,ok,0.16246155612255428,0.3544462743885871,0.7428,0.4614,0.3475,6,540,False,
1min,2024-11-05,2024-11-05,2024-11-05,540,trend_sensitivity,ADF,ct,unit_root,12.0,bic,False,ok,-22.787608338135684,0.0,-3.9756648124097875,-3.4186668470500177,-3.131860684671111,0,539,True,
1min,2024-11-05,2024-11-05,2024-11-05,540,trend_sensitivity,PP,ct,unit_root,,Bartlett_short_bandwidth,False,ok,-22.87739118130991,0.0,-3.9756648124097875,-3.4186668470500177,-3.131860684671111,6,539,True,
1min,2024-11-05,2024-11-05,2024-11-05,540,trend_sensitivity,KPSS,ct,level_or_trend_stationarity,,Bartlett_short_bandwidth,False,ok,0.055511086071378585,0.5014669671434571,0.2175,0.1479,0.1193,6,540,False,
1min,2024-11-05,2024-11-05,2024-11-05,540,lag_sensitivity,ADF,c,unit_root,12.0,aic,False,ok,-11.813938948811543,8.72780807599058e-22,-3.4426552678216003,-2.8669676577777548,-2.569660749624767,5,534,True,
1min,2024-11-05,2024-11-05,2024-11-05,540,lag_sensitivity,PP,c,unit_root,,Bartlett_short_bandwidth,False,ok,-23.299543936125943,0.0,-3.4425405682241816,-2.8669171671779816,-2.5696338432333636,12,539,True,
1min,2024-11-05,2024-11-05,2024-11-05,540,lag_sensitivity,KPSS,c,level_or_trend_stationarity,,Bartlett_short_bandwidth,False,ok,0.20759267864502773,0.25376307384816477,0.7428,0.4614,0.3475,12,540,False,
1min,2024-11-06,2024-11-06,2024-11-06,540,main,ADF,c,unit_root,12.0,bic,False,ok,-21.934235106644266,0.0,-3.4425405682241816,-2.8669171671779816,-2.5696338432333636,0,539,True,
1min,2024-11-06,2024-11-06,2024-11-06,540,main,PP,c,unit_root,,Bartlett_short_bandwidth,False,ok,-21.910554967300943,0.0,-3.4425405682241816,-2.8669171671779816,-2.5696338432333636,6,539,True,
1min,2024-11-06,2024-11-06,2024-11-06,540,main,KPSS,c,level_or_trend_stationarity,,Bartlett_short_bandwidth,False,ok,0.07465329887989765,0.72398871365579,0.7428,0.4614,0.3475,6,540,False,
1min,2024-11-06,2024-11-06,2024-11-06,540,trend_sensitivity,ADF,ct,unit_root,12.0,bic,False,ok,-21.925702737681043,0.0,-3.9756648124097875,-3.4186668470500177,-3.131860684671111,0,539,True,
1min,2024-11-06,2024-11-06,2024-11-06,540,trend_sensitivity,PP,ct,unit_root,,Bartlett_short_bandwidth,False,ok,-21.902124148356656,0.0,-3.9756648124097875,-3.4186668470500177,-3.131860684671111,6,539,True,
1min,2024-11-06,2024-11-06,2024-11-06,540,trend_sensitivity,KPSS,ct,level_or_trend_stationarity,,Bartlett_short_bandwidth,False,ok,0.06018764839776569,0.4460494500253899,0.2175,0.1479,0.1193,6,540,False,
1min,2024-11-06,2024-11-06,2024-11-06,540,lag_sensitivity,ADF,c,unit_root,12.0,aic,False,ok,-7.6213922832353065,2.1238162888963415e-11,-3.442678467240966,-2.8669778698997543,-2.5696661916864083,6,533,True,
1min,2024-11-06,2024-11-06,2024-11-06,540,lag_sensitivity,PP,c,unit_root,,Bartlett_short_bandwidth,False,ok,-21.949478729532274,0.0,-3.4425405682241816,-2.8669171671779816,-2.5696338432333636,12,539,True,
1min,2024-11-06,2024-11-06,2024-11-06,540,lag_sensitivity,KPSS,c,level_or_trend_stationarity,,Bartlett_short_bandwidth,False,ok,0.06684603787033014,0.7720453603917297,0.7428,0.4614,0.3475,12,540,False,
1min,2024-11-07,2024-11-07,2024-11-07,540,main,ADF,c,unit_root,12.0,bic,False,ok,-22.370236788317424,0.0,-3.4425405682241816,-2.8669171671779816,-2.5696338432333636,0,539,True,
1min,2024-11-07,2024-11-07,2024-11-07,540,main,PP,c,unit_root,,Bartlett_short_bandwidth,False,ok,-22.578832585336865,0.0,-3.4425405682241816,-2.8669171671779816,-2.5696338432333636,6,539,True,
1min,2024-11-07,2024-11-07,2024-11-07,540,main,KPSS,c,level_or_trend_stationarity,,Bartlett_short_bandwidth,False,ok,0.12572255151042425,0.4734636124588516,0.7428,0.4614,0.3475,6,540,False,
1min,2024-11-07,2024-11-07,2024-11-07,540,trend_sensitivity,ADF,ct,unit_root,12.0,bic,False,ok,-22.36853239132788,0.0,-3.9756648124097875,-3.4186668470500177,-3.131860684671111,0,539,True,
1min,2024-11-07,2024-11-07,2024-11-07,540,trend_sensitivity,PP,ct,unit_root,,Bartlett_short_bandwidth,False,ok,-22.573068716996975,0.0,-3.9756648124097875,-3.4186668470500177,-3.131860684671111,6,539,True,
1min,2024-11-07,2024-11-07,2024-11-07,540,trend_sensitivity,KPSS,ct,level_or_trend_stationarity,,Bartlett_short_bandwidth,False,ok,0.09444593607794298,0.18578604041865832,0.2175,0.1479,0.1193,6,540,False,
1min,2024-11-07,2024-11-07,2024-11-07,540,lag_sensitivity,ADF,c,unit_root,12.0,aic,False,ok,-14.702492007709653,2.9317881330253293e-27,-3.442563336759378,-2.866927190004947,-2.5696391843672695,1,538,True,
1min,2024-11-07,2024-11-07,2024-11-07,540,lag_sensitivity,PP,c,unit_root,,Bartlett_short_bandwidth,False,ok,-22.73761889867464,0.0,-3.4425405682241816,-2.8669171671779816,-2.5696338432333636,12,539,True,
1min,2024-11-07,2024-11-07,2024-11-07,540,lag_sensitivity,KPSS,c,level_or_trend_stationarity,,Bartlett_short_bandwidth,False,ok,0.11483260419964227,0.5176087146493988,0.7428,0.4614,0.3475,12,540,False,
1min,2024-11-08,2024-11-08,2024-11-08,540,main,ADF,c,unit_root,12.0,bic,False,ok,-21.923966737905037,0.0,-3.4425405682241816,-2.8669171671779816,-2.5696338432333636,0,539,True,
1min,2024-11-08,2024-11-08,2024-11-08,540,main,PP,c,unit_root,,Bartlett_short_bandwidth,False,ok,-21.892865617526915,0.0,-3.4425405682241816,-2.8669171671779816,-2.5696338432333636,6,539,True,
1min,2024-11-08,2024-11-08,2024-11-08,540,main,KPSS,c,level_or_trend_stationarity,,Bartlett_short_bandwidth,False,ok,0.31064467036707927,0.1266571796091387,0.7428,0.4614,0.3475,6,540,False,
1min,2024-11-08,2024-11-08,2024-11-08,540,trend_sensitivity,ADF,ct,unit_root,12.0,bic,False,ok,-22.006700410022546,0.0,-3.9756648124097875,-3.4186668470500177,-3.131860684671111,0,539,True,
1min,2024-11-08,2024-11-08,2024-11-08,540,trend_sensitivity,PP,ct,unit_root,,Bartlett_short_bandwidth,False,ok,-21.991764430271996,0.0,-3.9756648124097875,-3.4186668470500177,-3.131860684671111,6,539,True,
1min,2024-11-08,2024-11-08,2024-11-08,540,trend_sensitivity,KPSS,ct,level_or_trend_stationarity,,Bartlett_short_bandwidth,False,ok,0.05422594427240683,0.5175533648367522,0.2175,0.1479,0.1193,6,540,False,
1min,2024-11-08,2024-11-08,2024-11-08,540,lag_sensitivity,ADF,c,unit_root,12.0,aic,False,ok,-9.467481368189805,4.1920779424337596e-16,-3.4426552678216003,-2.8669676577777548,-2.569660749624767,5,534,True,
1min,2024-11-08,2024-11-08,2024-11-08,540,lag_sensitivity,PP,c,unit_root,,Bartlett_short_bandwidth,False,ok,-21.923355875911476,0.0,-3.4425405682241816,-2.8669171671779816,-2.5696338432333636,12,539,True,
1min,2024-11-08,2024-11-08,2024-11-08,540,lag_sensitivity,KPSS,c,level_or_trend_stationarity,,Bartlett_short_bandwidth,False,ok,0.33432116267602047,0.10912030264635261,0.7428,0.4614,0.3475,12,540,False,
1min,2024-11-11,2024-11-11,2024-11-11,540,main,ADF,c,unit_root,12.0,bic,False,ok,-26.057432553436072,0.0,-3.4425405682241816,-2.8669171671779816,-2.5696338432333636,0,539,True,
1min,2024-11-11,2024-11-11,2024-11-11,540,main,PP,c,unit_root,,Bartlett_short_bandwidth,False,ok,-26.071726640881458,0.0,-3.4425405682241816,-2.8669171671779816,-2.5696338432333636,6,539,True,
1min,2024-11-11,2024-11-11,2024-11-11,540,main,KPSS,c,level_or_trend_stationarity,,Bartlett_short_bandwidth,False,ok,0.023996843600812473,0.9915052606653125,0.7428,0.4614,0.3475,6,540,False,
1min,2024-11-11,2024-11-11,2024-11-11,540,trend_sensitivity,ADF,ct,unit_root,12.0,bic,False,ok,-26.031752657797472,0.0,-3.9756648124097875,-3.4186668470500177,-3.131860684671111,0,539,True,
1min,2024-11-11,2024-11-11,2024-11-11,540,trend_sensitivity,PP,ct,unit_root,,Bartlett_short_bandwidth,False,ok,-26.04651504043466,0.0,-3.9756648124097875,-3.4186668470500177,-3.131860684671111,6,539,True,
1min,2024-11-11,2024-11-11,2024-11-11,540,trend_sensitivity,KPSS,ct,level_or_trend_stationarity,,Bartlett_short_bandwidth,False,ok,0.021516918594126494,0.9663077243276679,0.2175,0.1479,0.1193,6,540,False,
1min,2024-11-11,2024-11-11,2024-11-11,540,lag_sensitivity,ADF,c,unit_root,12.0,aic,False,ok,-7.9578909879023305,3.0028937717915543e-12,-3.442819521824351,-2.8670399588708047,-2.5696992792614384,12,527,True,
1min,2024-11-11,2024-11-11,2024-11-11,540,lag_sensitivity,PP,c,unit_root,,Bartlett_short_bandwidth,False,ok,-26.47853874006662,0.0,-3.4425405682241816,-2.8669171671779816,-2.5696338432333636,12,539,True,
1min,2024-11-11,2024-11-11,2024-11-11,540,lag_sensitivity,KPSS,c,level_or_trend_stationarity,,Bartlett_short_bandwidth,False,ok,0.028955813462344323,0.9798075397850196,0.7428,0.4614,0.3475,12,540,False,
1min,2024-11-12,2024-11-12,2024-11-12,540,main,ADF,c,unit_root,12.0,bic,False,ok,-24.12675983012646,0.0,-3.4425405682241816,-2.8669171671779816,-2.5696338432333636,0,539,True,
1min,2024-11-12,2024-11-12,2024-11-12,540,main,PP,c,unit_root,,Bartlett_short_bandwidth,False,ok,-24.268785614191223,0.0,-3.4425405682241816,-2.8669171671779816,-2.5696338432333636,6,539,True,
1min,2024-11-12,2024-11-12,2024-11-12,540,main,KPSS,c,level_or_trend_stationarity,,Bartlett_short_bandwidth,False,ok,0.07001078936166757,0.7523681490466265,0.7428,0.4614,0.3475,6,540,False,
1min,2024-11-12,2024-11-12,2024-11-12,540,trend_sensitivity,ADF,ct,unit_root,12.0,bic,False,ok,-24.116753264207784,0.0,-3.9756648124097875,-3.4186668470500177,-3.131860684671111,0,539,True,
1min,2024-11-12,2024-11-12,2024-11-12,540,trend_sensitivity,PP,ct,unit_root,,Bartlett_short_bandwidth,False,ok,-24.262174899247963,0.0,-3.9756648124097875,-3.4186668470500177,-3.131860684671111,6,539,True,
1min,2024-11-12,2024-11-12,2024-11-12,540,trend_sensitivity,KPSS,ct,level_or_trend_stationarity,,Bartlett_short_bandwidth,False,ok,0.04134627591474055,0.7012611741552385,0.2175,0.1479,0.1193,6,540,False,
1min,2024-11-12,2024-11-12,2024-11-12,540,lag_sensitivity,ADF,c,unit_root,12.0,aic,False,ok,-17.96111814616661,2.8167138417123978e-30,-3.442563336759378,-2.866927190004947,-2.5696391843672695,1,538,True,
1min,2024-11-12,2024-11-12,2024-11-12,540,lag_sensitivity,PP,c,unit_root,,Bartlett_short_bandwidth,False,ok,-24.412235396960675,0.0,-3.4425405682241816,-2.8669171671779816,-2.5696338432333636,12,539,True,
1min,2024-11-12,2024-11-12,2024-11-12,540,lag_sensitivity,KPSS,c,level_or_trend_stationarity,,Bartlett_short_bandwidth,False,ok,0.07667222777284541,0.7118055220604156,0.7428,0.4614,0.3475,12,540,False,
1min,2024-11-13,2024-11-13,2024-11-13,540,main,ADF,c,unit_root,12.0,bic,False,ok,-22.729664379683378,0.0,-3.4425405682241816,-2.8669171671779816,-2.5696338432333636,0,539,True,
1min,2024-11-13,2024-11-13,2024-11-13,540,main,PP,c,unit_root,,Bartlett_short_bandwidth,False,ok,-22.731616665255935,0.0,-3.4425405682241816,-2.8669171671779816,-2.5696338432333636,6,539,True,
1min,2024-11-13,2024-11-13,2024-11-13,540,main,KPSS,c,level_or_trend_stationarity,,Bartlett_short_bandwidth,False,ok,0.36398218897726037,0.09024012127743657,0.7428,0.4614,0.3475,6,540,False,
1min,2024-11-13,2024-11-13,2024-11-13,540,trend_sensitivity,ADF,ct,unit_root,12.0,bic,False,ok,-22.875983458310657,0.0,-3.9756648124097875,-3.4186668470500177,-3.131860684671111,0,539,True,
1min,2024-11-13,2024-11-13,2024-11-13,540,trend_sensitivity,PP,ct,unit_root,,Bartlett_short_bandwidth,False,ok,-22.875895415695524,0.0,-3.9756648124097875,-3.4186668470500177,-3.131860684671111,6,539,True,
1min,2024-11-13,2024-11-13,2024-11-13,540,trend_sensitivity,KPSS,ct,level_or_trend_stationarity,,Bartlett_short_bandwidth,False,ok,0.034231097949284625,0.8110132654516967,0.2175,0.1479,0.1193,6,540,False,
1min,2024-11-13,2024-11-13,2024-11-13,540,lag_sensitivity,ADF,c,unit_root,12.0,aic,False,ok,-22.729664379683378,0.0,-3.4425405682241816,-2.8669171671779816,-2.5696338432333636,0,539,True,
1min,2024-11-13,2024-11-13,2024-11-13,540,lag_sensitivity,PP,c,unit_root,,Bartlett_short_bandwidth,False,ok,-22.7497037267473,0.0,-3.4425405682241816,-2.8669171671779816,-2.5696338432333636,12,539,True,
1min,2024-11-13,2024-11-13,2024-11-13,540,lag_sensitivity,KPSS,c,level_or_trend_stationarity,,Bartlett_short_bandwidth,False,ok,0.4188471688822982,0.064531139517933,0.7428,0.4614,0.3475,12,540,False,
1min,2024-11-14,2024-11-14,2024-11-14,540,main,ADF,c,unit_root,12.0,bic,False,ok,-24.49255423173233,0.0,-3.4425405682241816,-2.8669171671779816,-2.5696338432333636,0,539,True,
1min,2024-11-14,2024-11-14,2024-11-14,540,main,PP,c,unit_root,,Bartlett_short_bandwidth,False,ok,-24.512064218890398,0.0,-3.4425405682241816,-2.8669171671779816,-2.5696338432333636,6,539,True,
1min,2024-11-14,2024-11-14,2024-11-14,540,main,KPSS,c,level_or_trend_stationarity,,Bartlett_short_bandwidth,False,ok,0.09830903870625213,0.5939548064687393,0.7428,0.4614,0.3475,6,540,False,
1min,2024-11-14,2024-11-14,2024-11-14,540,trend_sensitivity,ADF,ct,unit_root,12.0,bic,False,ok,-24.47882903620621,0.0,-3.9756648124097875,-3.4186668470500177,-3.131860684671111,0,539,True,
1min,2024-11-14,2024-11-14,2024-11-14,540,trend_sensitivity,PP,ct,unit_root,,Bartlett_short_bandwidth,False,ok,-24.500542700400743,0.0,-3.9756648124097875,-3.4186668470500177,-3.131860684671111,6,539,True,
1min,2024-11-14,2024-11-14,2024-11-14,540,trend_sensitivity,KPSS,ct,level_or_trend_stationarity,,Bartlett_short_bandwidth,False,ok,0.03568847816345271,0.7885728678479519,0.2175,0.1479,0.1193,6,540,False,
1min,2024-11-14,2024-11-14,2024-11-14,540,lag_sensitivity,ADF,c,unit_root,12.0,aic,False,ok,-11.979264082303473,3.7380143808289295e-22,-3.442609129942274,-2.866947348175723,-2.569649926626197,3,536,True,
1min,2024-11-14,2024-11-14,2024-11-14,540,lag_sensitivity,PP,c,unit_root,,Bartlett_short_bandwidth,False,ok,-24.53545322085686,0.0,-3.4425405682241816,-2.8669171671779816,-2.5696338432333636,12,539,True,
1min,2024-11-14,2024-11-14,2024-11-14,540,lag_sensitivity,KPSS,c,level_or_trend_stationarity,,Bartlett_short_bandwidth,False,ok,0.09843100624151686,0.5933449687924157,0.7428,0.4614,0.3475,12,540,False,
1min,2024-11-18,2024-11-18,2024-11-18,540,main,ADF,c,unit_root,12.0,bic,False,ok,-9.924214544047063,2.9361206120042693e-17,-3.4425861905056556,-2.8669372502674824,-2.5696445454608505,2,537,True,
1min,2024-11-18,2024-11-18,2024-11-18,540,main,PP,c,unit_root,,Bartlett_short_bandwidth,False,ok,-20.914360094275576,0.0,-3.4425405682241816,-2.8669171671779816,-2.5696338432333636,6,539,True,
1min,2024-11-18,2024-11-18,2024-11-18,540,main,KPSS,c,level_or_trend_stationarity,,Bartlett_short_bandwidth,False,ok,0.12249774525744338,0.4861931108258814,0.7428,0.4614,0.3475,6,540,False,
1min,2024-11-18,2024-11-18,2024-11-18,540,trend_sensitivity,ADF,ct,unit_root,12.0,bic,False,ok,-9.971541118853157,2.651335801544335e-15,-3.9757281075742927,-3.4186974192973048,-3.131878653135315,2,537,True,
1min,2024-11-18,2024-11-18,2024-11-18,540,trend_sensitivity,PP,ct,unit_root,,Bartlett_short_bandwidth,False,ok,-20.932761706498,0.0,-3.9756648124097875,-3.4186668470500177,-3.131860684671111,6,539,True,
1min,2024-11-18,2024-11-18,2024-11-18,540,trend_sensitivity,KPSS,ct,level_or_trend_stationarity,,Bartlett_short_bandwidth,False,ok,0.03527493944776479,0.7949546381517778,0.2175,0.1479,0.1193,6,540,False,
1min,2024-11-18,2024-11-18,2024-11-18,540,lag_sensitivity,ADF,c,unit_root,12.0,aic,False,ok,-9.924214544047063,2.9361206120042693e-17,-3.4425861905056556,-2.8669372502674824,-2.5696445454608505,2,537,True,
1min,2024-11-18,2024-11-18,2024-11-18,540,lag_sensitivity,PP,c,unit_root,,Bartlett_short_bandwidth,False,ok,-21.327860706376434,0.0,-3.4425405682241816,-2.8669171671779816,-2.5696338432333636,12,539,True,
1min,2024-11-18,2024-11-18,2024-11-18,540,lag_sensitivity,KPSS,c,level_or_trend_stationarity,,Bartlett_short_bandwidth,False,ok,0.10713415976562514,0.5516629101562494,0.7428,0.4614,0.3475,12,540,False,
1min,2024-11-19,2024-11-19,2024-11-19,540,main,ADF,c,unit_root,12.0,bic,False,ok,-22.61554537674863,0.0,-3.4425405682241816,-2.8669171671779816,-2.5696338432333636,0,539,True,
1min,2024-11-19,2024-11-19,2024-11-19,540,main,PP,c,unit_root,,Bartlett_short_bandwidth,False,ok,-22.689850106975012,0.0,-3.4425405682241816,-2.8669171671779816,-2.5696338432333636,6,539,True,
1min,2024-11-19,2024-11-19,2024-11-19,540,main,KPSS,c,level_or_trend_stationarity,,Bartlett_short_bandwidth,False,ok,0.08696710034637198,0.653270361747062,0.7428,0.4614,0.3475,6,540,False,
1min,2024-11-19,2024-11-19,2024-11-19,540,trend_sensitivity,ADF,ct,unit_root,12.0,bic,False,ok,-22.61025985354411,0.0,-3.9756648124097875,-3.4186668470500177,-3.131860684671111,0,539,True,
1min,2024-11-19,2024-11-19,2024-11-19,540,trend_sensitivity,PP,ct,unit_root,,Bartlett_short_bandwidth,False,ok,-22.682993329331133,0.0,-3.9756648124097875,-3.4186668470500177,-3.131860684671111,6,539,True,
1min,2024-11-19,2024-11-19,2024-11-19,540,trend_sensitivity,KPSS,ct,level_or_trend_stationarity,,Bartlett_short_bandwidth,False,ok,0.04773062626429963,0.6064331218934935,0.2175,0.1479,0.1193,6,540,False,
1min,2024-11-19,2024-11-19,2024-11-19,540,lag_sensitivity,ADF,c,unit_root,12.0,aic,False,ok,-14.834077632190365,1.87999358618386e-27,-3.442563336759378,-2.866927190004947,-2.5696391843672695,1,538,True,
1min,2024-11-19,2024-11-19,2024-11-19,540,lag_sensitivity,PP,c,unit_root,,Bartlett_short_bandwidth,False,ok,-22.774031019523278,0.0,-3.4425405682241816,-2.8669171671779816,-2.5696338432333636,12,539,True,
1min,2024-11-19,2024-11-19,2024-11-19,540,lag_sensitivity,KPSS,c,level_or_trend_stationarity,,Bartlett_short_bandwidth,False,ok,0.08052808238840457,0.6893470682632524,0.7428,0.4614,0.3475,12,540,False,
1min,2024-11-21,2024-11-21,2024-11-21,540,main,ADF,c,unit_root,12.0,bic,False,ok,-23.45256671068373,0.0,-3.4425405682241816,-2.8669171671779816,-2.5696338432333636,0,539,True,
1min,2024-11-21,2024-11-21,2024-11-21,540,main,PP,c,unit_root,,Bartlett_short_bandwidth,False,ok,-23.453356803353504,0.0,-3.4425405682241816,-2.8669171671779816,-2.5696338432333636,6,539,True,
1min,2024-11-21,2024-11-21,2024-11-21,540,main,KPSS,c,level_or_trend_stationarity,,Bartlett_short_bandwidth,False,ok,0.4702471114741554,0.04752873981168844,0.7428,0.4614,0.3475,6,540,True,
1min,2024-11-21,2024-11-21,2024-11-21,540,trend_sensitivity,ADF,ct,unit_root,12.0,bic,False,ok,-23.546813386550436,0.0,-3.9756648124097875,-3.4186668470500177,-3.131860684671111,0,539,True,
1min,2024-11-21,2024-11-21,2024-11-21,540,trend_sensitivity,PP,ct,unit_root,,Bartlett_short_bandwidth,False,ok,-23.553474982897175,0.0,-3.9756648124097875,-3.4186668470500177,-3.131860684671111,6,539,True,
1min,2024-11-21,2024-11-21,2024-11-21,540,trend_sensitivity,KPSS,ct,level_or_trend_stationarity,,Bartlett_short_bandwidth,False,ok,0.19051813036829807,0.018632747852680768,0.2175,0.1479,0.1193,6,540,True,
1min,2024-11-21,2024-11-21,2024-11-21,540,lag_sensitivity,ADF,c,unit_root,12.0,aic,False,ok,-23.45256671068373,0.0,-3.4425405682241816,-2.8669171671779816,-2.5696338432333636,0,539,True,
1min,2024-11-21,2024-11-21,2024-11-21,540,lag_sensitivity,PP,c,unit_root,,Bartlett_short_bandwidth,False,ok,-23.46326595690462,0.0,-3.4425405682241816,-2.8669171671779816,-2.5696338432333636,12,539,True,
1min,2024-11-21,2024-11-21,2024-11-21,540,lag_sensitivity,KPSS,c,level_or_trend_stationarity,,Bartlett_short_bandwidth,False,ok,0.48463804863614013,0.04366548784096497,0.7428,0.4614,0.3475,12,540,True,
1min,2024-11-22,2024-11-22,2024-11-22,540,main,ADF,c,unit_root,12.0,bic,False,ok,-25.67224674593402,0.0,-3.4425405682241816,-2.8669171671779816,-2.5696338432333636,0,539,True,
1min,2024-11-22,2024-11-22,2024-11-22,540,main,PP,c,unit_root,,Bartlett_short_bandwidth,False,ok,-25.869876752017685,0.0,-3.4425405682241816,-2.8669171671779816,-2.5696338432333636,6,539,True,
1min,2024-11-22,2024-11-22,2024-11-22,540,main,KPSS,c,level_or_trend_stationarity,,Bartlett_short_bandwidth,False,ok,0.09647728304067663,0.6031135847966168,0.7428,0.4614,0.3475,6,540,False,
1min,2024-11-22,2024-11-22,2024-11-22,540,trend_sensitivity,ADF,ct,unit_root,12.0,bic,False,ok,-25.66487198187781,0.0,-3.9756648124097875,-3.4186668470500177,-3.131860684671111,0,539,True,
1min,2024-11-22,2024-11-22,2024-11-22,540,trend_sensitivity,PP,ct,unit_root,,Bartlett_short_bandwidth,False,ok,-25.873414283281317,0.0,-3.9756648124097875,-3.4186668470500177,-3.131860684671111,6,539,True,
1min,2024-11-22,2024-11-22,2024-11-22,540,trend_sensitivity,KPSS,ct,level_or_trend_stationarity,,Bartlett_short_bandwidth,False,ok,0.08054530607305199,0.2650323719099863,0.2175,0.1479,0.1193,6,540,False,
1min,2024-11-22,2024-11-22,2024-11-22,540,lag_sensitivity,ADF,c,unit_root,12.0,aic,False,ok,-18.88792736641534,0.0,-3.442563336759378,-2.866927190004947,-2.5696391843672695,1,538,True,
1min,2024-11-22,2024-11-22,2024-11-22,540,lag_sensitivity,PP,c,unit_root,,Bartlett_short_bandwidth,False,ok,-25.98244514286286,0.0,-3.4425405682241816,-2.8669171671779816,-2.5696338432333636,12,539,True,
1min,2024-11-22,2024-11-22,2024-11-22,540,lag_sensitivity,KPSS,c,level_or_trend_stationarity,,Bartlett_short_bandwidth,False,ok,0.10300553192058899,0.5710310965356299,0.7428,0.4614,0.3475,12,540,False,
1min,2024-11-25,2024-11-25,2024-11-25,540,main,ADF,c,unit_root,12.0,bic,False,ok,-24.482070328433608,0.0,-3.4425405682241816,-2.8669171671779816,-2.5696338432333636,0,539,True,
1min,2024-11-25,2024-11-25,2024-11-25,540,main,PP,c,unit_root,,Bartlett_short_bandwidth,False,ok,-24.566664547287097,0.0,-3.4425405682241816,-2.8669171671779816,-2.5696338432333636,6,539,True,
1min,2024-11-25,2024-11-25,2024-11-25,540,main,KPSS,c,level_or_trend_stationarity,,Bartlett_short_bandwidth,False,ok,0.02124928591059947,0.9951485648605938,0.7428,0.4614,0.3475,6,540,False,
1min,2024-11-25,2024-11-25,2024-11-25,540,trend_sensitivity,ADF,ct,unit_root,12.0,bic,False,ok,-24.459155129667877,0.0,-3.9756648124097875,-3.4186668470500177,-3.131860684671111,0,539,True,
1min,2024-11-25,2024-11-25,2024-11-25,540,trend_sensitivity,PP,ct,unit_root,,Bartlett_short_bandwidth,False,ok,-24.542994524224046,0.0,-3.9756648124097875,-3.4186668470500177,-3.131860684671111,6,539,True,
1min,2024-11-25,2024-11-25,2024-11-25,540,trend_sensitivity,KPSS,ct,level_or_trend_stationarity,,Bartlett_short_bandwidth,False,ok,0.02129477350662093,0.9678944749527076,0.2175,0.1479,0.1193,6,540,False,
1min,2024-11-25,2024-11-25,2024-11-25,540,lag_sensitivity,ADF,c,unit_root,12.0,aic,False,ok,-10.979149973771069,7.535540564340967e-20,-3.4426321555520905,-2.86695748394138,-2.5696553279762426,4,535,True,
1min,2024-11-25,2024-11-25,2024-11-25,540,lag_sensitivity,PP,c,unit_root,,Bartlett_short_bandwidth,False,ok,-25.000064621344332,0.0,-3.4425405682241816,-2.8669171671779816,-2.5696338432333636,12,539,True,
1min,2024-11-25,2024-11-25,2024-11-25,540,lag_sensitivity,KPSS,c,level_or_trend_stationarity,,Bartlett_short_bandwidth,False,ok,0.02709669343812759,0.984508266404681,0.7428,0.4614,0.3475,12,540,False,
1min,2024-11-26,2024-11-26,2024-11-26,540,main,ADF,c,unit_root,12.0,bic,False,ok,-21.361650228419574,0.0,-3.4425405682241816,-2.8669171671779816,-2.5696338432333636,0,539,True,
1min,2024-11-26,2024-11-26,2024-11-26,540,main,PP,c,unit_root,,Bartlett_short_bandwidth,False,ok,-21.430294142625858,0.0,-3.4425405682241816,-2.8669171671779816,-2.5696338432333636,6,539,True,
1min,2024-11-26,2024-11-26,2024-11-26,540,main,KPSS,c,level_or_trend_stationarity,,Bartlett_short_bandwidth,False,ok,0.1461670689914211,0.40215683015570164,0.7428,0.4614,0.3475,6,540,False,
1min,2024-11-26,2024-11-26,2024-11-26,540,trend_sensitivity,ADF,ct,unit_root,12.0,bic,False,ok,-21.39812270502961,0.0,-3.9756648124097875,-3.4186668470500177,-3.131860684671111,0,539,True,
1min,2024-11-26,2024-11-26,2024-11-26,540,trend_sensitivity,PP,ct,unit_root,,Bartlett_short_bandwidth,False,ok,-21.45930198063535,0.0,-3.9756648124097875,-3.4186668470500177,-3.131860684671111,6,539,True,
1min,2024-11-26,2024-11-26,2024-11-26,540,trend_sensitivity,KPSS,ct,level_or_trend_stationarity,,Bartlett_short_bandwidth,False,ok,0.027614076055168916,0.9045516308530405,0.2175,0.1479,0.1193,6,540,False,
1min,2024-11-26,2024-11-26,2024-11-26,540,lag_sensitivity,ADF,c,unit_root,12.0,aic,False,ok,-10.385724610447147,2.0825840646917512e-18,-3.4426552678216003,-2.8669676577777548,-2.569660749624767,5,534,True,
1min,2024-11-26,2024-11-26,2024-11-26,540,lag_sensitivity,PP,c,unit_root,,Bartlett_short_bandwidth,False,ok,-21.342278295956874,0.0,-3.4425405682241816,-2.8669171671779816,-2.5696338432333636,12,539,True,
1min,2024-11-26,2024-11-26,2024-11-26,540,lag_sensitivity,KPSS,c,level_or_trend_stationarity,,Bartlett_short_bandwidth,False,ok,0.1576861835888821,0.36756542970087336,0.7428,0.4614,0.3475,12,540,False,
1min,2024-11-27,2024-11-27,2024-11-27,540,main,ADF,c,unit_root,12.0,bic,False,ok,-19.154056012231408,0.0,-3.442563336759378,-2.866927190004947,-2.5696391843672695,1,538,True,
1min,2024-11-27,2024-11-27,2024-11-27,540,main,PP,c,unit_root,,Bartlett_short_bandwidth,False,ok,-21.18575732832267,0.0,-3.4425405682241816,-2.8669171671779816,-2.5696338432333636,6,539,True,
1min,2024-11-27,2024-11-27,2024-11-27,540,main,KPSS,c,level_or_trend_stationarity,,Bartlett_short_bandwidth,False,ok,0.056649197410047855,0.8354454047043656,0.7428,0.4614,0.3475,6,540,False,
1min,2024-11-27,2024-11-27,2024-11-27,540,trend_sensitivity,ADF,ct,unit_root,12.0,bic,False,ok,-19.144549235854775,0.0,-3.975696400819281,-3.4186821046499145,-3.131869652155557,1,538,True,
1min,2024-11-27,2024-11-27,2024-11-27,540,trend_sensitivity,PP,ct,unit_root,,Bartlett_short_bandwidth,False,ok,-21.168714424559916,0.0,-3.9756648124097875,-3.4186668470500177,-3.131860684671111,6,539,True,
1min,2024-11-27,2024-11-27,2024-11-27,540,trend_sensitivity,KPSS,ct,level_or_trend_stationarity,,Bartlett_short_bandwidth,False,ok,0.05065481915284771,0.5656304304253809,0.2175,0.1479,0.1193,6,540,False,
1min,2024-11-27,2024-11-27,2024-11-27,540,lag_sensitivity,ADF,c,unit_root,12.0,aic,False,ok,-19.154056012231408,0.0,-3.442563336759378,-2.866927190004947,-2.5696391843672695,1,538,True,
1min,2024-11-27,2024-11-27,2024-11-27,540,lag_sensitivity,PP,c,unit_root,,Bartlett_short_bandwidth,False,ok,-21.22999086186964,0.0,-3.4425405682241816,-2.8669171671779816,-2.5696338432333636,12,539,True,
1min,2024-11-27,2024-11-27,2024-11-27,540,lag_sensitivity,KPSS,c,level_or_trend_stationarity,,Bartlett_short_bandwidth,False,ok,0.058914023853404024,0.8213635822586278,0.7428,0.4614,0.3475,12,540,False,
1min,2024-11-28,2024-11-28,2024-11-28,540,main,ADF,c,unit_root,12.0,bic,False,ok,-24.114425527629148,0.0,-3.4425405682241816,-2.8669171671779816,-2.5696338432333636,0,539,True,
1min,2024-11-28,2024-11-28,2024-11-28,540,main,PP,c,unit_root,,Bartlett_short_bandwidth,False,ok,-24.33679364748176,0.0,-3.4425405682241816,-2.8669171671779816,-2.5696338432333636,6,539,True,
1min,2024-11-28,2024-11-28,2024-11-28,540,main,KPSS,c,level_or_trend_stationarity,,Bartlett_short_bandwidth,False,ok,0.20301326729529545,0.26213084844059714,0.7428,0.4614,0.3475,6,540,False,
1min,2024-11-28,2024-11-28,2024-11-28,540,trend_sensitivity,ADF,ct,unit_root,12.0,bic,False,ok,-24.129763931420552,0.0,-3.9756648124097875,-3.4186668470500177,-3.131860684671111,0,539,True,
1min,2024-11-28,2024-11-28,2024-11-28,540,trend_sensitivity,PP,ct,unit_root,,Bartlett_short_bandwidth,False,ok,-24.370574284287656,0.0,-3.9756648124097875,-3.4186668470500177,-3.131860684671111,6,539,True,
1min,2024-11-28,2024-11-28,2024-11-28,540,trend_sensitivity,KPSS,ct,level_or_trend_stationarity,,Bartlett_short_bandwidth,False,ok,0.1384720609168206,0.06276960467148396,0.2175,0.1479,0.1193,6,540,False,
1min,2024-11-28,2024-11-28,2024-11-28,540,lag_sensitivity,ADF,c,unit_root,12.0,aic,False,ok,-18.42044704674411,2.176739372367533e-30,-3.442563336759378,-2.866927190004947,-2.5696391843672695,1,538,True,
1min,2024-11-28,2024-11-28,2024-11-28,540,lag_sensitivity,PP,c,unit_root,,Bartlett_short_bandwidth,False,ok,-24.230976626851813,0.0,-3.4425405682241816,-2.8669171671779816,-2.5696338432333636,12,539,True,
1min,2024-11-28,2024-11-28,2024-11-28,540,lag_sensitivity,KPSS,c,level_or_trend_stationarity,,Bartlett_short_bandwidth,False,ok,0.1904110203789201,0.28742336089591464,0.7428,0.4614,0.3475,12,540,False,
1min,2024-11-29,2024-11-29,2024-11-29,540,main,ADF,c,unit_root,12.0,bic,False,ok,-12.206872947229092,1.1880431017420453e-22,-3.4426321555520905,-2.86695748394138,-2.5696553279762426,4,535,True,
1min,2024-11-29,2024-11-29,2024-11-29,540,main,PP,c,unit_root,,Bartlett_short_bandwidth,False,ok,-22.68939335760455,0.0,-3.4425405682241816,-2.8669171671779816,-2.5696338432333636,6,539,True,
1min,2024-11-29,2024-11-29,2024-11-29,540,main,KPSS,c,level_or_trend_stationarity,,Bartlett_short_bandwidth,False,ok,0.23740123764965615,0.20569272548658868,0.7428,0.4614,0.3475,6,540,False,
1min,2024-11-29,2024-11-29,2024-11-29,540,trend_sensitivity,ADF,ct,unit_root,12.0,bic,False,ok,-12.320786042026311,1.2092358553598114e-19,-3.9757918787911932,-3.4187282210191805,-3.1318967563342675,4,535,True,
1min,2024-11-29,2024-11-29,2024-11-29,540,trend_sensitivity,PP,ct,unit_root,,Bartlett_short_bandwidth,False,ok,-22.760599642052515,0.0,-3.9756648124097875,-3.4186668470500177,-3.131860684671111,6,539,True,
1min,2024-11-29,2024-11-29,2024-11-29,540,trend_sensitivity,KPSS,ct,level_or_trend_stationarity,,Bartlett_short_bandwidth,False,ok,0.07599425851917758,0.2977364729294032,0.2175,0.1479,0.1193,6,540,False,
1min,2024-11-29,2024-11-29,2024-11-29,540,lag_sensitivity,ADF,c,unit_root,12.0,aic,False,ok,-8.175058393397874,8.420536377708814e-13,-3.442701754304053,-2.866988120523906,-2.5696716542766693,7,532,True,
1min,2024-11-29,2024-11-29,2024-11-29,540,lag_sensitivity,PP,c,unit_root,,Bartlett_short_bandwidth,False,ok,-22.732646685911302,0.0,-3.4425405682241816,-2.8669171671779816,-2.5696338432333636,12,539,True,
1min,2024-11-29,2024-11-29,2024-11-29,540,lag_sensitivity,KPSS,c,level_or_trend_stationarity,,Bartlett_short_bandwidth,False,ok,0.24372912973553723,0.19690398647842053,0.7428,0.4614,0.3475,12,540,False,
1min,2024-12-02,2024-12-02,2024-12-02,540,main,ADF,c,unit_root,12.0,bic,False,ok,-23.438499690057537,0.0,-3.4425405682241816,-2.8669171671779816,-2.5696338432333636,0,539,True,
1min,2024-12-02,2024-12-02,2024-12-02,540,main,PP,c,unit_root,,Bartlett_short_bandwidth,False,ok,-23.48922880875136,0.0,-3.4425405682241816,-2.8669171671779816,-2.5696338432333636,6,539,True,
1min,2024-12-02,2024-12-02,2024-12-02,540,main,KPSS,c,level_or_trend_stationarity,,Bartlett_short_bandwidth,False,ok,0.05854068196042792,0.8236848790025206,0.7428,0.4614,0.3475,6,540,False,
1min,2024-12-02,2024-12-02,2024-12-02,540,trend_sensitivity,ADF,ct,unit_root,12.0,bic,False,ok,-23.42236954101919,0.0,-3.9756648124097875,-3.4186668470500177,-3.131860684671111,0,539,True,
1min,2024-12-02,2024-12-02,2024-12-02,540,trend_sensitivity,PP,ct,unit_root,,Bartlett_short_bandwidth,False,ok,-23.473095356624427,0.0,-3.9756648124097875,-3.4186668470500177,-3.131860684671111,6,539,True,
1min,2024-12-02,2024-12-02,2024-12-02,540,trend_sensitivity,KPSS,ct,level_or_trend_stationarity,,Bartlett_short_bandwidth,False,ok,0.052156829743022284,0.545134139867878,0.2175,0.1479,0.1193,6,540,False,
1min,2024-12-02,2024-12-02,2024-12-02,540,lag_sensitivity,ADF,c,unit_root,12.0,aic,False,ok,-23.438499690057537,0.0,-3.4425405682241816,-2.8669171671779816,-2.5696338432333636,0,539,True,
1min,2024-12-02,2024-12-02,2024-12-02,540,lag_sensitivity,PP,c,unit_root,,Bartlett_short_bandwidth,False,ok,-23.9255691413357,0.0,-3.4425405682241816,-2.8669171671779816,-2.5696338432333636,12,539,True,
1min,2024-12-02,2024-12-02,2024-12-02,540,lag_sensitivity,KPSS,c,level_or_trend_stationarity,,Bartlett_short_bandwidth,False,ok,0.07799582347592048,0.7038764226791447,0.7428,0.4614,0.3475,12,540,False,
1min,2024-12-03,2024-12-03,2024-12-03,540,main,ADF,c,unit_root,12.0,bic,False,ok,-23.78549652993138,0.0,-3.4425405682241816,-2.8669171671779816,-2.5696338432333636,0,539,True,
1min,2024-12-03,2024-12-03,2024-12-03,540,main,PP,c,unit_root,,Bartlett_short_bandwidth,False,ok,-23.80487746320555,0.0,-3.4425405682241816,-2.8669171671779816,-2.5696338432333636,6,539,True,
1min,2024-12-03,2024-12-03,2024-12-03,540,main,KPSS,c,level_or_trend_stationarity,,Bartlett_short_bandwidth,False,ok,0.03274483429052955,0.9663660219595017,0.7428,0.4614,0.3475,6,540,False,
1min,2024-12-03,2024-12-03,2024-12-03,540,trend_sensitivity,ADF,ct,unit_root,12.0,bic,False,ok,-23.770287116560105,0.0,-3.9756648124097875,-3.4186668470500177,-3.131860684671111,0,539,True,
1min,2024-12-03,2024-12-03,2024-12-03,540,trend_sensitivity,PP,ct,unit_root,,Bartlett_short_bandwidth,False,ok,-23.78977749683748,0.0,-3.9756648124097875,-3.4186668470500177,-3.131860684671111,6,539,True,
1min,2024-12-03,2024-12-03,2024-12-03,540,trend_sensitivity,KPSS,ct,level_or_trend_stationarity,,Bartlett_short_bandwidth,False,ok,0.02330879212263742,0.9514800738502742,0.2175,0.1479,0.1193,6,540,False,
1min,2024-12-03,2024-12-03,2024-12-03,540,lag_sensitivity,ADF,c,unit_root,12.0,aic,False,ok,-12.037206984333205,2.7853726125698304e-22,-3.4425861905056556,-2.8669372502674824,-2.5696445454608505,2,537,True,
1min,2024-12-03,2024-12-03,2024-12-03,540,lag_sensitivity,PP,c,unit_root,,Bartlett_short_bandwidth,False,ok,-23.779001511144216,0.0,-3.4425405682241816,-2.8669171671779816,-2.5696338432333636,12,539,True,
1min,2024-12-03,2024-12-03,2024-12-03,540,lag_sensitivity,KPSS,c,level_or_trend_stationarity,,Bartlett_short_bandwidth,False,ok,0.03565742103397679,0.95428444984556,0.7428,0.4614,0.3475,12,540,False,
1min,2024-12-04,2024-12-04,2024-12-04,540,main,ADF,c,unit_root,12.0,bic,False,ok,-21.29598736703675,0.0,-3.4425405682241816,-2.8669171671779816,-2.5696338432333636,0,539,True,
1min,2024-12-04,2024-12-04,2024-12-04,540,main,PP,c,unit_root,,Bartlett_short_bandwidth,False,ok,-21.290922423531615,0.0,-3.4425405682241816,-2.8669171671779816,-2.5696338432333636,6,539,True,
1min,2024-12-04,2024-12-04,2024-12-04,540,main,KPSS,c,level_or_trend_stationarity,,Bartlett_short_bandwidth,False,ok,0.0836443236749098,0.6714669953078947,0.7428,0.4614,0.3475,6,540,False,
1min,2024-12-04,2024-12-04,2024-12-04,540,trend_sensitivity,ADF,ct,unit_root,12.0,bic,False,ok,-21.290611560826424,0.0,-3.9756648124097875,-3.4186668470500177,-3.131860684671111,0,539,True,
1min,2024-12-04,2024-12-04,2024-12-04,540,trend_sensitivity,PP,ct,unit_root,,Bartlett_short_bandwidth,False,ok,-21.283335820140717,0.0,-3.9756648124097875,-3.4186668470500177,-3.131860684671111,6,539,True,
1min,2024-12-04,2024-12-04,2024-12-04,540,trend_sensitivity,KPSS,ct,level_or_trend_stationarity,,Bartlett_short_bandwidth,False,ok,0.03903178639178973,0.7369786050649733,0.2175,0.1479,0.1193,6,540,False,
1min,2024-12-04,2024-12-04,2024-12-04,540,lag_sensitivity,ADF,c,unit_root,12.0,aic,False,ok,-9.123331431504162,3.1618298571985762e-15,-3.442678467240966,-2.8669778698997543,-2.5696661916864083,6,533,True,
1min,2024-12-04,2024-12-04,2024-12-04,540,lag_sensitivity,PP,c,unit_root,,Bartlett_short_bandwidth,False,ok,-21.22096762388243,0.0,-3.4425405682241816,-2.8669171671779816,-2.5696338432333636,12,539,True,
1min,2024-12-04,2024-12-04,2024-12-04,540,lag_sensitivity,KPSS,c,level_or_trend_stationarity,,Bartlett_short_bandwidth,False,ok,0.09409748629013243,0.615013370797168,0.7428,0.4614,0.3475,12,540,False,
1min,2024-12-05,2024-12-05,2024-12-05,540,main,ADF,c,unit_root,12.0,bic,False,ok,-23.856800212553978,0.0,-3.4425405682241816,-2.8669171671779816,-2.5696338432333636,0,539,True,
1min,2024-12-05,2024-12-05,2024-12-05,540,main,PP,c,unit_root,,Bartlett_short_bandwidth,False,ok,-23.938043959635348,0.0,-3.4425405682241816,-2.8669171671779816,-2.5696338432333636,6,539,True,
1min,2024-12-05,2024-12-05,2024-12-05,540,main,KPSS,c,level_or_trend_stationarity,,Bartlett_short_bandwidth,False,ok,0.9860502865218393,0.0026770933885241093,0.7428,0.4614,0.3475,6,540,True,
1min,2024-12-05,2024-12-05,2024-12-05,540,trend_sensitivity,ADF,ct,unit_root,12.0,bic,False,ok,-18.35881804424567,0.0,-3.975696400819281,-3.4186821046499145,-3.131869652155557,1,538,True,
1min,2024-12-05,2024-12-05,2024-12-05,540,trend_sensitivity,PP,ct,unit_root,,Bartlett_short_bandwidth,False,ok,-24.35859215345878,0.0,-3.9756648124097875,-3.4186668470500177,-3.131860684671111,6,539,True,
1min,2024-12-05,2024-12-05,2024-12-05,540,trend_sensitivity,KPSS,ct,level_or_trend_stationarity,,Bartlett_short_bandwidth,False,ok,0.2621310696903067,0.0037457198709689526,0.2175,0.1479,0.1193,6,540,True,
1min,2024-12-05,2024-12-05,2024-12-05,540,lag_sensitivity,ADF,c,unit_root,12.0,aic,False,ok,-7.741603008559097,1.0583039344884375e-11,-3.442678467240966,-2.8669778698997543,-2.5696661916864083,6,533,True,
1min,2024-12-05,2024-12-05,2024-12-05,540,lag_sensitivity,PP,c,unit_root,,Bartlett_short_bandwidth,False,ok,-23.85440723584103,0.0,-3.4425405682241816,-2.8669171671779816,-2.5696338432333636,12,539,True,
1min,2024-12-05,2024-12-05,2024-12-05,540,lag_sensitivity,KPSS,c,level_or_trend_stationarity,,Bartlett_short_bandwidth,False,ok,0.8741585965321077,0.004856054139260252,0.7428,0.4614,0.3475,12,540,True,
1min,2024-12-06,2024-12-06,2024-12-06,540,main,ADF,c,unit_root,12.0,bic,False,ok,-25.637187904020745,0.0,-3.4425405682241816,-2.8669171671779816,-2.5696338432333636,0,539,True,
1min,2024-12-06,2024-12-06,2024-12-06,540,main,PP,c,unit_root,,Bartlett_short_bandwidth,False,ok,-26.040857966839106,0.0,-3.4425405682241816,-2.8669171671779816,-2.5696338432333636,6,539,True,
1min,2024-12-06,2024-12-06,2024-12-06,540,main,KPSS,c,level_or_trend_stationarity,,Bartlett_short_bandwidth,False,ok,0.17825987001937388,0.314345126392244,0.7428,0.4614,0.3475,6,540,False,
1min,2024-12-06,2024-12-06,2024-12-06,540,trend_sensitivity,ADF,ct,unit_root,12.0,bic,False,ok,-25.630207800218205,0.0,-3.9756648124097875,-3.4186668470500177,-3.131860684671111,0,539,True,
1min,2024-12-06,2024-12-06,2024-12-06,540,trend_sensitivity,PP,ct,unit_root,,Bartlett_short_bandwidth,False,ok,-26.04222386873389,0.0,-3.9756648124097875,-3.4186668470500177,-3.131860684671111,6,539,True,
1min,2024-12-06,2024-12-06,2024-12-06,540,trend_sensitivity,KPSS,ct,level_or_trend_stationarity,,Bartlett_short_bandwidth,False,ok,0.08226980541483343,0.2533137161572911,0.2175,0.1479,0.1193,6,540,False,
1min,2024-12-06,2024-12-06,2024-12-06,540,lag_sensitivity,ADF,c,unit_root,12.0,aic,False,ok,-25.637187904020745,0.0,-3.4425405682241816,-2.8669171671779816,-2.5696338432333636,0,539,True,
1min,2024-12-06,2024-12-06,2024-12-06,540,lag_sensitivity,PP,c,unit_root,,Bartlett_short_bandwidth,False,ok,-26.41421850753453,0.0,-3.4425405682241816,-2.8669171671779816,-2.5696338432333636,12,539,True,
1min,2024-12-06,2024-12-06,2024-12-06,540,lag_sensitivity,KPSS,c,level_or_trend_stationarity,,Bartlett_short_bandwidth,False,ok,0.20185613474936906,0.26439973578555087,0.7428,0.4614,0.3475,12,540,False,
1min,2024-12-09,2024-12-09,2024-12-09,540,main,ADF,c,unit_root,12.0,bic,False,ok,-23.80269773546562,0.0,-3.4425405682241816,-2.8669171671779816,-2.5696338432333636,0,539,True,
1min,2024-12-09,2024-12-09,2024-12-09,540,main,PP,c,unit_root,,Bartlett_short_bandwidth,False,ok,-23.855281593111542,0.0,-3.4425405682241816,-2.8669171671779816,-2.5696338432333636,6,539,True,
1min,2024-12-09,2024-12-09,2024-12-09,540,main,KPSS,c,level_or_trend_stationarity,,Bartlett_short_bandwidth,False,ok,0.2014736868065579,0.2651496337126316,0.7428,0.4614,0.3475,6,540,False,
1min,2024-12-09,2024-12-09,2024-12-09,540,trend_sensitivity,ADF,ct,unit_root,12.0,bic,False,ok,-23.83923054838471,0.0,-3.9756648124097875,-3.4186668470500177,-3.131860684671111,0,539,True,
1min,2024-12-09,2024-12-09,2024-12-09,540,trend_sensitivity,PP,ct,unit_root,,Bartlett_short_bandwidth,False,ok,-23.90644920986894,0.0,-3.9756648124097875,-3.4186668470500177,-3.131860684671111,6,539,True,
1min,2024-12-09,2024-12-09,2024-12-09,540,trend_sensitivity,KPSS,ct,level_or_trend_stationarity,,Bartlett_short_bandwidth,False,ok,0.043808971380358705,0.6638654292946193,0.2175,0.1479,0.1193,6,540,False,
1min,2024-12-09,2024-12-09,2024-12-09,540,lag_sensitivity,ADF,c,unit_root,12.0,aic,False,ok,-23.80269773546562,0.0,-3.4425405682241816,-2.8669171671779816,-2.5696338432333636,0,539,True,
1min,2024-12-09,2024-12-09,2024-12-09,540,lag_sensitivity,PP,c,unit_root,,Bartlett_short_bandwidth,False,ok,-24.07551449774438,0.0,-3.4425405682241816,-2.8669171671779816,-2.5696338432333636,12,539,True,
1min,2024-12-09,2024-12-09,2024-12-09,540,lag_sensitivity,KPSS,c,level_or_trend_stationarity,,Bartlett_short_bandwidth,False,ok,0.23829936251075984,0.2044453298461669,0.7428,0.4614,0.3475,12,540,False,
1min,2024-12-10,2024-12-10,2024-12-10,540,main,ADF,c,unit_root,12.0,bic,False,ok,-23.217475434948607,0.0,-3.4425405682241816,-2.8669171671779816,-2.5696338432333636,0,539,True,
1min,2024-12-10,2024-12-10,2024-12-10,540,main,PP,c,unit_root,,Bartlett_short_bandwidth,False,ok,-23.236278173348456,0.0,-3.4425405682241816,-2.8669171671779816,-2.5696338432333636,6,539,True,
1min,2024-12-10,2024-12-10,2024-12-10,540,main,KPSS,c,level_or_trend_stationarity,,Bartlett_short_bandwidth,False,ok,0.0814929926692541,0.6838106977993617,0.7428,0.4614,0.3475,6,540,False,
1min,2024-12-10,2024-12-10,2024-12-10,540,trend_sensitivity,ADF,ct,unit_root,12.0,bic,False,ok,-23.231577878168572,0.0,-3.9756648124097875,-3.4186668470500177,-3.131860684671111,0,539,True,
1min,2024-12-10,2024-12-10,2024-12-10,540,trend_sensitivity,PP,ct,unit_root,,Bartlett_short_bandwidth,False,ok,-23.24798047196638,0.0,-3.9756648124097875,-3.4186668470500177,-3.131860684671111,6,539,True,
1min,2024-12-10,2024-12-10,2024-12-10,540,trend_sensitivity,KPSS,ct,level_or_trend_stationarity,,Bartlett_short_bandwidth,False,ok,0.026214886857523156,0.9209457015830761,0.2175,0.1479,0.1193,6,540,False,
1min,2024-12-10,2024-12-10,2024-12-10,540,lag_sensitivity,ADF,c,unit_root,12.0,aic,False,ok,-11.855460009677577,7.045366162117877e-22,-3.4425861905056556,-2.8669372502674824,-2.5696445454608505,2,537,True,
1min,2024-12-10,2024-12-10,2024-12-10,540,lag_sensitivity,PP,c,unit_root,,Bartlett_short_bandwidth,False,ok,-23.227393349957744,0.0,-3.4425405682241816,-2.8669171671779816,-2.5696338432333636,12,539,True,
1min,2024-12-10,2024-12-10,2024-12-10,540,lag_sensitivity,KPSS,c,level_or_trend_stationarity,,Bartlett_short_bandwidth,False,ok,0.08424565139936678,0.6681146287307267,0.7428,0.4614,0.3475,12,540,False,
1min,2024-12-11,2024-12-11,2024-12-11,540,main,ADF,c,unit_root,12.0,bic,False,ok,-9.292193938893442,1.1716311309723824e-15,-3.4426321555520905,-2.86695748394138,-2.5696553279762426,4,535,True,
1min,2024-12-11,2024-12-11,2024-12-11,540,main,PP,c,unit_root,,Bartlett_short_bandwidth,False,ok,-14.62069488722862,3.889254103675072e-27,-3.4425405682241816,-2.8669171671779816,-2.5696338432333636,6,539,True,
1min,2024-12-11,2024-12-11,2024-12-11,540,main,KPSS,c,level_or_trend_stationarity,,Bartlett_short_bandwidth,False,ok,0.11286042612137026,0.5259418614589989,0.7428,0.4614,0.3475,6,540,False,
1min,2024-12-11,2024-12-11,2024-12-11,540,trend_sensitivity,ADF,ct,unit_root,12.0,bic,False,ok,-9.321051098593678,6.913250358916127e-14,-3.9757918787911932,-3.4187282210191805,-3.1318967563342675,4,535,True,
1min,2024-12-11,2024-12-11,2024-12-11,540,trend_sensitivity,PP,ct,unit_root,,Bartlett_short_bandwidth,False,ok,-14.625316298251104,3.5861839840614287e-22,-3.9756648124097875,-3.4186668470500177,-3.131860684671111,6,539,True,
1min,2024-12-11,2024-12-11,2024-12-11,540,trend_sensitivity,KPSS,ct,level_or_trend_stationarity,,Bartlett_short_bandwidth,False,ok,0.0413964546513271,0.7004868109363102,0.2175,0.1479,0.1193,6,540,False,
1min,2024-12-11,2024-12-11,2024-12-11,540,lag_sensitivity,ADF,c,unit_root,12.0,aic,False,ok,-8.924381261148072,1.0206476011214628e-14,-3.442678467240966,-2.8669778698997543,-2.5696661916864083,6,533,True,
1min,2024-12-11,2024-12-11,2024-12-11,540,lag_sensitivity,PP,c,unit_root,,Bartlett_short_bandwidth,False,ok,-14.31306700208821,1.1753400191913307e-26,-3.4425405682241816,-2.8669171671779816,-2.5696338432333636,12,539,True,
1min,2024-12-11,2024-12-11,2024-12-11,540,lag_sensitivity,KPSS,c,level_or_trend_stationarity,,Bartlett_short_bandwidth,False,ok,0.11225404874505002,0.5285040193871126,0.7428,0.4614,0.3475,12,540,False,
1min,2024-12-12,2024-12-12,2024-12-12,540,main,ADF,c,unit_root,12.0,bic,False,ok,-18.85355339819414,0.0,-3.442563336759378,-2.866927190004947,-2.5696391843672695,1,538,True,
1min,2024-12-12,2024-12-12,2024-12-12,540,main,PP,c,unit_root,,Bartlett_short_bandwidth,False,ok,-26.544696129037536,0.0,-3.4425405682241816,-2.8669171671779816,-2.5696338432333636,6,539,True,
1min,2024-12-12,2024-12-12,2024-12-12,540,main,KPSS,c,level_or_trend_stationarity,,Bartlett_short_bandwidth,False,ok,0.8410288368461984,0.005826398883448532,0.7428,0.4614,0.3475,6,540,True,
1min,2024-12-12,2024-12-12,2024-12-12,540,trend_sensitivity,ADF,ct,unit_root,12.0,bic,False,ok,-19.2804091716483,0.0,-3.975696400819281,-3.4186821046499145,-3.131869652155557,1,538,True,
1min,2024-12-12,2024-12-12,2024-12-12,540,trend_sensitivity,PP,ct,unit_root,,Bartlett_short_bandwidth,False,ok,-27.143204737438147,0.0,-3.9756648124097875,-3.4186668470500177,-3.131860684671111,6,539,True,
1min,2024-12-12,2024-12-12,2024-12-12,540,trend_sensitivity,KPSS,ct,level_or_trend_stationarity,,Bartlett_short_bandwidth,False,ok,0.10289643986532813,0.15057947220630893,0.2175,0.1479,0.1193,6,540,False,
1min,2024-12-12,2024-12-12,2024-12-12,540,lag_sensitivity,ADF,c,unit_root,12.0,aic,False,ok,-18.85355339819414,0.0,-3.442563336759378,-2.866927190004947,-2.5696391843672695,1,538,True,
1min,2024-12-12,2024-12-12,2024-12-12,540,lag_sensitivity,PP,c,unit_root,,Bartlett_short_bandwidth,False,ok,-26.323517816911153,0.0,-3.4425405682241816,-2.8669171671779816,-2.5696338432333636,12,539,True,
1min,2024-12-12,2024-12-12,2024-12-12,540,lag_sensitivity,KPSS,c,level_or_trend_stationarity,,Bartlett_short_bandwidth,False,ok,0.7803845370972725,0.008123370891638091,0.7428,0.4614,0.3475,12,540,True,
1min,2024-12-13,2024-12-13,2024-12-13,540,main,ADF,c,unit_root,12.0,bic,False,ok,-25.182801703419532,0.0,-3.4425405682241816,-2.8669171671779816,-2.5696338432333636,0,539,True,
1min,2024-12-13,2024-12-13,2024-12-13,540,main,PP,c,unit_root,,Bartlett_short_bandwidth,False,ok,-25.337845181504022,0.0,-3.4425405682241816,-2.8669171671779816,-2.5696338432333636,6,539,True,
1min,2024-12-13,2024-12-13,2024-12-13,540,main,KPSS,c,level_or_trend_stationarity,,Bartlett_short_bandwidth,False,ok,0.0793880451067174,0.6958882657811296,0.7428,0.4614,0.3475,6,540,False,
1min,2024-12-13,2024-12-13,2024-12-13,540,trend_sensitivity,ADF,ct,unit_root,12.0,bic,False,ok,-25.182667474176085,0.0,-3.9756648124097875,-3.4186668470500177,-3.131860684671111,0,539,True,
1min,2024-12-13,2024-12-13,2024-12-13,540,trend_sensitivity,PP,ct,unit_root,,Bartlett_short_bandwidth,False,ok,-25.345887194446057,0.0,-3.9756648124097875,-3.4186668470500177,-3.131860684671111,6,539,True,
1min,2024-12-13,2024-12-13,2024-12-13,540,trend_sensitivity,KPSS,ct,level_or_trend_stationarity,,Bartlett_short_bandwidth,False,ok,0.045669489670343684,0.6359576549448447,0.2175,0.1479,0.1193,6,540,False,
1min,2024-12-13,2024-12-13,2024-12-13,540,lag_sensitivity,ADF,c,unit_root,12.0,aic,False,ok,-12.042834606306082,2.707147876989498e-22,-3.4426321555520905,-2.86695748394138,-2.5696553279762426,4,535,True,
1min,2024-12-13,2024-12-13,2024-12-13,540,lag_sensitivity,PP,c,unit_root,,Bartlett_short_bandwidth,False,ok,-26.160765947016518,0.0,-3.4425405682241816,-2.8669171671779816,-2.5696338432333636,12,539,True,
1min,2024-12-13,2024-12-13,2024-12-13,540,lag_sensitivity,KPSS,c,level_or_trend_stationarity,,Bartlett_short_bandwidth,False,ok,0.10756278057339484,0.5497146337572962,0.7428,0.4614,0.3475,12,540,False,
1min,2024-12-16,2024-12-16,2024-12-16,540,main,ADF,c,unit_root,12.0,bic,False,ok,-13.73507114587915,1.1213460127130292e-25,-3.442609129942274,-2.866947348175723,-2.569649926626197,3,536,True,
1min,2024-12-16,2024-12-16,2024-12-16,540,main,PP,c,unit_root,,Bartlett_short_bandwidth,False,ok,-25.18418860324593,0.0,-3.4425405682241816,-2.8669171671779816,-2.5696338432333636,6,539,True,
1min,2024-12-16,2024-12-16,2024-12-16,540,main,KPSS,c,level_or_trend_stationarity,,Bartlett_short_bandwidth,False,ok,0.34743558725274576,0.10004457629567766,0.7428,0.4614,0.3475,6,540,False,
1min,2024-12-16,2024-12-16,2024-12-16,540,trend_sensitivity,ADF,ct,unit_root,12.0,bic,False,ok,-13.874631142934163,1.4336088789137477e-21,-3.97575993334115,-3.4187127913127404,-3.131887687798408,3,536,True,
1min,2024-12-16,2024-12-16,2024-12-16,540,trend_sensitivity,PP,ct,unit_root,,Bartlett_short_bandwidth,False,ok,-25.335693976842283,0.0,-3.9756648124097875,-3.4186668470500177,-3.131860684671111,6,539,True,
1min,2024-12-16,2024-12-16,2024-12-16,540,trend_sensitivity,KPSS,ct,level_or_trend_stationarity,,Bartlett_short_bandwidth,False,ok,0.06483151798651628,0.39668482013483725,0.2175,0.1479,0.1193,6,540,False,
1min,2024-12-16,2024-12-16,2024-12-16,540,lag_sensitivity,ADF,c,unit_root,12.0,aic,False,ok,-8.60182484644894,6.836278343074731e-14,-3.442678467240966,-2.8669778698997543,-2.5696661916864083,6,533,True,
1min,2024-12-16,2024-12-16,2024-12-16,540,lag_sensitivity,PP,c,unit_root,,Bartlett_short_bandwidth,False,ok,-25.407984423629834,0.0,-3.4425405682241816,-2.8669171671779816,-2.5696338432333636,12,539,True,
1min,2024-12-16,2024-12-16,2024-12-16,540,lag_sensitivity,KPSS,c,level_or_trend_stationarity,,Bartlett_short_bandwidth,False,ok,0.3817103968161903,0.08086204244071923,0.7428,0.4614,0.3475,12,540,False,
1min,2024-12-17,2024-12-17,2024-12-17,540,main,ADF,c,unit_root,12.0,bic,False,ok,-23.78626713326659,0.0,-3.4425405682241816,-2.8669171671779816,-2.5696338432333636,0,539,True,
1min,2024-12-17,2024-12-17,2024-12-17,540,main,PP,c,unit_root,,Bartlett_short_bandwidth,False,ok,-23.779964141053373,0.0,-3.4425405682241816,-2.8669171671779816,-2.5696338432333636,6,539,True,
1min,2024-12-17,2024-12-17,2024-12-17,540,main,KPSS,c,level_or_trend_stationarity,,Bartlett_short_bandwidth,False,ok,0.03303277853613401,0.9652585440917923,0.7428,0.4614,0.3475,6,540,False,
1min,2024-12-17,2024-12-17,2024-12-17,540,trend_sensitivity,ADF,ct,unit_root,12.0,bic,False,ok,-23.76421707443473,0.0,-3.9756648124097875,-3.4186668470500177,-3.131860684671111,0,539,True,
1min,2024-12-17,2024-12-17,2024-12-17,540,trend_sensitivity,PP,ct,unit_root,,Bartlett_short_bandwidth,False,ok,-23.75825881146409,0.0,-3.9756648124097875,-3.4186668470500177,-3.131860684671111,6,539,True,
1min,2024-12-17,2024-12-17,2024-12-17,540,trend_sensitivity,KPSS,ct,level_or_trend_stationarity,,Bartlett_short_bandwidth,False,ok,0.032077060829578605,0.8426902819179617,0.2175,0.1479,0.1193,6,540,False,
1min,2024-12-17,2024-12-17,2024-12-17,540,lag_sensitivity,ADF,c,unit_root,12.0,aic,False,ok,-23.78626713326659,0.0,-3.4425405682241816,-2.8669171671779816,-2.5696338432333636,0,539,True,
1min,2024-12-17,2024-12-17,2024-12-17,540,lag_sensitivity,PP,c,unit_root,,Bartlett_short_bandwidth,False,ok,-23.7800662652305,0.0,-3.4425405682241816,-2.8669171671779816,-2.5696338432333636,12,539,True,
1min,2024-12-17,2024-12-17,2024-12-17,540,lag_sensitivity,KPSS,c,level_or_trend_stationarity,,Bartlett_short_bandwidth,False,ok,0.033313297429332325,0.9641796252717988,0.7428,0.4614,0.3475,12,540,False,
1min,2024-12-18,2024-12-18,2024-12-18,540,main,ADF,c,unit_root,12.0,bic,False,ok,-24.820397406644393,0.0,-3.4425405682241816,-2.8669171671779816,-2.5696338432333636,0,539,True,
1min,2024-12-18,2024-12-18,2024-12-18,540,main,PP,c,unit_root,,Bartlett_short_bandwidth,False,ok,-24.76986085100673,0.0,-3.4425405682241816,-2.8669171671779816,-2.5696338432333636,6,539,True,
1min,2024-12-18,2024-12-18,2024-12-18,540,main,KPSS,c,level_or_trend_stationarity,,Bartlett_short_bandwidth,False,ok,0.11280288002423262,0.5261850139821156,0.7428,0.4614,0.3475,6,540,False,
1min,2024-12-18,2024-12-18,2024-12-18,540,trend_sensitivity,ADF,ct,unit_root,12.0,bic,False,ok,-24.828042140352014,0.0,-3.9756648124097875,-3.4186668470500177,-3.131860684671111,0,539,True,
1min,2024-12-18,2024-12-18,2024-12-18,540,trend_sensitivity,PP,ct,unit_root,,Bartlett_short_bandwidth,False,ok,-24.77789351737986,0.0,-3.9756648124097875,-3.4186668470500177,-3.131860684671111,6,539,True,
1min,2024-12-18,2024-12-18,2024-12-18,540,trend_sensitivity,KPSS,ct,level_or_trend_stationarity,,Bartlett_short_bandwidth,False,ok,0.06300800558379403,0.41543442499523414,0.2175,0.1479,0.1193,6,540,False,
1min,2024-12-18,2024-12-18,2024-12-18,540,lag_sensitivity,ADF,c,unit_root,12.0,aic,False,ok,-24.820397406644393,0.0,-3.4425405682241816,-2.8669171671779816,-2.5696338432333636,0,539,True,
1min,2024-12-18,2024-12-18,2024-12-18,540,lag_sensitivity,PP,c,unit_root,,Bartlett_short_bandwidth,False,ok,-24.775129490006176,0.0,-3.4425405682241816,-2.8669171671779816,-2.5696338432333636,12,539,True,
1min,2024-12-18,2024-12-18,2024-12-18,540,lag_sensitivity,KPSS,c,level_or_trend_stationarity,,Bartlett_short_bandwidth,False,ok,0.11562298988233365,0.51426905683521,0.7428,0.4614,0.3475,12,540,False,
1min,2024-12-19,2024-12-19,2024-12-19,540,main,ADF,c,unit_root,12.0,bic,False,ok,-19.408378484161506,0.0,-3.442563336759378,-2.866927190004947,-2.5696391843672695,1,538,True,
1min,2024-12-19,2024-12-19,2024-12-19,540,main,PP,c,unit_root,,Bartlett_short_bandwidth,False,ok,-26.199791665083506,0.0,-3.4425405682241816,-2.8669171671779816,-2.5696338432333636,6,539,True,
1min,2024-12-19,2024-12-19,2024-12-19,540,main,KPSS,c,level_or_trend_stationarity,,Bartlett_short_bandwidth,False,ok,0.02702631804638789,0.9846842048840303,0.7428,0.4614,0.3475,6,540,False,
1min,2024-12-19,2024-12-19,2024-12-19,540,trend_sensitivity,ADF,ct,unit_root,12.0,bic,False,ok,-19.390026500003568,0.0,-3.975696400819281,-3.4186821046499145,-3.131869652155557,1,538,True,
1min,2024-12-19,2024-12-19,2024-12-19,540,trend_sensitivity,PP,ct,unit_root,,Bartlett_short_bandwidth,False,ok,-26.172327738585114,0.0,-3.9756648124097875,-3.4186668470500177,-3.131860684671111,6,539,True,
1min,2024-12-19,2024-12-19,2024-12-19,540,trend_sensitivity,KPSS,ct,level_or_trend_stationarity,,Bartlett_short_bandwidth,False,ok,0.02755544816353858,0.9053230504797556,0.2175,0.1479,0.1193,6,540,False,
1min,2024-12-19,2024-12-19,2024-12-19,540,lag_sensitivity,ADF,c,unit_root,12.0,aic,False,ok,-12.092996270653204,2.1015143401341827e-22,-3.4426321555520905,-2.86695748394138,-2.5696553279762426,4,535,True,
1min,2024-12-19,2024-12-19,2024-12-19,540,lag_sensitivity,PP,c,unit_root,,Bartlett_short_bandwidth,False,ok,-26.675553395023186,0.0,-3.4425405682241816,-2.8669171671779816,-2.5696338432333636,12,539,True,
1min,2024-12-19,2024-12-19,2024-12-19,540,lag_sensitivity,KPSS,c,level_or_trend_stationarity,,Bartlett_short_bandwidth,False,ok,0.031779498471487026,0.9700706949259069,0.7428,0.4614,0.3475,12,540,False,
1min,2024-12-20,2024-12-20,2024-12-20,540,main,ADF,c,unit_root,12.0,bic,False,ok,-27.101725784716848,0.0,-3.4425405682241816,-2.8669171671779816,-2.5696338432333636,0,539,True,
1min,2024-12-20,2024-12-20,2024-12-20,540,main,PP,c,unit_root,,Bartlett_short_bandwidth,False,ok,-26.93413068555032,0.0,-3.4425405682241816,-2.8669171671779816,-2.5696338432333636,6,539,True,
1min,2024-12-20,2024-12-20,2024-12-20,540,main,KPSS,c,level_or_trend_stationarity,,Bartlett_short_bandwidth,False,ok,0.08169016301950494,0.6826793925110373,0.7428,0.4614,0.3475,6,540,False,
1min,2024-12-20,2024-12-20,2024-12-20,540,trend_sensitivity,ADF,ct,unit_root,12.0,bic,False,ok,-27.110491670800187,0.0,-3.9756648124097875,-3.4186668470500177,-3.131860684671111,0,539,True,
1min,2024-12-20,2024-12-20,2024-12-20,540,trend_sensitivity,PP,ct,unit_root,,Bartlett_short_bandwidth,False,ok,-26.94657348970022,0.0,-3.9756648124097875,-3.4186668470500177,-3.131860684671111,6,539,True,
1min,2024-12-20,2024-12-20,2024-12-20,540,trend_sensitivity,KPSS,ct,level_or_trend_stationarity,,Bartlett_short_bandwidth,False,ok,0.040584429864507304,0.7130180576464922,0.2175,0.1479,0.1193,6,540,False,
1min,2024-12-20,2024-12-20,2024-12-20,540,lag_sensitivity,ADF,c,unit_root,12.0,aic,False,ok,-16.39403374281962,2.677105584917636e-29,-3.442563336759378,-2.866927190004947,-2.5696391843672695,1,538,True,
1min,2024-12-20,2024-12-20,2024-12-20,540,lag_sensitivity,PP,c,unit_root,,Bartlett_short_bandwidth,False,ok,-26.998384365630653,0.0,-3.4425405682241816,-2.8669171671779816,-2.5696338432333636,12,539,True,
1min,2024-12-20,2024-12-20,2024-12-20,540,lag_sensitivity,KPSS,c,level_or_trend_stationarity,,Bartlett_short_bandwidth,False,ok,0.08642222625647714,0.6562424022373975,0.7428,0.4614,0.3475,12,540,False,
1min,2024-12-23,2024-12-23,2024-12-23,540,main,ADF,c,unit_root,12.0,bic,False,ok,-22.86628032412897,0.0,-3.4425405682241816,-2.8669171671779816,-2.5696338432333636,0,539,True,
1min,2024-12-23,2024-12-23,2024-12-23,540,main,PP,c,unit_root,,Bartlett_short_bandwidth,False,ok,-22.983221772652062,0.0,-3.4425405682241816,-2.8669171671779816,-2.5696338432333636,6,539,True,
1min,2024-12-23,2024-12-23,2024-12-23,540,main,KPSS,c,level_or_trend_stationarity,,Bartlett_short_bandwidth,False,ok,0.13988971311569076,0.4224324893298262,0.7428,0.4614,0.3475,6,540,False,
1min,2024-12-23,2024-12-23,2024-12-23,540,trend_sensitivity,ADF,ct,unit_root,12.0,bic,False,ok,-22.876317657708118,0.0,-3.9756648124097875,-3.4186668470500177,-3.131860684671111,0,539,True,
1min,2024-12-23,2024-12-23,2024-12-23,540,trend_sensitivity,PP,ct,unit_root,,Bartlett_short_bandwidth,False,ok,-22.98842218896035,0.0,-3.9756648124097875,-3.4186668470500177,-3.131860684671111,6,539,True,
1min,2024-12-23,2024-12-23,2024-12-23,540,trend_sensitivity,KPSS,ct,level_or_trend_stationarity,,Bartlett_short_bandwidth,False,ok,0.07622672809878484,0.2959482453939628,0.2175,0.1479,0.1193,6,540,False,
1min,2024-12-23,2024-12-23,2024-12-23,540,lag_sensitivity,ADF,c,unit_root,12.0,aic,False,ok,-14.563253591179341,4.756801878475806e-27,-3.442563336759378,-2.866927190004947,-2.5696391843672695,1,538,True,
1min,2024-12-23,2024-12-23,2024-12-23,540,lag_sensitivity,PP,c,unit_root,,Bartlett_short_bandwidth,False,ok,-23.10358498473228,0.0,-3.4425405682241816,-2.8669171671779816,-2.5696338432333636,12,539,True,
1min,2024-12-23,2024-12-23,2024-12-23,540,lag_sensitivity,KPSS,c,level_or_trend_stationarity,,Bartlett_short_bandwidth,False,ok,0.12822673900246975,0.4639300783489934,0.7428,0.4614,0.3475,12,540,False,
1min,2024-12-26,2024-12-26,2024-12-26,540,main,ADF,c,unit_root,12.0,bic,False,ok,-25.611262093876416,0.0,-3.4425405682241816,-2.8669171671779816,-2.5696338432333636,0,539,True,
1min,2024-12-26,2024-12-26,2024-12-26,540,main,PP,c,unit_root,,Bartlett_short_bandwidth,False,ok,-25.505332632789635,0.0,-3.4425405682241816,-2.8669171671779816,-2.5696338432333636,6,539,True,
1min,2024-12-26,2024-12-26,2024-12-26,540,main,KPSS,c,level_or_trend_stationarity,,Bartlett_short_bandwidth,False,ok,0.21004783774458588,0.24937886117038235,0.7428,0.4614,0.3475,6,540,False,
1min,2024-12-26,2024-12-26,2024-12-26,540,trend_sensitivity,ADF,ct,unit_root,12.0,bic,False,ok,-25.680154340661513,0.0,-3.9756648124097875,-3.4186668470500177,-3.131860684671111,0,539,True,
1min,2024-12-26,2024-12-26,2024-12-26,540,trend_sensitivity,PP,ct,unit_root,,Bartlett_short_bandwidth,False,ok,-25.57966518554728,0.0,-3.9756648124097875,-3.4186668470500177,-3.131860684671111,6,539,True,
1min,2024-12-26,2024-12-26,2024-12-26,540,trend_sensitivity,KPSS,ct,level_or_trend_stationarity,,Bartlett_short_bandwidth,False,ok,0.03437762050557191,0.8088021526917915,0.2175,0.1479,0.1193,6,540,False,
1min,2024-12-26,2024-12-26,2024-12-26,540,lag_sensitivity,ADF,c,unit_root,12.0,aic,False,ok,-25.611262093876416,0.0,-3.4425405682241816,-2.8669171671779816,-2.5696338432333636,0,539,True,
1min,2024-12-26,2024-12-26,2024-12-26,540,lag_sensitivity,PP,c,unit_root,,Bartlett_short_bandwidth,False,ok,-25.489656138888012,0.0,-3.4425405682241816,-2.8669171671779816,-2.5696338432333636,12,539,True,
1min,2024-12-26,2024-12-26,2024-12-26,540,lag_sensitivity,KPSS,c,level_or_trend_stationarity,,Bartlett_short_bandwidth,False,ok,0.19269128269069252,0.2825717389559733,0.7428,0.4614,0.3475,12,540,False,
1min,2024-12-27,2024-12-27,2024-12-27,540,main,ADF,c,unit_root,12.0,bic,False,ok,-23.43772392101828,0.0,-3.4425405682241816,-2.8669171671779816,-2.5696338432333636,0,539,True,
1min,2024-12-27,2024-12-27,2024-12-27,540,main,PP,c,unit_root,,Bartlett_short_bandwidth,False,ok,-23.479963434372767,0.0,-3.4425405682241816,-2.8669171671779816,-2.5696338432333636,6,539,True,
1min,2024-12-27,2024-12-27,2024-12-27,540,main,KPSS,c,level_or_trend_stationarity,,Bartlett_short_bandwidth,False,ok,0.07236566042664394,0.7377934284599073,0.7428,0.4614,0.3475,6,540,False,
1min,2024-12-27,2024-12-27,2024-12-27,540,trend_sensitivity,ADF,ct,unit_root,12.0,bic,False,ok,-23.43693222529076,0.0,-3.9756648124097875,-3.4186668470500177,-3.131860684671111,0,539,True,
1min,2024-12-27,2024-12-27,2024-12-27,540,trend_sensitivity,PP,ct,unit_root,,Bartlett_short_bandwidth,False,ok,-23.476750824766754,0.0,-3.9756648124097875,-3.4186668470500177,-3.131860684671111,6,539,True,
1min,2024-12-27,2024-12-27,2024-12-27,540,trend_sensitivity,KPSS,ct,level_or_trend_stationarity,,Bartlett_short_bandwidth,False,ok,0.05180583899941602,0.5499203772806907,0.2175,0.1479,0.1193,6,540,False,
1min,2024-12-27,2024-12-27,2024-12-27,540,lag_sensitivity,ADF,c,unit_root,12.0,aic,False,ok,-9.310927628836684,1.0495956122036213e-15,-3.4426321555520905,-2.86695748394138,-2.5696553279762426,4,535,True,
1min,2024-12-27,2024-12-27,2024-12-27,540,lag_sensitivity,PP,c,unit_root,,Bartlett_short_bandwidth,False,ok,-23.546806591933642,0.0,-3.4425405682241816,-2.8669171671779816,-2.5696338432333636,12,539,True,
1min,2024-12-27,2024-12-27,2024-12-27,540,lag_sensitivity,KPSS,c,level_or_trend_stationarity,,Bartlett_short_bandwidth,False,ok,0.06752625519875517,0.7678160298522994,0.7428,0.4614,0.3475,12,540,False,
1min,2024-12-30,2024-12-30,2024-12-30,540,main,ADF,c,unit_root,12.0,bic,False,ok,-24.250293216080536,0.0,-3.4425405682241816,-2.8669171671779816,-2.5696338432333636,0,539,True,
1min,2024-12-30,2024-12-30,2024-12-30,540,main,PP,c,unit_root,,Bartlett_short_bandwidth,False,ok,-24.48838001462856,0.0,-3.4425405682241816,-2.8669171671779816,-2.5696338432333636,6,539,True,
1min,2024-12-30,2024-12-30,2024-12-30,540,main,KPSS,c,level_or_trend_stationarity,,Bartlett_short_bandwidth,False,ok,0.050940740923239886,0.8708024680151937,0.7428,0.4614,0.3475,6,540,False,
1min,2024-12-30,2024-12-30,2024-12-30,540,trend_sensitivity,ADF,ct,unit_root,12.0,bic,False,ok,-24.23531210867839,0.0,-3.9756648124097875,-3.4186668470500177,-3.131860684671111,0,539,True,
1min,2024-12-30,2024-12-30,2024-12-30,540,trend_sensitivity,PP,ct,unit_root,,Bartlett_short_bandwidth,False,ok,-24.475820162448922,0.0,-3.9756648124097875,-3.4186668470500177,-3.131860684671111,6,539,True,
1min,2024-12-30,2024-12-30,2024-12-30,540,trend_sensitivity,KPSS,ct,level_or_trend_stationarity,,Bartlett_short_bandwidth,False,ok,0.047307788051238614,0.612333189982717,0.2175,0.1479,0.1193,6,540,False,
1min,2024-12-30,2024-12-30,2024-12-30,540,lag_sensitivity,ADF,c,unit_root,12.0,aic,False,ok,-18.09428305052682,2.564691624959272e-30,-3.442563336759378,-2.866927190004947,-2.5696391843672695,1,538,True,
1min,2024-12-30,2024-12-30,2024-12-30,540,lag_sensitivity,PP,c,unit_root,,Bartlett_short_bandwidth,False,ok,-24.693701333881673,0.0,-3.4425405682241816,-2.8669171671779816,-2.5696338432333636,12,539,True,
1min,2024-12-30,2024-12-30,2024-12-30,540,lag_sensitivity,KPSS,c,level_or_trend_stationarity,,Bartlett_short_bandwidth,False,ok,0.05614346732948312,0.8385898404384469,0.7428,0.4614,0.3475,12,540,False,
