scale,segment,start,end,n,specification,test,trend,null,adf_max_lags,lag_rule,small_sample,status,statistic,pvalue,critical_1,critical_5,critical_10,lags,nobs,reject_5pct,warning
5min,2024-01-02,2024-01-02,2024-01-02,108,main,ADF,c,unit_root,12.0,bic,False,ok,-8.750052063490207,2.852736491722494e-14,-3.492995948509562,-2.888954648057252,-2.58139291903223,0,107,True,
5min,2024-01-02,2024-01-02,2024-01-02,108,main,PP,c,unit_root,,Bartlett_short_bandwidth,False,ok,-8.679164406053621,4.3330725992413814e-14,-3.492995948509562,-2.888954648057252,-2.58139291903223,4,107,True,
5min,2024-01-02,2024-01-02,2024-01-02,108,main,KPSS,c,level_or_trend_stationarity,,Bartlett_short_bandwidth,False,ok,0.08578762301282766,0.6597038744754855,0.7428,0.4614,0.3475,4,108,False,
5min,2024-01-02,2024-01-02,2024-01-02,108,trend_sensitivity,ADF,ct,unit_root,12.0,bic,False,ok,-8.707370797069307,1.6792871326432064e-12,-4.045970933273362,-3.452348053635668,-3.1515755794286404,0,107,True,
5min,2024-01-02,2024-01-02,2024-01-02,108,trend_sensitivity,PP,ct,unit_root,,Bartlett_short_bandwidth,False,ok,-8.633115975900967,2.48320235999174e-12,-4.045970933273362,-3.452348053635668,-3.1515755794286404,4,107,True,
5min,2024-01-02,2024-01-02,2024-01-02,108,trend_sensitivity,KPSS,ct,level_or_trend_stationarity,,Bartlett_short_bandwidth,False,ok,0.087438232425635,0.2221166120055268,0.2175,0.1479,0.1193,4,108,False,
5min,2024-01-02,2024-01-02,2024-01-02,108,lag_sensitivity,ADF,c,unit_root,12.0,aic,False,ok,-7.5393808141539855,3.41009354806156e-11,-3.4936021509366793,-2.8892174239808703,-2.58153320754717,1,106,True,
5min,2024-01-02,2024-01-02,2024-01-02,108,lag_sensitivity,PP,c,unit_root,,Bartlett_short_bandwidth,False,ok,-8.657014222279972,4.9375927888838986e-14,-3.492995948509562,-2.888954648057252,-2.58139291903223,8,107,True,
5min,2024-01-02,2024-01-02,2024-01-02,108,lag_sensitivity,KPSS,c,level_or_trend_stationarity,,Bartlett_short_bandwidth,False,ok,0.09256133256879638,0.6231844012298065,0.7428,0.4614,0.3475,8,108,False,
5min,2024-01-03,2024-01-03,2024-01-03,108,main,ADF,c,unit_root,12.0,bic,False,ok,-10.260317999287873,4.253569731830908e-18,-3.492995948509562,-2.888954648057252,-2.58139291903223,0,107,True,
5min,2024-01-03,2024-01-03,2024-01-03,108,main,PP,c,unit_root,,Bartlett_short_bandwidth,False,ok,-10.271855920639869,3.9824246403573556e-18,-3.492995948509562,-2.888954648057252,-2.58139291903223,4,107,True,
5min,2024-01-03,2024-01-03,2024-01-03,108,main,KPSS,c,level_or_trend_stationarity,,Bartlett_short_bandwidth,False,ok,0.20943473848271896,0.250473681280859,0.7428,0.4614,0.3475,4,108,False,
5min,2024-01-03,2024-01-03,2024-01-03,108,trend_sensitivity,ADF,ct,unit_root,12.0,bic,False,ok,-10.343370647116402,4.432959051561642e-16,-4.045970933273362,-3.452348053635668,-3.1515755794286404,0,107,True,
5min,2024-01-03,2024-01-03,2024-01-03,108,trend_sensitivity,PP,ct,unit_root,,Bartlett_short_bandwidth,False,ok,-10.375484592361301,3.809789379872028e-16,-4.045970933273362,-3.452348053635668,-3.1515755794286404,4,107,True,
5min,2024-01-03,2024-01-03,2024-01-03,108,trend_sensitivity,KPSS,ct,level_or_trend_stationarity,,Bartlett_short_bandwidth,False,ok,0.04360798557288283,0.6668802164067574,0.2175,0.1479,0.1193,4,108,False,
5min,2024-01-03,2024-01-03,2024-01-03,108,lag_sensitivity,ADF,c,unit_root,12.0,aic,False,ok,-10.260317999287873,4.253569731830908e-18,-3.492995948509562,-2.888954648057252,-2.58139291903223,0,107,True,
5min,2024-01-03,2024-01-03,2024-01-03,108,lag_sensitivity,PP,c,unit_root,,Bartlett_short_bandwidth,False,ok,-10.436059723930532,1.5653371752873357e-18,-3.492995948509562,-2.888954648057252,-2.58139291903223,8,107,True,
5min,2024-01-03,2024-01-03,2024-01-03,108,lag_sensitivity,KPSS,c,level_or_trend_stationarity,,Bartlett_short_bandwidth,False,ok,0.27271959111212174,0.16195875925820652,0.7428,0.4614,0.3475,8,108,False,
5min,2024-01-04,2024-01-04,2024-01-04,108,main,ADF,c,unit_root,12.0,bic,False,ok,-10.143013116365488,8.324598834856723e-18,-3.492995948509562,-2.888954648057252,-2.58139291903223,0,107,True,
5min,2024-01-04,2024-01-04,2024-01-04,108,main,PP,c,unit_root,,Bartlett_short_bandwidth,False,ok,-10.156186959557342,7.718725585268076e-18,-3.492995948509562,-2.888954648057252,-2.58139291903223,4,107,True,
5min,2024-01-04,2024-01-04,2024-01-04,108,main,KPSS,c,level_or_trend_stationarity,,Bartlett_short_bandwidth,False,ok,0.21459381217237708,0.2412610496921838,0.7428,0.4614,0.3475,4,108,False,
5min,2024-01-04,2024-01-04,2024-01-04,108,trend_sensitivity,ADF,ct,unit_root,12.0,bic,False,ok,-10.20040322548857,8.753170190926064e-16,-4.045970933273362,-3.452348053635668,-3.1515755794286404,0,107,True,
5min,2024-01-04,2024-01-04,2024-01-04,108,trend_sensitivity,PP,ct,unit_root,,Bartlett_short_bandwidth,False,ok,-10.230250520569786,7.588206745615376e-16,-4.045970933273362,-3.452348053635668,-3.1515755794286404,4,107,True,
5min,2024-01-04,2024-01-04,2024-01-04,108,trend_sensitivity,KPSS,ct,level_or_trend_stationarity,,Bartlett_short_bandwidth,False,ok,0.04966401902401213,0.5794555485021564,0.2175,0.1479,0.1193,4,108,False,
5min,2024-01-04,2024-01-04,2024-01-04,108,lag_sensitivity,ADF,c,unit_root,12.0,aic,False,ok,-2.9038426829722543,0.04490296703863355,-3.4968181663902103,-2.8906107514600103,-2.5822770483285953,6,101,True,
5min,2024-01-04,2024-01-04,2024-01-04,108,lag_sensitivity,PP,c,unit_root,,Bartlett_short_bandwidth,False,ok,-10.143113928593946,8.319785194414573e-18,-3.492995948509562,-2.888954648057252,-2.58139291903223,8,107,True,
5min,2024-01-04,2024-01-04,2024-01-04,108,lag_sensitivity,KPSS,c,level_or_trend_stationarity,,Bartlett_short_bandwidth,False,ok,0.2004002286487373,0.2672544536299269,0.7428,0.4614,0.3475,8,108,False,
5min,2024-01-05,2024-01-05,2024-01-05,108,main,ADF,c,unit_root,12.0,bic,False,ok,-9.11778113870651,3.2668171964431633e-15,-3.492995948509562,-2.888954648057252,-2.58139291903223,0,107,True,
5min,2024-01-05,2024-01-05,2024-01-05,108,main,PP,c,unit_root,,Bartlett_short_bandwidth,False,ok,-9.121242612577507,3.2009385733530353e-15,-3.492995948509562,-2.888954648057252,-2.58139291903223,4,107,True,
5min,2024-01-05,2024-01-05,2024-01-05,108,main,KPSS,c,level_or_trend_stationarity,,Bartlett_short_bandwidth,False,ok,0.17260403818060563,0.32807061065503634,0.7428,0.4614,0.3475,4,108,False,
5min,2024-01-05,2024-01-05,2024-01-05,108,trend_sensitivity,ADF,ct,unit_root,12.0,bic,False,ok,-9.105692093159258,2.0964638883148235e-13,-4.045970933273362,-3.452348053635668,-3.1515755794286404,0,107,True,
5min,2024-01-05,2024-01-05,2024-01-05,108,trend_sensitivity,PP,ct,unit_root,,Bartlett_short_bandwidth,False,ok,-9.10383668134785,2.1167098790130128e-13,-4.045970933273362,-3.452348053635668,-3.1515755794286404,4,107,True,
5min,2024-01-05,2024-01-05,2024-01-05,108,trend_sensitivity,KPSS,ct,level_or_trend_stationarity,,Bartlett_short_bandwidth,False,ok,0.09477128649448772,0.18426169614444948,0.2175,0.1479,0.1193,4,108,False,
5min,2024-01-05,2024-01-05,2024-01-05,108,lag_sensitivity,ADF,c,unit_root,12.0,aic,False,ok,-9.11778113870651,3.2668171964431633e-15,-3.492995948509562,-2.888954648057252,-2.58139291903223,0,107,True,
5min,2024-01-05,2024-01-05,2024-01-05,108,lag_sensitivity,PP,c,unit_root,,Bartlett_short_bandwidth,False,ok,-9.190057425428476,2.135298417614844e-15,-3.492995948509562,-2.888954648057252,-2.58139291903223,8,107,True,
5min,2024-01-05,2024-01-05,2024-01-05,108,lag_sensitivity,KPSS,c,level_or_trend_stationarity,,Bartlett_short_bandwidth,False,ok,0.15356627151404287,0.3796241919224914,0.7428,0.4614,0.3475,8,108,False,
5min,2024-01-08,2024-01-08,2024-01-08,108,main,ADF,c,unit_root,12.0,bic,False,ok,-12.887103028427084,4.529678001614087e-24,-3.492995948509562,-2.888954648057252,-2.58139291903223,0,107,True,
5min,2024-01-08,2024-01-08,2024-01-08,108,main,PP,c,unit_root,,Bartlett_short_bandwidth,False,ok,-12.972320315095688,3.062877304021338e-24,-3.492995948509562,-2.888954648057252,-2.58139291903223,4,107,True,
5min,2024-01-08,2024-01-08,2024-01-08,108,main,KPSS,c,level_or_trend_stationarity,,Bartlett_short_bandwidth,False,ok,0.06574034086645134,0.7789201604158466,0.7428,0.4614,0.3475,4,108,False,
5min,2024-01-08,2024-01-08,2024-01-08,108,trend_sensitivity,ADF,ct,unit_root,12.0,bic,False,ok,-12.84351032542388,2.1764768444271822e-20,-4.045970933273362,-3.452348053635668,-3.1515755794286404,0,107,True,
5min,2024-01-08,2024-01-08,2024-01-08,108,trend_sensitivity,PP,ct,unit_root,,Bartlett_short_bandwidth,False,ok,-12.926581187947335,1.6908912849131522e-20,-4.045970933273362,-3.452348053635668,-3.1515755794286404,4,107,True,
5min,2024-01-08,2024-01-08,2024-01-08,108,trend_sensitivity,KPSS,ct,level_or_trend_stationarity,,Bartlett_short_bandwidth,False,ok,0.05350858034979518,0.5269923638184845,0.2175,0.1479,0.1193,4,108,False,
5min,2024-01-08,2024-01-08,2024-01-08,108,lag_sensitivity,ADF,c,unit_root,12.0,aic,False,ok,-12.887103028427084,4.529678001614087e-24,-3.492995948509562,-2.888954648057252,-2.58139291903223,0,107,True,
5min,2024-01-08,2024-01-08,2024-01-08,108,lag_sensitivity,PP,c,unit_root,,Bartlett_short_bandwidth,False,ok,-13.15028146024823,1.3714535099511552e-24,-3.492995948509562,-2.888954648057252,-2.58139291903223,8,107,True,
5min,2024-01-08,2024-01-08,2024-01-08,108,lag_sensitivity,KPSS,c,level_or_trend_stationarity,,Bartlett_short_bandwidth,False,ok,0.07500278204909303,0.7218797634968525,0.7428,0.4614,0.3475,8,108,False,
5min,2024-01-09,2024-01-09,2024-01-09,108,main,ADF,c,unit_root,12.0,bic,False,ok,-14.017189090247488,3.625148362349843e-26,-3.492995948509562,-2.888954648057252,-2.58139291903223,0,107,True,
5min,2024-01-09,2024-01-09,2024-01-09,108,main,PP,c,unit_root,,Bartlett_short_bandwidth,False,ok,-14.390667165630381,8.83586574351537e-27,-3.492995948509562,-2.888954648057252,-2.58139291903223,4,107,True,
5min,2024-01-09,2024-01-09,2024-01-09,108,main,KPSS,c,level_or_trend_stationarity,,Bartlett_short_bandwidth,False,ok,0.14142651588369828,0.4173509106291722,0.7428,0.4614,0.3475,4,108,False,
5min,2024-01-09,2024-01-09,2024-01-09,108,trend_sensitivity,ADF,ct,unit_root,12.0,bic,False,ok,-13.98622730188708,1.1292610327427204e-21,-4.045970933273362,-3.452348053635668,-3.1515755794286404,0,107,True,
5min,2024-01-09,2024-01-09,2024-01-09,108,trend_sensitivity,PP,ct,unit_root,,Bartlett_short_bandwidth,False,ok,-14.381043901770298,5.317050886807784e-22,-4.045970933273362,-3.452348053635668,-3.1515755794286404,4,107,True,
5min,2024-01-09,2024-01-09,2024-01-09,108,trend_sensitivity,KPSS,ct,level_or_trend_stationarity,,Bartlett_short_bandwidth,False,ok,0.05386258873022551,0.5223343588128223,0.2175,0.1479,0.1193,4,108,False,
5min,2024-01-09,2024-01-09,2024-01-09,108,lag_sensitivity,ADF,c,unit_root,12.0,aic,False,ok,-14.017189090247488,3.625148362349843e-26,-3.492995948509562,-2.888954648057252,-2.58139291903223,0,107,True,
5min,2024-01-09,2024-01-09,2024-01-09,108,lag_sensitivity,PP,c,unit_root,,Bartlett_short_bandwidth,False,ok,-15.035030044547796,9.777191987500236e-28,-3.492995948509562,-2.888954648057252,-2.58139291903223,8,107,True,
5min,2024-01-09,2024-01-09,2024-01-09,108,lag_sensitivity,KPSS,c,level_or_trend_stationarity,,Bartlett_short_bandwidth,False,ok,0.1757852946075358,0.32003713482945506,0.7428,0.4614,0.3475,8,108,False,
5min,2024-01-10,2024-01-10,2024-01-10,108,main,ADF,c,unit_root,12.0,bic,False,ok,-11.914053808734156,5.214866463644099e-22,-3.492995948509562,-2.888954648057252,-2.58139291903223,0,107,True,
5min,2024-01-10,2024-01-10,2024-01-10,108,main,PP,c,unit_root,,Bartlett_short_bandwidth,False,ok,-11.848311927700179,7.309540640579845e-22,-3.492995948509562,-2.888954648057252,-2.58139291903223,4,107,True,
5min,2024-01-10,2024-01-10,2024-01-10,108,main,KPSS,c,level_or_trend_stationarity,,Bartlett_short_bandwidth,False,ok,0.2936820701929535,0.1409694569590919,0.7428,0.4614,0.3475,4,108,False,
5min,2024-01-10,2024-01-10,2024-01-10,108,trend_sensitivity,ADF,ct,unit_root,12.0,bic,False,ok,-12.036734287137804,3.352327032451452e-19,-4.045970933273362,-3.452348053635668,-3.1515755794286404,0,107,True,
5min,2024-01-10,2024-01-10,2024-01-10,108,trend_sensitivity,PP,ct,unit_root,,Bartlett_short_bandwidth,False,ok,-12.010412675589336,3.6956027630928276e-19,-4.045970933273362,-3.452348053635668,-3.1515755794286404,4,107,True,
5min,2024-01-10,2024-01-10,2024-01-10,108,trend_sensitivity,KPSS,ct,level_or_trend_stationarity,,Bartlett_short_bandwidth,False,ok,0.050736666753916276,0.5644999988102326,0.2175,0.1479,0.1193,4,108,False,
5min,2024-01-10,2024-01-10,2024-01-10,108,lag_sensitivity,ADF,c,unit_root,12.0,aic,False,ok,-11.914053808734156,5.214866463644099e-22,-3.492995948509562,-2.888954648057252,-2.58139291903223,0,107,True,
5min,2024-01-10,2024-01-10,2024-01-10,108,lag_sensitivity,PP,c,unit_root,,Bartlett_short_bandwidth,False,ok,-11.938819914857307,4.594343024098542e-22,-3.492995948509562,-2.888954648057252,-2.58139291903223,8,107,True,
5min,2024-01-10,2024-01-10,2024-01-10,108,lag_sensitivity,KPSS,c,level_or_trend_stationarity,,Bartlett_short_bandwidth,False,ok,0.33875718792224513,0.10605038898114522,0.7428,0.4614,0.3475,8,108,False,
5min,2024-01-11,2024-01-11,2024-01-11,108,main,ADF,c,unit_root,12.0,bic,False,ok,-9.86468103424158,4.144157764702031e-17,-3.492995948509562,-2.888954648057252,-2.58139291903223,0,107,True,
5min,2024-01-11,2024-01-11,2024-01-11,108,main,PP,c,unit_root,,Bartlett_short_bandwidth,False,ok,-9.876448215008324,3.8710780021735737e-17,-3.492995948509562,-2.888954648057252,-2.58139291903223,4,107,True,
5min,2024-01-11,2024-01-11,2024-01-11,108,main,KPSS,c,level_or_trend_stationarity,,Bartlett_short_bandwidth,False,ok,0.05504128891549191,0.8454427632197394,0.7428,0.4614,0.3475,4,108,False,
5min,2024-01-11,2024-01-11,2024-01-11,108,trend_sensitivity,ADF,ct,unit_root,12.0,bic,False,ok,-9.817915051625475,5.64786881777337e-15,-4.045970933273362,-3.452348053635668,-3.1515755794286404,0,107,True,
5min,2024-01-11,2024-01-11,2024-01-11,108,trend_sensitivity,PP,ct,unit_root,,Bartlett_short_bandwidth,False,ok,-9.830385211123277,5.3097551688706815e-15,-4.045970933273362,-3.452348053635668,-3.1515755794286404,4,107,True,
5min,2024-01-11,2024-01-11,2024-01-11,108,trend_sensitivity,KPSS,ct,level_or_trend_stationarity,,Bartlett_short_bandwidth,False,ok,0.04352317555184929,0.6681523667222606,0.2175,0.1479,0.1193,4,108,False,
5min,2024-01-11,2024-01-11,2024-01-11,108,lag_sensitivity,ADF,c,unit_root,12.0,aic,False,ok,-9.86468103424158,4.144157764702031e-17,-3.492995948509562,-2.888954648057252,-2.58139291903223,0,107,True,
5min,2024-01-11,2024-01-11,2024-01-11,108,lag_sensitivity,PP,c,unit_root,,Bartlett_short_bandwidth,False,ok,-9.856854612643557,4.33643031009936e-17,-3.492995948509562,-2.888954648057252,-2.58139291903223,8,107,True,
5min,2024-01-11,2024-01-11,2024-01-11,108,lag_sensitivity,KPSS,c,level_or_trend_stationarity,,Bartlett_short_bandwidth,False,ok,0.065963928704568,0.7775299769664166,0.7428,0.4614,0.3475,8,108,False,
5min,2024-01-12,2024-01-12,2024-01-12,108,main,ADF,c,unit_root,12.0,bic,False,ok,-10.967656929496876,8.027377822573518e-20,-3.492995948509562,-2.888954648057252,-2.58139291903223,0,107,True,
5min,2024-01-12,2024-01-12,2024-01-12,108,main,PP,c,unit_root,,Bartlett_short_bandwidth,False,ok,-10.937229381398886,9.492180417565937e-20,-3.492995948509562,-2.888954648057252,-2.58139291903223,4,107,True,
5min,2024-01-12,2024-01-12,2024-01-12,108,main,KPSS,c,level_or_trend_stationarity,,Bartlett_short_bandwidth,False,ok,0.15628132246846368,0.37154368312957237,0.7428,0.4614,0.3475,4,108,False,
5min,2024-01-12,2024-01-12,2024-01-12,108,trend_sensitivity,ADF,ct,unit_root,12.0,bic,False,ok,-11.101124884395329,1.4342378401144984e-17,-4.045970933273362,-3.452348053635668,-3.1515755794286404,0,107,True,
5min,2024-01-12,2024-01-12,2024-01-12,108,trend_sensitivity,PP,ct,unit_root,,Bartlett_short_bandwidth,False,ok,-11.059894768450865,1.71441148948444e-17,-4.045970933273362,-3.452348053635668,-3.1515755794286404,4,107,True,
5min,2024-01-12,2024-01-12,2024-01-12,108,trend_sensitivity,KPSS,ct,level_or_trend_stationarity,,Bartlett_short_bandwidth,False,ok,0.06329646136285098,0.412450399694645,0.2175,0.1479,0.1193,4,108,False,
5min,2024-01-12,2024-01-12,2024-01-12,108,lag_sensitivity,ADF,c,unit_root,12.0,aic,False,ok,-10.967656929496876,8.027377822573518e-20,-3.492995948509562,-2.888954648057252,-2.58139291903223,0,107,True,
5min,2024-01-12,2024-01-12,2024-01-12,108,lag_sensitivity,PP,c,unit_root,,Bartlett_short_bandwidth,False,ok,-10.944417284434007,9.123425687997722e-20,-3.492995948509562,-2.888954648057252,-2.58139291903223,8,107,True,
5min,2024-01-12,2024-01-12,2024-01-12,108,lag_sensitivity,KPSS,c,level_or_trend_stationarity,,Bartlett_short_bandwidth,False,ok,0.15147577461906797,0.3858459088718215,0.7428,0.4614,0.3475,8,108,False,
5min,2024-01-15,2024-01-15,2024-01-15,108,main,ADF,c,unit_root,12.0,bic,False,ok,-11.313716904656308,1.2211401984851204e-20,-3.492995948509562,-2.888954648057252,-2.58139291903223,0,107,True,
5min,2024-01-15,2024-01-15,2024-01-15,108,main,PP,c,unit_root,,Bartlett_short_bandwidth,False,ok,-11.273982448834653,1.5124637295797352e-20,-3.492995948509562,-2.888954648057252,-2.58139291903223,4,107,True,
5min,2024-01-15,2024-01-15,2024-01-15,108,main,KPSS,c,level_or_trend_stationarity,,Bartlett_short_bandwidth,False,ok,0.22171596715178113,0.22942422996959153,0.7428,0.4614,0.3475,4,108,False,
5min,2024-01-15,2024-01-15,2024-01-15,108,trend_sensitivity,ADF,ct,unit_root,12.0,bic,False,ok,-11.4575164562336,3.20385829127515e-18,-4.045970933273362,-3.452348053635668,-3.1515755794286404,0,107,True,
5min,2024-01-15,2024-01-15,2024-01-15,108,trend_sensitivity,PP,ct,unit_root,,Bartlett_short_bandwidth,False,ok,-11.417574884356467,3.77479433282439e-18,-4.045970933273362,-3.452348053635668,-3.1515755794286404,4,107,True,
5min,2024-01-15,2024-01-15,2024-01-15,108,trend_sensitivity,KPSS,ct,level_or_trend_stationarity,,Bartlett_short_bandwidth,False,ok,0.09172996961559442,0.19964301216533462,0.2175,0.1479,0.1193,4,108,False,
5min,2024-01-15,2024-01-15,2024-01-15,108,lag_sensitivity,ADF,c,unit_root,12.0,aic,False,ok,-5.012402694518237,2.0972401753433955e-05,-3.4954932834550623,-2.8900369024285117,-2.5819706975209726,4,103,True,
5min,2024-01-15,2024-01-15,2024-01-15,108,lag_sensitivity,PP,c,unit_root,,Bartlett_short_bandwidth,False,ok,-11.285944945572023,1.4180213194004598e-20,-3.492995948509562,-2.888954648057252,-2.58139291903223,8,107,True,
5min,2024-01-15,2024-01-15,2024-01-15,108,lag_sensitivity,KPSS,c,level_or_trend_stationarity,,Bartlett_short_bandwidth,False,ok,0.23786304988054835,0.2050513196103495,0.7428,0.4614,0.3475,8,108,False,
5min,2024-01-16,2024-01-16,2024-01-16,108,main,ADF,c,unit_root,12.0,bic,False,ok,-8.876709182480571,1.3518321624630492e-14,-3.492995948509562,-2.888954648057252,-2.58139291903223,0,107,True,
5min,2024-01-16,2024-01-16,2024-01-16,108,main,PP,c,unit_root,,Bartlett_short_bandwidth,False,ok,-8.795057687049221,2.1877896370915302e-14,-3.492995948509562,-2.888954648057252,-2.58139291903223,4,107,True,
5min,2024-01-16,2024-01-16,2024-01-16,108,main,KPSS,c,level_or_trend_stationarity,,Bartlett_short_bandwidth,False,ok,0.11257808350395015,0.5271348584340134,0.7428,0.4614,0.3475,4,108,False,
5min,2024-01-16,2024-01-16,2024-01-16,108,trend_sensitivity,ADF,ct,unit_root,12.0,bic,False,ok,-8.86909438575465,7.186830451767569e-13,-4.045970933273362,-3.452348053635668,-3.1515755794286404,0,107,True,
5min,2024-01-16,2024-01-16,2024-01-16,108,trend_sensitivity,PP,ct,unit_root,,Bartlett_short_bandwidth,False,ok,-8.783001164255104,1.1284883482174355e-12,-4.045970933273362,-3.452348053635668,-3.1515755794286404,4,107,True,
5min,2024-01-16,2024-01-16,2024-01-16,108,trend_sensitivity,KPSS,ct,level_or_trend_stationarity,,Bartlett_short_bandwidth,False,ok,0.032177742761162184,0.8412096652770267,0.2175,0.1479,0.1193,4,108,False,
5min,2024-01-16,2024-01-16,2024-01-16,108,lag_sensitivity,ADF,c,unit_root,12.0,aic,False,ok,-6.719856869457949,3.505424197820718e-09,-3.4948504603223145,-2.889758398668639,-2.5818220155325444,3,104,True,
5min,2024-01-16,2024-01-16,2024-01-16,108,lag_sensitivity,PP,c,unit_root,,Bartlett_short_bandwidth,False,ok,-8.82628154234453,1.819897103646149e-14,-3.492995948509562,-2.888954648057252,-2.58139291903223,8,107,True,
5min,2024-01-16,2024-01-16,2024-01-16,108,lag_sensitivity,KPSS,c,level_or_trend_stationarity,,Bartlett_short_bandwidth,False,ok,0.15553018656456907,0.37377920665306824,0.7428,0.4614,0.3475,8,108,False,
5min,2024-01-17,2024-01-17,2024-01-17,108,main,ADF,c,unit_root,12.0,bic,False,ok,-11.588490640409276,2.829283266449778e-21,-3.492995948509562,-2.888954648057252,-2.58139291903223,0,107,True,
5min,2024-01-17,2024-01-17,2024-01-17,108,main,PP,c,unit_root,,Bartlett_short_bandwidth,False,ok,-11.912671446925206,5.251917024997432e-22,-3.492995948509562,-2.888954648057252,-2.58139291903223,4,107,True,
5min,2024-01-17,2024-01-17,2024-01-17,108,main,KPSS,c,level_or_trend_stationarity,,Bartlett_short_bandwidth,False,ok,0.12640353030442028,0.4707755382720251,0.7428,0.4614,0.3475,4,108,False,
5min,2024-01-17,2024-01-17,2024-01-17,108,trend_sensitivity,ADF,ct,unit_root,12.0,bic,False,ok,-11.563421554336161,2.084603491081392e-18,-4.045970933273362,-3.452348053635668,-3.1515755794286404,0,107,True,
5min,2024-01-17,2024-01-17,2024-01-17,108,trend_sensitivity,PP,ct,unit_root,,Bartlett_short_bandwidth,False,ok,-11.874662602429005,6.158400111441722e-19,-4.045970933273362,-3.452348053635668,-3.1515755794286404,4,107,True,
5min,2024-01-17,2024-01-17,2024-01-17,108,trend_sensitivity,KPSS,ct,level_or_trend_stationarity,,Bartlett_short_bandwidth,False,ok,0.07732820991824062,0.2876556434411384,0.2175,0.1479,0.1193,4,108,False,
5min,2024-01-17,2024-01-17,2024-01-17,108,lag_sensitivity,ADF,c,unit_root,12.0,aic,False,ok,-11.588490640409276,2.829283266449778e-21,-3.492995948509562,-2.888954648057252,-2.58139291903223,0,107,True,
5min,2024-01-17,2024-01-17,2024-01-17,108,lag_sensitivity,PP,c,unit_root,,Bartlett_short_bandwidth,False,ok,-12.68593676901654,1.1596585281666687e-23,-3.492995948509562,-2.888954648057252,-2.58139291903223,8,107,True,
5min,2024-01-17,2024-01-17,2024-01-17,108,lag_sensitivity,KPSS,c,level_or_trend_stationarity,,Bartlett_short_bandwidth,False,ok,0.17493574462041578,0.3221824630797582,0.7428,0.4614,0.3475,8,108,False,
5min,2024-01-18,2024-01-18,2024-01-18,108,main,ADF,c,unit_root,12.0,bic,False,ok,-10.836758165385564,1.6545522309213334e-19,-3.492995948509562,-2.888954648057252,-2.58139291903223,0,107,True,
5min,2024-01-18,2024-01-18,2024-01-18,108,main,PP,c,unit_root,,Bartlett_short_bandwidth,False,ok,-10.86749805758526,1.395387853312403e-19,-3.492995948509562,-2.888954648057252,-2.58139291903223,4,107,True,
5min,2024-01-18,2024-01-18,2024-01-18,108,main,KPSS,c,level_or_trend_stationarity,,Bartlett_short_bandwidth,False,ok,0.23273022613605265,0.21237844524840507,0.7428,0.4614,0.3475,4,108,False,
5min,2024-01-18,2024-01-18,2024-01-18,108,trend_sensitivity,ADF,ct,unit_root,12.0,bic,False,ok,-10.965706442322267,2.586911886350148e-17,-4.045970933273362,-3.452348053635668,-3.1515755794286404,0,107,True,
5min,2024-01-18,2024-01-18,2024-01-18,108,trend_sensitivity,PP,ct,unit_root,,Bartlett_short_bandwidth,False,ok,-11.061414289427626,1.7031435753313992e-17,-4.045970933273362,-3.452348053635668,-3.1515755794286404,4,107,True,
5min,2024-01-18,2024-01-18,2024-01-18,108,trend_sensitivity,KPSS,ct,level_or_trend_stationarity,,Bartlett_short_bandwidth,False,ok,0.07666051053398656,0.2926114574308726,0.2175,0.1479,0.1193,4,108,False,
5min,2024-01-18,2024-01-18,2024-01-18,108,lag_sensitivity,ADF,c,unit_root,12.0,aic,False,ok,-10.836758165385564,1.6545522309213334e-19,-3.492995948509562,-2.888954648057252,-2.58139291903223,0,107,True,
5min,2024-01-18,2024-01-18,2024-01-18,108,lag_sensitivity,PP,c,unit_root,,Bartlett_short_bandwidth,False,ok,-10.897568405190219,1.1815475695644046e-19,-3.492995948509562,-2.888954648057252,-2.58139291903223,8,107,True,
5min,2024-01-18,2024-01-18,2024-01-18,108,lag_sensitivity,KPSS,c,level_or_trend_stationarity,,Bartlett_short_bandwidth,False,ok,0.2394866810851307,0.20279627627065186,0.7428,0.4614,0.3475,8,108,False,
5min,2024-01-19,2024-01-19,2024-01-19,108,main,ADF,c,unit_root,12.0,bic,False,ok,-9.976937599800745,2.1650966325902313e-17,-3.492995948509562,-2.888954648057252,-2.58139291903223,0,107,True,
5min,2024-01-19,2024-01-19,2024-01-19,108,main,PP,c,unit_root,,Bartlett_short_bandwidth,False,ok,-9.983648633716777,2.0828331816249657e-17,-3.492995948509562,-2.888954648057252,-2.58139291903223,4,107,True,
5min,2024-01-19,2024-01-19,2024-01-19,108,main,KPSS,c,level_or_trend_stationarity,,Bartlett_short_bandwidth,False,ok,0.5372791669580527,0.03216557012066679,0.7428,0.4614,0.3475,4,108,True,
5min,2024-01-19,2024-01-19,2024-01-19,108,trend_sensitivity,ADF,ct,unit_root,12.0,bic,False,ok,-10.37535122864269,3.8121830476634484e-16,-4.045970933273362,-3.452348053635668,-3.1515755794286404,0,107,True,
5min,2024-01-19,2024-01-19,2024-01-19,108,trend_sensitivity,PP,ct,unit_root,,Bartlett_short_bandwidth,False,ok,-10.393610588857506,3.4983349557422415e-16,-4.045970933273362,-3.452348053635668,-3.1515755794286404,4,107,True,
5min,2024-01-19,2024-01-19,2024-01-19,108,trend_sensitivity,KPSS,ct,level_or_trend_stationarity,,Bartlett_short_bandwidth,False,ok,0.06471518339345904,0.3978481660654096,0.2175,0.1479,0.1193,4,108,False,
5min,2024-01-19,2024-01-19,2024-01-19,108,lag_sensitivity,ADF,c,unit_root,12.0,aic,False,ok,-5.124248149776107,1.2527585173711415e-05,-3.4942202045135513,-2.889485291005291,-2.5816762131519275,2,105,True,
5min,2024-01-19,2024-01-19,2024-01-19,108,lag_sensitivity,PP,c,unit_root,,Bartlett_short_bandwidth,False,ok,-9.996993804017368,1.928471824255732e-17,-3.492995948509562,-2.888954648057252,-2.58139291903223,8,107,True,
5min,2024-01-19,2024-01-19,2024-01-19,108,lag_sensitivity,KPSS,c,level_or_trend_stationarity,,Bartlett_short_bandwidth,False,ok,0.5132064755510325,0.036963651626412124,0.7428,0.4614,0.3475,8,108,True,
5min,2024-01-22,2024-01-22,2024-01-22,108,main,ADF,c,unit_root,12.0,bic,False,ok,-9.140094022394667,2.864831564238203e-15,-3.492995948509562,-2.888954648057252,-2.58139291903223,0,107,True,
5min,2024-01-22,2024-01-22,2024-01-22,108,main,PP,c,unit_root,,Bartlett_short_bandwidth,False,ok,-9.101829766088184,3.588397032633396e-15,-3.492995948509562,-2.888954648057252,-2.58139291903223,4,107,True,
5min,2024-01-22,2024-01-22,2024-01-22,108,main,KPSS,c,level_or_trend_stationarity,,Bartlett_short_bandwidth,False,ok,0.08167436871748662,0.6827700155554046,0.7428,0.4614,0.3475,4,108,False,
5min,2024-01-22,2024-01-22,2024-01-22,108,trend_sensitivity,ADF,ct,unit_root,12.0,bic,False,ok,-9.095522424816396,2.209885157203602e-13,-4.045970933273362,-3.452348053635668,-3.1515755794286404,0,107,True,
5min,2024-01-22,2024-01-22,2024-01-22,108,trend_sensitivity,PP,ct,unit_root,,Bartlett_short_bandwidth,False,ok,-9.055303842076308,2.7225207891776837e-13,-4.045970933273362,-3.452348053635668,-3.1515755794286404,4,107,True,
5min,2024-01-22,2024-01-22,2024-01-22,108,trend_sensitivity,KPSS,ct,level_or_trend_stationarity,,Bartlett_short_bandwidth,False,ok,0.08107112135985414,0.26140605958721286,0.2175,0.1479,0.1193,4,108,False,
5min,2024-01-22,2024-01-22,2024-01-22,108,lag_sensitivity,ADF,c,unit_root,12.0,aic,False,ok,-9.140094022394667,2.864831564238203e-15,-3.492995948509562,-2.888954648057252,-2.58139291903223,0,107,True,
5min,2024-01-22,2024-01-22,2024-01-22,108,lag_sensitivity,PP,c,unit_root,,Bartlett_short_bandwidth,False,ok,-9.075937321281957,4.179282755894008e-15,-3.492995948509562,-2.888954648057252,-2.58139291903223,8,107,True,
5min,2024-01-22,2024-01-22,2024-01-22,108,lag_sensitivity,KPSS,c,level_or_trend_stationarity,,Bartlett_short_bandwidth,False,ok,0.08630735708884715,0.656868961333561,0.7428,0.4614,0.3475,8,108,False,
5min,2024-01-23,2024-01-23,2024-01-23,108,main,ADF,c,unit_root,12.0,bic,False,ok,-10.399580203280356,1.9250501185870856e-18,-3.492995948509562,-2.888954648057252,-2.58139291903223,0,107,True,
5min,2024-01-23,2024-01-23,2024-01-23,108,main,PP,c,unit_root,,Bartlett_short_bandwidth,False,ok,-10.414429873740733,1.76951777417564e-18,-3.492995948509562,-2.888954648057252,-2.58139291903223,4,107,True,
5min,2024-01-23,2024-01-23,2024-01-23,108,main,KPSS,c,level_or_trend_stationarity,,Bartlett_short_bandwidth,False,ok,0.028252110822325077,0.9816197229441873,0.7428,0.4614,0.3475,4,108,False,
5min,2024-01-23,2024-01-23,2024-01-23,108,trend_sensitivity,ADF,ct,unit_root,12.0,bic,False,ok,-10.350716386272873,4.2817891422568114e-16,-4.045970933273362,-3.452348053635668,-3.1515755794286404,0,107,True,
5min,2024-01-23,2024-01-23,2024-01-23,108,trend_sensitivity,PP,ct,unit_root,,Bartlett_short_bandwidth,False,ok,-10.362879617831132,4.0429595377796164e-16,-4.045970933273362,-3.452348053635668,-3.1515755794286404,4,107,True,
5min,2024-01-23,2024-01-23,2024-01-23,108,trend_sensitivity,KPSS,ct,level_or_trend_stationarity,,Bartlett_short_bandwidth,False,ok,0.027212552569725657,0.9098348346088728,0.2175,0.1479,0.1193,4,108,False,
5min,2024-01-23,2024-01-23,2024-01-23,108,lag_sensitivity,ADF,c,unit_root,12.0,aic,False,ok,-10.399580203280356,1.9250501185870856e-18,-3.492995948509562,-2.888954648057252,-2.58139291903223,0,107,True,
5min,2024-01-23,2024-01-23,2024-01-23,108,lag_sensitivity,PP,c,unit_root,,Bartlett_short_bandwidth,False,ok,-10.733250529591512,2.94288206909765e-19,-3.492995948509562,-2.888954648057252,-2.58139291903223,8,107,True,
5min,2024-01-23,2024-01-23,2024-01-23,108,lag_sensitivity,KPSS,c,level_or_trend_stationarity,,Bartlett_short_bandwidth,False,ok,0.04192071586747073,0.923312021750154,0.7428,0.4614,0.3475,8,108,False,
5min,2024-01-24,2024-01-24,2024-01-24,108,main,ADF,c,unit_root,12.0,bic,False,ok,-10.482986797790515,1.2002543840881998e-18,-3.492995948509562,-2.888954648057252,-2.58139291903223,0,107,True,
5min,2024-01-24,2024-01-24,2024-01-24,108,main,PP,c,unit_root,,Bartlett_short_bandwidth,False,ok,-10.488829251739233,1.1612675149235626e-18,-3.492995948509562,-2.888954648057252,-2.58139291903223,4,107,True,
5min,2024-01-24,2024-01-24,2024-01-24,108,main,KPSS,c,level_or_trend_stationarity,,Bartlett_short_bandwidth,False,ok,0.051768792966115446,0.8657179379273613,0.7428,0.4614,0.3475,4,108,False,
5min,2024-01-24,2024-01-24,2024-01-24,108,trend_sensitivity,ADF,ct,unit_root,12.0,bic,False,ok,-10.430082288506112,2.9481159839597496e-16,-4.045970933273362,-3.452348053635668,-3.1515755794286404,0,107,True,
5min,2024-01-24,2024-01-24,2024-01-24,108,trend_sensitivity,PP,ct,unit_root,,Bartlett_short_bandwidth,False,ok,-10.435799630860863,2.8702541370906383e-16,-4.045970933273362,-3.452348053635668,-3.1515755794286404,4,107,True,
5min,2024-01-24,2024-01-24,2024-01-24,108,trend_sensitivity,KPSS,ct,level_or_trend_stationarity,,Bartlett_short_bandwidth,False,ok,0.05035352716346376,0.5698345046958546,0.2175,0.1479,0.1193,4,108,False,
5min,2024-01-24,2024-01-24,2024-01-24,108,lag_sensitivity,ADF,c,unit_root,12.0,aic,False,ok,-10.482986797790515,1.2002543840881998e-18,-3.492995948509562,-2.888954648057252,-2.58139291903223,0,107,True,
5min,2024-01-24,2024-01-24,2024-01-24,108,lag_sensitivity,PP,c,unit_root,,Bartlett_short_bandwidth,False,ok,-10.476963553987268,1.2418305763135939e-18,-3.492995948509562,-2.888954648057252,-2.58139291903223,8,107,True,
5min,2024-01-24,2024-01-24,2024-01-24,108,lag_sensitivity,KPSS,c,level_or_trend_stationarity,,Bartlett_short_bandwidth,False,ok,0.04791448754939713,0.8893847255738773,0.7428,0.4614,0.3475,8,108,False,
5min,2024-01-25,2024-01-25,2024-01-25,108,main,ADF,c,unit_root,12.0,bic,False,ok,-11.229037467745618,1.9279933125084287e-20,-3.492995948509562,-2.888954648057252,-2.58139291903223,0,107,True,
5min,2024-01-25,2024-01-25,2024-01-25,108,main,PP,c,unit_root,,Bartlett_short_bandwidth,False,ok,-11.427567094758746,6.6376039830712114e-21,-3.492995948509562,-2.888954648057252,-2.58139291903223,4,107,True,
5min,2024-01-25,2024-01-25,2024-01-25,108,main,KPSS,c,level_or_trend_stationarity,,Bartlett_short_bandwidth,False,ok,0.04460455008847512,0.9086882852087136,0.7428,0.4614,0.3475,4,108,False,
5min,2024-01-25,2024-01-25,2024-01-25,108,trend_sensitivity,ADF,ct,unit_root,12.0,bic,False,ok,-11.188104549009898,9.876322586122667e-18,-4.045970933273362,-3.452348053635668,-3.1515755794286404,0,107,True,
5min,2024-01-25,2024-01-25,2024-01-25,108,trend_sensitivity,PP,ct,unit_root,,Bartlett_short_bandwidth,False,ok,-11.388426830052648,4.257447973797242e-18,-4.045970933273362,-3.452348053635668,-3.1515755794286404,4,107,True,
5min,2024-01-25,2024-01-25,2024-01-25,108,trend_sensitivity,KPSS,ct,level_or_trend_stationarity,,Bartlett_short_bandwidth,False,ok,0.026185776698512363,0.921269147794307,0.2175,0.1479,0.1193,4,108,False,
5min,2024-01-25,2024-01-25,2024-01-25,108,lag_sensitivity,ADF,c,unit_root,12.0,aic,False,ok,-11.229037467745618,1.9279933125084287e-20,-3.492995948509562,-2.888954648057252,-2.58139291903223,0,107,True,
5min,2024-01-25,2024-01-25,2024-01-25,108,lag_sensitivity,PP,c,unit_root,,Bartlett_short_bandwidth,False,ok,-12.203843859885268,1.2061046713043632e-22,-3.492995948509562,-2.888954648057252,-2.58139291903223,8,107,True,
5min,2024-01-25,2024-01-25,2024-01-25,108,lag_sensitivity,KPSS,c,level_or_trend_stationarity,,Bartlett_short_bandwidth,False,ok,0.0693133655987796,0.7567044625982615,0.7428,0.4614,0.3475,8,108,False,
5min,2024-01-26,2024-01-26,2024-01-26,108,main,ADF,c,unit_root,12.0,bic,False,ok,-8.278088524831265,4.598092527949898e-13,-3.492995948509562,-2.888954648057252,-2.58139291903223,0,107,True,
5min,2024-01-26,2024-01-26,2024-01-26,108,main,PP,c,unit_root,,Bartlett_short_bandwidth,False,ok,-8.190754728724844,7.679573158651103e-13,-3.492995948509562,-2.888954648057252,-2.58139291903223,4,107,True,
5min,2024-01-26,2024-01-26,2024-01-26,108,main,KPSS,c,level_or_trend_stationarity,,Bartlett_short_bandwidth,False,ok,0.06053973100996754,0.8112555584872484,0.7428,0.4614,0.3475,4,108,False,
5min,2024-01-26,2024-01-26,2024-01-26,108,trend_sensitivity,ADF,ct,unit_root,12.0,bic,False,ok,-8.239205029157837,2.0011050404120726e-11,-4.045970933273362,-3.452348053635668,-3.1515755794286404,0,107,True,
5min,2024-01-26,2024-01-26,2024-01-26,108,trend_sensitivity,PP,ct,unit_root,,Bartlett_short_bandwidth,False,ok,-8.149786309112656,3.2194726265231135e-11,-4.045970933273362,-3.452348053635668,-3.1515755794286404,4,107,True,
5min,2024-01-26,2024-01-26,2024-01-26,108,trend_sensitivity,KPSS,ct,level_or_trend_stationarity,,Bartlett_short_bandwidth,False,ok,0.0581114447358179,0.47033994362121545,0.2175,0.1479,0.1193,4,108,False,
5min,2024-01-26,2024-01-26,2024-01-26,108,lag_sensitivity,ADF,c,unit_root,12.0,aic,False,ok,-5.347490018011197,4.362496417535106e-06,-3.497501033,-2.89090644,-2.5824349,7,100,True,
5min,2024-01-26,2024-01-26,2024-01-26,108,lag_sensitivity,PP,c,unit_root,,Bartlett_short_bandwidth,False,ok,-8.101101577454692,1.2991786098827645e-12,-3.492995948509562,-2.888954648057252,-2.58139291903223,8,107,True,
5min,2024-01-26,2024-01-26,2024-01-26,108,lag_sensitivity,KPSS,c,level_or_trend_stationarity,,Bartlett_short_bandwidth,False,ok,0.095278587392404,0.60910706303798,0.7428,0.4614,0.3475,8,108,False,
5min,2024-01-29,2024-01-29,2024-01-29,108,main,ADF,c,unit_root,12.0,bic,False,ok,-10.599349441156109,6.229146669416707e-19,-3.492995948509562,-2.888954648057252,-2.58139291903223,0,107,True,
5min,2024-01-29,2024-01-29,2024-01-29,108,main,PP,c,unit_root,,Bartlett_short_bandwidth,False,ok,-10.60080556655503,6.178381575860707e-19,-3.492995948509562,-2.888954648057252,-2.58139291903223,4,107,True,
5min,2024-01-29,2024-01-29,2024-01-29,108,main,KPSS,c,level_or_trend_stationarity,,Bartlett_short_bandwidth,False,ok,0.22352531427548952,0.22644178965578646,0.7428,0.4614,0.3475,4,108,False,
5min,2024-01-29,2024-01-29,2024-01-29,108,trend_sensitivity,ADF,ct,unit_root,12.0,bic,False,ok,-10.766770017466639,6.272036521135024e-17,-4.045970933273362,-3.452348053635668,-3.1515755794286404,0,107,True,
5min,2024-01-29,2024-01-29,2024-01-29,108,trend_sensitivity,PP,ct,unit_root,,Bartlett_short_bandwidth,False,ok,-10.787415750139635,5.715371463112345e-17,-4.045970933273362,-3.452348053635668,-3.1515755794286404,4,107,True,
5min,2024-01-29,2024-01-29,2024-01-29,108,trend_sensitivity,KPSS,ct,level_or_trend_stationarity,,Bartlett_short_bandwidth,False,ok,0.03278284445085747,0.832311111016802,0.2175,0.1479,0.1193,4,108,False,
5min,2024-01-29,2024-01-29,2024-01-29,108,lag_sensitivity,ADF,c,unit_root,12.0,aic,False,ok,-10.599349441156109,6.229146669416707e-19,-3.492995948509562,-2.888954648057252,-2.58139291903223,0,107,True,
5min,2024-01-29,2024-01-29,2024-01-29,108,lag_sensitivity,PP,c,unit_root,,Bartlett_short_bandwidth,False,ok,-10.619410810842947,5.565321808848499e-19,-3.492995948509562,-2.888954648057252,-2.58139291903223,8,107,True,
5min,2024-01-29,2024-01-29,2024-01-29,108,lag_sensitivity,KPSS,c,level_or_trend_stationarity,,Bartlett_short_bandwidth,False,ok,0.24469288158170657,0.19556544224762976,0.7428,0.4614,0.3475,8,108,False,
5min,2024-01-30,2024-01-30,2024-01-30,108,main,ADF,c,unit_root,12.0,bic,False,ok,-11.274841517866879,1.5054739225580364e-20,-3.492995948509562,-2.888954648057252,-2.58139291903223,0,107,True,
5min,2024-01-30,2024-01-30,2024-01-30,108,main,PP,c,unit_root,,Bartlett_short_bandwidth,False,ok,-11.232584966314915,1.8913530738044073e-20,-3.492995948509562,-2.888954648057252,-2.58139291903223,4,107,True,
5min,2024-01-30,2024-01-30,2024-01-30,108,main,KPSS,c,level_or_trend_stationarity,,Bartlett_short_bandwidth,False,ok,0.28170364329029546,0.1526003715726089,0.7428,0.4614,0.3475,4,108,False,
5min,2024-01-30,2024-01-30,2024-01-30,108,trend_sensitivity,ADF,ct,unit_root,12.0,bic,False,ok,-11.48816930075573,2.8269705075188026e-18,-4.045970933273362,-3.452348053635668,-3.1515755794286404,0,107,True,
5min,2024-01-30,2024-01-30,2024-01-30,108,trend_sensitivity,PP,ct,unit_root,,Bartlett_short_bandwidth,False,ok,-11.459670018370877,3.175747996737275e-18,-4.045970933273362,-3.452348053635668,-3.1515755794286404,4,107,True,
5min,2024-01-30,2024-01-30,2024-01-30,108,trend_sensitivity,KPSS,ct,level_or_trend_stationarity,,Bartlett_short_bandwidth,False,ok,0.07885373909084858,0.2767590064939387,0.2175,0.1479,0.1193,4,108,False,
5min,2024-01-30,2024-01-30,2024-01-30,108,lag_sensitivity,ADF,c,unit_root,12.0,aic,False,ok,-11.274841517866879,1.5054739225580364e-20,-3.492995948509562,-2.888954648057252,-2.58139291903223,0,107,True,
5min,2024-01-30,2024-01-30,2024-01-30,108,lag_sensitivity,PP,c,unit_root,,Bartlett_short_bandwidth,False,ok,-11.256823917453064,1.6591732860765465e-20,-3.492995948509562,-2.888954648057252,-2.58139291903223,8,107,True,
5min,2024-01-30,2024-01-30,2024-01-30,108,lag_sensitivity,KPSS,c,level_or_trend_stationarity,,Bartlett_short_bandwidth,False,ok,0.24179972969803,0.19958370875273612,0.7428,0.4614,0.3475,8,108,False,
5min,2024-01-31,2024-01-31,2024-01-31,108,main,ADF,c,unit_root,12.0,bic,False,ok,-8.921746465064043,1.0366223627406284e-14,-3.492995948509562,-2.888954648057252,-2.58139291903223,0,107,True,
5min,2024-01-31,2024-01-31,2024-01-31,108,main,PP,c,unit_root,,Bartlett_short_bandwidth,False,ok,-9.018358772195112,5.866413777655031e-15,-3.492995948509562,-2.888954648057252,-2.58139291903223,4,107,True,
5min,2024-01-31,2024-01-31,2024-01-31,108,main,KPSS,c,level_or_trend_stationarity,,Bartlett_short_bandwidth,False,ok,0.46049067398513543,0.05028416437964517,0.7428,0.4614,0.3475,4,108,False,
5min,2024-01-31,2024-01-31,2024-01-31,108,trend_sensitivity,ADF,ct,unit_root,12.0,bic,False,ok,-6.054458533245991,1.6866916541310113e-06,-4.048566630170403,-3.4535811509302454,-3.1522943225136553,3,104,True,
5min,2024-01-31,2024-01-31,2024-01-31,108,trend_sensitivity,PP,ct,unit_root,,Bartlett_short_bandwidth,False,ok,-9.529975155766028,2.3871239477880755e-14,-4.045970933273362,-3.452348053635668,-3.1515755794286404,4,107,True,
5min,2024-01-31,2024-01-31,2024-01-31,108,trend_sensitivity,KPSS,ct,level_or_trend_stationarity,,Bartlett_short_bandwidth,False,ok,0.047219930134348304,0.6135591144044422,0.2175,0.1479,0.1193,4,108,False,
5min,2024-01-31,2024-01-31,2024-01-31,108,lag_sensitivity,ADF,c,unit_root,12.0,aic,False,ok,-3.779031794638863,0.0031292821642905427,-3.4961490537199116,-2.8903209639580556,-2.5821223452518263,5,102,True,
5min,2024-01-31,2024-01-31,2024-01-31,108,lag_sensitivity,PP,c,unit_root,,Bartlett_short_bandwidth,False,ok,-8.946871605860592,8.939372225282333e-15,-3.492995948509562,-2.888954648057252,-2.58139291903223,8,107,True,
5min,2024-01-31,2024-01-31,2024-01-31,108,lag_sensitivity,KPSS,c,level_or_trend_stationarity,,Bartlett_short_bandwidth,False,ok,0.4915655901609286,0.041933602459767856,0.7428,0.4614,0.3475,8,108,True,
5min,2024-02-01,2024-02-01,2024-02-01,108,main,ADF,c,unit_root,12.0,bic,False,ok,-10.907624991743866,1.1176849560928899e-19,-3.492995948509562,-2.888954648057252,-2.58139291903223,0,107,True,
5min,2024-02-01,2024-02-01,2024-02-01,108,main,PP,c,unit_root,,Bartlett_short_bandwidth,False,ok,-11.017874259420516,6.091714919595975e-20,-3.492995948509562,-2.888954648057252,-2.58139291903223,4,107,True,
5min,2024-02-01,2024-02-01,2024-02-01,108,main,KPSS,c,level_or_trend_stationarity,,Bartlett_short_bandwidth,False,ok,0.0712478908482938,0.7446763263318519,0.7428,0.4614,0.3475,4,108,False,
5min,2024-02-01,2024-02-01,2024-02-01,108,trend_sensitivity,ADF,ct,unit_root,12.0,bic,False,ok,-10.880775593999019,3.7653170225976394e-17,-4.045970933273362,-3.452348053635668,-3.1515755794286404,0,107,True,
5min,2024-02-01,2024-02-01,2024-02-01,108,trend_sensitivity,PP,ct,unit_root,,Bartlett_short_bandwidth,False,ok,-10.992309345576942,2.3019187173087463e-17,-4.045970933273362,-3.452348053635668,-3.1515755794286404,4,107,True,
5min,2024-02-01,2024-02-01,2024-02-01,108,trend_sensitivity,KPSS,ct,level_or_trend_stationarity,,Bartlett_short_bandwidth,False,ok,0.03292418722443556,0.830232540817124,0.2175,0.1479,0.1193,4,108,False,
5min,2024-02-01,2024-02-01,2024-02-01,108,lag_sensitivity,ADF,c,unit_root,12.0,aic,False,ok,-10.907624991743866,1.1176849560928899e-19,-3.492995948509562,-2.888954648057252,-2.58139291903223,0,107,True,
5min,2024-02-01,2024-02-01,2024-02-01,108,lag_sensitivity,PP,c,unit_root,,Bartlett_short_bandwidth,False,ok,-11.242015457821669,1.7973425263929944e-20,-3.492995948509562,-2.888954648057252,-2.58139291903223,8,107,True,
5min,2024-02-01,2024-02-01,2024-02-01,108,lag_sensitivity,KPSS,c,level_or_trend_stationarity,,Bartlett_short_bandwidth,False,ok,0.08782966044438807,0.648565488485156,0.7428,0.4614,0.3475,8,108,False,
5min,2024-02-02,2024-02-02,2024-02-02,108,main,ADF,c,unit_root,12.0,bic,False,ok,-11.717384105230998,1.4403714689327323e-21,-3.492995948509562,-2.888954648057252,-2.58139291903223,0,107,True,
5min,2024-02-02,2024-02-02,2024-02-02,108,main,PP,c,unit_root,,Bartlett_short_bandwidth,False,ok,-11.843300245407136,7.500748769076292e-22,-3.492995948509562,-2.888954648057252,-2.58139291903223,4,107,True,
5min,2024-02-02,2024-02-02,2024-02-02,108,main,KPSS,c,level_or_trend_stationarity,,Bartlett_short_bandwidth,False,ok,0.3284887727576475,0.11315655864522664,0.7428,0.4614,0.3475,4,108,False,
5min,2024-02-02,2024-02-02,2024-02-02,108,trend_sensitivity,ADF,ct,unit_root,12.0,bic,False,ok,-9.542226687668414,2.2437895855289295e-14,-4.0468193247781725,-3.452751165593073,-3.151810567112449,1,106,True,
5min,2024-02-02,2024-02-02,2024-02-02,108,trend_sensitivity,PP,ct,unit_root,,Bartlett_short_bandwidth,False,ok,-12.056839862474403,3.112812385064914e-19,-4.045970933273362,-3.452348053635668,-3.1515755794286404,4,107,True,
5min,2024-02-02,2024-02-02,2024-02-02,108,trend_sensitivity,KPSS,ct,level_or_trend_stationarity,,Bartlett_short_bandwidth,False,ok,0.08332693431754964,0.24670666051531473,0.2175,0.1479,0.1193,4,108,False,
5min,2024-02-02,2024-02-02,2024-02-02,108,lag_sensitivity,ADF,c,unit_root,12.0,aic,False,ok,-9.27436408799991,1.300971953819586e-15,-3.4936021509366793,-2.8892174239808703,-2.58153320754717,1,106,True,
5min,2024-02-02,2024-02-02,2024-02-02,108,lag_sensitivity,PP,c,unit_root,,Bartlett_short_bandwidth,False,ok,-11.734286571551173,1.3190401209390233e-21,-3.492995948509562,-2.888954648057252,-2.58139291903223,8,107,True,
5min,2024-02-02,2024-02-02,2024-02-02,108,lag_sensitivity,KPSS,c,level_or_trend_stationarity,,Bartlett_short_bandwidth,False,ok,0.3041656279865913,0.1320789723961579,0.7428,0.4614,0.3475,8,108,False,
5min,2024-02-05,2024-02-05,2024-02-05,108,main,ADF,c,unit_root,12.0,bic,False,ok,-9.868780907129507,4.0468807333748014e-17,-3.492995948509562,-2.888954648057252,-2.58139291903223,0,107,True,
5min,2024-02-05,2024-02-05,2024-02-05,108,main,PP,c,unit_root,,Bartlett_short_bandwidth,False,ok,-9.930628830953088,2.8292164875195904e-17,-3.492995948509562,-2.888954648057252,-2.58139291903223,4,107,True,
5min,2024-02-05,2024-02-05,2024-02-05,108,main,KPSS,c,level_or_trend_stationarity,,Bartlett_short_bandwidth,False,ok,0.15631259382556426,0.37145061361439213,0.7428,0.4614,0.3475,4,108,False,
5min,2024-02-05,2024-02-05,2024-02-05,108,trend_sensitivity,ADF,ct,unit_root,12.0,bic,False,ok,-9.837753025551526,5.1197229203442366e-15,-4.045970933273362,-3.452348053635668,-3.1515755794286404,0,107,True,
5min,2024-02-05,2024-02-05,2024-02-05,108,trend_sensitivity,PP,ct,unit_root,,Bartlett_short_bandwidth,False,ok,-9.900942609476994,3.748687178167971e-15,-4.045970933273362,-3.452348053635668,-3.1515755794286404,4,107,True,
5min,2024-02-05,2024-02-05,2024-02-05,108,trend_sensitivity,KPSS,ct,level_or_trend_stationarity,,Bartlett_short_bandwidth,False,ok,0.12360421550584348,0.089990835856862,0.2175,0.1479,0.1193,4,108,False,
5min,2024-02-05,2024-02-05,2024-02-05,108,lag_sensitivity,ADF,c,unit_root,12.0,aic,False,ok,-9.868780907129507,4.0468807333748014e-17,-3.492995948509562,-2.888954648057252,-2.58139291903223,0,107,True,
5min,2024-02-05,2024-02-05,2024-02-05,108,lag_sensitivity,PP,c,unit_root,,Bartlett_short_bandwidth,False,ok,-10.142827642175769,8.333462289720203e-18,-3.492995948509562,-2.888954648057252,-2.58139291903223,8,107,True,
5min,2024-02-05,2024-02-05,2024-02-05,108,lag_sensitivity,KPSS,c,level_or_trend_stationarity,,Bartlett_short_bandwidth,False,ok,0.12263688524245135,0.48564387404295517,0.7428,0.4614,0.3475,8,108,False,
5min,2024-02-07,2024-02-07,2024-02-07,108,main,ADF,c,unit_root,12.0,bic,False,ok,-11.742081846335724,1.2666344954869275e-21,-3.492995948509562,-2.888954648057252,-2.58139291903223,0,107,True,
5min,2024-02-07,2024-02-07,2024-02-07,108,main,PP,c,unit_root,,Bartlett_short_bandwidth,False,ok,-11.889385563197452,5.917908080116587e-22,-3.492995948509562,-2.888954648057252,-2.58139291903223,4,107,True,
5min,2024-02-07,2024-02-07,2024-02-07,108,main,KPSS,c,level_or_trend_stationarity,,Bartlett_short_bandwidth,False,ok,0.2709470874596324,0.16380511722954957,0.7428,0.4614,0.3475,4,108,False,
5min,2024-02-07,2024-02-07,2024-02-07,108,trend_sensitivity,ADF,ct,unit_root,12.0,bic,False,ok,-11.897920896671659,5.637225020448605e-19,-4.045970933273362,-3.452348053635668,-3.1515755794286404,0,107,True,
5min,2024-02-07,2024-02-07,2024-02-07,108,trend_sensitivity,PP,ct,unit_root,,Bartlett_short_bandwidth,False,ok,-12.139643437115355,2.30099818754975e-19,-4.045970933273362,-3.452348053635668,-3.1515755794286404,4,107,True,
5min,2024-02-07,2024-02-07,2024-02-07,108,trend_sensitivity,KPSS,ct,level_or_trend_stationarity,,Bartlett_short_bandwidth,False,ok,0.0392877184589627,0.7330290361271189,0.2175,0.1479,0.1193,4,108,False,
5min,2024-02-07,2024-02-07,2024-02-07,108,lag_sensitivity,ADF,c,unit_root,12.0,aic,False,ok,-11.742081846335724,1.2666344954869275e-21,-3.492995948509562,-2.888954648057252,-2.58139291903223,0,107,True,
5min,2024-02-07,2024-02-07,2024-02-07,108,lag_sensitivity,PP,c,unit_root,,Bartlett_short_bandwidth,False,ok,-12.011026881906872,3.18069361295902e-22,-3.492995948509562,-2.888954648057252,-2.58139291903223,8,107,True,
5min,2024-02-07,2024-02-07,2024-02-07,108,lag_sensitivity,KPSS,c,level_or_trend_stationarity,,Bartlett_short_bandwidth,False,ok,0.306085151006872,0.1304726769816971,0.7428,0.4614,0.3475,8,108,False,
5min,2024-02-08,2024-02-08,2024-02-08,108,main,ADF,c,unit_root,12.0,bic,False,ok,-9.881227586929745,3.765398342734244e-17,-3.492995948509562,-2.888954648057252,-2.58139291903223,0,107,True,
5min,2024-02-08,2024-02-08,2024-02-08,108,main,PP,c,unit_root,,Bartlett_short_bandwidth,False,ok,-9.865889921010256,4.1152327933460314e-17,-3.492995948509562,-2.888954648057252,-2.58139291903223,4,107,True,
5min,2024-02-08,2024-02-08,2024-02-08,108,main,KPSS,c,level_or_trend_stationarity,,Bartlett_short_bandwidth,False,ok,0.1853704204324282,0.29814804163313147,0.7428,0.4614,0.3475,4,108,False,
5min,2024-02-08,2024-02-08,2024-02-08,108,trend_sensitivity,ADF,ct,unit_root,12.0,bic,False,ok,-9.859139662600402,4.60632344219578e-15,-4.045970933273362,-3.452348053635668,-3.1515755794286404,0,107,True,
5min,2024-02-08,2024-02-08,2024-02-08,108,trend_sensitivity,PP,ct,unit_root,,Bartlett_short_bandwidth,False,ok,-9.8438409033011,4.967924669730986e-15,-4.045970933273362,-3.452348053635668,-3.1515755794286404,4,107,True,
5min,2024-02-08,2024-02-08,2024-02-08,108,trend_sensitivity,KPSS,ct,level_or_trend_stationarity,,Bartlett_short_bandwidth,False,ok,0.14421530957942094,0.05460586302572382,0.2175,0.1479,0.1193,4,108,False,
5min,2024-02-08,2024-02-08,2024-02-08,108,lag_sensitivity,ADF,c,unit_root,12.0,aic,False,ok,-8.72535746031499,3.2999163073713275e-14,-3.4936021509366793,-2.8892174239808703,-2.58153320754717,1,106,True,
5min,2024-02-08,2024-02-08,2024-02-08,108,lag_sensitivity,PP,c,unit_root,,Bartlett_short_bandwidth,False,ok,-9.904077345803666,3.298868376998319e-17,-3.492995948509562,-2.888954648057252,-2.58139291903223,8,107,True,
5min,2024-02-08,2024-02-08,2024-02-08,108,lag_sensitivity,KPSS,c,level_or_trend_stationarity,,Bartlett_short_bandwidth,False,ok,0.15486091430437804,0.37577108837982726,0.7428,0.4614,0.3475,8,108,False,
5min,2024-02-09,2024-02-09,2024-02-09,108,main,ADF,c,unit_root,12.0,bic,False,ok,-9.663439242662808,1.3345311201453572e-16,-3.492995948509562,-2.888954648057252,-2.58139291903223,0,107,True,
5min,2024-02-09,2024-02-09,2024-02-09,108,main,PP,c,unit_root,,Bartlett_short_bandwidth,False,ok,-9.634512057228784,1.5796657889944726e-16,-3.492995948509562,-2.888954648057252,-2.58139291903223,4,107,True,
5min,2024-02-09,2024-02-09,2024-02-09,108,main,KPSS,c,level_or_trend_stationarity,,Bartlett_short_bandwidth,False,ok,0.07001475053849049,0.7523435199679348,0.7428,0.4614,0.3475,4,108,False,
5min,2024-02-09,2024-02-09,2024-02-09,108,trend_sensitivity,ADF,ct,unit_root,12.0,bic,False,ok,-9.636350868634148,1.3967309697624045e-14,-4.045970933273362,-3.452348053635668,-3.1515755794286404,0,107,True,
5min,2024-02-09,2024-02-09,2024-02-09,108,trend_sensitivity,PP,ct,unit_root,,Bartlett_short_bandwidth,False,ok,-9.60637616316089,1.6237898785766793e-14,-4.045970933273362,-3.452348053635668,-3.1515755794286404,4,107,True,
5min,2024-02-09,2024-02-09,2024-02-09,108,trend_sensitivity,KPSS,ct,level_or_trend_stationarity,,Bartlett_short_bandwidth,False,ok,0.046898307039973955,0.6180468785119912,0.2175,0.1479,0.1193,4,108,False,
5min,2024-02-09,2024-02-09,2024-02-09,108,lag_sensitivity,ADF,c,unit_root,12.0,aic,False,ok,-8.096425620109102,1.3352640363109614e-12,-3.4936021509366793,-2.8892174239808703,-2.58153320754717,1,106,True,
5min,2024-02-09,2024-02-09,2024-02-09,108,lag_sensitivity,PP,c,unit_root,,Bartlett_short_bandwidth,False,ok,-9.673023866914214,1.2620447717695992e-16,-3.492995948509562,-2.888954648057252,-2.58139291903223,8,107,True,
5min,2024-02-09,2024-02-09,2024-02-09,108,lag_sensitivity,KPSS,c,level_or_trend_stationarity,,Bartlett_short_bandwidth,False,ok,0.08514993612068465,0.6631821666144474,0.7428,0.4614,0.3475,8,108,False,
5min,2024-02-15,2024-02-15,2024-02-15,108,main,ADF,c,unit_root,12.0,bic,False,ok,-6.430256697694668,1.7043641015001564e-08,-3.4961490537199116,-2.8903209639580556,-2.5821223452518263,5,102,True,
5min,2024-02-15,2024-02-15,2024-02-15,108,main,PP,c,unit_root,,Bartlett_short_bandwidth,False,ok,-9.058267094679241,4.6375633262594186e-15,-3.492995948509562,-2.888954648057252,-2.58139291903223,4,107,True,
5min,2024-02-15,2024-02-15,2024-02-15,108,main,KPSS,c,level_or_trend_stationarity,,Bartlett_short_bandwidth,False,ok,0.05960462761293562,0.8170696728729391,0.7428,0.4614,0.3475,4,108,False,
5min,2024-02-15,2024-02-15,2024-02-15,108,trend_sensitivity,ADF,ct,unit_root,12.0,bic,False,ok,-6.520132383030657,1.666568745517919e-07,-4.050384710217036,-3.454444406299236,-3.1527973675283265,5,102,True,
5min,2024-02-15,2024-02-15,2024-02-15,108,trend_sensitivity,PP,ct,unit_root,,Bartlett_short_bandwidth,False,ok,-9.022830978887757,3.2228936424309893e-13,-4.045970933273362,-3.452348053635668,-3.1515755794286404,4,107,True,
5min,2024-02-15,2024-02-15,2024-02-15,108,trend_sensitivity,KPSS,ct,level_or_trend_stationarity,,Bartlett_short_bandwidth,False,ok,0.033850051559216686,0.8166168888350487,0.2175,0.1479,0.1193,4,108,False,
5min,2024-02-15,2024-02-15,2024-02-15,108,lag_sensitivity,ADF,c,unit_root,12.0,aic,False,ok,-4.5134154065692655,0.0001859508917066085,-3.4968181663902103,-2.8906107514600103,-2.5822770483285953,6,101,True,
5min,2024-02-15,2024-02-15,2024-02-15,108,lag_sensitivity,PP,c,unit_root,,Bartlett_short_bandwidth,False,ok,-9.307841950771227,1.0687821321807072e-15,-3.492995948509562,-2.888954648057252,-2.58139291903223,8,107,True,
5min,2024-02-15,2024-02-15,2024-02-15,108,lag_sensitivity,KPSS,c,level_or_trend_stationarity,,Bartlett_short_bandwidth,False,ok,0.08312945190053456,0.6744211776198837,0.7428,0.4614,0.3475,8,108,False,
5min,2024-02-16,2024-02-16,2024-02-16,108,main,ADF,c,unit_root,12.0,bic,False,ok,-7.86192914286728,5.256140256133645e-12,-3.4936021509366793,-2.8892174239808703,-2.58153320754717,1,106,True,
5min,2024-02-16,2024-02-16,2024-02-16,108,main,PP,c,unit_root,,Bartlett_short_bandwidth,False,ok,-7.149502694335185,3.168167710892959e-10,-3.492995948509562,-2.888954648057252,-2.58139291903223,4,107,True,
5min,2024-02-16,2024-02-16,2024-02-16,108,main,KPSS,c,level_or_trend_stationarity,,Bartlett_short_bandwidth,False,ok,0.05326796379327886,0.8564686189018932,0.7428,0.4614,0.3475,4,108,False,
5min,2024-02-16,2024-02-16,2024-02-16,108,trend_sensitivity,ADF,ct,unit_root,12.0,bic,False,ok,-7.826437345366093,1.7998663438031226e-10,-4.0468193247781725,-3.452751165593073,-3.151810567112449,1,106,True,
5min,2024-02-16,2024-02-16,2024-02-16,108,trend_sensitivity,PP,ct,unit_root,,Bartlett_short_bandwidth,False,ok,-7.113851888732633,7.796682466736632e-09,-4.045970933273362,-3.452348053635668,-3.1515755794286404,4,107,True,
5min,2024-02-16,2024-02-16,2024-02-16,108,trend_sensitivity,KPSS,ct,level_or_trend_stationarity,,Bartlett_short_bandwidth,False,ok,0.04555185310004393,0.6377222034993411,0.2175,0.1479,0.1193,4,108,False,
5min,2024-02-16,2024-02-16,2024-02-16,108,lag_sensitivity,ADF,c,unit_root,12.0,aic,False,ok,-7.86192914286728,5.256140256133645e-12,-3.4936021509366793,-2.8892174239808703,-2.58153320754717,1,106,True,
5min,2024-02-16,2024-02-16,2024-02-16,108,lag_sensitivity,PP,c,unit_root,,Bartlett_short_bandwidth,False,ok,-7.017871264297042,6.660035061431871e-10,-3.492995948509562,-2.888954648057252,-2.58139291903223,8,107,True,
5min,2024-02-16,2024-02-16,2024-02-16,108,lag_sensitivity,KPSS,c,level_or_trend_stationarity,,Bartlett_short_bandwidth,False,ok,0.06501888758457751,0.7834058803031451,0.7428,0.4614,0.3475,8,108,False,
5min,2024-02-19,2024-02-19,2024-02-19,108,main,ADF,c,unit_root,12.0,bic,False,ok,-11.57113950201377,3.1001441969260067e-21,-3.492995948509562,-2.888954648057252,-2.58139291903223,0,107,True,
5min,2024-02-19,2024-02-19,2024-02-19,108,main,PP,c,unit_root,,Bartlett_short_bandwidth,False,ok,-11.70423039869374,1.5425980773084893e-21,-3.492995948509562,-2.888954648057252,-2.58139291903223,4,107,True,
5min,2024-02-19,2024-02-19,2024-02-19,108,main,KPSS,c,level_or_trend_stationarity,,Bartlett_short_bandwidth,False,ok,0.14777561942648693,0.3970012197869009,0.7428,0.4614,0.3475,4,108,False,
5min,2024-02-19,2024-02-19,2024-02-19,108,trend_sensitivity,ADF,ct,unit_root,12.0,bic,False,ok,-11.614905462017651,1.6961002444314467e-18,-4.045970933273362,-3.452348053635668,-3.1515755794286404,0,107,True,
5min,2024-02-19,2024-02-19,2024-02-19,108,trend_sensitivity,PP,ct,unit_root,,Bartlett_short_bandwidth,False,ok,-11.783779377651067,8.731910078841506e-19,-4.045970933273362,-3.452348053635668,-3.1515755794286404,4,107,True,
5min,2024-02-19,2024-02-19,2024-02-19,108,trend_sensitivity,KPSS,ct,level_or_trend_stationarity,,Bartlett_short_bandwidth,False,ok,0.07471971026058608,0.307540690303184,0.2175,0.1479,0.1193,4,108,False,
5min,2024-02-19,2024-02-19,2024-02-19,108,lag_sensitivity,ADF,c,unit_root,12.0,aic,False,ok,-7.692228564363064,1.4093091742143315e-11,-3.4942202045135513,-2.889485291005291,-2.5816762131519275,2,105,True,
5min,2024-02-19,2024-02-19,2024-02-19,108,lag_sensitivity,PP,c,unit_root,,Bartlett_short_bandwidth,False,ok,-11.762041079410594,1.1418890755821216e-21,-3.492995948509562,-2.888954648057252,-2.58139291903223,8,107,True,
5min,2024-02-19,2024-02-19,2024-02-19,108,lag_sensitivity,KPSS,c,level_or_trend_stationarity,,Bartlett_short_bandwidth,False,ok,0.16012006160001258,0.36087895164831707,0.7428,0.4614,0.3475,8,108,False,
5min,2024-02-20,2024-02-20,2024-02-20,108,main,ADF,c,unit_root,12.0,bic,False,ok,-11.031608842459816,5.649770525065622e-20,-3.492995948509562,-2.888954648057252,-2.58139291903223,0,107,True,
5min,2024-02-20,2024-02-20,2024-02-20,108,main,PP,c,unit_root,,Bartlett_short_bandwidth,False,ok,-11.011228749038057,6.317948050154553e-20,-3.492995948509562,-2.888954648057252,-2.58139291903223,4,107,True,
5min,2024-02-20,2024-02-20,2024-02-20,108,main,KPSS,c,level_or_trend_stationarity,,Bartlett_short_bandwidth,False,ok,0.25792972643344125,0.17869646949987544,0.7428,0.4614,0.3475,4,108,False,
5min,2024-02-20,2024-02-20,2024-02-20,108,trend_sensitivity,ADF,ct,unit_root,12.0,bic,False,ok,-11.131758080248028,1.256987198358746e-17,-4.045970933273362,-3.452348053635668,-3.1515755794286404,0,107,True,
5min,2024-02-20,2024-02-20,2024-02-20,108,trend_sensitivity,PP,ct,unit_root,,Bartlett_short_bandwidth,False,ok,-11.11029448820472,1.378625975559511e-17,-4.045970933273362,-3.452348053635668,-3.1515755794286404,4,107,True,
5min,2024-02-20,2024-02-20,2024-02-20,108,trend_sensitivity,KPSS,ct,level_or_trend_stationarity,,Bartlett_short_bandwidth,False,ok,0.11734629169170442,0.10528029272512318,0.2175,0.1479,0.1193,4,108,False,
5min,2024-02-20,2024-02-20,2024-02-20,108,lag_sensitivity,ADF,c,unit_root,12.0,aic,False,ok,-11.031608842459816,5.649770525065622e-20,-3.492995948509562,-2.888954648057252,-2.58139291903223,0,107,True,
5min,2024-02-20,2024-02-20,2024-02-20,108,lag_sensitivity,PP,c,unit_root,,Bartlett_short_bandwidth,False,ok,-11.069666892531703,4.5871879136472086e-20,-3.492995948509562,-2.888954648057252,-2.58139291903223,8,107,True,
5min,2024-02-20,2024-02-20,2024-02-20,108,lag_sensitivity,KPSS,c,level_or_trend_stationarity,,Bartlett_short_bandwidth,False,ok,0.21298767227164378,0.24412915665777896,0.7428,0.4614,0.3475,8,108,False,
5min,2024-02-21,2024-02-21,2024-02-21,108,main,ADF,c,unit_root,12.0,bic,False,ok,-12.105802293407793,1.9703331722156708e-22,-3.492995948509562,-2.888954648057252,-2.58139291903223,0,107,True,
5min,2024-02-21,2024-02-21,2024-02-21,108,main,PP,c,unit_root,,Bartlett_short_bandwidth,False,ok,-12.543651587852619,2.285391271310477e-23,-3.492995948509562,-2.888954648057252,-2.58139291903223,4,107,True,
5min,2024-02-21,2024-02-21,2024-02-21,108,main,KPSS,c,level_or_trend_stationarity,,Bartlett_short_bandwidth,False,ok,0.1141563187594514,0.5204662587628814,0.7428,0.4614,0.3475,4,108,False,
5min,2024-02-21,2024-02-21,2024-02-21,108,trend_sensitivity,ADF,ct,unit_root,12.0,bic,False,ok,-12.103262055036135,2.6260872621512155e-19,-4.045970933273362,-3.452348053635668,-3.1515755794286404,0,107,True,
5min,2024-02-21,2024-02-21,2024-02-21,108,trend_sensitivity,PP,ct,unit_root,,Bartlett_short_bandwidth,False,ok,-12.573096319810096,5.1450401017972087e-20,-4.045970933273362,-3.452348053635668,-3.1515755794286404,4,107,True,
5min,2024-02-21,2024-02-21,2024-02-21,108,trend_sensitivity,KPSS,ct,level_or_trend_stationarity,,Bartlett_short_bandwidth,False,ok,0.0646612550061607,0.39838744993839303,0.2175,0.1479,0.1193,4,108,False,
5min,2024-02-21,2024-02-21,2024-02-21,108,lag_sensitivity,ADF,c,unit_root,12.0,aic,False,ok,-4.106501765117262,0.0009448332192804546,-3.4961490537199116,-2.8903209639580556,-2.5821223452518263,5,102,True,
5min,2024-02-21,2024-02-21,2024-02-21,108,lag_sensitivity,PP,c,unit_root,,Bartlett_short_bandwidth,False,ok,-12.839658231145988,5.642396846793287e-24,-3.492995948509562,-2.888954648057252,-2.58139291903223,8,107,True,
5min,2024-02-21,2024-02-21,2024-02-21,108,lag_sensitivity,KPSS,c,level_or_trend_stationarity,,Bartlett_short_bandwidth,False,ok,0.13853467210507212,0.4270730407360544,0.7428,0.4614,0.3475,8,108,False,
5min,2024-02-22,2024-02-22,2024-02-22,108,main,ADF,c,unit_root,12.0,bic,False,ok,-10.873053165743132,1.3531286413227378e-19,-3.492995948509562,-2.888954648057252,-2.58139291903223,0,107,True,
5min,2024-02-22,2024-02-22,2024-02-22,108,main,PP,c,unit_root,,Bartlett_short_bandwidth,False,ok,-10.892460572548213,1.215384159835943e-19,-3.492995948509562,-2.888954648057252,-2.58139291903223,4,107,True,
5min,2024-02-22,2024-02-22,2024-02-22,108,main,KPSS,c,level_or_trend_stationarity,,Bartlett_short_bandwidth,False,ok,0.15900197599723775,0.3639506153922039,0.7428,0.4614,0.3475,4,108,False,
5min,2024-02-22,2024-02-22,2024-02-22,108,trend_sensitivity,ADF,ct,unit_root,12.0,bic,False,ok,-10.90070206051445,3.446617878407111e-17,-4.045970933273362,-3.452348053635668,-3.1515755794286404,0,107,True,
5min,2024-02-22,2024-02-22,2024-02-22,108,trend_sensitivity,PP,ct,unit_root,,Bartlett_short_bandwidth,False,ok,-10.93025598013297,3.024186597264144e-17,-4.045970933273362,-3.452348053635668,-3.1515755794286404,4,107,True,
5min,2024-02-22,2024-02-22,2024-02-22,108,trend_sensitivity,KPSS,ct,level_or_trend_stationarity,,Bartlett_short_bandwidth,False,ok,0.07386761362161967,0.3144365531531694,0.2175,0.1479,0.1193,4,108,False,
5min,2024-02-22,2024-02-22,2024-02-22,108,lag_sensitivity,ADF,c,unit_root,12.0,aic,False,ok,-3.0938616090025763,0.02701080459169766,-3.4989097606014496,-2.891516256916761,-2.5827604414827157,9,98,True,
5min,2024-02-22,2024-02-22,2024-02-22,108,lag_sensitivity,PP,c,unit_root,,Bartlett_short_bandwidth,False,ok,-10.862944888714294,1.4310182142995476e-19,-3.492995948509562,-2.888954648057252,-2.58139291903223,8,107,True,
5min,2024-02-22,2024-02-22,2024-02-22,108,lag_sensitivity,KPSS,c,level_or_trend_stationarity,,Bartlett_short_bandwidth,False,ok,0.13800827974721552,0.4288757542903578,0.7428,0.4614,0.3475,8,108,False,
5min,2024-02-23,2024-02-23,2024-02-23,108,main,ADF,c,unit_root,12.0,bic,False,ok,-8.787120926850035,2.292613047085964e-14,-3.492995948509562,-2.888954648057252,-2.58139291903223,0,107,True,
5min,2024-02-23,2024-02-23,2024-02-23,108,main,PP,c,unit_root,,Bartlett_short_bandwidth,False,ok,-8.80123048252356,2.1095888482680317e-14,-3.492995948509562,-2.888954648057252,-2.58139291903223,4,107,True,
5min,2024-02-23,2024-02-23,2024-02-23,108,main,KPSS,c,level_or_trend_stationarity,,Bartlett_short_bandwidth,False,ok,0.15120458040633927,0.38665303450494265,0.7428,0.4614,0.3475,4,108,False,
5min,2024-02-23,2024-02-23,2024-02-23,108,trend_sensitivity,ADF,ct,unit_root,12.0,bic,False,ok,-8.818854749225817,9.350079527763201e-13,-4.045970933273362,-3.452348053635668,-3.1515755794286404,0,107,True,
5min,2024-02-23,2024-02-23,2024-02-23,108,trend_sensitivity,PP,ct,unit_root,,Bartlett_short_bandwidth,False,ok,-8.821422069853366,9.225085875609336e-13,-4.045970933273362,-3.452348053635668,-3.1515755794286404,4,107,True,
5min,2024-02-23,2024-02-23,2024-02-23,108,trend_sensitivity,KPSS,ct,level_or_trend_stationarity,,Bartlett_short_bandwidth,False,ok,0.06946281230998068,0.35187230767258026,0.2175,0.1479,0.1193,4,108,False,
5min,2024-02-23,2024-02-23,2024-02-23,108,lag_sensitivity,ADF,c,unit_root,12.0,aic,False,ok,-8.787120926850035,2.292613047085964e-14,-3.492995948509562,-2.888954648057252,-2.58139291903223,0,107,True,
5min,2024-02-23,2024-02-23,2024-02-23,108,lag_sensitivity,PP,c,unit_root,,Bartlett_short_bandwidth,False,ok,-8.920904884662717,1.0417774061294453e-14,-3.492995948509562,-2.888954648057252,-2.58139291903223,8,107,True,
5min,2024-02-23,2024-02-23,2024-02-23,108,lag_sensitivity,KPSS,c,level_or_trend_stationarity,,Bartlett_short_bandwidth,False,ok,0.12852287988896702,0.46282507504116777,0.7428,0.4614,0.3475,8,108,False,
5min,2024-02-26,2024-02-26,2024-02-26,108,main,ADF,c,unit_root,12.0,bic,False,ok,-5.519262426215403,1.8938786916020055e-06,-3.4936021509366793,-2.8892174239808703,-2.58153320754717,1,106,True,
5min,2024-02-26,2024-02-26,2024-02-26,108,main,PP,c,unit_root,,Bartlett_short_bandwidth,False,ok,-11.044977508659713,5.250746628870091e-20,-3.492995948509562,-2.888954648057252,-2.58139291903223,4,107,True,
5min,2024-02-26,2024-02-26,2024-02-26,108,main,KPSS,c,level_or_trend_stationarity,,Bartlett_short_bandwidth,False,ok,0.052857512596278036,0.8590206470697739,0.7428,0.4614,0.3475,4,108,False,
5min,2024-02-26,2024-02-26,2024-02-26,108,trend_sensitivity,ADF,ct,unit_root,12.0,bic,False,ok,-5.495066879952322,2.3568550438789616e-05,-4.0468193247781725,-3.452751165593073,-3.151810567112449,1,106,True,
5min,2024-02-26,2024-02-26,2024-02-26,108,trend_sensitivity,PP,ct,unit_root,,Bartlett_short_bandwidth,False,ok,-11.002164371865586,2.2047366127598054e-17,-4.045970933273362,-3.452348053635668,-3.1515755794286404,4,107,True,
5min,2024-02-26,2024-02-26,2024-02-26,108,trend_sensitivity,KPSS,ct,level_or_trend_stationarity,,Bartlett_short_bandwidth,False,ok,0.052826091162752574,0.5360078477806468,0.2175,0.1479,0.1193,4,108,False,
5min,2024-02-26,2024-02-26,2024-02-26,108,lag_sensitivity,ADF,c,unit_root,12.0,aic,False,ok,-5.519262426215403,1.8938786916020055e-06,-3.4936021509366793,-2.8892174239808703,-2.58153320754717,1,106,True,
5min,2024-02-26,2024-02-26,2024-02-26,108,lag_sensitivity,PP,c,unit_root,,Bartlett_short_bandwidth,False,ok,-11.087020810246113,4.1721615416282906e-20,-3.492995948509562,-2.888954648057252,-2.58139291903223,8,107,True,
5min,2024-02-26,2024-02-26,2024-02-26,108,lag_sensitivity,KPSS,c,level_or_trend_stationarity,,Bartlett_short_bandwidth,False,ok,0.050506484123183815,0.8734689571383449,0.7428,0.4614,0.3475,8,108,False,
5min,2024-02-27,2024-02-27,2024-02-27,108,main,ADF,c,unit_root,12.0,bic,False,ok,-11.019408616355124,6.040655878390962e-20,-3.492995948509562,-2.888954648057252,-2.58139291903223,0,107,True,
5min,2024-02-27,2024-02-27,2024-02-27,108,main,PP,c,unit_root,,Bartlett_short_bandwidth,False,ok,-11.054004452843566,4.997555028557709e-20,-3.492995948509562,-2.888954648057252,-2.58139291903223,4,107,True,
5min,2024-02-27,2024-02-27,2024-02-27,108,main,KPSS,c,level_or_trend_stationarity,,Bartlett_short_bandwidth,False,ok,0.18519931932858574,0.29851208653492395,0.7428,0.4614,0.3475,4,108,False,
5min,2024-02-27,2024-02-27,2024-02-27,108,trend_sensitivity,ADF,ct,unit_root,12.0,bic,False,ok,-11.087527796401044,1.5209987632317224e-17,-4.045970933273362,-3.452348053635668,-3.1515755794286404,0,107,True,
5min,2024-02-27,2024-02-27,2024-02-27,108,trend_sensitivity,PP,ct,unit_root,,Bartlett_short_bandwidth,False,ok,-11.156518662021705,1.1303247343180719e-17,-4.045970933273362,-3.452348053635668,-3.1515755794286404,4,107,True,
5min,2024-02-27,2024-02-27,2024-02-27,108,trend_sensitivity,KPSS,ct,level_or_trend_stationarity,,Bartlett_short_bandwidth,False,ok,0.04894007362027713,0.5895571122752028,0.2175,0.1479,0.1193,4,108,False,
5min,2024-02-27,2024-02-27,2024-02-27,108,lag_sensitivity,ADF,c,unit_root,12.0,aic,False,ok,-11.019408616355124,6.040655878390962e-20,-3.492995948509562,-2.888954648057252,-2.58139291903223,0,107,True,
5min,2024-02-27,2024-02-27,2024-02-27,108,lag_sensitivity,PP,c,unit_root,,Bartlett_short_bandwidth,False,ok,-11.248937858359659,1.7313589618222503e-20,-3.492995948509562,-2.888954648057252,-2.58139291903223,8,107,True,
5min,2024-02-27,2024-02-27,2024-02-27,108,lag_sensitivity,KPSS,c,level_or_trend_stationarity,,Bartlett_short_bandwidth,False,ok,0.2333549091329841,0.21143195585911503,0.7428,0.4614,0.3475,8,108,False,
5min,2024-02-28,2024-02-28,2024-02-28,108,main,ADF,c,unit_root,12.0,bic,False,ok,-10.597340542937125,6.299874927786914e-19,-3.492995948509562,-2.888954648057252,-2.58139291903223,0,107,True,
5min,2024-02-28,2024-02-28,2024-02-28,108,main,PP,c,unit_root,,Bartlett_short_bandwidth,False,ok,-10.735918440921797,2.8994014082732016e-19,-3.492995948509562,-2.888954648057252,-2.58139291903223,4,107,True,
5min,2024-02-28,2024-02-28,2024-02-28,108,main,KPSS,c,level_or_trend_stationarity,,Bartlett_short_bandwidth,False,ok,0.08301004933425002,0.6751062743116801,0.7428,0.4614,0.3475,4,108,False,
5min,2024-02-28,2024-02-28,2024-02-28,108,trend_sensitivity,ADF,ct,unit_root,12.0,bic,False,ok,-10.547271732918972,1.708837099549419e-16,-4.045970933273362,-3.452348053635668,-3.1515755794286404,0,107,True,
5min,2024-02-28,2024-02-28,2024-02-28,108,trend_sensitivity,PP,ct,unit_root,,Bartlett_short_bandwidth,False,ok,-10.678110510812864,9.373276228576027e-17,-4.045970933273362,-3.452348053635668,-3.1515755794286404,4,107,True,
5min,2024-02-28,2024-02-28,2024-02-28,108,trend_sensitivity,KPSS,ct,level_or_trend_stationarity,,Bartlett_short_bandwidth,False,ok,0.08356225625618754,0.24523589839882784,0.2175,0.1479,0.1193,4,108,False,
5min,2024-02-28,2024-02-28,2024-02-28,108,lag_sensitivity,ADF,c,unit_root,12.0,aic,False,ok,-6.506451174909935,1.12804045850012e-08,-3.4948504603223145,-2.889758398668639,-2.5818220155325444,3,104,True,
5min,2024-02-28,2024-02-28,2024-02-28,108,lag_sensitivity,PP,c,unit_root,,Bartlett_short_bandwidth,False,ok,-10.871094566055241,1.3678785556479133e-19,-3.492995948509562,-2.888954648057252,-2.58139291903223,8,107,True,
5min,2024-02-28,2024-02-28,2024-02-28,108,lag_sensitivity,KPSS,c,level_or_trend_stationarity,,Bartlett_short_bandwidth,False,ok,0.09496357352166838,0.610682132391658,0.7428,0.4614,0.3475,8,108,False,
5min,2024-02-29,2024-02-29,2024-02-29,108,main,ADF,c,unit_root,12.0,bic,False,ok,-11.084249890987499,4.2357868914132917e-20,-3.492995948509562,-2.888954648057252,-2.58139291903223,0,107,True,
5min,2024-02-29,2024-02-29,2024-02-29,108,main,PP,c,unit_root,,Bartlett_short_bandwidth,False,ok,-11.257073019164588,1.6569434610387128e-20,-3.492995948509562,-2.888954648057252,-2.58139291903223,4,107,True,
5min,2024-02-29,2024-02-29,2024-02-29,108,main,KPSS,c,level_or_trend_stationarity,,Bartlett_short_bandwidth,False,ok,0.42073430329680406,0.0638216904899233,0.7428,0.4614,0.3475,4,108,False,
5min,2024-02-29,2024-02-29,2024-02-29,108,trend_sensitivity,ADF,ct,unit_root,12.0,bic,False,ok,-11.293105771792344,6.3340424583699e-18,-4.045970933273362,-3.452348053635668,-3.1515755794286404,0,107,True,
5min,2024-02-29,2024-02-29,2024-02-29,108,trend_sensitivity,PP,ct,unit_root,,Bartlett_short_bandwidth,False,ok,-11.61915359315147,1.6676119483523923e-18,-4.045970933273362,-3.452348053635668,-3.1515755794286404,4,107,True,
5min,2024-02-29,2024-02-29,2024-02-29,108,trend_sensitivity,KPSS,ct,level_or_trend_stationarity,,Bartlett_short_bandwidth,False,ok,0.04928958286345066,0.584680239114642,0.2175,0.1479,0.1193,4,108,False,
5min,2024-02-29,2024-02-29,2024-02-29,108,lag_sensitivity,ADF,c,unit_root,12.0,aic,False,ok,-11.084249890987499,4.2357868914132917e-20,-3.492995948509562,-2.888954648057252,-2.58139291903223,0,107,True,
5min,2024-02-29,2024-02-29,2024-02-29,108,lag_sensitivity,PP,c,unit_root,,Bartlett_short_bandwidth,False,ok,-11.451875978735615,5.831401181964904e-21,-3.492995948509562,-2.888954648057252,-2.58139291903223,8,107,True,
5min,2024-02-29,2024-02-29,2024-02-29,108,lag_sensitivity,KPSS,c,level_or_trend_stationarity,,Bartlett_short_bandwidth,False,ok,0.48106601722223,0.0445584956944425,0.7428,0.4614,0.3475,8,108,True,
5min,2024-03-01,2024-03-01,2024-03-01,108,main,ADF,c,unit_root,12.0,bic,False,ok,-9.570804960132568,2.291079988093411e-16,-3.492995948509562,-2.888954648057252,-2.58139291903223,0,107,True,
5min,2024-03-01,2024-03-01,2024-03-01,108,main,PP,c,unit_root,,Bartlett_short_bandwidth,False,ok,-9.581065573799554,2.157826881191696e-16,-3.492995948509562,-2.888954648057252,-2.58139291903223,4,107,True,
5min,2024-03-01,2024-03-01,2024-03-01,108,main,KPSS,c,level_or_trend_stationarity,,Bartlett_short_bandwidth,False,ok,0.0385806114277017,0.9404163963175723,0.7428,0.4614,0.3475,4,108,False,
5min,2024-03-01,2024-03-01,2024-03-01,108,trend_sensitivity,ADF,ct,unit_root,12.0,bic,False,ok,-9.53171281756712,2.3662431892902654e-14,-4.045970933273362,-3.452348053635668,-3.1515755794286404,0,107,True,
5min,2024-03-01,2024-03-01,2024-03-01,108,trend_sensitivity,PP,ct,unit_root,,Bartlett_short_bandwidth,False,ok,-9.54045143558545,2.264005951945161e-14,-4.045970933273362,-3.452348053635668,-3.1515755794286404,4,107,True,
5min,2024-03-01,2024-03-01,2024-03-01,108,trend_sensitivity,KPSS,ct,level_or_trend_stationarity,,Bartlett_short_bandwidth,False,ok,0.038623779945638204,0.7432750008389166,0.2175,0.1479,0.1193,4,108,False,
5min,2024-03-01,2024-03-01,2024-03-01,108,lag_sensitivity,ADF,c,unit_root,12.0,aic,False,ok,-9.570804960132568,2.291079988093411e-16,-3.492995948509562,-2.888954648057252,-2.58139291903223,0,107,True,
5min,2024-03-01,2024-03-01,2024-03-01,108,lag_sensitivity,PP,c,unit_root,,Bartlett_short_bandwidth,False,ok,-9.562909813834633,2.3992122652439574e-16,-3.492995948509562,-2.888954648057252,-2.58139291903223,8,107,True,
5min,2024-03-01,2024-03-01,2024-03-01,108,lag_sensitivity,KPSS,c,level_or_trend_stationarity,,Bartlett_short_bandwidth,False,ok,0.04761295994229777,0.8912362108806278,0.7428,0.4614,0.3475,8,108,False,
5min,2024-03-04,2024-03-04,2024-03-04,108,main,ADF,c,unit_root,12.0,bic,False,ok,-9.818209469491672,5.4257164266559844e-17,-3.492995948509562,-2.888954648057252,-2.58139291903223,0,107,True,
5min,2024-03-04,2024-03-04,2024-03-04,108,main,PP,c,unit_root,,Bartlett_short_bandwidth,False,ok,-9.805158983788383,5.852608332723756e-17,-3.492995948509562,-2.888954648057252,-2.58139291903223,4,107,True,
5min,2024-03-04,2024-03-04,2024-03-04,108,main,KPSS,c,level_or_trend_stationarity,,Bartlett_short_bandwidth,False,ok,0.1541011860990519,0.3780321842290122,0.7428,0.4614,0.3475,4,108,False,
5min,2024-03-04,2024-03-04,2024-03-04,108,trend_sensitivity,ADF,ct,unit_root,12.0,bic,False,ok,-9.832975665224964,5.242138137478669e-15,-4.045970933273362,-3.452348053635668,-3.1515755794286404,0,107,True,
5min,2024-03-04,2024-03-04,2024-03-04,108,trend_sensitivity,PP,ct,unit_root,,Bartlett_short_bandwidth,False,ok,-9.820089921340541,5.5873628617020964e-15,-4.045970933273362,-3.452348053635668,-3.1515755794286404,4,107,True,
5min,2024-03-04,2024-03-04,2024-03-04,108,trend_sensitivity,KPSS,ct,level_or_trend_stationarity,,Bartlett_short_bandwidth,False,ok,0.07719728038382202,0.28859085440127125,0.2175,0.1479,0.1193,4,108,False,
5min,2024-03-04,2024-03-04,2024-03-04,108,lag_sensitivity,ADF,c,unit_root,12.0,aic,False,ok,-2.832547416374175,0.05377289711148475,-3.4996365338407074,-2.8918307730370025,-2.5829283377617176,10,97,False,
5min,2024-03-04,2024-03-04,2024-03-04,108,lag_sensitivity,PP,c,unit_root,,Bartlett_short_bandwidth,False,ok,-9.856419623473968,4.3473760931489886e-17,-3.492995948509562,-2.888954648057252,-2.58139291903223,8,107,True,
5min,2024-03-04,2024-03-04,2024-03-04,108,lag_sensitivity,KPSS,c,level_or_trend_stationarity,,Bartlett_short_bandwidth,False,ok,0.12675408894502543,0.4694250412499051,0.7428,0.4614,0.3475,8,108,False,
5min,2024-03-05,2024-03-05,2024-03-05,108,main,ADF,c,unit_root,12.0,bic,False,ok,-13.633543952904226,1.7052837909331557e-25,-3.492995948509562,-2.888954648057252,-2.58139291903223,0,107,True,
5min,2024-03-05,2024-03-05,2024-03-05,108,main,PP,c,unit_root,,Bartlett_short_bandwidth,False,ok,-14.00242866057044,3.8407042725698676e-26,-3.492995948509562,-2.888954648057252,-2.58139291903223,4,107,True,
5min,2024-03-05,2024-03-05,2024-03-05,108,main,KPSS,c,level_or_trend_stationarity,,Bartlett_short_bandwidth,False,ok,0.054070780122424215,0.8514770147828545,0.7428,0.4614,0.3475,4,108,False,
5min,2024-03-05,2024-03-05,2024-03-05,108,trend_sensitivity,ADF,ct,unit_root,12.0,bic,False,ok,-13.579797806127774,2.8410284593133883e-21,-4.045970933273362,-3.452348053635668,-3.1515755794286404,0,107,True,
5min,2024-03-05,2024-03-05,2024-03-05,108,trend_sensitivity,PP,ct,unit_root,,Bartlett_short_bandwidth,False,ok,-13.959870443973353,1.1935243925123547e-21,-4.045970933273362,-3.452348053635668,-3.1515755794286404,4,107,True,
5min,2024-03-05,2024-03-05,2024-03-05,108,trend_sensitivity,KPSS,ct,level_or_trend_stationarity,,Bartlett_short_bandwidth,False,ok,0.04417647540250166,0.6583528689624751,0.2175,0.1479,0.1193,4,108,False,
5min,2024-03-05,2024-03-05,2024-03-05,108,lag_sensitivity,ADF,c,unit_root,12.0,aic,False,ok,-13.633543952904226,1.7052837909331557e-25,-3.492995948509562,-2.888954648057252,-2.58139291903223,0,107,True,
5min,2024-03-05,2024-03-05,2024-03-05,108,lag_sensitivity,PP,c,unit_root,,Bartlett_short_bandwidth,False,ok,-14.872436394020223,1.6555649447486245e-27,-3.492995948509562,-2.888954648057252,-2.58139291903223,8,107,True,
5min,2024-03-05,2024-03-05,2024-03-05,108,lag_sensitivity,KPSS,c,level_or_trend_stationarity,,Bartlett_short_bandwidth,False,ok,0.07549689658686512,0.7188980378378829,0.7428,0.4614,0.3475,8,108,False,
5min,2024-03-06,2024-03-06,2024-03-06,108,main,ADF,c,unit_root,12.0,bic,False,ok,-11.492083312478002,4.7095843818373194e-21,-3.492995948509562,-2.888954648057252,-2.58139291903223,0,107,True,
5min,2024-03-06,2024-03-06,2024-03-06,108,main,PP,c,unit_root,,Bartlett_short_bandwidth,False,ok,-11.706755158286242,1.5224200869506362e-21,-3.492995948509562,-2.888954648057252,-2.58139291903223,4,107,True,
5min,2024-03-06,2024-03-06,2024-03-06,108,main,KPSS,c,level_or_trend_stationarity,,Bartlett_short_bandwidth,False,ok,0.06760180087838473,0.7673463157820638,0.7428,0.4614,0.3475,4,108,False,
5min,2024-03-06,2024-03-06,2024-03-06,108,trend_sensitivity,ADF,ct,unit_root,12.0,bic,False,ok,-11.437282789370261,3.480935694912623e-18,-4.045970933273362,-3.452348053635668,-3.1515755794286404,0,107,True,
5min,2024-03-06,2024-03-06,2024-03-06,108,trend_sensitivity,PP,ct,unit_root,,Bartlett_short_bandwidth,False,ok,-11.645113652944998,1.5040225183747898e-18,-4.045970933273362,-3.452348053635668,-3.1515755794286404,4,107,True,
5min,2024-03-06,2024-03-06,2024-03-06,108,trend_sensitivity,KPSS,ct,level_or_trend_stationarity,,Bartlett_short_bandwidth,False,ok,0.06872384053591461,0.35858247108652747,0.2175,0.1479,0.1193,4,108,False,
5min,2024-03-06,2024-03-06,2024-03-06,108,lag_sensitivity,ADF,c,unit_root,12.0,aic,False,ok,-3.266854592112169,0.01642666689083905,-3.4961490537199116,-2.8903209639580556,-2.5821223452518263,5,102,True,
5min,2024-03-06,2024-03-06,2024-03-06,108,lag_sensitivity,PP,c,unit_root,,Bartlett_short_bandwidth,False,ok,-11.573203857137736,3.0665852221461696e-21,-3.492995948509562,-2.888954648057252,-2.58139291903223,8,107,True,
5min,2024-03-06,2024-03-06,2024-03-06,108,lag_sensitivity,KPSS,c,level_or_trend_stationarity,,Bartlett_short_bandwidth,False,ok,0.06079411680082808,0.8096738851761984,0.7428,0.4614,0.3475,8,108,False,
5min,2024-03-07,2024-03-07,2024-03-07,108,main,ADF,c,unit_root,12.0,bic,False,ok,-10.79769103703744,2.0554167564017013e-19,-3.492995948509562,-2.888954648057252,-2.58139291903223,0,107,True,
5min,2024-03-07,2024-03-07,2024-03-07,108,main,PP,c,unit_root,,Bartlett_short_bandwidth,False,ok,-10.787902333898694,2.1704053050339167e-19,-3.492995948509562,-2.888954648057252,-2.58139291903223,4,107,True,
5min,2024-03-07,2024-03-07,2024-03-07,108,main,KPSS,c,level_or_trend_stationarity,,Bartlett_short_bandwidth,False,ok,0.2336504629627523,0.2109841470261329,0.7428,0.4614,0.3475,4,108,False,
5min,2024-03-07,2024-03-07,2024-03-07,108,trend_sensitivity,ADF,ct,unit_root,12.0,bic,False,ok,-10.925461808470496,3.0889103976164994e-17,-4.045970933273362,-3.452348053635668,-3.1515755794286404,0,107,True,
5min,2024-03-07,2024-03-07,2024-03-07,108,trend_sensitivity,PP,ct,unit_root,,Bartlett_short_bandwidth,False,ok,-10.918468730927664,3.185887819562188e-17,-4.045970933273362,-3.452348053635668,-3.1515755794286404,4,107,True,
5min,2024-03-07,2024-03-07,2024-03-07,108,trend_sensitivity,KPSS,ct,level_or_trend_stationarity,,Bartlett_short_bandwidth,False,ok,0.04598400107579722,0.6312399838630417,0.2175,0.1479,0.1193,4,108,False,
5min,2024-03-07,2024-03-07,2024-03-07,108,lag_sensitivity,ADF,c,unit_root,12.0,aic,False,ok,-10.79769103703744,2.0554167564017013e-19,-3.492995948509562,-2.888954648057252,-2.58139291903223,0,107,True,
5min,2024-03-07,2024-03-07,2024-03-07,108,lag_sensitivity,PP,c,unit_root,,Bartlett_short_bandwidth,False,ok,-10.789348050217718,2.153021779954338e-19,-3.492995948509562,-2.888954648057252,-2.58139291903223,8,107,True,
5min,2024-03-07,2024-03-07,2024-03-07,108,lag_sensitivity,KPSS,c,level_or_trend_stationarity,,Bartlett_short_bandwidth,False,ok,0.2229459184127309,0.22739683778121278,0.7428,0.4614,0.3475,8,108,False,
5min,2024-03-11,2024-03-11,2024-03-11,108,main,ADF,c,unit_root,12.0,bic,False,ok,-12.18250804470555,1.3415184917699826e-22,-3.492995948509562,-2.888954648057252,-2.58139291903223,0,107,True,
5min,2024-03-11,2024-03-11,2024-03-11,108,main,PP,c,unit_root,,Bartlett_short_bandwidth,False,ok,-12.097219245548617,2.0572995835307519e-22,-3.492995948509562,-2.888954648057252,-2.58139291903223,4,107,True,
5min,2024-03-11,2024-03-11,2024-03-11,108,main,KPSS,c,level_or_trend_stationarity,,Bartlett_short_bandwidth,False,ok,0.06491140834803627,0.7840741449863029,0.7428,0.4614,0.3475,4,108,False,
5min,2024-03-11,2024-03-11,2024-03-11,108,trend_sensitivity,ADF,ct,unit_root,12.0,bic,False,ok,-12.155459436378182,2.173191306008396e-19,-4.045970933273362,-3.452348053635668,-3.1515755794286404,0,107,True,
5min,2024-03-11,2024-03-11,2024-03-11,108,trend_sensitivity,PP,ct,unit_root,,Bartlett_short_bandwidth,False,ok,-12.082241105774875,2.835714770078268e-19,-4.045970933273362,-3.452348053635668,-3.1515755794286404,4,107,True,
5min,2024-03-11,2024-03-11,2024-03-11,108,trend_sensitivity,KPSS,ct,level_or_trend_stationarity,,Bartlett_short_bandwidth,False,ok,0.04629681547491738,0.6265477678762392,0.2175,0.1479,0.1193,4,108,False,
5min,2024-03-11,2024-03-11,2024-03-11,108,lag_sensitivity,ADF,c,unit_root,12.0,aic,False,ok,-12.18250804470555,1.3415184917699826e-22,-3.492995948509562,-2.888954648057252,-2.58139291903223,0,107,True,
5min,2024-03-11,2024-03-11,2024-03-11,108,lag_sensitivity,PP,c,unit_root,,Bartlett_short_bandwidth,False,ok,-12.107688883746592,1.9517253040119881e-22,-3.492995948509562,-2.888954648057252,-2.58139291903223,8,107,True,
5min,2024-03-11,2024-03-11,2024-03-11,108,lag_sensitivity,KPSS,c,level_or_trend_stationarity,,Bartlett_short_bandwidth,False,ok,0.06565386768895191,0.7794578174780191,0.7428,0.4614,0.3475,8,108,False,
5min,2024-03-12,2024-03-12,2024-03-12,108,main,ADF,c,unit_root,12.0,bic,False,ok,-8.5984250199177,6.97466726969407e-14,-3.4936021509366793,-2.8892174239808703,-2.58153320754717,1,106,True,
5min,2024-03-12,2024-03-12,2024-03-12,108,main,PP,c,unit_root,,Bartlett_short_bandwidth,False,ok,-10.745154940911652,2.7538174456253845e-19,-3.492995948509562,-2.888954648057252,-2.58139291903223,4,107,True,
5min,2024-03-12,2024-03-12,2024-03-12,108,main,KPSS,c,level_or_trend_stationarity,,Bartlett_short_bandwidth,False,ok,0.0890083841179468,0.642136086629381,0.7428,0.4614,0.3475,4,108,False,
5min,2024-03-12,2024-03-12,2024-03-12,108,trend_sensitivity,ADF,ct,unit_root,12.0,bic,False,ok,-8.560809946814045,3.637339219653981e-12,-4.0468193247781725,-3.452751165593073,-3.151810567112449,1,106,True,
5min,2024-03-12,2024-03-12,2024-03-12,108,trend_sensitivity,PP,ct,unit_root,,Bartlett_short_bandwidth,False,ok,-10.676833044148797,9.427985944677791e-17,-4.045970933273362,-3.452348053635668,-3.1515755794286404,4,107,True,
5min,2024-03-12,2024-03-12,2024-03-12,108,trend_sensitivity,KPSS,ct,level_or_trend_stationarity,,Bartlett_short_bandwidth,False,ok,0.07342338298953592,0.3181384750872006,0.2175,0.1479,0.1193,4,108,False,
5min,2024-03-12,2024-03-12,2024-03-12,108,lag_sensitivity,ADF,c,unit_root,12.0,aic,False,ok,-8.5984250199177,6.97466726969407e-14,-3.4936021509366793,-2.8892174239808703,-2.58153320754717,1,106,True,
5min,2024-03-12,2024-03-12,2024-03-12,108,lag_sensitivity,PP,c,unit_root,,Bartlett_short_bandwidth,False,ok,-10.700038703776805,3.542639077596142e-19,-3.492995948509562,-2.888954648057252,-2.58139291903223,8,107,True,
5min,2024-03-12,2024-03-12,2024-03-12,108,lag_sensitivity,KPSS,c,level_or_trend_stationarity,,Bartlett_short_bandwidth,False,ok,0.0800129465722979,0.6923027655687826,0.7428,0.4614,0.3475,8,108,False,
5min,2024-03-13,2024-03-13,2024-03-13,108,main,ADF,c,unit_root,12.0,bic,False,ok,-10.981123449266601,7.45420522746468e-20,-3.492995948509562,-2.888954648057252,-2.58139291903223,0,107,True,
5min,2024-03-13,2024-03-13,2024-03-13,108,main,PP,c,unit_root,,Bartlett_short_bandwidth,False,ok,-10.962991970818505,8.236161830481511e-20,-3.492995948509562,-2.888954648057252,-2.58139291903223,4,107,True,
5min,2024-03-13,2024-03-13,2024-03-13,108,main,KPSS,c,level_or_trend_stationarity,,Bartlett_short_bandwidth,False,ok,0.198594726620075,0.27079465368612743,0.7428,0.4614,0.3475,4,108,False,
5min,2024-03-13,2024-03-13,2024-03-13,108,trend_sensitivity,ADF,ct,unit_root,12.0,bic,False,ok,-11.09822736174187,1.4522881853482156e-17,-4.045970933273362,-3.452348053635668,-3.1515755794286404,0,107,True,
5min,2024-03-13,2024-03-13,2024-03-13,108,trend_sensitivity,PP,ct,unit_root,,Bartlett_short_bandwidth,False,ok,-11.079016947871429,1.5780448370765936e-17,-4.045970933273362,-3.452348053635668,-3.1515755794286404,4,107,True,
5min,2024-03-13,2024-03-13,2024-03-13,108,trend_sensitivity,KPSS,ct,level_or_trend_stationarity,,Bartlett_short_bandwidth,False,ok,0.04706118454799641,0.6157741690977244,0.2175,0.1479,0.1193,4,108,False,
5min,2024-03-13,2024-03-13,2024-03-13,108,lag_sensitivity,ADF,c,unit_root,12.0,aic,False,ok,-10.981123449266601,7.45420522746468e-20,-3.492995948509562,-2.888954648057252,-2.58139291903223,0,107,True,
5min,2024-03-13,2024-03-13,2024-03-13,108,lag_sensitivity,PP,c,unit_root,,Bartlett_short_bandwidth,False,ok,-10.97570005693468,7.679888602386578e-20,-3.492995948509562,-2.888954648057252,-2.58139291903223,8,107,True,
5min,2024-03-13,2024-03-13,2024-03-13,108,lag_sensitivity,KPSS,c,level_or_trend_stationarity,,Bartlett_short_bandwidth,False,ok,0.17473642971284223,0.32268578355342875,0.7428,0.4614,0.3475,8,108,False,
5min,2024-03-14,2024-03-14,2024-03-14,108,main,ADF,c,unit_root,12.0,bic,False,ok,-10.439976980583811,1.530983212053244e-18,-3.492995948509562,-2.888954648057252,-2.58139291903223,0,107,True,
5min,2024-03-14,2024-03-14,2024-03-14,108,main,PP,c,unit_root,,Bartlett_short_bandwidth,False,ok,-10.486817264668723,1.1745472388498427e-18,-3.492995948509562,-2.888954648057252,-2.58139291903223,4,107,True,
5min,2024-03-14,2024-03-14,2024-03-14,108,main,KPSS,c,level_or_trend_stationarity,,Bartlett_short_bandwidth,False,ok,0.0950465592170895,0.6102672039145525,0.7428,0.4614,0.3475,4,108,False,
5min,2024-03-14,2024-03-14,2024-03-14,108,trend_sensitivity,ADF,ct,unit_root,12.0,bic,False,ok,-10.440200841619587,2.811750710393805e-16,-4.045970933273362,-3.452348053635668,-3.1515755794286404,0,107,True,
5min,2024-03-14,2024-03-14,2024-03-14,108,trend_sensitivity,PP,ct,unit_root,,Bartlett_short_bandwidth,False,ok,-10.482965602669703,2.3030005191334427e-16,-4.045970933273362,-3.452348053635668,-3.1515755794286404,4,107,True,
5min,2024-03-14,2024-03-14,2024-03-14,108,trend_sensitivity,KPSS,ct,level_or_trend_stationarity,,Bartlett_short_bandwidth,False,ok,0.03891346218123277,0.73880459596863,0.2175,0.1479,0.1193,4,108,False,
5min,2024-03-14,2024-03-14,2024-03-14,108,lag_sensitivity,ADF,c,unit_root,12.0,aic,False,ok,-4.770733302533661,6.18481623973964e-05,-3.4948504603223145,-2.889758398668639,-2.5818220155325444,3,104,True,
5min,2024-03-14,2024-03-14,2024-03-14,108,lag_sensitivity,PP,c,unit_root,,Bartlett_short_bandwidth,False,ok,-10.473104494029046,1.2692286759470792e-18,-3.492995948509562,-2.888954648057252,-2.58139291903223,8,107,True,
5min,2024-03-14,2024-03-14,2024-03-14,108,lag_sensitivity,KPSS,c,level_or_trend_stationarity,,Bartlett_short_bandwidth,False,ok,0.09874200151683457,0.5917899924158272,0.7428,0.4614,0.3475,8,108,False,
5min,2024-03-15,2024-03-15,2024-03-15,108,main,ADF,c,unit_root,12.0,bic,False,ok,-12.895656264420971,4.35440525926848e-24,-3.492995948509562,-2.888954648057252,-2.58139291903223,0,107,True,
5min,2024-03-15,2024-03-15,2024-03-15,108,main,PP,c,unit_root,,Bartlett_short_bandwidth,False,ok,-12.951660504763089,3.3663686003013235e-24,-3.492995948509562,-2.888954648057252,-2.58139291903223,4,107,True,
5min,2024-03-15,2024-03-15,2024-03-15,108,main,KPSS,c,level_or_trend_stationarity,,Bartlett_short_bandwidth,False,ok,0.3603776114621663,0.09231171755047915,0.7428,0.4614,0.3475,4,108,False,
5min,2024-03-15,2024-03-15,2024-03-15,108,trend_sensitivity,ADF,ct,unit_root,12.0,bic,False,ok,-13.008813659911363,1.3243593655972999e-20,-4.045970933273362,-3.452348053635668,-3.1515755794286404,0,107,True,
5min,2024-03-15,2024-03-15,2024-03-15,108,trend_sensitivity,PP,ct,unit_root,,Bartlett_short_bandwidth,False,ok,-13.157417848193758,8.638473424905417e-21,-4.045970933273362,-3.452348053635668,-3.1515755794286404,4,107,True,
5min,2024-03-15,2024-03-15,2024-03-15,108,trend_sensitivity,KPSS,ct,level_or_trend_stationarity,,Bartlett_short_bandwidth,False,ok,0.04383708217702106,0.6634437673446841,0.2175,0.1479,0.1193,4,108,False,
5min,2024-03-15,2024-03-15,2024-03-15,108,lag_sensitivity,ADF,c,unit_root,12.0,aic,False,ok,-12.895656264420971,4.35440525926848e-24,-3.492995948509562,-2.888954648057252,-2.58139291903223,0,107,True,
5min,2024-03-15,2024-03-15,2024-03-15,108,lag_sensitivity,PP,c,unit_root,,Bartlett_short_bandwidth,False,ok,-12.824162731633614,6.063737783293747e-24,-3.492995948509562,-2.888954648057252,-2.58139291903223,8,107,True,
5min,2024-03-15,2024-03-15,2024-03-15,108,lag_sensitivity,KPSS,c,level_or_trend_stationarity,,Bartlett_short_bandwidth,False,ok,0.37642555556796,0.08355839001634696,0.7428,0.4614,0.3475,8,108,False,
5min,2024-03-18,2024-03-18,2024-03-18,108,main,ADF,c,unit_root,12.0,bic,False,ok,-11.877683503234683,6.284431405408084e-22,-3.492995948509562,-2.888954648057252,-2.58139291903223,0,107,True,
5min,2024-03-18,2024-03-18,2024-03-18,108,main,PP,c,unit_root,,Bartlett_short_bandwidth,False,ok,-11.755971217234954,1.1784447097301677e-21,-3.492995948509562,-2.888954648057252,-2.58139291903223,4,107,True,
5min,2024-03-18,2024-03-18,2024-03-18,108,main,KPSS,c,level_or_trend_stationarity,,Bartlett_short_bandwidth,False,ok,0.29879092508527166,0.13657663172780615,0.7428,0.4614,0.3475,4,108,False,
5min,2024-03-18,2024-03-18,2024-03-18,108,trend_sensitivity,ADF,ct,unit_root,12.0,bic,False,ok,-12.056741347544138,3.1139409941577176e-19,-4.045970933273362,-3.452348053635668,-3.1515755794286404,0,107,True,
5min,2024-03-18,2024-03-18,2024-03-18,108,trend_sensitivity,PP,ct,unit_root,,Bartlett_short_bandwidth,False,ok,-11.916774865976718,5.248762713492491e-19,-4.045970933273362,-3.452348053635668,-3.1515755794286404,4,107,True,
5min,2024-03-18,2024-03-18,2024-03-18,108,trend_sensitivity,KPSS,ct,level_or_trend_stationarity,,Bartlett_short_bandwidth,False,ok,0.0532756141298036,0.5300577088183738,0.2175,0.1479,0.1193,4,108,False,
5min,2024-03-18,2024-03-18,2024-03-18,108,lag_sensitivity,ADF,c,unit_root,12.0,aic,False,ok,-4.981913541068916,2.4096905738730254e-05,-3.4948504603223145,-2.889758398668639,-2.5818220155325444,3,104,True,
5min,2024-03-18,2024-03-18,2024-03-18,108,lag_sensitivity,PP,c,unit_root,,Bartlett_short_bandwidth,False,ok,-11.77731900264477,1.0548953542250514e-21,-3.492995948509562,-2.888954648057252,-2.58139291903223,8,107,True,
5min,2024-03-18,2024-03-18,2024-03-18,108,lag_sensitivity,KPSS,c,level_or_trend_stationarity,,Bartlett_short_bandwidth,False,ok,0.3290254623783801,0.11278514714298954,0.7428,0.4614,0.3475,8,108,False,
5min,2024-03-19,2024-03-19,2024-03-19,108,main,ADF,c,unit_root,12.0,bic,False,ok,-10.320565924187541,3.0167334210160473e-18,-3.492995948509562,-2.888954648057252,-2.58139291903223,0,107,True,
5min,2024-03-19,2024-03-19,2024-03-19,108,main,PP,c,unit_root,,Bartlett_short_bandwidth,False,ok,-10.337389712252973,2.7411904099111672e-18,-3.492995948509562,-2.888954648057252,-2.58139291903223,4,107,True,
5min,2024-03-19,2024-03-19,2024-03-19,108,main,KPSS,c,level_or_trend_stationarity,,Bartlett_short_bandwidth,False,ok,0.26459048947237895,0.17101097368571658,0.7428,0.4614,0.3475,4,108,False,
5min,2024-03-19,2024-03-19,2024-03-19,108,trend_sensitivity,ADF,ct,unit_root,12.0,bic,False,ok,-10.477878283994368,2.358224027293438e-16,-4.045970933273362,-3.452348053635668,-3.1515755794286404,0,107,True,
5min,2024-03-19,2024-03-19,2024-03-19,108,trend_sensitivity,PP,ct,unit_root,,Bartlett_short_bandwidth,False,ok,-10.479432606244309,2.3412093901809997e-16,-4.045970933273362,-3.452348053635668,-3.1515755794286404,4,107,True,
5min,2024-03-19,2024-03-19,2024-03-19,108,trend_sensitivity,KPSS,ct,level_or_trend_stationarity,,Bartlett_short_bandwidth,False,ok,0.03641927768789999,0.7772950974089509,0.2175,0.1479,0.1193,4,108,False,
5min,2024-03-19,2024-03-19,2024-03-19,108,lag_sensitivity,ADF,c,unit_root,12.0,aic,False,ok,-10.320565924187541,3.0167334210160473e-18,-3.492995948509562,-2.888954648057252,-2.58139291903223,0,107,True,
5min,2024-03-19,2024-03-19,2024-03-19,108,lag_sensitivity,PP,c,unit_root,,Bartlett_short_bandwidth,False,ok,-10.327584287789596,2.8985439465210463e-18,-3.492995948509562,-2.888954648057252,-2.58139291903223,8,107,True,
5min,2024-03-19,2024-03-19,2024-03-19,108,lag_sensitivity,KPSS,c,level_or_trend_stationarity,,Bartlett_short_bandwidth,False,ok,0.26982498184846254,0.16497397724118482,0.7428,0.4614,0.3475,8,108,False,
5min,2024-03-20,2024-03-20,2024-03-20,108,main,ADF,c,unit_root,12.0,bic,False,ok,-14.439795195034508,7.391891284648057e-27,-3.492995948509562,-2.888954648057252,-2.58139291903223,0,107,True,
5min,2024-03-20,2024-03-20,2024-03-20,108,main,PP,c,unit_root,,Bartlett_short_bandwidth,False,ok,-14.563281839296138,4.756328085476156e-27,-3.492995948509562,-2.888954648057252,-2.58139291903223,4,107,True,
5min,2024-03-20,2024-03-20,2024-03-20,108,main,KPSS,c,level_or_trend_stationarity,,Bartlett_short_bandwidth,False,ok,0.17794930517608537,0.3150590685607233,0.7428,0.4614,0.3475,4,108,False,
5min,2024-03-20,2024-03-20,2024-03-20,108,trend_sensitivity,ADF,ct,unit_root,12.0,bic,False,ok,-14.480500028243771,4.498961861104374e-22,-4.045970933273362,-3.452348053635668,-3.1515755794286404,0,107,True,
5min,2024-03-20,2024-03-20,2024-03-20,108,trend_sensitivity,PP,ct,unit_root,,Bartlett_short_bandwidth,False,ok,-14.71979717399916,3.126024188471408e-22,-4.045970933273362,-3.452348053635668,-3.1515755794286404,4,107,True,
5min,2024-03-20,2024-03-20,2024-03-20,108,trend_sensitivity,KPSS,ct,level_or_trend_stationarity,,Bartlett_short_bandwidth,False,ok,0.0645409581600996,0.39959041839900405,0.2175,0.1479,0.1193,4,108,False,
5min,2024-03-20,2024-03-20,2024-03-20,108,lag_sensitivity,ADF,c,unit_root,12.0,aic,False,ok,-14.439795195034508,7.391891284648057e-27,-3.492995948509562,-2.888954648057252,-2.58139291903223,0,107,True,
5min,2024-03-20,2024-03-20,2024-03-20,108,lag_sensitivity,PP,c,unit_root,,Bartlett_short_bandwidth,False,ok,-14.52774099064002,5.393820837543576e-27,-3.492995948509562,-2.888954648057252,-2.58139291903223,8,107,True,
5min,2024-03-20,2024-03-20,2024-03-20,108,lag_sensitivity,KPSS,c,level_or_trend_stationarity,,Bartlett_short_bandwidth,False,ok,0.18154682889897544,0.3067888990828151,0.7428,0.4614,0.3475,8,108,False,
5min,2024-03-21,2024-03-21,2024-03-21,108,main,ADF,c,unit_root,12.0,bic,False,ok,-10.388649118235259,2.048285330747481e-18,-3.492995948509562,-2.888954648057252,-2.58139291903223,0,107,True,
5min,2024-03-21,2024-03-21,2024-03-21,108,main,PP,c,unit_root,,Bartlett_short_bandwidth,False,ok,-10.438494047077999,1.5438980587256617e-18,-3.492995948509562,-2.888954648057252,-2.58139291903223,4,107,True,
5min,2024-03-21,2024-03-21,2024-03-21,108,main,KPSS,c,level_or_trend_stationarity,,Bartlett_short_bandwidth,False,ok,0.24290738802019374,0.19804529441639762,0.7428,0.4614,0.3475,4,108,False,
5min,2024-03-21,2024-03-21,2024-03-21,108,trend_sensitivity,ADF,ct,unit_root,12.0,bic,False,ok,-10.516297746130087,1.972456110010956e-16,-4.045970933273362,-3.452348053635668,-3.1515755794286404,0,107,True,
5min,2024-03-21,2024-03-21,2024-03-21,108,trend_sensitivity,PP,ct,unit_root,,Bartlett_short_bandwidth,False,ok,-10.544166036678911,1.7335581581401052e-16,-4.045970933273362,-3.452348053635668,-3.1515755794286404,4,107,True,
5min,2024-03-21,2024-03-21,2024-03-21,108,trend_sensitivity,KPSS,ct,level_or_trend_stationarity,,Bartlett_short_bandwidth,False,ok,0.07044052139663982,0.34344378106344975,0.2175,0.1479,0.1193,4,108,False,
5min,2024-03-21,2024-03-21,2024-03-21,108,lag_sensitivity,ADF,c,unit_root,12.0,aic,False,ok,-10.388649118235259,2.048285330747481e-18,-3.492995948509562,-2.888954648057252,-2.58139291903223,0,107,True,
5min,2024-03-21,2024-03-21,2024-03-21,108,lag_sensitivity,PP,c,unit_root,,Bartlett_short_bandwidth,False,ok,-10.457806522599853,1.3839733348195414e-18,-3.492995948509562,-2.888954648057252,-2.58139291903223,8,107,True,
5min,2024-03-21,2024-03-21,2024-03-21,108,lag_sensitivity,KPSS,c,level_or_trend_stationarity,,Bartlett_short_bandwidth,False,ok,0.23425041550641648,0.2100751280205811,0.7428,0.4614,0.3475,8,108,False,
5min,2024-03-22,2024-03-22,2024-03-22,108,main,ADF,c,unit_root,12.0,bic,False,ok,-11.60007777967179,2.661900438246073e-21,-3.492995948509562,-2.888954648057252,-2.58139291903223,0,107,True,
5min,2024-03-22,2024-03-22,2024-03-22,108,main,PP,c,unit_root,,Bartlett_short_bandwidth,False,ok,-11.868625229915708,6.58394763704649e-22,-3.492995948509562,-2.888954648057252,-2.58139291903223,4,107,True,
5min,2024-03-22,2024-03-22,2024-03-22,108,main,KPSS,c,level_or_trend_stationarity,,Bartlett_short_bandwidth,False,ok,0.048257514031422644,0.8872784226140715,0.7428,0.4614,0.3475,4,108,False,
5min,2024-03-22,2024-03-22,2024-03-22,108,trend_sensitivity,ADF,ct,unit_root,12.0,bic,False,ok,-11.54946486956799,2.2051465369908403e-18,-4.045970933273362,-3.452348053635668,-3.1515755794286404,0,107,True,
5min,2024-03-22,2024-03-22,2024-03-22,108,trend_sensitivity,PP,ct,unit_root,,Bartlett_short_bandwidth,False,ok,-11.82002767837626,7.591497506756535e-19,-4.045970933273362,-3.452348053635668,-3.1515755794286404,4,107,True,
5min,2024-03-22,2024-03-22,2024-03-22,108,trend_sensitivity,KPSS,ct,level_or_trend_stationarity,,Bartlett_short_bandwidth,False,ok,0.04446729063464754,0.6539906404802868,0.2175,0.1479,0.1193,4,108,False,
5min,2024-03-22,2024-03-22,2024-03-22,108,lag_sensitivity,ADF,c,unit_root,12.0,aic,False,ok,-9.516420201597938,3.1483008450296514e-16,-3.4936021509366793,-2.8892174239808703,-2.58153320754717,1,106,True,
5min,2024-03-22,2024-03-22,2024-03-22,108,lag_sensitivity,PP,c,unit_root,,Bartlett_short_bandwidth,False,ok,-12.785899470305463,7.248109996702651e-24,-3.492995948509562,-2.888954648057252,-2.58139291903223,8,107,True,
5min,2024-03-22,2024-03-22,2024-03-22,108,lag_sensitivity,KPSS,c,level_or_trend_stationarity,,Bartlett_short_bandwidth,False,ok,0.07566548943183184,0.7178806672217044,0.7428,0.4614,0.3475,8,108,False,
5min,2024-03-25,2024-03-25,2024-03-25,108,main,ADF,c,unit_root,12.0,bic,False,ok,-8.89049236342586,1.2463312294843205e-14,-3.4942202045135513,-2.889485291005291,-2.5816762131519275,2,105,True,
5min,2024-03-25,2024-03-25,2024-03-25,108,main,PP,c,unit_root,,Bartlett_short_bandwidth,False,ok,-10.878448712746493,1.3133215825935812e-19,-3.492995948509562,-2.888954648057252,-2.58139291903223,4,107,True,
5min,2024-03-25,2024-03-25,2024-03-25,108,main,KPSS,c,level_or_trend_stationarity,,Bartlett_short_bandwidth,False,ok,0.11664404409830584,0.5099547432465951,0.7428,0.4614,0.3475,4,108,False,
5min,2024-03-25,2024-03-25,2024-03-25,108,trend_sensitivity,ADF,ct,unit_root,12.0,bic,False,ok,-8.928222899071386,5.276198697423296e-13,-4.047684391534392,-3.4531621209372636,-3.1520501036605117,2,105,True,
5min,2024-03-25,2024-03-25,2024-03-25,108,trend_sensitivity,PP,ct,unit_root,,Bartlett_short_bandwidth,False,ok,-10.864756356212748,4.043426369958384e-17,-4.045970933273362,-3.452348053635668,-3.1515755794286404,4,107,True,
5min,2024-03-25,2024-03-25,2024-03-25,108,trend_sensitivity,KPSS,ct,level_or_trend_stationarity,,Bartlett_short_bandwidth,False,ok,0.05088617383134105,0.5624612659362583,0.2175,0.1479,0.1193,4,108,False,
5min,2024-03-25,2024-03-25,2024-03-25,108,lag_sensitivity,ADF,c,unit_root,12.0,aic,False,ok,-3.6088797977890783,0.00559351676459183,-3.5003788874873405,-2.8921519665075235,-2.5830997960069446,11,96,True,
5min,2024-03-25,2024-03-25,2024-03-25,108,lag_sensitivity,PP,c,unit_root,,Bartlett_short_bandwidth,False,ok,-11.068115215480898,4.6262738861055193e-20,-3.492995948509562,-2.888954648057252,-2.58139291903223,8,107,True,
5min,2024-03-25,2024-03-25,2024-03-25,108,lag_sensitivity,KPSS,c,level_or_trend_stationarity,,Bartlett_short_bandwidth,False,ok,0.12564501298702213,0.4737696855775442,0.7428,0.4614,0.3475,8,108,False,
5min,2024-03-26,2024-03-26,2024-03-26,108,main,ADF,c,unit_root,12.0,bic,False,ok,-10.617370048558092,5.629453540854733e-19,-3.492995948509562,-2.888954648057252,-2.58139291903223,0,107,True,
5min,2024-03-26,2024-03-26,2024-03-26,108,main,PP,c,unit_root,,Bartlett_short_bandwidth,False,ok,-10.647041637661626,4.766185830820486e-19,-3.492995948509562,-2.888954648057252,-2.58139291903223,4,107,True,
5min,2024-03-26,2024-03-26,2024-03-26,108,main,KPSS,c,level_or_trend_stationarity,,Bartlett_short_bandwidth,False,ok,0.15625646623372658,0.37161766001867086,0.7428,0.4614,0.3475,4,108,False,
5min,2024-03-26,2024-03-26,2024-03-26,108,trend_sensitivity,ADF,ct,unit_root,12.0,bic,False,ok,-10.65673353979848,1.0333232417953833e-16,-4.045970933273362,-3.452348053635668,-3.1515755794286404,0,107,True,
5min,2024-03-26,2024-03-26,2024-03-26,108,trend_sensitivity,PP,ct,unit_root,,Bartlett_short_bandwidth,False,ok,-10.707698589791015,8.193258257921299e-17,-4.045970933273362,-3.452348053635668,-3.1515755794286404,4,107,True,
5min,2024-03-26,2024-03-26,2024-03-26,108,trend_sensitivity,KPSS,ct,level_or_trend_stationarity,,Bartlett_short_bandwidth,False,ok,0.04427669560952026,0.656849565857196,0.2175,0.1479,0.1193,4,108,False,
5min,2024-03-26,2024-03-26,2024-03-26,108,lag_sensitivity,ADF,c,unit_root,12.0,aic,False,ok,-10.617370048558092,5.629453540854733e-19,-3.492995948509562,-2.888954648057252,-2.58139291903223,0,107,True,
5min,2024-03-26,2024-03-26,2024-03-26,108,lag_sensitivity,PP,c,unit_root,,Bartlett_short_bandwidth,False,ok,-10.725509548249407,3.0728060305345967e-19,-3.492995948509562,-2.888954648057252,-2.58139291903223,8,107,True,
5min,2024-03-26,2024-03-26,2024-03-26,108,lag_sensitivity,KPSS,c,level_or_trend_stationarity,,Bartlett_short_bandwidth,False,ok,0.17703093038060602,0.3171702749871126,0.7428,0.4614,0.3475,8,108,False,
5min,2024-03-27,2024-03-27,2024-03-27,108,main,ADF,c,unit_root,12.0,bic,False,ok,-11.460046452945098,5.58333828023293e-21,-3.492995948509562,-2.888954648057252,-2.58139291903223,0,107,True,
5min,2024-03-27,2024-03-27,2024-03-27,108,main,PP,c,unit_root,,Bartlett_short_bandwidth,False,ok,-11.596093282706747,2.7182935119642675e-21,-3.492995948509562,-2.888954648057252,-2.58139291903223,4,107,True,
5min,2024-03-27,2024-03-27,2024-03-27,108,main,KPSS,c,level_or_trend_stationarity,,Bartlett_short_bandwidth,False,ok,0.13320491067126983,0.4453548109280977,0.7428,0.4614,0.3475,4,108,False,
5min,2024-03-27,2024-03-27,2024-03-27,108,trend_sensitivity,ADF,ct,unit_root,12.0,bic,False,ok,-11.427135705648025,3.629147001439396e-18,-4.045970933273362,-3.452348053635668,-3.1515755794286404,0,107,True,
5min,2024-03-27,2024-03-27,2024-03-27,108,trend_sensitivity,PP,ct,unit_root,,Bartlett_short_bandwidth,False,ok,-11.566842209396,2.056119653444765e-18,-4.045970933273362,-3.452348053635668,-3.1515755794286404,4,107,True,
5min,2024-03-27,2024-03-27,2024-03-27,108,trend_sensitivity,KPSS,ct,level_or_trend_stationarity,,Bartlett_short_bandwidth,False,ok,0.08634844451214825,0.22830933292711053,0.2175,0.1479,0.1193,4,108,False,
5min,2024-03-27,2024-03-27,2024-03-27,108,lag_sensitivity,ADF,c,unit_root,12.0,aic,False,ok,-8.706081715850347,3.697140943833627e-14,-3.4936021509366793,-2.8892174239808703,-2.58153320754717,1,106,True,
5min,2024-03-27,2024-03-27,2024-03-27,108,lag_sensitivity,PP,c,unit_root,,Bartlett_short_bandwidth,False,ok,-11.648482123112402,2.0645393768863447e-21,-3.492995948509562,-2.888954648057252,-2.58139291903223,8,107,True,
5min,2024-03-27,2024-03-27,2024-03-27,108,lag_sensitivity,KPSS,c,level_or_trend_stationarity,,Bartlett_short_bandwidth,False,ok,0.1426599135337988,0.4133977130326961,0.7428,0.4614,0.3475,8,108,False,
5min,2024-03-28,2024-03-28,2024-03-28,108,main,ADF,c,unit_root,12.0,bic,False,ok,-8.675363937212387,4.4312671053691395e-14,-3.492995948509562,-2.888954648057252,-2.58139291903223,0,107,True,
5min,2024-03-28,2024-03-28,2024-03-28,108,main,PP,c,unit_root,,Bartlett_short_bandwidth,False,ok,-8.689868781197296,4.068033880184727e-14,-3.492995948509562,-2.888954648057252,-2.58139291903223,4,107,True,
5min,2024-03-28,2024-03-28,2024-03-28,108,main,KPSS,c,level_or_trend_stationarity,,Bartlett_short_bandwidth,False,ok,0.21629251908089747,0.23836397953698218,0.7428,0.4614,0.3475,4,108,False,
5min,2024-03-28,2024-03-28,2024-03-28,108,trend_sensitivity,ADF,ct,unit_root,12.0,bic,False,ok,-8.689505690358986,1.8448615430506553e-12,-4.045970933273362,-3.452348053635668,-3.1515755794286404,0,107,True,
5min,2024-03-28,2024-03-28,2024-03-28,108,trend_sensitivity,PP,ct,unit_root,,Bartlett_short_bandwidth,False,ok,-8.689096735237586,1.8488381505912574e-12,-4.045970933273362,-3.452348053635668,-3.1515755794286404,4,107,True,
5min,2024-03-28,2024-03-28,2024-03-28,108,trend_sensitivity,KPSS,ct,level_or_trend_stationarity,,Bartlett_short_bandwidth,False,ok,0.0672479118174517,0.3726389350718886,0.2175,0.1479,0.1193,4,108,False,
5min,2024-03-28,2024-03-28,2024-03-28,108,lag_sensitivity,ADF,c,unit_root,12.0,aic,False,ok,-8.675363937212387,4.4312671053691395e-14,-3.492995948509562,-2.888954648057252,-2.58139291903223,0,107,True,
5min,2024-03-28,2024-03-28,2024-03-28,108,lag_sensitivity,PP,c,unit_root,,Bartlett_short_bandwidth,False,ok,-8.657731219998709,4.9167635942138135e-14,-3.492995948509562,-2.888954648057252,-2.58139291903223,8,107,True,
5min,2024-03-28,2024-03-28,2024-03-28,108,lag_sensitivity,KPSS,c,level_or_trend_stationarity,,Bartlett_short_bandwidth,False,ok,0.2205304138145952,0.23137843876715075,0.7428,0.4614,0.3475,8,108,False,
5min,2024-04-01,2024-04-01,2024-04-01,108,main,ADF,c,unit_root,12.0,bic,False,ok,-10.174458623355235,6.951152318180269e-18,-3.492995948509562,-2.888954648057252,-2.58139291903223,0,107,True,
5min,2024-04-01,2024-04-01,2024-04-01,108,main,PP,c,unit_root,,Bartlett_short_bandwidth,False,ok,-10.19371682375944,6.225121872186971e-18,-3.492995948509562,-2.888954648057252,-2.58139291903223,4,107,True,
5min,2024-04-01,2024-04-01,2024-04-01,108,main,KPSS,c,level_or_trend_stationarity,,Bartlett_short_bandwidth,False,ok,0.3186996607280539,0.11993103063802499,0.7428,0.4614,0.3475,4,108,False,
5min,2024-04-01,2024-04-01,2024-04-01,108,trend_sensitivity,ADF,ct,unit_root,12.0,bic,False,ok,-10.306604217872627,5.275717148636831e-16,-4.045970933273362,-3.452348053635668,-3.1515755794286404,0,107,True,
5min,2024-04-01,2024-04-01,2024-04-01,108,trend_sensitivity,PP,ct,unit_root,,Bartlett_short_bandwidth,False,ok,-10.36843531690714,3.9384425099500183e-16,-4.045970933273362,-3.452348053635668,-3.1515755794286404,4,107,True,
5min,2024-04-01,2024-04-01,2024-04-01,108,trend_sensitivity,KPSS,ct,level_or_trend_stationarity,,Bartlett_short_bandwidth,False,ok,0.06757269004821888,0.3695458090645821,0.2175,0.1479,0.1193,4,108,False,
5min,2024-04-01,2024-04-01,2024-04-01,108,lag_sensitivity,ADF,c,unit_root,12.0,aic,False,ok,-10.174458623355235,6.951152318180269e-18,-3.492995948509562,-2.888954648057252,-2.58139291903223,0,107,True,
5min,2024-04-01,2024-04-01,2024-04-01,108,lag_sensitivity,PP,c,unit_root,,Bartlett_short_bandwidth,False,ok,-10.173219969803315,7.000668134398595e-18,-3.492995948509562,-2.888954648057252,-2.58139291903223,8,107,True,
5min,2024-04-01,2024-04-01,2024-04-01,108,lag_sensitivity,KPSS,c,level_or_trend_stationarity,,Bartlett_short_bandwidth,False,ok,0.27579663721485037,0.15875350290119752,0.7428,0.4614,0.3475,8,108,False,
5min,2024-04-02,2024-04-02,2024-04-02,108,main,ADF,c,unit_root,12.0,bic,False,ok,-11.280548358423662,1.4598637270723963e-20,-3.492995948509562,-2.888954648057252,-2.58139291903223,0,107,True,
5min,2024-04-02,2024-04-02,2024-04-02,108,main,PP,c,unit_root,,Bartlett_short_bandwidth,False,ok,-11.574998643060024,3.0377082586219414e-21,-3.492995948509562,-2.888954648057252,-2.58139291903223,4,107,True,
5min,2024-04-02,2024-04-02,2024-04-02,108,main,KPSS,c,level_or_trend_stationarity,,Bartlett_short_bandwidth,False,ok,0.2716199530339396,0.16310421558964625,0.7428,0.4614,0.3475,4,108,False,
5min,2024-04-02,2024-04-02,2024-04-02,108,trend_sensitivity,ADF,ct,unit_root,12.0,bic,False,ok,-11.288426604934054,6.459730903499301e-18,-4.045970933273362,-3.452348053635668,-3.1515755794286404,0,107,True,
5min,2024-04-02,2024-04-02,2024-04-02,108,trend_sensitivity,PP,ct,unit_root,,Bartlett_short_bandwidth,False,ok,-11.592910314334269,1.851930573757776e-18,-4.045970933273362,-3.452348053635668,-3.1515755794286404,4,107,True,
5min,2024-04-02,2024-04-02,2024-04-02,108,trend_sensitivity,KPSS,ct,level_or_trend_stationarity,,Bartlett_short_bandwidth,False,ok,0.09311127697186962,0.19259552565372645,0.2175,0.1479,0.1193,4,108,False,
5min,2024-04-02,2024-04-02,2024-04-02,108,lag_sensitivity,ADF,c,unit_root,12.0,aic,False,ok,-3.42598384662224,0.010104340406582394,-3.498198082189098,-2.891208211860468,-2.5825959973472097,8,99,True,
5min,2024-04-02,2024-04-02,2024-04-02,108,lag_sensitivity,PP,c,unit_root,,Bartlett_short_bandwidth,False,ok,-11.526587367248746,3.922691904622773e-21,-3.492995948509562,-2.888954648057252,-2.58139291903223,8,107,True,
5min,2024-04-02,2024-04-02,2024-04-02,108,lag_sensitivity,KPSS,c,level_or_trend_stationarity,,Bartlett_short_bandwidth,False,ok,0.24740657956336737,0.1920428467136316,0.7428,0.4614,0.3475,8,108,False,
5min,2024-04-03,2024-04-03,2024-04-03,108,main,ADF,c,unit_root,12.0,bic,False,ok,-9.319059182784379,1.000672193935585e-15,-3.492995948509562,-2.888954648057252,-2.58139291903223,0,107,True,
5min,2024-04-03,2024-04-03,2024-04-03,108,main,PP,c,unit_root,,Bartlett_short_bandwidth,False,ok,-9.420345030863372,5.524837380046674e-16,-3.492995948509562,-2.888954648057252,-2.58139291903223,4,107,True,
5min,2024-04-03,2024-04-03,2024-04-03,108,main,KPSS,c,level_or_trend_stationarity,,Bartlett_short_bandwidth,False,ok,0.13786903395188516,0.42935262345244807,0.7428,0.4614,0.3475,4,108,False,
5min,2024-04-03,2024-04-03,2024-04-03,108,trend_sensitivity,ADF,ct,unit_root,12.0,bic,False,ok,-9.311154217384896,7.272800051049483e-14,-4.045970933273362,-3.452348053635668,-3.1515755794286404,0,107,True,
5min,2024-04-03,2024-04-03,2024-04-03,108,trend_sensitivity,PP,ct,unit_root,,Bartlett_short_bandwidth,False,ok,-9.401769244045566,4.576828154137418e-14,-4.045970933273362,-3.452348053635668,-3.1515755794286404,4,107,True,
5min,2024-04-03,2024-04-03,2024-04-03,108,trend_sensitivity,KPSS,ct,level_or_trend_stationarity,,Bartlett_short_bandwidth,False,ok,0.11298139246721488,0.117077317656176,0.2175,0.1479,0.1193,4,108,False,
5min,2024-04-03,2024-04-03,2024-04-03,108,lag_sensitivity,ADF,c,unit_root,12.0,aic,False,ok,-9.319059182784379,1.000672193935585e-15,-3.492995948509562,-2.888954648057252,-2.58139291903223,0,107,True,
5min,2024-04-03,2024-04-03,2024-04-03,108,lag_sensitivity,PP,c,unit_root,,Bartlett_short_bandwidth,False,ok,-9.634078379175907,1.5836659738326135e-16,-3.492995948509562,-2.888954648057252,-2.58139291903223,8,107,True,
5min,2024-04-03,2024-04-03,2024-04-03,108,lag_sensitivity,KPSS,c,level_or_trend_stationarity,,Bartlett_short_bandwidth,False,ok,0.11190190108049053,0.529991967265533,0.7428,0.4614,0.3475,8,108,False,
5min,2024-04-04,2024-04-04,2024-04-04,108,main,ADF,c,unit_root,12.0,bic,False,ok,-9.90518473182283,3.2777967095408534e-17,-3.492995948509562,-2.888954648057252,-2.58139291903223,0,107,True,
5min,2024-04-04,2024-04-04,2024-04-04,108,main,PP,c,unit_root,,Bartlett_short_bandwidth,False,ok,-10.042872288986736,1.4803628702294744e-17,-3.492995948509562,-2.888954648057252,-2.58139291903223,4,107,True,
5min,2024-04-04,2024-04-04,2024-04-04,108,main,KPSS,c,level_or_trend_stationarity,,Bartlett_short_bandwidth,False,ok,0.6418855047241427,0.017801030970123505,0.7428,0.4614,0.3475,4,108,True,
5min,2024-04-04,2024-04-04,2024-04-04,108,trend_sensitivity,ADF,ct,unit_root,12.0,bic,False,ok,-10.525638187319448,1.8888432029783612e-16,-4.045970933273362,-3.452348053635668,-3.1515755794286404,0,107,True,
5min,2024-04-04,2024-04-04,2024-04-04,108,trend_sensitivity,PP,ct,unit_root,,Bartlett_short_bandwidth,False,ok,-10.547762802003668,1.7049614144793732e-16,-4.045970933273362,-3.452348053635668,-3.1515755794286404,4,107,True,
5min,2024-04-04,2024-04-04,2024-04-04,108,trend_sensitivity,KPSS,ct,level_or_trend_stationarity,,Bartlett_short_bandwidth,False,ok,0.08668917368037703,0.22626495791773787,0.2175,0.1479,0.1193,4,108,False,
5min,2024-04-04,2024-04-04,2024-04-04,108,lag_sensitivity,ADF,c,unit_root,12.0,aic,False,ok,-5.961603833766813,2.0328499510702107e-07,-3.4936021509366793,-2.8892174239808703,-2.58153320754717,1,106,True,
5min,2024-04-04,2024-04-04,2024-04-04,108,lag_sensitivity,PP,c,unit_root,,Bartlett_short_bandwidth,False,ok,-10.361299450975746,2.392624967530416e-18,-3.492995948509562,-2.888954648057252,-2.58139291903223,8,107,True,
5min,2024-04-04,2024-04-04,2024-04-04,108,lag_sensitivity,KPSS,c,level_or_trend_stationarity,,Bartlett_short_bandwidth,False,ok,0.4904607386409981,0.04220981533975048,0.7428,0.4614,0.3475,8,108,True,
5min,2024-04-05,2024-04-05,2024-04-05,108,main,ADF,c,unit_root,12.0,bic,False,ok,-11.439410283661386,6.231595405630479e-21,-3.492995948509562,-2.888954648057252,-2.58139291903223,0,107,True,
5min,2024-04-05,2024-04-05,2024-04-05,108,main,PP,c,unit_root,,Bartlett_short_bandwidth,False,ok,-11.548179245319522,3.4995125308809066e-21,-3.492995948509562,-2.888954648057252,-2.58139291903223,4,107,True,
5min,2024-04-05,2024-04-05,2024-04-05,108,main,KPSS,c,level_or_trend_stationarity,,Bartlett_short_bandwidth,False,ok,0.12118742802737595,0.4913654156814107,0.7428,0.4614,0.3475,4,108,False,
5min,2024-04-05,2024-04-05,2024-04-05,108,trend_sensitivity,ADF,ct,unit_root,12.0,bic,False,ok,-11.501754318194601,2.6749662040596047e-18,-4.045970933273362,-3.452348053635668,-3.1515755794286404,0,107,True,
5min,2024-04-05,2024-04-05,2024-04-05,108,trend_sensitivity,PP,ct,unit_root,,Bartlett_short_bandwidth,False,ok,-11.678810990678258,1.3162670842667927e-18,-4.045970933273362,-3.452348053635668,-3.1515755794286404,4,107,True,
5min,2024-04-05,2024-04-05,2024-04-05,108,trend_sensitivity,KPSS,ct,level_or_trend_stationarity,,Bartlett_short_bandwidth,False,ok,0.06384484601408062,0.4067774550267522,0.2175,0.1479,0.1193,4,108,False,
5min,2024-04-05,2024-04-05,2024-04-05,108,lag_sensitivity,ADF,c,unit_root,12.0,aic,False,ok,-11.439410283661386,6.231595405630479e-21,-3.492995948509562,-2.888954648057252,-2.58139291903223,0,107,True,
5min,2024-04-05,2024-04-05,2024-04-05,108,lag_sensitivity,PP,c,unit_root,,Bartlett_short_bandwidth,False,ok,-11.468801739240735,5.329381026514396e-21,-3.492995948509562,-2.888954648057252,-2.58139291903223,8,107,True,
5min,2024-04-05,2024-04-05,2024-04-05,108,lag_sensitivity,KPSS,c,level_or_trend_stationarity,,Bartlett_short_bandwidth,False,ok,0.1191408973208024,0.4994438263652537,0.7428,0.4614,0.3475,8,108,False,
5min,2024-04-08,2024-04-08,2024-04-08,108,main,ADF,c,unit_root,12.0,bic,False,ok,-9.297906554256688,1.132981615928907e-15,-3.492995948509562,-2.888954648057252,-2.58139291903223,0,107,True,
5min,2024-04-08,2024-04-08,2024-04-08,108,main,PP,c,unit_root,,Bartlett_short_bandwidth,False,ok,-9.357898595831049,7.967367839154943e-16,-3.492995948509562,-2.888954648057252,-2.58139291903223,4,107,True,
5min,2024-04-08,2024-04-08,2024-04-08,108,main,KPSS,c,level_or_trend_stationarity,,Bartlett_short_bandwidth,False,ok,0.20090927123122365,0.26625633091916934,0.7428,0.4614,0.3475,4,108,False,
5min,2024-04-08,2024-04-08,2024-04-08,108,trend_sensitivity,ADF,ct,unit_root,12.0,bic,False,ok,-9.473611821564672,3.1759414342174564e-14,-4.045970933273362,-3.452348053635668,-3.1515755794286404,0,107,True,
5min,2024-04-08,2024-04-08,2024-04-08,108,trend_sensitivity,PP,ct,unit_root,,Bartlett_short_bandwidth,False,ok,-9.496282572082125,2.8310231190398424e-14,-4.045970933273362,-3.452348053635668,-3.1515755794286404,4,107,True,
5min,2024-04-08,2024-04-08,2024-04-08,108,trend_sensitivity,KPSS,ct,level_or_trend_stationarity,,Bartlett_short_bandwidth,False,ok,0.04345088011023168,0.6692367983465247,0.2175,0.1479,0.1193,4,108,False,
5min,2024-04-08,2024-04-08,2024-04-08,108,lag_sensitivity,ADF,c,unit_root,12.0,aic,False,ok,-5.490684182030225,2.1787899922723418e-06,-3.4954932834550623,-2.8900369024285117,-2.5819706975209726,4,103,True,
5min,2024-04-08,2024-04-08,2024-04-08,108,lag_sensitivity,PP,c,unit_root,,Bartlett_short_bandwidth,False,ok,-9.262144402807285,1.3977922316611048e-15,-3.492995948509562,-2.888954648057252,-2.58139291903223,8,107,True,
5min,2024-04-08,2024-04-08,2024-04-08,108,lag_sensitivity,KPSS,c,level_or_trend_stationarity,,Bartlett_short_bandwidth,False,ok,0.24068952186682835,0.20112566407384955,0.7428,0.4614,0.3475,8,108,False,
5min,2024-04-09,2024-04-09,2024-04-09,108,main,ADF,c,unit_root,12.0,bic,False,ok,-8.443363736358489,1.738995144303463e-13,-3.4936021509366793,-2.8892174239808703,-2.58153320754717,1,106,True,
5min,2024-04-09,2024-04-09,2024-04-09,108,main,PP,c,unit_root,,Bartlett_short_bandwidth,False,ok,-10.610847499552209,5.839472513894509e-19,-3.492995948509562,-2.888954648057252,-2.58139291903223,4,107,True,
5min,2024-04-09,2024-04-09,2024-04-09,108,main,KPSS,c,level_or_trend_stationarity,,Bartlett_short_bandwidth,False,ok,0.046772247144758916,0.896301444887092,0.7428,0.4614,0.3475,4,108,False,
5min,2024-04-09,2024-04-09,2024-04-09,108,trend_sensitivity,ADF,ct,unit_root,12.0,bic,False,ok,-8.40325778877126,8.375160218568134e-12,-4.0468193247781725,-3.452751165593073,-3.151810567112449,1,106,True,
5min,2024-04-09,2024-04-09,2024-04-09,108,trend_sensitivity,PP,ct,unit_root,,Bartlett_short_bandwidth,False,ok,-10.55705416700673,1.633303242097712e-16,-4.045970933273362,-3.452348053635668,-3.1515755794286404,4,107,True,
5min,2024-04-09,2024-04-09,2024-04-09,108,trend_sensitivity,KPSS,ct,level_or_trend_stationarity,,Bartlett_short_bandwidth,False,ok,0.04272255134458006,0.6801617298312991,0.2175,0.1479,0.1193,4,108,False,
5min,2024-04-09,2024-04-09,2024-04-09,108,lag_sensitivity,ADF,c,unit_root,12.0,aic,False,ok,-5.930660120137448,2.384979904943404e-07,-3.4954932834550623,-2.8900369024285117,-2.5819706975209726,4,103,True,
5min,2024-04-09,2024-04-09,2024-04-09,108,lag_sensitivity,PP,c,unit_root,,Bartlett_short_bandwidth,False,ok,-10.857440636376868,1.4753214205737416e-19,-3.492995948509562,-2.888954648057252,-2.58139291903223,8,107,True,
5min,2024-04-09,2024-04-09,2024-04-09,108,lag_sensitivity,KPSS,c,level_or_trend_stationarity,,Bartlett_short_bandwidth,False,ok,0.06448041152602349,0.7867539179729109,0.7428,0.4614,0.3475,8,108,False,
5min,2024-04-10,2024-04-10,2024-04-10,108,main,ADF,c,unit_root,12.0,bic,False,ok,-11.10265862720293,3.830791986817242e-20,-3.492995948509562,-2.888954648057252,-2.58139291903223,0,107,True,
5min,2024-04-10,2024-04-10,2024-04-10,108,main,PP,c,unit_root,,Bartlett_short_bandwidth,False,ok,-11.352117251510517,9.936163263640677e-21,-3.492995948509562,-2.888954648057252,-2.58139291903223,4,107,True,
5min,2024-04-10,2024-04-10,2024-04-10,108,main,KPSS,c,level_or_trend_stationarity,,Bartlett_short_bandwidth,False,ok,0.42517372297294365,0.06215273572445728,0.7428,0.4614,0.3475,4,108,False,
5min,2024-04-10,2024-04-10,2024-04-10,108,trend_sensitivity,ADF,ct,unit_root,12.0,bic,False,ok,-11.35632128446921,4.8638586874237155e-18,-4.045970933273362,-3.452348053635668,-3.1515755794286404,0,107,True,
5min,2024-04-10,2024-04-10,2024-04-10,108,trend_sensitivity,PP,ct,unit_root,,Bartlett_short_bandwidth,False,ok,-11.937607269375722,4.852014936449805e-19,-4.045970933273362,-3.452348053635668,-3.1515755794286404,4,107,True,
5min,2024-04-10,2024-04-10,2024-04-10,108,trend_sensitivity,KPSS,ct,level_or_trend_stationarity,,Bartlett_short_bandwidth,False,ok,0.05902173838611777,0.45950311445097897,0.2175,0.1479,0.1193,4,108,False,
5min,2024-04-10,2024-04-10,2024-04-10,108,lag_sensitivity,ADF,c,unit_root,12.0,aic,False,ok,-3.4544654738680753,0.00923648446589138,-3.4989097606014496,-2.891516256916761,-2.5827604414827157,9,98,True,
5min,2024-04-10,2024-04-10,2024-04-10,108,lag_sensitivity,PP,c,unit_root,,Bartlett_short_bandwidth,False,ok,-11.459937194036872,5.586583843878171e-21,-3.492995948509562,-2.888954648057252,-2.58139291903223,8,107,True,
5min,2024-04-10,2024-04-10,2024-04-10,108,lag_sensitivity,KPSS,c,level_or_trend_stationarity,,Bartlett_short_bandwidth,False,ok,0.4571486521388303,0.051328546206615526,0.7428,0.4614,0.3475,8,108,False,
5min,2024-04-11,2024-04-11,2024-04-11,108,main,ADF,c,unit_root,12.0,bic,False,ok,-10.53813985876705,8.791376795075506e-19,-3.492995948509562,-2.888954648057252,-2.58139291903223,0,107,True,
5min,2024-04-11,2024-04-11,2024-04-11,108,main,PP,c,unit_root,,Bartlett_short_bandwidth,False,ok,-10.657128075698942,4.504234999720435e-19,-3.492995948509562,-2.888954648057252,-2.58139291903223,4,107,True,
5min,2024-04-11,2024-04-11,2024-04-11,108,main,KPSS,c,level_or_trend_stationarity,,Bartlett_short_bandwidth,False,ok,0.0505867722476894,0.8729759598826089,0.7428,0.4614,0.3475,4,108,False,
5min,2024-04-11,2024-04-11,2024-04-11,108,trend_sensitivity,ADF,ct,unit_root,12.0,bic,False,ok,-10.493253776881284,2.1953288608547624e-16,-4.045970933273362,-3.452348053635668,-3.1515755794286404,0,107,True,
5min,2024-04-11,2024-04-11,2024-04-11,108,trend_sensitivity,PP,ct,unit_root,,Bartlett_short_bandwidth,False,ok,-10.605870395870419,1.304401190631206e-16,-4.045970933273362,-3.452348053635668,-3.1515755794286404,4,107,True,
5min,2024-04-11,2024-04-11,2024-04-11,108,trend_sensitivity,KPSS,ct,level_or_trend_stationarity,,Bartlett_short_bandwidth,False,ok,0.04329506460317417,0.6715740309523874,0.2175,0.1479,0.1193,4,108,False,
5min,2024-04-11,2024-04-11,2024-04-11,108,lag_sensitivity,ADF,c,unit_root,12.0,aic,False,ok,-10.53813985876705,8.791376795075506e-19,-3.492995948509562,-2.888954648057252,-2.58139291903223,0,107,True,
5min,2024-04-11,2024-04-11,2024-04-11,108,lag_sensitivity,PP,c,unit_root,,Bartlett_short_bandwidth,False,ok,-10.768701721889835,2.415188487476065e-19,-3.492995948509562,-2.888954648057252,-2.58139291903223,8,107,True,
5min,2024-04-11,2024-04-11,2024-04-11,108,lag_sensitivity,KPSS,c,level_or_trend_stationarity,,Bartlett_short_bandwidth,False,ok,0.056533378726014265,0.8361655208745227,0.7428,0.4614,0.3475,8,108,False,
5min,2024-04-12,2024-04-12,2024-04-12,108,main,ADF,c,unit_root,12.0,bic,False,ok,-11.625084522671283,2.3340954419172604e-21,-3.492995948509562,-2.888954648057252,-2.58139291903223,0,107,True,
5min,2024-04-12,2024-04-12,2024-04-12,108,main,PP,c,unit_root,,Bartlett_short_bandwidth,False,ok,-11.618895677241774,2.4111970453087066e-21,-3.492995948509562,-2.888954648057252,-2.58139291903223,4,107,True,
5min,2024-04-12,2024-04-12,2024-04-12,108,main,KPSS,c,level_or_trend_stationarity,,Bartlett_short_bandwidth,False,ok,0.1409015647441069,0.4190334463329907,0.7428,0.4614,0.3475,4,108,False,
5min,2024-04-12,2024-04-12,2024-04-12,108,trend_sensitivity,ADF,ct,unit_root,12.0,bic,False,ok,-11.608441811269707,1.7404227685353555e-18,-4.045970933273362,-3.452348053635668,-3.1515755794286404,0,107,True,
5min,2024-04-12,2024-04-12,2024-04-12,108,trend_sensitivity,PP,ct,unit_root,,Bartlett_short_bandwidth,False,ok,-11.611830464880356,1.7170375516493152e-18,-4.045970933273362,-3.452348053635668,-3.1515755794286404,4,107,True,
5min,2024-04-12,2024-04-12,2024-04-12,108,trend_sensitivity,KPSS,ct,level_or_trend_stationarity,,Bartlett_short_bandwidth,False,ok,0.0954604841892583,0.1812910164256108,0.2175,0.1479,0.1193,4,108,False,
5min,2024-04-12,2024-04-12,2024-04-12,108,lag_sensitivity,ADF,c,unit_root,12.0,aic,False,ok,-11.625084522671283,2.3340954419172604e-21,-3.492995948509562,-2.888954648057252,-2.58139291903223,0,107,True,
5min,2024-04-12,2024-04-12,2024-04-12,108,lag_sensitivity,PP,c,unit_root,,Bartlett_short_bandwidth,False,ok,-11.60484377243198,2.5960042670938687e-21,-3.492995948509562,-2.888954648057252,-2.58139291903223,8,107,True,
5min,2024-04-12,2024-04-12,2024-04-12,108,lag_sensitivity,KPSS,c,level_or_trend_stationarity,,Bartlett_short_bandwidth,False,ok,0.13904429998775641,0.4253277397679575,0.7428,0.4614,0.3475,8,108,False,
5min,2024-04-15,2024-04-15,2024-04-15,108,main,ADF,c,unit_root,12.0,bic,False,ok,-12.595355826653936,1.783794565478403e-23,-3.492995948509562,-2.888954648057252,-2.58139291903223,0,107,True,
5min,2024-04-15,2024-04-15,2024-04-15,108,main,PP,c,unit_root,,Bartlett_short_bandwidth,False,ok,-12.691429540197705,1.1299323161224386e-23,-3.492995948509562,-2.888954648057252,-2.58139291903223,4,107,True,
5min,2024-04-15,2024-04-15,2024-04-15,108,main,KPSS,c,level_or_trend_stationarity,,Bartlett_short_bandwidth,False,ok,0.06737454507082902,0.7687593052590941,0.7428,0.4614,0.3475,4,108,False,
5min,2024-04-15,2024-04-15,2024-04-15,108,trend_sensitivity,ADF,ct,unit_root,12.0,bic,False,ok,-12.542972766174788,5.682910234514278e-20,-4.045970933273362,-3.452348053635668,-3.1515755794286404,0,107,True,
5min,2024-04-15,2024-04-15,2024-04-15,108,trend_sensitivity,PP,ct,unit_root,,Bartlett_short_bandwidth,False,ok,-12.63633906708309,4.1854171713696894e-20,-4.045970933273362,-3.452348053635668,-3.1515755794286404,4,107,True,
5min,2024-04-15,2024-04-15,2024-04-15,108,trend_sensitivity,KPSS,ct,level_or_trend_stationarity,,Bartlett_short_bandwidth,False,ok,0.05260863238829543,0.5389731947050623,0.2175,0.1479,0.1193,4,108,False,
5min,2024-04-15,2024-04-15,2024-04-15,108,lag_sensitivity,ADF,c,unit_root,12.0,aic,False,ok,-12.595355826653936,1.783794565478403e-23,-3.492995948509562,-2.888954648057252,-2.58139291903223,0,107,True,
5min,2024-04-15,2024-04-15,2024-04-15,108,lag_sensitivity,PP,c,unit_root,,Bartlett_short_bandwidth,False,ok,-13.053640021322837,2.1167580365824326e-24,-3.492995948509562,-2.888954648057252,-2.58139291903223,8,107,True,
5min,2024-04-15,2024-04-15,2024-04-15,108,lag_sensitivity,KPSS,c,level_or_trend_stationarity,,Bartlett_short_bandwidth,False,ok,0.08110306572211758,0.6860479835616204,0.7428,0.4614,0.3475,8,108,False,
5min,2024-04-17,2024-04-17,2024-04-17,108,main,ADF,c,unit_root,12.0,bic,False,ok,-12.09579433746995,2.0721114650351586e-22,-3.492995948509562,-2.888954648057252,-2.58139291903223,0,107,True,
5min,2024-04-17,2024-04-17,2024-04-17,108,main,PP,c,unit_root,,Bartlett_short_bandwidth,False,ok,-12.376327928833287,5.145763476029896e-23,-3.492995948509562,-2.888954648057252,-2.58139291903223,4,107,True,
5min,2024-04-17,2024-04-17,2024-04-17,108,main,KPSS,c,level_or_trend_stationarity,,Bartlett_short_bandwidth,False,ok,0.1457950492113166,0.4033492012457801,0.7428,0.4614,0.3475,4,108,False,
5min,2024-04-17,2024-04-17,2024-04-17,108,trend_sensitivity,ADF,ct,unit_root,12.0,bic,False,ok,-12.063078192863655,3.0422152483344134e-19,-4.045970933273362,-3.452348053635668,-3.1515755794286404,0,107,True,
5min,2024-04-17,2024-04-17,2024-04-17,108,trend_sensitivity,PP,ct,unit_root,,Bartlett_short_bandwidth,False,ok,-12.350009733881953,1.0925429994045367e-19,-4.045970933273362,-3.452348053635668,-3.1515755794286404,4,107,True,
5min,2024-04-17,2024-04-17,2024-04-17,108,trend_sensitivity,KPSS,ct,level_or_trend_stationarity,,Bartlett_short_bandwidth,False,ok,0.03833597519006456,0.7477164322520901,0.2175,0.1479,0.1193,4,108,False,
5min,2024-04-17,2024-04-17,2024-04-17,108,lag_sensitivity,ADF,c,unit_root,12.0,aic,False,ok,-12.09579433746995,2.0721114650351586e-22,-3.492995948509562,-2.888954648057252,-2.58139291903223,0,107,True,
5min,2024-04-17,2024-04-17,2024-04-17,108,lag_sensitivity,PP,c,unit_root,,Bartlett_short_bandwidth,False,ok,-12.535417051125066,2.3777009952889066e-23,-3.492995948509562,-2.888954648057252,-2.58139291903223,8,107,True,
5min,2024-04-17,2024-04-17,2024-04-17,108,lag_sensitivity,KPSS,c,level_or_trend_stationarity,,Bartlett_short_bandwidth,False,ok,0.16502349265407365,0.3474079872140834,0.7428,0.4614,0.3475,8,108,False,
5min,2024-04-18,2024-04-18,2024-04-18,108,main,ADF,c,unit_root,12.0,bic,False,ok,-10.763208949743603,2.4902159175359497e-19,-3.492995948509562,-2.888954648057252,-2.58139291903223,0,107,True,
5min,2024-04-18,2024-04-18,2024-04-18,108,main,PP,c,unit_root,,Bartlett_short_bandwidth,False,ok,-10.757816590136526,2.5661621847263886e-19,-3.492995948509562,-2.888954648057252,-2.58139291903223,4,107,True,
5min,2024-04-18,2024-04-18,2024-04-18,108,main,KPSS,c,level_or_trend_stationarity,,Bartlett_short_bandwidth,False,ok,0.116748936152038,0.5095115373857549,0.7428,0.4614,0.3475,4,108,False,
5min,2024-04-18,2024-04-18,2024-04-18,108,trend_sensitivity,ADF,ct,unit_root,12.0,bic,False,ok,-10.713690516748654,7.97347836421133e-17,-4.045970933273362,-3.452348053635668,-3.1515755794286404,0,107,True,
5min,2024-04-18,2024-04-18,2024-04-18,108,trend_sensitivity,PP,ct,unit_root,,Bartlett_short_bandwidth,False,ok,-10.713807266772946,7.969256659093648e-17,-4.045970933273362,-3.452348053635668,-3.1515755794286404,4,107,True,
5min,2024-04-18,2024-04-18,2024-04-18,108,trend_sensitivity,KPSS,ct,level_or_trend_stationarity,,Bartlett_short_bandwidth,False,ok,0.10144362413182198,0.1560617957289737,0.2175,0.1479,0.1193,4,108,False,
5min,2024-04-18,2024-04-18,2024-04-18,108,lag_sensitivity,ADF,c,unit_root,12.0,aic,False,ok,-10.763208949743603,2.4902159175359497e-19,-3.492995948509562,-2.888954648057252,-2.58139291903223,0,107,True,
5min,2024-04-18,2024-04-18,2024-04-18,108,lag_sensitivity,PP,c,unit_root,,Bartlett_short_bandwidth,False,ok,-10.803176294092475,1.993692154927769e-19,-3.492995948509562,-2.888954648057252,-2.58139291903223,8,107,True,
5min,2024-04-18,2024-04-18,2024-04-18,108,lag_sensitivity,KPSS,c,level_or_trend_stationarity,,Bartlett_short_bandwidth,False,ok,0.10405784144194924,0.5659719161444748,0.7428,0.4614,0.3475,8,108,False,
5min,2024-04-19,2024-04-19,2024-04-19,108,main,ADF,c,unit_root,12.0,bic,False,ok,-10.35975089006476,2.4137825551453272e-18,-3.492995948509562,-2.888954648057252,-2.58139291903223,0,107,True,
5min,2024-04-19,2024-04-19,2024-04-19,108,main,PP,c,unit_root,,Bartlett_short_bandwidth,False,ok,-10.442688113363905,1.5076529476889539e-18,-3.492995948509562,-2.888954648057252,-2.58139291903223,4,107,True,
5min,2024-04-19,2024-04-19,2024-04-19,108,main,KPSS,c,level_or_trend_stationarity,,Bartlett_short_bandwidth,False,ok,0.3213344115918416,0.11810767363886393,0.7428,0.4614,0.3475,4,108,False,
5min,2024-04-19,2024-04-19,2024-04-19,108,trend_sensitivity,ADF,ct,unit_root,12.0,bic,False,ok,-9.04767682920104,2.8325124058838336e-13,-4.0468193247781725,-3.452751165593073,-3.151810567112449,1,106,True,
5min,2024-04-19,2024-04-19,2024-04-19,108,trend_sensitivity,PP,ct,unit_root,,Bartlett_short_bandwidth,False,ok,-10.621735770213,1.2127993591866189e-16,-4.045970933273362,-3.452348053635668,-3.1515755794286404,4,107,True,
5min,2024-04-19,2024-04-19,2024-04-19,108,trend_sensitivity,KPSS,ct,level_or_trend_stationarity,,Bartlett_short_bandwidth,False,ok,0.08458631885651506,0.23888208686090967,0.2175,0.1479,0.1193,4,108,False,
5min,2024-04-19,2024-04-19,2024-04-19,108,lag_sensitivity,ADF,c,unit_root,12.0,aic,False,ok,-8.96425604742639,8.06887134097712e-15,-3.4936021509366793,-2.8892174239808703,-2.58153320754717,1,106,True,
5min,2024-04-19,2024-04-19,2024-04-19,108,lag_sensitivity,PP,c,unit_root,,Bartlett_short_bandwidth,False,ok,-10.475310458475178,1.2534932403412303e-18,-3.492995948509562,-2.888954648057252,-2.58139291903223,8,107,True,
5min,2024-04-19,2024-04-19,2024-04-19,108,lag_sensitivity,KPSS,c,level_or_trend_stationarity,,Bartlett_short_bandwidth,False,ok,0.33594207618248256,0.10799856319551379,0.7428,0.4614,0.3475,8,108,False,
5min,2024-04-22,2024-04-22,2024-04-22,108,main,ADF,c,unit_root,12.0,bic,False,ok,-6.31598564465606,3.1497594577065255e-08,-3.4936021509366793,-2.8892174239808703,-2.58153320754717,1,106,True,
5min,2024-04-22,2024-04-22,2024-04-22,108,main,PP,c,unit_root,,Bartlett_short_bandwidth,False,ok,-11.414187351282933,7.128685062904995e-21,-3.492995948509562,-2.888954648057252,-2.58139291903223,4,107,True,
5min,2024-04-22,2024-04-22,2024-04-22,108,main,KPSS,c,level_or_trend_stationarity,,Bartlett_short_bandwidth,False,ok,0.08306573778531837,0.6747867504121078,0.7428,0.4614,0.3475,4,108,False,
5min,2024-04-22,2024-04-22,2024-04-22,108,trend_sensitivity,ADF,ct,unit_root,12.0,bic,False,ok,-6.2956951067983855,5.144136000460966e-07,-4.0468193247781725,-3.452751165593073,-3.151810567112449,1,106,True,
5min,2024-04-22,2024-04-22,2024-04-22,108,trend_sensitivity,PP,ct,unit_root,,Bartlett_short_bandwidth,False,ok,-11.374141355840054,4.516962031459846e-18,-4.045970933273362,-3.452348053635668,-3.1515755794286404,4,107,True,
5min,2024-04-22,2024-04-22,2024-04-22,108,trend_sensitivity,KPSS,ct,level_or_trend_stationarity,,Bartlett_short_bandwidth,False,ok,0.08328788301245507,0.24695073117215582,0.2175,0.1479,0.1193,4,108,False,
5min,2024-04-22,2024-04-22,2024-04-22,108,lag_sensitivity,ADF,c,unit_root,12.0,aic,False,ok,-6.31598564465606,3.1497594577065255e-08,-3.4936021509366793,-2.8892174239808703,-2.58153320754717,1,106,True,
5min,2024-04-22,2024-04-22,2024-04-22,108,lag_sensitivity,PP,c,unit_root,,Bartlett_short_bandwidth,False,ok,-11.444502885880656,6.064842751279671e-21,-3.492995948509562,-2.888954648057252,-2.58139291903223,8,107,True,
5min,2024-04-22,2024-04-22,2024-04-22,108,lag_sensitivity,KPSS,c,level_or_trend_stationarity,,Bartlett_short_bandwidth,False,ok,0.07837329031757799,0.7017106293253721,0.7428,0.4614,0.3475,8,108,False,
5min,2024-04-23,2024-04-23,2024-04-23,108,main,ADF,c,unit_root,12.0,bic,False,ok,-10.24776795522937,4.56966914833613e-18,-3.492995948509562,-2.888954648057252,-2.58139291903223,0,107,True,
5min,2024-04-23,2024-04-23,2024-04-23,108,main,PP,c,unit_root,,Bartlett_short_bandwidth,False,ok,-10.288505460139952,3.6215388252442436e-18,-3.492995948509562,-2.888954648057252,-2.58139291903223,4,107,True,
5min,2024-04-23,2024-04-23,2024-04-23,108,main,KPSS,c,level_or_trend_stationarity,,Bartlett_short_bandwidth,False,ok,0.1987574008613152,0.2704756845856565,0.7428,0.4614,0.3475,4,108,False,
5min,2024-04-23,2024-04-23,2024-04-23,108,trend_sensitivity,ADF,ct,unit_root,12.0,bic,False,ok,-10.190582258395604,9.175147803072772e-16,-4.045970933273362,-3.452348053635668,-3.1515755794286404,0,107,True,
5min,2024-04-23,2024-04-23,2024-04-23,108,trend_sensitivity,PP,ct,unit_root,,Bartlett_short_bandwidth,False,ok,-10.22931641970032,7.622152627356173e-16,-4.045970933273362,-3.452348053635668,-3.1515755794286404,4,107,True,
5min,2024-04-23,2024-04-23,2024-04-23,108,trend_sensitivity,KPSS,ct,level_or_trend_stationarity,,Bartlett_short_bandwidth,False,ok,0.2025931473266465,0.014163925327752378,0.2175,0.1479,0.1193,4,108,True,
5min,2024-04-23,2024-04-23,2024-04-23,108,lag_sensitivity,ADF,c,unit_root,12.0,aic,False,ok,-3.841557304349168,0.002509628914426831,-3.4954932834550623,-2.8900369024285117,-2.5819706975209726,4,103,True,
5min,2024-04-23,2024-04-23,2024-04-23,108,lag_sensitivity,PP,c,unit_root,,Bartlett_short_bandwidth,False,ok,-10.25825822998617,4.303896498455064e-18,-3.492995948509562,-2.888954648057252,-2.58139291903223,8,107,True,
5min,2024-04-23,2024-04-23,2024-04-23,108,lag_sensitivity,KPSS,c,level_or_trend_stationarity,,Bartlett_short_bandwidth,False,ok,0.17689916169240213,0.31747319151171927,0.7428,0.4614,0.3475,8,108,False,
5min,2024-04-24,2024-04-24,2024-04-24,108,main,ADF,c,unit_root,12.0,bic,False,ok,-14.72965948145403,2.6720077598430744e-27,-3.492995948509562,-2.888954648057252,-2.58139291903223,0,107,True,
5min,2024-04-24,2024-04-24,2024-04-24,108,main,PP,c,unit_root,,Bartlett_short_bandwidth,False,ok,-15.00120059584375,1.089169646275106e-27,-3.492995948509562,-2.888954648057252,-2.58139291903223,4,107,True,
5min,2024-04-24,2024-04-24,2024-04-24,108,main,KPSS,c,level_or_trend_stationarity,,Bartlett_short_bandwidth,False,ok,0.2377972955316588,0.20514264509491834,0.7428,0.4614,0.3475,4,108,False,
5min,2024-04-24,2024-04-24,2024-04-24,108,trend_sensitivity,ADF,ct,unit_root,12.0,bic,False,ok,-14.85366196045073,2.6107197662746367e-22,-4.045970933273362,-3.452348053635668,-3.1515755794286404,0,107,True,
5min,2024-04-24,2024-04-24,2024-04-24,108,trend_sensitivity,PP,ct,unit_root,,Bartlett_short_bandwidth,False,ok,-15.322977651440013,1.5888590123579505e-22,-4.045970933273362,-3.452348053635668,-3.1515755794286404,4,107,True,
5min,2024-04-24,2024-04-24,2024-04-24,108,trend_sensitivity,KPSS,ct,level_or_trend_stationarity,,Bartlett_short_bandwidth,False,ok,0.07763285534394339,0.28547960468611866,0.2175,0.1479,0.1193,4,108,False,
5min,2024-04-24,2024-04-24,2024-04-24,108,lag_sensitivity,ADF,c,unit_root,12.0,aic,False,ok,-9.992117187646718,1.983497398178213e-17,-3.4936021509366793,-2.8892174239808703,-2.58153320754717,1,106,True,
5min,2024-04-24,2024-04-24,2024-04-24,108,lag_sensitivity,PP,c,unit_root,,Bartlett_short_bandwidth,False,ok,-15.160183662704606,6.607542170425077e-28,-3.492995948509562,-2.888954648057252,-2.58139291903223,8,107,True,
5min,2024-04-24,2024-04-24,2024-04-24,108,lag_sensitivity,KPSS,c,level_or_trend_stationarity,,Bartlett_short_bandwidth,False,ok,0.2743677195074387,0.16024195884641798,0.7428,0.4614,0.3475,8,108,False,
5min,2024-04-25,2024-04-25,2024-04-25,108,main,ADF,c,unit_root,12.0,bic,False,ok,-9.030089583803736,5.474728799261491e-15,-3.492995948509562,-2.888954648057252,-2.58139291903223,0,107,True,
5min,2024-04-25,2024-04-25,2024-04-25,108,main,PP,c,unit_root,,Bartlett_short_bandwidth,False,ok,-9.031178036862824,5.439741234411585e-15,-3.492995948509562,-2.888954648057252,-2.58139291903223,4,107,True,
5min,2024-04-25,2024-04-25,2024-04-25,108,main,KPSS,c,level_or_trend_stationarity,,Bartlett_short_bandwidth,False,ok,0.11422639761222732,0.5201701509342507,0.7428,0.4614,0.3475,4,108,False,
5min,2024-04-25,2024-04-25,2024-04-25,108,trend_sensitivity,ADF,ct,unit_root,12.0,bic,False,ok,-9.088480419395738,2.2920342053349296e-13,-4.045970933273362,-3.452348053635668,-3.1515755794286404,0,107,True,
5min,2024-04-25,2024-04-25,2024-04-25,108,trend_sensitivity,PP,ct,unit_root,,Bartlett_short_bandwidth,False,ok,-9.07304051722167,2.483100867144261e-13,-4.045970933273362,-3.452348053635668,-3.1515755794286404,4,107,True,
5min,2024-04-25,2024-04-25,2024-04-25,108,trend_sensitivity,KPSS,ct,level_or_trend_stationarity,,Bartlett_short_bandwidth,False,ok,0.07753086929803883,0.2862080764425798,0.2175,0.1479,0.1193,4,108,False,
5min,2024-04-25,2024-04-25,2024-04-25,108,lag_sensitivity,ADF,c,unit_root,12.0,aic,False,ok,-9.030089583803736,5.474728799261491e-15,-3.492995948509562,-2.888954648057252,-2.58139291903223,0,107,True,
5min,2024-04-25,2024-04-25,2024-04-25,108,lag_sensitivity,PP,c,unit_root,,Bartlett_short_bandwidth,False,ok,-9.155571899691175,2.615471909792009e-15,-3.492995948509562,-2.888954648057252,-2.58139291903223,8,107,True,
5min,2024-04-25,2024-04-25,2024-04-25,108,lag_sensitivity,KPSS,c,level_or_trend_stationarity,,Bartlett_short_bandwidth,False,ok,0.0999423503451672,0.585788248274164,0.7428,0.4614,0.3475,8,108,False,
5min,2024-04-26,2024-04-26,2024-04-26,108,main,ADF,c,unit_root,12.0,bic,False,ok,-7.177273722253206,2.70671078737071e-10,-3.4936021509366793,-2.8892174239808703,-2.58153320754717,1,106,True,
5min,2024-04-26,2024-04-26,2024-04-26,108,main,PP,c,unit_root,,Bartlett_short_bandwidth,False,ok,-10.287399825499802,3.644448235781338e-18,-3.492995948509562,-2.888954648057252,-2.58139291903223,4,107,True,
5min,2024-04-26,2024-04-26,2024-04-26,108,main,KPSS,c,level_or_trend_stationarity,,Bartlett_short_bandwidth,False,ok,0.19164349225085267,0.2848010803173347,0.7428,0.4614,0.3475,4,108,False,
5min,2024-04-26,2024-04-26,2024-04-26,108,trend_sensitivity,ADF,ct,unit_root,12.0,bic,False,ok,-10.455583542430324,2.616682159816799e-16,-4.045970933273362,-3.452348053635668,-3.1515755794286404,0,107,True,
5min,2024-04-26,2024-04-26,2024-04-26,108,trend_sensitivity,PP,ct,unit_root,,Bartlett_short_bandwidth,False,ok,-10.469804072548062,2.448667266196909e-16,-4.045970933273362,-3.452348053635668,-3.1515755794286404,4,107,True,
5min,2024-04-26,2024-04-26,2024-04-26,108,trend_sensitivity,KPSS,ct,level_or_trend_stationarity,,Bartlett_short_bandwidth,False,ok,0.04238325138463216,0.6852584662865406,0.2175,0.1479,0.1193,4,108,False,
5min,2024-04-26,2024-04-26,2024-04-26,108,lag_sensitivity,ADF,c,unit_root,12.0,aic,False,ok,-7.177273722253206,2.70671078737071e-10,-3.4936021509366793,-2.8892174239808703,-2.58153320754717,1,106,True,
5min,2024-04-26,2024-04-26,2024-04-26,108,lag_sensitivity,PP,c,unit_root,,Bartlett_short_bandwidth,False,ok,-10.287622108022346,3.639830711542045e-18,-3.492995948509562,-2.888954648057252,-2.58139291903223,8,107,True,
5min,2024-04-26,2024-04-26,2024-04-26,108,lag_sensitivity,KPSS,c,level_or_trend_stationarity,,Bartlett_short_bandwidth,False,ok,0.20783767882818271,0.2533255735211023,0.7428,0.4614,0.3475,8,108,False,
5min,2024-04-29,2024-04-29,2024-04-29,108,main,ADF,c,unit_root,12.0,bic,False,ok,-11.57997572199932,2.9590659247136517e-21,-3.492995948509562,-2.888954648057252,-2.58139291903223,0,107,True,
5min,2024-04-29,2024-04-29,2024-04-29,108,main,PP,c,unit_root,,Bartlett_short_bandwidth,False,ok,-12.02580866633004,2.95094145592394e-22,-3.492995948509562,-2.888954648057252,-2.58139291903223,4,107,True,
5min,2024-04-29,2024-04-29,2024-04-29,108,main,KPSS,c,level_or_trend_stationarity,,Bartlett_short_bandwidth,False,ok,0.037990390401261516,0.943272304510025,0.7428,0.4614,0.3475,4,108,False,
5min,2024-04-29,2024-04-29,2024-04-29,108,trend_sensitivity,ADF,ct,unit_root,12.0,bic,False,ok,-11.52611530646802,2.4233009033511088e-18,-4.045970933273362,-3.452348053635668,-3.1515755794286404,0,107,True,
5min,2024-04-29,2024-04-29,2024-04-29,108,trend_sensitivity,PP,ct,unit_root,,Bartlett_short_bandwidth,False,ok,-11.959412499360734,4.470305111576135e-19,-4.045970933273362,-3.452348053635668,-3.1515755794286404,4,107,True,
5min,2024-04-29,2024-04-29,2024-04-29,108,trend_sensitivity,KPSS,ct,level_or_trend_stationarity,,Bartlett_short_bandwidth,False,ok,0.02998337833528494,0.8727308564543759,0.2175,0.1479,0.1193,4,108,False,
5min,2024-04-29,2024-04-29,2024-04-29,108,lag_sensitivity,ADF,c,unit_root,12.0,aic,False,ok,-11.57997572199932,2.9590659247136517e-21,-3.492995948509562,-2.888954648057252,-2.58139291903223,0,107,True,
5min,2024-04-29,2024-04-29,2024-04-29,108,lag_sensitivity,PP,c,unit_root,,Bartlett_short_bandwidth,False,ok,-12.476365775337783,3.1618193913843185e-23,-3.492995948509562,-2.888954648057252,-2.58139291903223,8,107,True,
5min,2024-04-29,2024-04-29,2024-04-29,108,lag_sensitivity,KPSS,c,level_or_trend_stationarity,,Bartlett_short_bandwidth,False,ok,0.04874394099474125,0.8842915903831678,0.7428,0.4614,0.3475,8,108,False,
5min,2024-04-30,2024-04-30,2024-04-30,108,main,ADF,c,unit_root,12.0,bic,False,ok,-12.220109379578458,1.1122981135411865e-22,-3.492995948509562,-2.888954648057252,-2.58139291903223,0,107,True,
5min,2024-04-30,2024-04-30,2024-04-30,108,main,PP,c,unit_root,,Bartlett_short_bandwidth,False,ok,-12.786819242214314,7.217021690932302e-24,-3.492995948509562,-2.888954648057252,-2.58139291903223,4,107,True,
5min,2024-04-30,2024-04-30,2024-04-30,108,main,KPSS,c,level_or_trend_stationarity,,Bartlett_short_bandwidth,False,ok,0.530892654249946,0.03336604243422067,0.7428,0.4614,0.3475,4,108,True,
5min,2024-04-30,2024-04-30,2024-04-30,108,trend_sensitivity,ADF,ct,unit_root,12.0,bic,False,ok,-7.267083677461913,3.487574194955893e-09,-4.047684391534392,-3.4531621209372636,-3.1520501036605117,2,105,True,
5min,2024-04-30,2024-04-30,2024-04-30,108,trend_sensitivity,PP,ct,unit_root,,Bartlett_short_bandwidth,False,ok,-13.779646911559416,1.7720067237501463e-21,-4.045970933273362,-3.452348053635668,-3.1515755794286404,4,107,True,
5min,2024-04-30,2024-04-30,2024-04-30,108,trend_sensitivity,KPSS,ct,level_or_trend_stationarity,,Bartlett_short_bandwidth,False,ok,0.0455089865128036,0.638365202307946,0.2175,0.1479,0.1193,4,108,False,
5min,2024-04-30,2024-04-30,2024-04-30,108,lag_sensitivity,ADF,c,unit_root,12.0,aic,False,ok,-12.220109379578458,1.1122981135411865e-22,-3.492995948509562,-2.888954648057252,-2.58139291903223,0,107,True,
5min,2024-04-30,2024-04-30,2024-04-30,108,lag_sensitivity,PP,c,unit_root,,Bartlett_short_bandwidth,False,ok,-12.959048220227519,3.2544434194485937e-24,-3.492995948509562,-2.888954648057252,-2.58139291903223,8,107,True,
5min,2024-04-30,2024-04-30,2024-04-30,108,lag_sensitivity,KPSS,c,level_or_trend_stationarity,,Bartlett_short_bandwidth,False,ok,0.5918972580881832,0.023529762392815456,0.7428,0.4614,0.3475,8,108,True,
5min,2024-05-02,2024-05-02,2024-05-02,108,main,ADF,c,unit_root,12.0,bic,False,ok,-10.026233119535808,1.6292899095299574e-17,-3.492995948509562,-2.888954648057252,-2.58139291903223,0,107,True,
5min,2024-05-02,2024-05-02,2024-05-02,108,main,PP,c,unit_root,,Bartlett_short_bandwidth,False,ok,-10.084166980114263,1.1672411767511527e-17,-3.492995948509562,-2.888954648057252,-2.58139291903223,4,107,True,
5min,2024-05-02,2024-05-02,2024-05-02,108,main,KPSS,c,level_or_trend_stationarity,,Bartlett_short_bandwidth,False,ok,0.06721814928520517,0.7697317142888798,0.7428,0.4614,0.3475,4,108,False,
5min,2024-05-02,2024-05-02,2024-05-02,108,trend_sensitivity,ADF,ct,unit_root,12.0,bic,False,ok,-9.979972320493912,2.5442568248321795e-15,-4.045970933273362,-3.452348053635668,-3.1515755794286404,0,107,True,
5min,2024-05-02,2024-05-02,2024-05-02,108,trend_sensitivity,PP,ct,unit_root,,Bartlett_short_bandwidth,False,ok,-10.041148671875284,1.888162753286978e-15,-4.045970933273362,-3.452348053635668,-3.1515755794286404,4,107,True,
5min,2024-05-02,2024-05-02,2024-05-02,108,trend_sensitivity,KPSS,ct,level_or_trend_stationarity,,Bartlett_short_bandwidth,False,ok,0.06797268700973452,0.36573631419300456,0.2175,0.1479,0.1193,4,108,False,
5min,2024-05-02,2024-05-02,2024-05-02,108,lag_sensitivity,ADF,c,unit_root,12.0,aic,False,ok,-3.882906461602991,0.002164310325471414,-3.497501033,-2.89090644,-2.5824349,7,100,True,
5min,2024-05-02,2024-05-02,2024-05-02,108,lag_sensitivity,PP,c,unit_root,,Bartlett_short_bandwidth,False,ok,-10.118217213795203,9.597955661425652e-18,-3.492995948509562,-2.888954648057252,-2.58139291903223,8,107,True,
5min,2024-05-02,2024-05-02,2024-05-02,108,lag_sensitivity,KPSS,c,level_or_trend_stationarity,,Bartlett_short_bandwidth,False,ok,0.06272145278400924,0.7976904490113416,0.7428,0.4614,0.3475,8,108,False,
5min,2024-05-03,2024-05-03,2024-05-03,108,main,ADF,c,unit_root,12.0,bic,False,ok,-6.548036240643798,8.995948988901958e-09,-3.4942202045135513,-2.889485291005291,-2.5816762131519275,2,105,True,
5min,2024-05-03,2024-05-03,2024-05-03,108,main,PP,c,unit_root,,Bartlett_short_bandwidth,False,ok,-10.097045982293917,1.0839383285511686e-17,-3.492995948509562,-2.888954648057252,-2.58139291903223,4,107,True,
5min,2024-05-03,2024-05-03,2024-05-03,108,main,KPSS,c,level_or_trend_stationarity,,Bartlett_short_bandwidth,False,ok,0.17221136641756327,0.3290622060162544,0.7428,0.4614,0.3475,4,108,False,
5min,2024-05-03,2024-05-03,2024-05-03,108,trend_sensitivity,ADF,ct,unit_root,12.0,bic,False,ok,-6.745991325731263,5.2623948945459154e-08,-4.047684391534392,-3.4531621209372636,-3.1520501036605117,2,105,True,
5min,2024-05-03,2024-05-03,2024-05-03,108,trend_sensitivity,PP,ct,unit_root,,Bartlett_short_bandwidth,False,ok,-10.205268691137043,8.551500087568596e-16,-4.045970933273362,-3.452348053635668,-3.1515755794286404,4,107,True,
5min,2024-05-03,2024-05-03,2024-05-03,108,trend_sensitivity,KPSS,ct,level_or_trend_stationarity,,Bartlett_short_bandwidth,False,ok,0.07456549431056346,0.3087269668418195,0.2175,0.1479,0.1193,4,108,False,
5min,2024-05-03,2024-05-03,2024-05-03,108,lag_sensitivity,ADF,c,unit_root,12.0,aic,False,ok,-4.5815795471544885,0.00013965342024381116,-3.5003788874873405,-2.8921519665075235,-2.5830997960069446,11,96,True,
5min,2024-05-03,2024-05-03,2024-05-03,108,lag_sensitivity,PP,c,unit_root,,Bartlett_short_bandwidth,False,ok,-10.120710947774096,9.461484001545004e-18,-3.492995948509562,-2.888954648057252,-2.58139291903223,8,107,True,
5min,2024-05-03,2024-05-03,2024-05-03,108,lag_sensitivity,KPSS,c,level_or_trend_stationarity,,Bartlett_short_bandwidth,False,ok,0.18773124711860867,0.29312500613061987,0.7428,0.4614,0.3475,8,108,False,
5min,2024-05-06,2024-05-06,2024-05-06,108,main,ADF,c,unit_root,12.0,bic,False,ok,-9.859426784746038,4.272269815754472e-17,-3.492995948509562,-2.888954648057252,-2.58139291903223,0,107,True,
5min,2024-05-06,2024-05-06,2024-05-06,108,main,PP,c,unit_root,,Bartlett_short_bandwidth,False,ok,-9.899025874427608,3.396730669277681e-17,-3.492995948509562,-2.888954648057252,-2.58139291903223,4,107,True,
5min,2024-05-06,2024-05-06,2024-05-06,108,main,KPSS,c,level_or_trend_stationarity,,Bartlett_short_bandwidth,False,ok,0.11227170628344893,0.528429410069934,0.7428,0.4614,0.3475,4,108,False,
5min,2024-05-06,2024-05-06,2024-05-06,108,trend_sensitivity,ADF,ct,unit_root,12.0,bic,False,ok,-9.82611227208494,5.423231131332183e-15,-4.045970933273362,-3.452348053635668,-3.1515755794286404,0,107,True,
5min,2024-05-06,2024-05-06,2024-05-06,108,trend_sensitivity,PP,ct,unit_root,,Bartlett_short_bandwidth,False,ok,-9.863126360938578,4.5165652991457804e-15,-4.045970933273362,-3.452348053635668,-3.1515755794286404,4,107,True,
5min,2024-05-06,2024-05-06,2024-05-06,108,trend_sensitivity,KPSS,ct,level_or_trend_stationarity,,Bartlett_short_bandwidth,False,ok,0.08869346134244119,0.21539217137977937,0.2175,0.1479,0.1193,4,108,False,
5min,2024-05-06,2024-05-06,2024-05-06,108,lag_sensitivity,ADF,c,unit_root,12.0,aic,False,ok,-9.859426784746038,4.272269815754472e-17,-3.492995948509562,-2.888954648057252,-2.58139291903223,0,107,True,
5min,2024-05-06,2024-05-06,2024-05-06,108,lag_sensitivity,PP,c,unit_root,,Bartlett_short_bandwidth,False,ok,-10.039247447492414,1.5115940899698276e-17,-3.492995948509562,-2.888954648057252,-2.58139291903223,8,107,True,
5min,2024-05-06,2024-05-06,2024-05-06,108,lag_sensitivity,KPSS,c,level_or_trend_stationarity,,Bartlett_short_bandwidth,False,ok,0.09216810674604846,0.6252760279465508,0.7428,0.4614,0.3475,8,108,False,
5min,2024-05-07,2024-05-07,2024-05-07,108,main,ADF,c,unit_root,12.0,bic,False,ok,-9.698355856258662,1.0889334499691582e-16,-3.492995948509562,-2.888954648057252,-2.58139291903223,0,107,True,
5min,2024-05-07,2024-05-07,2024-05-07,108,main,PP,c,unit_root,,Bartlett_short_bandwidth,False,ok,-9.704323308061879,1.0517532235700208e-16,-3.492995948509562,-2.888954648057252,-2.58139291903223,4,107,True,
5min,2024-05-07,2024-05-07,2024-05-07,108,main,KPSS,c,level_or_trend_stationarity,,Bartlett_short_bandwidth,False,ok,0.2858220283131147,0.14845521113036697,0.7428,0.4614,0.3475,4,108,False,
5min,2024-05-07,2024-05-07,2024-05-07,108,trend_sensitivity,ADF,ct,unit_root,12.0,bic,False,ok,-10.057721957776774,1.7420852966325965e-15,-4.045970933273362,-3.452348053635668,-3.1515755794286404,0,107,True,
5min,2024-05-07,2024-05-07,2024-05-07,108,trend_sensitivity,PP,ct,unit_root,,Bartlett_short_bandwidth,False,ok,-10.07189553326034,1.6263106130561565e-15,-4.045970933273362,-3.452348053635668,-3.1515755794286404,4,107,True,
5min,2024-05-07,2024-05-07,2024-05-07,108,trend_sensitivity,KPSS,ct,level_or_trend_stationarity,,Bartlett_short_bandwidth,False,ok,0.06735146111001838,0.3716527513331582,0.2175,0.1479,0.1193,4,108,False,
5min,2024-05-07,2024-05-07,2024-05-07,108,lag_sensitivity,ADF,c,unit_root,12.0,aic,False,ok,-7.376922215343808,8.673507588775963e-11,-3.4936021509366793,-2.8892174239808703,-2.58153320754717,1,106,True,
5min,2024-05-07,2024-05-07,2024-05-07,108,lag_sensitivity,PP,c,unit_root,,Bartlett_short_bandwidth,False,ok,-9.711213328570508,1.0104081796706483e-16,-3.492995948509562,-2.888954648057252,-2.58139291903223,8,107,True,
5min,2024-05-07,2024-05-07,2024-05-07,108,lag_sensitivity,KPSS,c,level_or_trend_stationarity,,Bartlett_short_bandwidth,False,ok,0.27540012536880787,0.15916653607415845,0.7428,0.4614,0.3475,8,108,False,
5min,2024-05-08,2024-05-08,2024-05-08,108,main,ADF,c,unit_root,12.0,bic,False,ok,-5.011434745530432,2.1065294700312963e-05,-3.4936021509366793,-2.8892174239808703,-2.58153320754717,1,106,True,
5min,2024-05-08,2024-05-08,2024-05-08,108,main,PP,c,unit_root,,Bartlett_short_bandwidth,False,ok,-9.342370675608752,8.72726034468083e-16,-3.492995948509562,-2.888954648057252,-2.58139291903223,4,107,True,
5min,2024-05-08,2024-05-08,2024-05-08,108,main,KPSS,c,level_or_trend_stationarity,,Bartlett_short_bandwidth,False,ok,0.0704124293652619,0.7498709055009622,0.7428,0.4614,0.3475,4,108,False,
5min,2024-05-08,2024-05-08,2024-05-08,108,trend_sensitivity,ADF,ct,unit_root,12.0,bic,False,ok,-5.006759430537421,0.00019999323493050434,-4.0468193247781725,-3.452751165593073,-3.151810567112449,1,106,True,
5min,2024-05-08,2024-05-08,2024-05-08,108,trend_sensitivity,PP,ct,unit_root,,Bartlett_short_bandwidth,False,ok,-9.304313786121575,7.532306498743444e-14,-4.045970933273362,-3.452348053635668,-3.1515755794286404,4,107,True,
5min,2024-05-08,2024-05-08,2024-05-08,108,trend_sensitivity,KPSS,ct,level_or_trend_stationarity,,Bartlett_short_bandwidth,False,ok,0.07191055625363195,0.3307710667790349,0.2175,0.1479,0.1193,4,108,False,
5min,2024-05-08,2024-05-08,2024-05-08,108,lag_sensitivity,ADF,c,unit_root,12.0,aic,False,ok,-5.011434745530432,2.1065294700312963e-05,-3.4936021509366793,-2.8892174239808703,-2.58153320754717,1,106,True,
5min,2024-05-08,2024-05-08,2024-05-08,108,lag_sensitivity,PP,c,unit_root,,Bartlett_short_bandwidth,False,ok,-9.430320302026763,5.211208115992593e-16,-3.492995948509562,-2.888954648057252,-2.58139291903223,8,107,True,
5min,2024-05-08,2024-05-08,2024-05-08,108,lag_sensitivity,KPSS,c,level_or_trend_stationarity,,Bartlett_short_bandwidth,False,ok,0.05928588232019058,0.8190515088900068,0.7428,0.4614,0.3475,8,108,False,
5min,2024-05-09,2024-05-09,2024-05-09,108,main,ADF,c,unit_root,12.0,bic,False,ok,-9.754786907364615,7.84197158083064e-17,-3.492995948509562,-2.888954648057252,-2.58139291903223,0,107,True,
5min,2024-05-09,2024-05-09,2024-05-09,108,main,PP,c,unit_root,,Bartlett_short_bandwidth,False,ok,-9.753997452344892,7.878042560016893e-17,-3.492995948509562,-2.888954648057252,-2.58139291903223,4,107,True,
5min,2024-05-09,2024-05-09,2024-05-09,108,main,KPSS,c,level_or_trend_stationarity,,Bartlett_short_bandwidth,False,ok,0.4954210425556278,0.040969739361093056,0.7428,0.4614,0.3475,4,108,True,
5min,2024-05-09,2024-05-09,2024-05-09,108,trend_sensitivity,ADF,ct,unit_root,12.0,bic,False,ok,-10.00830214979145,2.215625825141669e-15,-4.045970933273362,-3.452348053635668,-3.1515755794286404,0,107,True,
5min,2024-05-09,2024-05-09,2024-05-09,108,trend_sensitivity,PP,ct,unit_root,,Bartlett_short_bandwidth,False,ok,-10.010892263352577,2.1878230164994072e-15,-4.045970933273362,-3.452348053635668,-3.1515755794286404,4,107,True,
5min,2024-05-09,2024-05-09,2024-05-09,108,trend_sensitivity,KPSS,ct,level_or_trend_stationarity,,Bartlett_short_bandwidth,False,ok,0.09624741968875555,0.17789905306570883,0.2175,0.1479,0.1193,4,108,False,
5min,2024-05-09,2024-05-09,2024-05-09,108,lag_sensitivity,ADF,c,unit_root,12.0,aic,False,ok,-9.754786907364615,7.84197158083064e-17,-3.492995948509562,-2.888954648057252,-2.58139291903223,0,107,True,
5min,2024-05-09,2024-05-09,2024-05-09,108,lag_sensitivity,PP,c,unit_root,,Bartlett_short_bandwidth,False,ok,-9.764829781205902,7.397328739005224e-17,-3.492995948509562,-2.888954648057252,-2.58139291903223,8,107,True,
5min,2024-05-09,2024-05-09,2024-05-09,108,lag_sensitivity,KPSS,c,level_or_trend_stationarity,,Bartlett_short_bandwidth,False,ok,0.45819188512079173,0.05100253589975259,0.7428,0.4614,0.3475,8,108,False,
5min,2024-05-10,2024-05-10,2024-05-10,108,main,ADF,c,unit_root,12.0,bic,False,ok,-6.099742866986735,9.901360967614887e-08,-3.4936021509366793,-2.8892174239808703,-2.58153320754717,1,106,True,
5min,2024-05-10,2024-05-10,2024-05-10,108,main,PP,c,unit_root,,Bartlett_short_bandwidth,False,ok,-10.027055105990794,1.6215906168010798e-17,-3.492995948509562,-2.888954648057252,-2.58139291903223,4,107,True,
5min,2024-05-10,2024-05-10,2024-05-10,108,main,KPSS,c,level_or_trend_stationarity,,Bartlett_short_bandwidth,False,ok,0.17001936278776603,0.3345975687177626,0.7428,0.4614,0.3475,4,108,False,
5min,2024-05-10,2024-05-10,2024-05-10,108,trend_sensitivity,ADF,ct,unit_root,12.0,bic,False,ok,-6.084788503821175,1.4549316451296369e-06,-4.0468193247781725,-3.452751165593073,-3.151810567112449,1,106,True,
5min,2024-05-10,2024-05-10,2024-05-10,108,trend_sensitivity,PP,ct,unit_root,,Bartlett_short_bandwidth,False,ok,-10.031032505036292,1.9833977250602416e-15,-4.045970933273362,-3.452348053635668,-3.1515755794286404,4,107,True,
5min,2024-05-10,2024-05-10,2024-05-10,108,trend_sensitivity,KPSS,ct,level_or_trend_stationarity,,Bartlett_short_bandwidth,False,ok,0.04539016193353388,0.6401475709969918,0.2175,0.1479,0.1193,4,108,False,
5min,2024-05-10,2024-05-10,2024-05-10,108,lag_sensitivity,ADF,c,unit_root,12.0,aic,False,ok,-2.993222074624348,0.03553223976113197,-3.498198082189098,-2.891208211860468,-2.5825959973472097,8,99,True,
5min,2024-05-10,2024-05-10,2024-05-10,108,lag_sensitivity,PP,c,unit_root,,Bartlett_short_bandwidth,False,ok,-10.10214073157184,1.052660723775848e-17,-3.492995948509562,-2.888954648057252,-2.58139291903223,8,107,True,
5min,2024-05-10,2024-05-10,2024-05-10,108,lag_sensitivity,KPSS,c,level_or_trend_stationarity,,Bartlett_short_bandwidth,False,ok,0.23636492398734837,0.2071320500175717,0.7428,0.4614,0.3475,8,108,False,
5min,2024-05-13,2024-05-13,2024-05-13,108,main,ADF,c,unit_root,12.0,bic,False,ok,-10.601214843592143,6.164188210731348e-19,-3.492995948509562,-2.888954648057252,-2.58139291903223,0,107,True,
5min,2024-05-13,2024-05-13,2024-05-13,108,main,PP,c,unit_root,,Bartlett_short_bandwidth,False,ok,-10.598027215636318,6.275608198180069e-19,-3.492995948509562,-2.888954648057252,-2.58139291903223,4,107,True,
5min,2024-05-13,2024-05-13,2024-05-13,108,main,KPSS,c,level_or_trend_stationarity,,Bartlett_short_bandwidth,False,ok,0.0619203738746757,0.802671250520151,0.7428,0.4614,0.3475,4,108,False,
5min,2024-05-13,2024-05-13,2024-05-13,108,trend_sensitivity,ADF,ct,unit_root,12.0,bic,False,ok,-10.550045331142181,1.68706472018128e-16,-4.045970933273362,-3.452348053635668,-3.1515755794286404,0,107,True,
5min,2024-05-13,2024-05-13,2024-05-13,108,trend_sensitivity,PP,ct,unit_root,,Bartlett_short_bandwidth,False,ok,-10.548755114125585,1.6971571959427876e-16,-4.045970933273362,-3.452348053635668,-3.1515755794286404,4,107,True,
5min,2024-05-13,2024-05-13,2024-05-13,108,trend_sensitivity,KPSS,ct,level_or_trend_stationarity,,Bartlett_short_bandwidth,False,ok,0.06065247711833753,0.4407673054734371,0.2175,0.1479,0.1193,4,108,False,
5min,2024-05-13,2024-05-13,2024-05-13,108,lag_sensitivity,ADF,c,unit_root,12.0,aic,False,ok,-10.601214843592143,6.164188210731348e-19,-3.492995948509562,-2.888954648057252,-2.58139291903223,0,107,True,
5min,2024-05-13,2024-05-13,2024-05-13,108,lag_sensitivity,PP,c,unit_root,,Bartlett_short_bandwidth,False,ok,-10.622729565250122,5.462599386725512e-19,-3.492995948509562,-2.888954648057252,-2.58139291903223,8,107,True,
5min,2024-05-13,2024-05-13,2024-05-13,108,lag_sensitivity,KPSS,c,level_or_trend_stationarity,,Bartlett_short_bandwidth,False,ok,0.055296351079059655,0.8438568844825306,0.7428,0.4614,0.3475,8,108,False,
5min,2024-05-14,2024-05-14,2024-05-14,108,main,ADF,c,unit_root,12.0,bic,False,ok,-11.231437148929677,1.9031304370083255e-20,-3.492995948509562,-2.888954648057252,-2.58139291903223,0,107,True,
5min,2024-05-14,2024-05-14,2024-05-14,108,main,PP,c,unit_root,,Bartlett_short_bandwidth,False,ok,-11.290511711943042,1.383563253502082e-20,-3.492995948509562,-2.888954648057252,-2.58139291903223,4,107,True,
5min,2024-05-14,2024-05-14,2024-05-14,108,main,KPSS,c,level_or_trend_stationarity,,Bartlett_short_bandwidth,False,ok,0.12025096239780098,0.49506199053499617,0.7428,0.4614,0.3475,4,108,False,
5min,2024-05-14,2024-05-14,2024-05-14,108,trend_sensitivity,ADF,ct,unit_root,12.0,bic,False,ok,-11.209640220996823,9.01130055752291e-18,-4.045970933273362,-3.452348053635668,-3.1515755794286404,0,107,True,
5min,2024-05-14,2024-05-14,2024-05-14,108,trend_sensitivity,PP,ct,unit_root,,Bartlett_short_bandwidth,False,ok,-11.276043168730535,6.8049819512933626e-18,-4.045970933273362,-3.452348053635668,-3.1515755794286404,4,107,True,
5min,2024-05-14,2024-05-14,2024-05-14,108,trend_sensitivity,KPSS,ct,level_or_trend_stationarity,,Bartlett_short_bandwidth,False,ok,0.0629860294026018,0.4156617648006711,0.2175,0.1479,0.1193,4,108,False,
5min,2024-05-14,2024-05-14,2024-05-14,108,lag_sensitivity,ADF,c,unit_root,12.0,aic,False,ok,-11.231437148929677,1.9031304370083255e-20,-3.492995948509562,-2.888954648057252,-2.58139291903223,0,107,True,
5min,2024-05-14,2024-05-14,2024-05-14,108,lag_sensitivity,PP,c,unit_root,,Bartlett_short_bandwidth,False,ok,-11.390234416215693,8.101794131664498e-21,-3.492995948509562,-2.888954648057252,-2.58139291903223,8,107,True,
5min,2024-05-14,2024-05-14,2024-05-14,108,lag_sensitivity,KPSS,c,level_or_trend_stationarity,,Bartlett_short_bandwidth,False,ok,0.13502129146840225,0.4391051662041019,0.7428,0.4614,0.3475,8,108,False,
5min,2024-05-15,2024-05-15,2024-05-15,108,main,ADF,c,unit_root,12.0,bic,False,ok,-11.448506438812828,5.936932682392059e-21,-3.492995948509562,-2.888954648057252,-2.58139291903223,0,107,True,
5min,2024-05-15,2024-05-15,2024-05-15,108,main,PP,c,unit_root,,Bartlett_short_bandwidth,False,ok,-11.416813649673966,7.029466668203054e-21,-3.492995948509562,-2.888954648057252,-2.58139291903223,4,107,True,
5min,2024-05-15,2024-05-15,2024-05-15,108,main,KPSS,c,level_or_trend_stationarity,,Bartlett_short_bandwidth,False,ok,0.03171869346300096,0.9702803673689623,0.7428,0.4614,0.3475,4,108,False,
5min,2024-05-15,2024-05-15,2024-05-15,108,trend_sensitivity,ADF,ct,unit_root,12.0,bic,False,ok,-11.410194736495043,3.8913639854093626e-18,-4.045970933273362,-3.452348053635668,-3.1515755794286404,0,107,True,
5min,2024-05-15,2024-05-15,2024-05-15,108,trend_sensitivity,PP,ct,unit_root,,Bartlett_short_bandwidth,False,ok,-11.389962606602685,4.23048470907999e-18,-4.045970933273362,-3.452348053635668,-3.1515755794286404,4,107,True,
5min,2024-05-15,2024-05-15,2024-05-15,108,trend_sensitivity,KPSS,ct,level_or_trend_stationarity,,Bartlett_short_bandwidth,False,ok,0.03178160531860473,0.8470352159028717,0.2175,0.1479,0.1193,4,108,False,
5min,2024-05-15,2024-05-15,2024-05-15,108,lag_sensitivity,ADF,c,unit_root,12.0,aic,False,ok,-4.445418251533209,0.00024645999403152726,-3.5011373281819504,-2.8924800524857854,-2.5832749307479226,12,95,True,
5min,2024-05-15,2024-05-15,2024-05-15,108,lag_sensitivity,PP,c,unit_root,,Bartlett_short_bandwidth,False,ok,-11.55531893488474,3.3700229947574464e-21,-3.492995948509562,-2.888954648057252,-2.58139291903223,8,107,True,
5min,2024-05-15,2024-05-15,2024-05-15,108,lag_sensitivity,KPSS,c,level_or_trend_stationarity,,Bartlett_short_bandwidth,False,ok,0.04091871764658543,0.9285856965969188,0.7428,0.4614,0.3475,8,108,False,
5min,2024-05-16,2024-05-16,2024-05-16,108,main,ADF,c,unit_root,12.0,bic,False,ok,-8.717126267512262,3.464034760341865e-14,-3.492995948509562,-2.888954648057252,-2.58139291903223,0,107,True,
5min,2024-05-16,2024-05-16,2024-05-16,108,main,PP,c,unit_root,,Bartlett_short_bandwidth,False,ok,-8.777704788038768,2.423509302135347e-14,-3.492995948509562,-2.888954648057252,-2.58139291903223,4,107,True,
5min,2024-05-16,2024-05-16,2024-05-16,108,main,KPSS,c,level_or_trend_stationarity,,Bartlett_short_bandwidth,False,ok,0.06325762508617458,0.7943567352154949,0.7428,0.4614,0.3475,4,108,False,
5min,2024-05-16,2024-05-16,2024-05-16,108,trend_sensitivity,ADF,ct,unit_root,12.0,bic,False,ok,-8.674888871335925,1.9924792079783213e-12,-4.045970933273362,-3.452348053635668,-3.1515755794286404,0,107,True,
5min,2024-05-16,2024-05-16,2024-05-16,108,trend_sensitivity,PP,ct,unit_root,,Bartlett_short_bandwidth,False,ok,-8.736517708750032,1.4406078855422027e-12,-4.045970933273362,-3.452348053635668,-3.1515755794286404,4,107,True,
5min,2024-05-16,2024-05-16,2024-05-16,108,trend_sensitivity,KPSS,ct,level_or_trend_stationarity,,Bartlett_short_bandwidth,False,ok,0.066992501028225,0.37507498971775,0.2175,0.1479,0.1193,4,108,False,
5min,2024-05-16,2024-05-16,2024-05-16,108,lag_sensitivity,ADF,c,unit_root,12.0,aic,False,ok,-8.717126267512262,3.464034760341865e-14,-3.492995948509562,-2.888954648057252,-2.58139291903223,0,107,True,
5min,2024-05-16,2024-05-16,2024-05-16,108,lag_sensitivity,PP,c,unit_root,,Bartlett_short_bandwidth,False,ok,-8.923387020564151,1.0266465277753842e-14,-3.492995948509562,-2.888954648057252,-2.58139291903223,8,107,True,
5min,2024-05-16,2024-05-16,2024-05-16,108,lag_sensitivity,KPSS,c,level_or_trend_stationarity,,Bartlett_short_bandwidth,False,ok,0.053176382492085526,0.8570380363186392,0.7428,0.4614,0.3475,8,108,False,
5min,2024-05-17,2024-05-17,2024-05-17,108,main,ADF,c,unit_root,12.0,bic,False,ok,-10.99301710230242,6.982471614548024e-20,-3.492995948509562,-2.888954648057252,-2.58139291903223,0,107,True,
5min,2024-05-17,2024-05-17,2024-05-17,108,main,PP,c,unit_root,,Bartlett_short_bandwidth,False,ok,-11.083094099410497,4.262615353848768e-20,-3.492995948509562,-2.888954648057252,-2.58139291903223,4,107,True,
5min,2024-05-17,2024-05-17,2024-05-17,108,main,KPSS,c,level_or_trend_stationarity,,Bartlett_short_bandwidth,False,ok,0.13224032752786555,0.44895400176169575,0.7428,0.4614,0.3475,4,108,False,
5min,2024-05-17,2024-05-17,2024-05-17,108,trend_sensitivity,ADF,ct,unit_root,12.0,bic,False,ok,-10.978912810918164,2.441151158061846e-17,-4.045970933273362,-3.452348053635668,-3.1515755794286404,0,107,True,
5min,2024-05-17,2024-05-17,2024-05-17,108,trend_sensitivity,PP,ct,unit_root,,Bartlett_short_bandwidth,False,ok,-11.074665116216664,1.6080626207698815e-17,-4.045970933273362,-3.452348053635668,-3.1515755794286404,4,107,True,
5min,2024-05-17,2024-05-17,2024-05-17,108,trend_sensitivity,KPSS,ct,level_or_trend_stationarity,,Bartlett_short_bandwidth,False,ok,0.05248740854619471,0.540626247097345,0.2175,0.1479,0.1193,4,108,False,
5min,2024-05-17,2024-05-17,2024-05-17,108,lag_sensitivity,ADF,c,unit_root,12.0,aic,False,ok,-5.393946603837273,3.487789487774366e-06,-3.497501033,-2.89090644,-2.5824349,7,100,True,
5min,2024-05-17,2024-05-17,2024-05-17,108,lag_sensitivity,PP,c,unit_root,,Bartlett_short_bandwidth,False,ok,-11.739093153054764,1.2864719032531684e-21,-3.492995948509562,-2.888954648057252,-2.58139291903223,8,107,True,
5min,2024-05-17,2024-05-17,2024-05-17,108,lag_sensitivity,KPSS,c,level_or_trend_stationarity,,Bartlett_short_bandwidth,False,ok,0.20178691921362024,0.26453545252231325,0.7428,0.4614,0.3475,8,108,False,
5min,2024-05-20,2024-05-20,2024-05-20,108,main,ADF,c,unit_root,12.0,bic,False,ok,-10.106406054000324,1.0271747802359233e-17,-3.492995948509562,-2.888954648057252,-2.58139291903223,0,107,True,
5min,2024-05-20,2024-05-20,2024-05-20,108,main,PP,c,unit_root,,Bartlett_short_bandwidth,False,ok,-10.113460900595594,9.863767763118262e-18,-3.492995948509562,-2.888954648057252,-2.58139291903223,4,107,True,
5min,2024-05-20,2024-05-20,2024-05-20,108,main,KPSS,c,level_or_trend_stationarity,,Bartlett_short_bandwidth,False,ok,0.10938891094225418,0.5414140411715719,0.7428,0.4614,0.3475,4,108,False,
5min,2024-05-20,2024-05-20,2024-05-20,108,trend_sensitivity,ADF,ct,unit_root,12.0,bic,False,ok,-10.085604266640104,1.5217837468209735e-15,-4.045970933273362,-3.452348053635668,-3.1515755794286404,0,107,True,
5min,2024-05-20,2024-05-20,2024-05-20,108,trend_sensitivity,PP,ct,unit_root,,Bartlett_short_bandwidth,False,ok,-10.090852028506724,1.483604708817878e-15,-4.045970933273362,-3.452348053635668,-3.1515755794286404,4,107,True,
5min,2024-05-20,2024-05-20,2024-05-20,108,trend_sensitivity,KPSS,ct,level_or_trend_stationarity,,Bartlett_short_bandwidth,False,ok,0.08717592094144964,0.22352185209937694,0.2175,0.1479,0.1193,4,108,False,
5min,2024-05-20,2024-05-20,2024-05-20,108,lag_sensitivity,ADF,c,unit_root,12.0,aic,False,ok,-3.9805968542897223,0.0015155900397386855,-3.497501033,-2.89090644,-2.5824349,7,100,True,
5min,2024-05-20,2024-05-20,2024-05-20,108,lag_sensitivity,PP,c,unit_root,,Bartlett_short_bandwidth,False,ok,-10.11166856588414,9.965846189226647e-18,-3.492995948509562,-2.888954648057252,-2.58139291903223,8,107,True,
5min,2024-05-20,2024-05-20,2024-05-20,108,lag_sensitivity,KPSS,c,level_or_trend_stationarity,,Bartlett_short_bandwidth,False,ok,0.10895483238819484,0.5433871255082053,0.7428,0.4614,0.3475,8,108,False,
5min,2024-05-21,2024-05-21,2024-05-21,108,main,ADF,c,unit_root,12.0,bic,False,ok,-10.191716890391985,6.296821723052529e-18,-3.4936021509366793,-2.8892174239808703,-2.58153320754717,1,106,True,
5min,2024-05-21,2024-05-21,2024-05-21,108,main,PP,c,unit_root,,Bartlett_short_bandwidth,False,ok,-10.796036762779343,2.0744083106647403e-19,-3.492995948509562,-2.888954648057252,-2.58139291903223,4,107,True,
5min,2024-05-21,2024-05-21,2024-05-21,108,main,KPSS,c,level_or_trend_stationarity,,Bartlett_short_bandwidth,False,ok,0.04398414635037315,0.9122334494264392,0.7428,0.4614,0.3475,4,108,False,
5min,2024-05-21,2024-05-21,2024-05-21,108,trend_sensitivity,ADF,ct,unit_root,12.0,bic,False,ok,-10.14308358589819,1.152853077406076e-15,-4.0468193247781725,-3.452751165593073,-3.151810567112449,1,106,True,
5min,2024-05-21,2024-05-21,2024-05-21,108,trend_sensitivity,PP,ct,unit_root,,Bartlett_short_bandwidth,False,ok,-10.734048742112835,7.270914311888747e-17,-4.045970933273362,-3.452348053635668,-3.1515755794286404,4,107,True,
5min,2024-05-21,2024-05-21,2024-05-21,108,trend_sensitivity,KPSS,ct,level_or_trend_stationarity,,Bartlett_short_bandwidth,False,ok,0.035898111981650084,0.7853377780609554,0.2175,0.1479,0.1193,4,108,False,
5min,2024-05-21,2024-05-21,2024-05-21,108,lag_sensitivity,ADF,c,unit_root,12.0,aic,False,ok,-10.191716890391985,6.296821723052529e-18,-3.4936021509366793,-2.8892174239808703,-2.58153320754717,1,106,True,
5min,2024-05-21,2024-05-21,2024-05-21,108,lag_sensitivity,PP,c,unit_root,,Bartlett_short_bandwidth,False,ok,-11.184946750373314,2.4481822967947295e-20,-3.492995948509562,-2.888954648057252,-2.58139291903223,8,107,True,
5min,2024-05-21,2024-05-21,2024-05-21,108,lag_sensitivity,KPSS,c,level_or_trend_stationarity,,Bartlett_short_bandwidth,False,ok,0.05658353568391595,0.8358536641414552,0.7428,0.4614,0.3475,8,108,False,
5min,2024-05-22,2024-05-22,2024-05-22,108,main,ADF,c,unit_root,12.0,bic,False,ok,-9.621193570388767,1.7072701330004398e-16,-3.4936021509366793,-2.8892174239808703,-2.58153320754717,1,106,True,
5min,2024-05-22,2024-05-22,2024-05-22,108,main,PP,c,unit_root,,Bartlett_short_bandwidth,False,ok,-13.409106849480398,4.409881847629334e-25,-3.492995948509562,-2.888954648057252,-2.58139291903223,4,107,True,
5min,2024-05-22,2024-05-22,2024-05-22,108,main,KPSS,c,level_or_trend_stationarity,,Bartlett_short_bandwidth,False,ok,0.07116722747459586,0.7451778602615801,0.7428,0.4614,0.3475,4,108,False,
5min,2024-05-22,2024-05-22,2024-05-22,108,trend_sensitivity,ADF,ct,unit_root,12.0,bic,False,ok,-9.574124079445207,1.9101530053894814e-14,-4.0468193247781725,-3.452751165593073,-3.151810567112449,1,106,True,
5min,2024-05-22,2024-05-22,2024-05-22,108,trend_sensitivity,PP,ct,unit_root,,Bartlett_short_bandwidth,False,ok,-13.328446088800114,5.4058601981658944e-21,-4.045970933273362,-3.452348053635668,-3.1515755794286404,4,107,True,
5min,2024-05-22,2024-05-22,2024-05-22,108,trend_sensitivity,KPSS,ct,level_or_trend_stationarity,,Bartlett_short_bandwidth,False,ok,0.06333448523286792,0.4120570493151595,0.2175,0.1479,0.1193,4,108,False,
5min,2024-05-22,2024-05-22,2024-05-22,108,lag_sensitivity,ADF,c,unit_root,12.0,aic,False,ok,-7.394746612792124,7.83153805424123e-11,-3.4948504603223145,-2.889758398668639,-2.5818220155325444,3,104,True,
5min,2024-05-22,2024-05-22,2024-05-22,108,lag_sensitivity,PP,c,unit_root,,Bartlett_short_bandwidth,False,ok,-13.976262901026342,4.2563398281587167e-26,-3.492995948509562,-2.888954648057252,-2.58139291903223,8,107,True,
5min,2024-05-22,2024-05-22,2024-05-22,108,lag_sensitivity,KPSS,c,level_or_trend_stationarity,,Bartlett_short_bandwidth,False,ok,0.08559032817931458,0.6607800281128295,0.7428,0.4614,0.3475,8,108,False,
5min,2024-05-23,2024-05-23,2024-05-23,108,main,ADF,c,unit_root,12.0,bic,False,ok,-10.783216765238931,2.227725909378225e-19,-3.492995948509562,-2.888954648057252,-2.58139291903223,0,107,True,
5min,2024-05-23,2024-05-23,2024-05-23,108,main,PP,c,unit_root,,Bartlett_short_bandwidth,False,ok,-10.804550451006582,1.9785245466709584e-19,-3.492995948509562,-2.888954648057252,-2.58139291903223,4,107,True,
5min,2024-05-23,2024-05-23,2024-05-23,108,main,KPSS,c,level_or_trend_stationarity,,Bartlett_short_bandwidth,False,ok,0.3087570651734643,0.12823676554521818,0.7428,0.4614,0.3475,4,108,False,
5min,2024-05-23,2024-05-23,2024-05-23,108,trend_sensitivity,ADF,ct,unit_root,12.0,bic,False,ok,-8.968218672975194,4.2826792721483573e-13,-4.0468193247781725,-3.452751165593073,-3.151810567112449,1,106,True,
5min,2024-05-23,2024-05-23,2024-05-23,108,trend_sensitivity,PP,ct,unit_root,,Bartlett_short_bandwidth,False,ok,-10.951294030301945,2.756251109180864e-17,-4.045970933273362,-3.452348053635668,-3.1515755794286404,4,107,True,
5min,2024-05-23,2024-05-23,2024-05-23,108,trend_sensitivity,KPSS,ct,level_or_trend_stationarity,,Bartlett_short_bandwidth,False,ok,0.047815802113717165,0.6052446216690628,0.2175,0.1479,0.1193,4,108,False,
5min,2024-05-23,2024-05-23,2024-05-23,108,lag_sensitivity,ADF,c,unit_root,12.0,aic,False,ok,-5.957422030664939,2.0772775404618145e-07,-3.4942202045135513,-2.889485291005291,-2.5816762131519275,2,105,True,
5min,2024-05-23,2024-05-23,2024-05-23,108,lag_sensitivity,PP,c,unit_root,,Bartlett_short_bandwidth,False,ok,-10.772237572143318,2.368103383407126e-19,-3.492995948509562,-2.888954648057252,-2.58139291903223,8,107,True,
5min,2024-05-23,2024-05-23,2024-05-23,108,lag_sensitivity,KPSS,c,level_or_trend_stationarity,,Bartlett_short_bandwidth,False,ok,0.28653101647740187,0.14777998430723632,0.7428,0.4614,0.3475,8,108,False,
5min,2024-05-24,2024-05-24,2024-05-24,108,main,ADF,c,unit_root,12.0,bic,False,ok,-9.942518341808295,2.6413018430864453e-17,-3.4936021509366793,-2.8892174239808703,-2.58153320754717,1,106,True,
5min,2024-05-24,2024-05-24,2024-05-24,108,main,PP,c,unit_root,,Bartlett_short_bandwidth,False,ok,-11.37402049421436,8.835975170795473e-21,-3.492995948509562,-2.888954648057252,-2.58139291903223,4,107,True,
5min,2024-05-24,2024-05-24,2024-05-24,108,main,KPSS,c,level_or_trend_stationarity,,Bartlett_short_bandwidth,False,ok,0.14358959847225106,0.41041795361457994,0.7428,0.4614,0.3475,4,108,False,
5min,2024-05-24,2024-05-24,2024-05-24,108,trend_sensitivity,ADF,ct,unit_root,12.0,bic,False,ok,-9.994686531947508,2.367804654064104e-15,-4.0468193247781725,-3.452751165593073,-3.151810567112449,1,106,True,
5min,2024-05-24,2024-05-24,2024-05-24,108,trend_sensitivity,PP,ct,unit_root,,Bartlett_short_bandwidth,False,ok,-11.453732069888309,3.253883522489615e-18,-4.045970933273362,-3.452348053635668,-3.1515755794286404,4,107,True,
5min,2024-05-24,2024-05-24,2024-05-24,108,trend_sensitivity,KPSS,ct,level_or_trend_stationarity,,Bartlett_short_bandwidth,False,ok,0.034659063640657496,0.804458894434298,0.2175,0.1479,0.1193,4,108,False,
5min,2024-05-24,2024-05-24,2024-05-24,108,lag_sensitivity,ADF,c,unit_root,12.0,aic,False,ok,-9.942518341808295,2.6413018430864453e-17,-3.4936021509366793,-2.8892174239808703,-2.58153320754717,1,106,True,
5min,2024-05-24,2024-05-24,2024-05-24,108,lag_sensitivity,PP,c,unit_root,,Bartlett_short_bandwidth,False,ok,-11.792790842835135,9.73652920720101e-22,-3.492995948509562,-2.888954648057252,-2.58139291903223,8,107,True,
5min,2024-05-24,2024-05-24,2024-05-24,108,lag_sensitivity,KPSS,c,level_or_trend_stationarity,,Bartlett_short_bandwidth,False,ok,0.18312900374544303,0.3031517155277172,0.7428,0.4614,0.3475,8,108,False,
5min,2024-05-27,2024-05-27,2024-05-27,108,main,ADF,c,unit_root,12.0,bic,False,ok,-10.614438730145164,5.722878861939334e-19,-3.4936021509366793,-2.8892174239808703,-2.58153320754717,1,106,True,
5min,2024-05-27,2024-05-27,2024-05-27,108,main,PP,c,unit_root,,Bartlett_short_bandwidth,False,ok,-13.135427814961522,1.4655304645194285e-24,-3.492995948509562,-2.888954648057252,-2.58139291903223,4,107,True,
5min,2024-05-27,2024-05-27,2024-05-27,108,main,KPSS,c,level_or_trend_stationarity,,Bartlett_short_bandwidth,False,ok,0.043736055472162555,0.9136511115876425,0.7428,0.4614,0.3475,4,108,False,
5min,2024-05-27,2024-05-27,2024-05-27,108,trend_sensitivity,ADF,ct,unit_root,12.0,bic,False,ok,-10.558512159050906,1.6223419204565126e-16,-4.0468193247781725,-3.452751165593073,-3.151810567112449,1,106,True,
5min,2024-05-27,2024-05-27,2024-05-27,108,trend_sensitivity,PP,ct,unit_root,,Bartlett_short_bandwidth,False,ok,-13.05464218016255,1.1585758739390833e-20,-4.045970933273362,-3.452348053635668,-3.1515755794286404,4,107,True,
5min,2024-05-27,2024-05-27,2024-05-27,108,trend_sensitivity,KPSS,ct,level_or_trend_stationarity,,Bartlett_short_bandwidth,False,ok,0.045016586894820604,0.645751196577691,0.2175,0.1479,0.1193,4,108,False,
5min,2024-05-27,2024-05-27,2024-05-27,108,lag_sensitivity,ADF,c,unit_root,12.0,aic,False,ok,-10.614438730145164,5.722878861939334e-19,-3.4936021509366793,-2.8892174239808703,-2.58153320754717,1,106,True,
5min,2024-05-27,2024-05-27,2024-05-27,108,lag_sensitivity,PP,c,unit_root,,Bartlett_short_bandwidth,False,ok,-13.225694737725986,9.812475508980965e-25,-3.492995948509562,-2.888954648057252,-2.58139291903223,8,107,True,
5min,2024-05-27,2024-05-27,2024-05-27,108,lag_sensitivity,KPSS,c,level_or_trend_stationarity,,Bartlett_short_bandwidth,False,ok,0.04816581211845259,0.8878415045358174,0.7428,0.4614,0.3475,8,108,False,
5min,2024-05-28,2024-05-28,2024-05-28,108,main,ADF,c,unit_root,12.0,bic,False,ok,-8.667401364938522,4.644271740270872e-14,-3.492995948509562,-2.888954648057252,-2.58139291903223,0,107,True,
5min,2024-05-28,2024-05-28,2024-05-28,108,main,PP,c,unit_root,,Bartlett_short_bandwidth,False,ok,-8.578034289329796,7.865421976471519e-14,-3.492995948509562,-2.888954648057252,-2.58139291903223,4,107,True,
5min,2024-05-28,2024-05-28,2024-05-28,108,main,KPSS,c,level_or_trend_stationarity,,Bartlett_short_bandwidth,False,ok,0.09477617306363784,0.6116191346818108,0.7428,0.4614,0.3475,4,108,False,
5min,2024-05-28,2024-05-28,2024-05-28,108,trend_sensitivity,ADF,ct,unit_root,12.0,bic,False,ok,-8.632191516980539,2.4953387145005563e-12,-4.045970933273362,-3.452348053635668,-3.1515755794286404,0,107,True,
5min,2024-05-28,2024-05-28,2024-05-28,108,trend_sensitivity,PP,ct,unit_root,,Bartlett_short_bandwidth,False,ok,-8.54245841479493,4.007807244642421e-12,-4.045970933273362,-3.452348053635668,-3.1515755794286404,4,107,True,
5min,2024-05-28,2024-05-28,2024-05-28,108,trend_sensitivity,KPSS,ct,level_or_trend_stationarity,,Bartlett_short_bandwidth,False,ok,0.081948798248011,0.25535311553095863,0.2175,0.1479,0.1193,4,108,False,
5min,2024-05-28,2024-05-28,2024-05-28,108,lag_sensitivity,ADF,c,unit_root,12.0,aic,False,ok,-8.667401364938522,4.644271740270872e-14,-3.492995948509562,-2.888954648057252,-2.58139291903223,0,107,True,
5min,2024-05-28,2024-05-28,2024-05-28,108,lag_sensitivity,PP,c,unit_root,,Bartlett_short_bandwidth,False,ok,-8.576099183729413,7.955646114361756e-14,-3.492995948509562,-2.888954648057252,-2.58139291903223,8,107,True,
5min,2024-05-28,2024-05-28,2024-05-28,108,lag_sensitivity,KPSS,c,level_or_trend_stationarity,,Bartlett_short_bandwidth,False,ok,0.09032698289938769,0.6350692398968739,0.7428,0.4614,0.3475,8,108,False,
5min,2024-05-29,2024-05-29,2024-05-29,108,main,ADF,c,unit_root,12.0,bic,False,ok,-10.927122539985481,1.0036328547241239e-19,-3.492995948509562,-2.888954648057252,-2.58139291903223,0,107,True,
5min,2024-05-29,2024-05-29,2024-05-29,108,main,PP,c,unit_root,,Bartlett_short_bandwidth,False,ok,-10.923871270362955,1.0217997731825836e-19,-3.492995948509562,-2.888954648057252,-2.58139291903223,4,107,True,
5min,2024-05-29,2024-05-29,2024-05-29,108,main,KPSS,c,level_or_trend_stationarity,,Bartlett_short_bandwidth,False,ok,0.07359159484862926,0.7303955483272372,0.7428,0.4614,0.3475,4,108,False,
5min,2024-05-29,2024-05-29,2024-05-29,108,trend_sensitivity,ADF,ct,unit_root,12.0,bic,False,ok,-10.913299977505304,3.2595763159237267e-17,-4.045970933273362,-3.452348053635668,-3.1515755794286404,0,107,True,
5min,2024-05-29,2024-05-29,2024-05-29,108,trend_sensitivity,PP,ct,unit_root,,Bartlett_short_bandwidth,False,ok,-10.910841080370737,3.2952451829868633e-17,-4.045970933273362,-3.452348053635668,-3.1515755794286404,4,107,True,
5min,2024-05-29,2024-05-29,2024-05-29,108,trend_sensitivity,KPSS,ct,level_or_trend_stationarity,,Bartlett_short_bandwidth,False,ok,0.05088909563660265,0.5624214231372366,0.2175,0.1479,0.1193,4,108,False,
5min,2024-05-29,2024-05-29,2024-05-29,108,lag_sensitivity,ADF,c,unit_root,12.0,aic,False,ok,-6.464676743286272,1.4149097975158464e-08,-3.4936021509366793,-2.8892174239808703,-2.58153320754717,1,106,True,
5min,2024-05-29,2024-05-29,2024-05-29,108,lag_sensitivity,PP,c,unit_root,,Bartlett_short_bandwidth,False,ok,-10.912172233553152,1.0899652307144272e-19,-3.492995948509562,-2.888954648057252,-2.58139291903223,8,107,True,
5min,2024-05-29,2024-05-29,2024-05-29,108,lag_sensitivity,KPSS,c,level_or_trend_stationarity,,Bartlett_short_bandwidth,False,ok,0.079042769235348,0.6978693568463639,0.7428,0.4614,0.3475,8,108,False,
5min,2024-05-31,2024-05-31,2024-05-31,108,main,ADF,c,unit_root,12.0,bic,False,ok,-11.96053072860665,4.112380761364957e-22,-3.492995948509562,-2.888954648057252,-2.58139291903223,0,107,True,
5min,2024-05-31,2024-05-31,2024-05-31,108,main,PP,c,unit_root,,Bartlett_short_bandwidth,False,ok,-12.274573385255776,8.489777209329979e-23,-3.492995948509562,-2.888954648057252,-2.58139291903223,4,107,True,
5min,2024-05-31,2024-05-31,2024-05-31,108,main,KPSS,c,level_or_trend_stationarity,,Bartlett_short_bandwidth,False,ok,0.5074607474916152,0.038218177403577476,0.7428,0.4614,0.3475,4,108,True,
5min,2024-05-31,2024-05-31,2024-05-31,108,trend_sensitivity,ADF,ct,unit_root,12.0,bic,False,ok,-8.919683136731983,5.516786710583174e-13,-4.0468193247781725,-3.452751165593073,-3.151810567112449,1,106,True,
5min,2024-05-31,2024-05-31,2024-05-31,108,trend_sensitivity,PP,ct,unit_root,,Bartlett_short_bandwidth,False,ok,-12.740654924029958,2.998306544275945e-20,-4.045970933273362,-3.452348053635668,-3.1515755794286404,4,107,True,
5min,2024-05-31,2024-05-31,2024-05-31,108,trend_sensitivity,KPSS,ct,level_or_trend_stationarity,,Bartlett_short_bandwidth,False,ok,0.043479369541190624,0.6688094568821407,0.2175,0.1479,0.1193,4,108,False,
5min,2024-05-31,2024-05-31,2024-05-31,108,lag_sensitivity,ADF,c,unit_root,12.0,aic,False,ok,-8.577792779878934,7.87662626253297e-14,-3.4936021509366793,-2.8892174239808703,-2.58153320754717,1,106,True,
5min,2024-05-31,2024-05-31,2024-05-31,108,lag_sensitivity,PP,c,unit_root,,Bartlett_short_bandwidth,False,ok,-12.220863640523872,1.1081332409468444e-22,-3.492995948509562,-2.888954648057252,-2.58139291903223,8,107,True,
5min,2024-05-31,2024-05-31,2024-05-31,108,lag_sensitivity,KPSS,c,level_or_trend_stationarity,,Bartlett_short_bandwidth,False,ok,0.5255457092635034,0.03437110728129635,0.7428,0.4614,0.3475,8,108,True,
5min,2024-06-03,2024-06-03,2024-06-03,108,main,ADF,c,unit_root,12.0,bic,False,ok,-9.882145723737146,3.745431460004922e-17,-3.492995948509562,-2.888954648057252,-2.58139291903223,0,107,True,
5min,2024-06-03,2024-06-03,2024-06-03,108,main,PP,c,unit_root,,Bartlett_short_bandwidth,False,ok,-9.96462024317408,2.3246831535231882e-17,-3.492995948509562,-2.888954648057252,-2.58139291903223,4,107,True,
5min,2024-06-03,2024-06-03,2024-06-03,108,main,KPSS,c,level_or_trend_stationarity,,Bartlett_short_bandwidth,False,ok,0.06338764845722272,0.793548299747838,0.7428,0.4614,0.3475,4,108,False,
5min,2024-06-03,2024-06-03,2024-06-03,108,trend_sensitivity,ADF,ct,unit_root,12.0,bic,False,ok,-9.839205341154326,5.083087416253658e-15,-4.045970933273362,-3.452348053635668,-3.1515755794286404,0,107,True,
5min,2024-06-03,2024-06-03,2024-06-03,108,trend_sensitivity,PP,ct,unit_root,,Bartlett_short_bandwidth,False,ok,-9.924011683376332,3.3468185463004976e-15,-4.045970933273362,-3.452348053635668,-3.1515755794286404,4,107,True,
5min,2024-06-03,2024-06-03,2024-06-03,108,trend_sensitivity,KPSS,ct,level_or_trend_stationarity,,Bartlett_short_bandwidth,False,ok,0.05943415369859091,0.4546118897887396,0.2175,0.1479,0.1193,4,108,False,
5min,2024-06-03,2024-06-03,2024-06-03,108,lag_sensitivity,ADF,c,unit_root,12.0,aic,False,ok,-6.134681624140548,8.241412252209522e-08,-3.4936021509366793,-2.8892174239808703,-2.58153320754717,1,106,True,
5min,2024-06-03,2024-06-03,2024-06-03,108,lag_sensitivity,PP,c,unit_root,,Bartlett_short_bandwidth,False,ok,-9.990739017179855,1.9993324331670393e-17,-3.492995948509562,-2.888954648057252,-2.58139291903223,8,107,True,
5min,2024-06-03,2024-06-03,2024-06-03,108,lag_sensitivity,KPSS,c,level_or_trend_stationarity,,Bartlett_short_bandwidth,False,ok,0.06056257710347371,0.8111135102374692,0.7428,0.4614,0.3475,8,108,False,
5min,2024-06-04,2024-06-04,2024-06-04,108,main,ADF,c,unit_root,12.0,bic,False,ok,-9.362219902927864,7.767953752026045e-16,-3.492995948509562,-2.888954648057252,-2.58139291903223,0,107,True,
5min,2024-06-04,2024-06-04,2024-06-04,108,main,PP,c,unit_root,,Bartlett_short_bandwidth,False,ok,-9.35365778077235,8.168058808555466e-16,-3.492995948509562,-2.888954648057252,-2.58139291903223,4,107,True,
5min,2024-06-04,2024-06-04,2024-06-04,108,main,KPSS,c,level_or_trend_stationarity,,Bartlett_short_bandwidth,False,ok,0.0891322228752641,0.6414606024985595,0.7428,0.4614,0.3475,4,108,False,
5min,2024-06-04,2024-06-04,2024-06-04,108,trend_sensitivity,ADF,ct,unit_root,12.0,bic,False,ok,-9.34551614627225,6.09963585029497e-14,-4.045970933273362,-3.452348053635668,-3.1515755794286404,0,107,True,
5min,2024-06-04,2024-06-04,2024-06-04,108,trend_sensitivity,PP,ct,unit_root,,Bartlett_short_bandwidth,False,ok,-9.329324729672063,6.626496464198672e-14,-4.045970933273362,-3.452348053635668,-3.1515755794286404,4,107,True,
5min,2024-06-04,2024-06-04,2024-06-04,108,trend_sensitivity,KPSS,ct,level_or_trend_stationarity,,Bartlett_short_bandwidth,False,ok,0.04476631694774315,0.6495052457838527,0.2175,0.1479,0.1193,4,108,False,
5min,2024-06-04,2024-06-04,2024-06-04,108,lag_sensitivity,ADF,c,unit_root,12.0,aic,False,ok,-9.362219902927864,7.767953752026045e-16,-3.492995948509562,-2.888954648057252,-2.58139291903223,0,107,True,
5min,2024-06-04,2024-06-04,2024-06-04,108,lag_sensitivity,PP,c,unit_root,,Bartlett_short_bandwidth,False,ok,-9.32151881650123,9.863292240199718e-16,-3.492995948509562,-2.888954648057252,-2.58139291903223,8,107,True,
5min,2024-06-04,2024-06-04,2024-06-04,108,lag_sensitivity,KPSS,c,level_or_trend_stationarity,,Bartlett_short_bandwidth,False,ok,0.09859136500059872,0.5925431749970064,0.7428,0.4614,0.3475,8,108,False,
5min,2024-06-05,2024-06-05,2024-06-05,108,main,ADF,c,unit_root,12.0,bic,False,ok,-9.695192711770632,1.1091740067755235e-16,-3.492995948509562,-2.888954648057252,-2.58139291903223,0,107,True,
5min,2024-06-05,2024-06-05,2024-06-05,108,main,PP,c,unit_root,,Bartlett_short_bandwidth,False,ok,-9.676361327923395,1.2377436794835468e-16,-3.492995948509562,-2.888954648057252,-2.58139291903223,4,107,True,
5min,2024-06-05,2024-06-05,2024-06-05,108,main,KPSS,c,level_or_trend_stationarity,,Bartlett_short_bandwidth,False,ok,0.04930328100066458,0.8808570464871474,0.7428,0.4614,0.3475,4,108,False,
5min,2024-06-05,2024-06-05,2024-06-05,108,trend_sensitivity,ADF,ct,unit_root,12.0,bic,False,ok,-9.649327528386834,1.308684380264246e-14,-4.045970933273362,-3.452348053635668,-3.1515755794286404,0,107,True,
5min,2024-06-05,2024-06-05,2024-06-05,108,trend_sensitivity,PP,ct,unit_root,,Bartlett_short_bandwidth,False,ok,-9.626474577333894,1.467748968303031e-14,-4.045970933273362,-3.452348053635668,-3.1515755794286404,4,107,True,
5min,2024-06-05,2024-06-05,2024-06-05,108,trend_sensitivity,KPSS,ct,level_or_trend_stationarity,,Bartlett_short_bandwidth,False,ok,0.04804209294506548,0.6020870751851328,0.2175,0.1479,0.1193,4,108,False,
5min,2024-06-05,2024-06-05,2024-06-05,108,lag_sensitivity,ADF,c,unit_root,12.0,aic,False,ok,-9.695192711770632,1.1091740067755235e-16,-3.492995948509562,-2.888954648057252,-2.58139291903223,0,107,True,
5min,2024-06-05,2024-06-05,2024-06-05,108,lag_sensitivity,PP,c,unit_root,,Bartlett_short_bandwidth,False,ok,-9.860697161752592,4.240934374372234e-17,-3.492995948509562,-2.888954648057252,-2.58139291903223,8,107,True,
5min,2024-06-05,2024-06-05,2024-06-05,108,lag_sensitivity,KPSS,c,level_or_trend_stationarity,,Bartlett_short_bandwidth,False,ok,0.06922719179123689,0.7572402582928277,0.7428,0.4614,0.3475,8,108,False,
5min,2024-06-06,2024-06-06,2024-06-06,108,main,ADF,c,unit_root,12.0,bic,False,ok,-7.44637376074297,5.823784012378321e-11,-3.492995948509562,-2.888954648057252,-2.58139291903223,0,107,True,
5min,2024-06-06,2024-06-06,2024-06-06,108,main,PP,c,unit_root,,Bartlett_short_bandwidth,False,ok,-7.347365795299936,1.0272007201713215e-10,-3.492995948509562,-2.888954648057252,-2.58139291903223,4,107,True,
5min,2024-06-06,2024-06-06,2024-06-06,108,main,KPSS,c,level_or_trend_stationarity,,Bartlett_short_bandwidth,False,ok,0.20946025759993872,0.2504281114286809,0.7428,0.4614,0.3475,4,108,False,
5min,2024-06-06,2024-06-06,2024-06-06,108,trend_sensitivity,ADF,ct,unit_root,12.0,bic,False,ok,-7.551141746545412,7.771784129272781e-10,-4.045970933273362,-3.452348053635668,-3.1515755794286404,0,107,True,
5min,2024-06-06,2024-06-06,2024-06-06,108,trend_sensitivity,PP,ct,unit_root,,Bartlett_short_bandwidth,False,ok,-7.426533385893091,1.5035385639230632e-09,-4.045970933273362,-3.452348053635668,-3.1515755794286404,4,107,True,
5min,2024-06-06,2024-06-06,2024-06-06,108,trend_sensitivity,KPSS,ct,level_or_trend_stationarity,,Bartlett_short_bandwidth,False,ok,0.043039160962337376,0.6754125855649393,0.2175,0.1479,0.1193,4,108,False,
5min,2024-06-06,2024-06-06,2024-06-06,108,lag_sensitivity,ADF,c,unit_root,12.0,aic,False,ok,-7.44637376074297,5.823784012378321e-11,-3.492995948509562,-2.888954648057252,-2.58139291903223,0,107,True,
5min,2024-06-06,2024-06-06,2024-06-06,108,lag_sensitivity,PP,c,unit_root,,Bartlett_short_bandwidth,False,ok,-7.202334498095294,2.3478156493195864e-10,-3.492995948509562,-2.888954648057252,-2.58139291903223,8,107,True,
5min,2024-06-06,2024-06-06,2024-06-06,108,lag_sensitivity,KPSS,c,level_or_trend_stationarity,,Bartlett_short_bandwidth,False,ok,0.22668776693588794,0.22153368646077584,0.7428,0.4614,0.3475,8,108,False,
5min,2024-06-10,2024-06-10,2024-06-10,108,main,ADF,c,unit_root,12.0,bic,False,ok,-9.401334819503862,6.175929922289708e-16,-3.492995948509562,-2.888954648057252,-2.58139291903223,0,107,True,
5min,2024-06-10,2024-06-10,2024-06-10,108,main,PP,c,unit_root,,Bartlett_short_bandwidth,False,ok,-9.353021812610102,8.198589261874777e-16,-3.492995948509562,-2.888954648057252,-2.58139291903223,4,107,True,
5min,2024-06-10,2024-06-10,2024-06-10,108,main,KPSS,c,level_or_trend_stationarity,,Bartlett_short_bandwidth,False,ok,0.06753766561625489,0.7677450842512649,0.7428,0.4614,0.3475,4,108,False,
5min,2024-06-10,2024-06-10,2024-06-10,108,trend_sensitivity,ADF,ct,unit_root,12.0,bic,False,ok,-9.382118092340539,5.059331287701742e-14,-4.045970933273362,-3.452348053635668,-3.1515755794286404,0,107,True,
5min,2024-06-10,2024-06-10,2024-06-10,108,trend_sensitivity,PP,ct,unit_root,,Bartlett_short_bandwidth,False,ok,-9.332219037463977,6.529048118247106e-14,-4.045970933273362,-3.452348053635668,-3.1515755794286404,4,107,True,
5min,2024-06-10,2024-06-10,2024-06-10,108,trend_sensitivity,KPSS,ct,level_or_trend_stationarity,,Bartlett_short_bandwidth,False,ok,0.049775476055142605,0.5779003341142892,0.2175,0.1479,0.1193,4,108,False,
5min,2024-06-10,2024-06-10,2024-06-10,108,lag_sensitivity,ADF,c,unit_root,12.0,aic,False,ok,-9.401334819503862,6.175929922289708e-16,-3.492995948509562,-2.888954648057252,-2.58139291903223,0,107,True,
5min,2024-06-10,2024-06-10,2024-06-10,108,lag_sensitivity,PP,c,unit_root,,Bartlett_short_bandwidth,False,ok,-9.383525998372862,6.855561010427941e-16,-3.492995948509562,-2.888954648057252,-2.58139291903223,8,107,True,
5min,2024-06-10,2024-06-10,2024-06-10,108,lag_sensitivity,KPSS,c,level_or_trend_stationarity,,Bartlett_short_bandwidth,False,ok,0.07885626767073485,0.6989394477908655,0.7428,0.4614,0.3475,8,108,False,
5min,2024-06-11,2024-06-11,2024-06-11,108,main,ADF,c,unit_root,12.0,bic,False,ok,-9.215187457100717,1.841997524323013e-15,-3.492995948509562,-2.888954648057252,-2.58139291903223,0,107,True,
5min,2024-06-11,2024-06-11,2024-06-11,108,main,PP,c,unit_root,,Bartlett_short_bandwidth,False,ok,-9.173918212220968,2.3479064940214076e-15,-3.492995948509562,-2.888954648057252,-2.58139291903223,4,107,True,
5min,2024-06-11,2024-06-11,2024-06-11,108,main,KPSS,c,level_or_trend_stationarity,,Bartlett_short_bandwidth,False,ok,0.10619145015538746,0.555947953839148,0.7428,0.4614,0.3475,4,108,False,
5min,2024-06-11,2024-06-11,2024-06-11,108,trend_sensitivity,ADF,ct,unit_root,12.0,bic,False,ok,-9.196063272126795,1.314158708194958e-13,-4.045970933273362,-3.452348053635668,-3.1515755794286404,0,107,True,
5min,2024-06-11,2024-06-11,2024-06-11,108,trend_sensitivity,PP,ct,unit_root,,Bartlett_short_bandwidth,False,ok,-9.148409110771345,1.6807170801863048e-13,-4.045970933273362,-3.452348053635668,-3.1515755794286404,4,107,True,
5min,2024-06-11,2024-06-11,2024-06-11,108,trend_sensitivity,KPSS,ct,level_or_trend_stationarity,,Bartlett_short_bandwidth,False,ok,0.03583638952204171,0.7862902851536773,0.2175,0.1479,0.1193,4,108,False,
5min,2024-06-11,2024-06-11,2024-06-11,108,lag_sensitivity,ADF,c,unit_root,12.0,aic,False,ok,-6.001429936811723,1.6537969601854163e-07,-3.4989097606014496,-2.891516256916761,-2.5827604414827157,9,98,True,
5min,2024-06-11,2024-06-11,2024-06-11,108,lag_sensitivity,PP,c,unit_root,,Bartlett_short_bandwidth,False,ok,-9.436255755276177,5.033134810938619e-16,-3.492995948509562,-2.888954648057252,-2.58139291903223,8,107,True,
5min,2024-06-11,2024-06-11,2024-06-11,108,lag_sensitivity,KPSS,c,level_or_trend_stationarity,,Bartlett_short_bandwidth,False,ok,0.16247871432155847,0.354399136479235,0.7428,0.4614,0.3475,8,108,False,
5min,2024-06-12,2024-06-12,2024-06-12,108,main,ADF,c,unit_root,12.0,bic,False,ok,-6.422445921892881,1.7777642222832717e-08,-3.4936021509366793,-2.8892174239808703,-2.58153320754717,1,106,True,
5min,2024-06-12,2024-06-12,2024-06-12,108,main,PP,c,unit_root,,Bartlett_short_bandwidth,False,ok,-9.804565789594404,5.872795101470899e-17,-3.492995948509562,-2.888954648057252,-2.58139291903223,4,107,True,
5min,2024-06-12,2024-06-12,2024-06-12,108,main,KPSS,c,level_or_trend_stationarity,,Bartlett_short_bandwidth,False,ok,0.05341801910730774,0.8555356324934233,0.7428,0.4614,0.3475,4,108,False,
5min,2024-06-12,2024-06-12,2024-06-12,108,trend_sensitivity,ADF,ct,unit_root,12.0,bic,False,ok,-6.391271601884133,3.190973234147453e-07,-4.0468193247781725,-3.452751165593073,-3.151810567112449,1,106,True,
5min,2024-06-12,2024-06-12,2024-06-12,108,trend_sensitivity,PP,ct,unit_root,,Bartlett_short_bandwidth,False,ok,-9.762059475533874,7.452273212117188e-15,-4.045970933273362,-3.452348053635668,-3.1515755794286404,4,107,True,
5min,2024-06-12,2024-06-12,2024-06-12,108,trend_sensitivity,KPSS,ct,level_or_trend_stationarity,,Bartlett_short_bandwidth,False,ok,0.053790172882936506,0.5232871989087302,0.2175,0.1479,0.1193,4,108,False,
5min,2024-06-12,2024-06-12,2024-06-12,108,lag_sensitivity,ADF,c,unit_root,12.0,aic,False,ok,-4.098525242489678,0.0009739750724885761,-3.5011373281819504,-2.8924800524857854,-2.5832749307479226,12,95,True,
5min,2024-06-12,2024-06-12,2024-06-12,108,lag_sensitivity,PP,c,unit_root,,Bartlett_short_bandwidth,False,ok,-9.885317401776254,3.6772719174931625e-17,-3.492995948509562,-2.888954648057252,-2.58139291903223,8,107,True,
5min,2024-06-12,2024-06-12,2024-06-12,108,lag_sensitivity,KPSS,c,level_or_trend_stationarity,,Bartlett_short_bandwidth,False,ok,0.047712377929244966,0.8906257495572677,0.7428,0.4614,0.3475,8,108,False,
5min,2024-06-13,2024-06-13,2024-06-13,108,main,ADF,c,unit_root,12.0,bic,False,ok,-10.303076667394082,3.33282646912413e-18,-3.492995948509562,-2.888954648057252,-2.58139291903223,0,107,True,
5min,2024-06-13,2024-06-13,2024-06-13,108,main,PP,c,unit_root,,Bartlett_short_bandwidth,False,ok,-10.328493731458831,2.8835743016758994e-18,-3.492995948509562,-2.888954648057252,-2.58139291903223,4,107,True,
5min,2024-06-13,2024-06-13,2024-06-13,108,main,KPSS,c,level_or_trend_stationarity,,Bartlett_short_bandwidth,False,ok,0.07592304092469775,0.7163264771785481,0.7428,0.4614,0.3475,4,108,False,
5min,2024-06-13,2024-06-13,2024-06-13,108,trend_sensitivity,ADF,ct,unit_root,12.0,bic,False,ok,-10.258508898667463,6.630996807142334e-16,-4.045970933273362,-3.452348053635668,-3.1515755794286404,0,107,True,
5min,2024-06-13,2024-06-13,2024-06-13,108,trend_sensitivity,PP,ct,unit_root,,Bartlett_short_bandwidth,False,ok,-10.28629771819825,5.809633173107785e-16,-4.045970933273362,-3.452348053635668,-3.1515755794286404,4,107,True,
5min,2024-06-13,2024-06-13,2024-06-13,108,trend_sensitivity,KPSS,ct,level_or_trend_stationarity,,Bartlett_short_bandwidth,False,ok,0.0760445422559242,0.29734967495442916,0.2175,0.1479,0.1193,4,108,False,
5min,2024-06-13,2024-06-13,2024-06-13,108,lag_sensitivity,ADF,c,unit_root,12.0,aic,False,ok,-10.303076667394082,3.33282646912413e-18,-3.492995948509562,-2.888954648057252,-2.58139291903223,0,107,True,
5min,2024-06-13,2024-06-13,2024-06-13,108,lag_sensitivity,PP,c,unit_root,,Bartlett_short_bandwidth,False,ok,-10.316402322638407,3.089131737709578e-18,-3.492995948509562,-2.888954648057252,-2.58139291903223,8,107,True,
5min,2024-06-13,2024-06-13,2024-06-13,108,lag_sensitivity,KPSS,c,level_or_trend_stationarity,,Bartlett_short_bandwidth,False,ok,0.0747070998990016,0.7236640523336111,0.7428,0.4614,0.3475,8,108,False,
5min,2024-06-14,2024-06-14,2024-06-14,108,main,ADF,c,unit_root,12.0,bic,False,ok,-7.896711137844135,4.291549720762118e-12,-3.492995948509562,-2.888954648057252,-2.58139291903223,0,107,True,
5min,2024-06-14,2024-06-14,2024-06-14,108,main,PP,c,unit_root,,Bartlett_short_bandwidth,False,ok,-7.937222304890149,3.3880997268863457e-12,-3.492995948509562,-2.888954648057252,-2.58139291903223,4,107,True,
5min,2024-06-14,2024-06-14,2024-06-14,108,main,KPSS,c,level_or_trend_stationarity,,Bartlett_short_bandwidth,False,ok,0.0545737374499656,0.8483498189639443,0.7428,0.4614,0.3475,4,108,False,
5min,2024-06-14,2024-06-14,2024-06-14,108,trend_sensitivity,ADF,ct,unit_root,12.0,bic,False,ok,-7.858186620555396,1.520061500777217e-10,-4.045970933273362,-3.452348053635668,-3.1515755794286404,0,107,True,
5min,2024-06-14,2024-06-14,2024-06-14,108,trend_sensitivity,PP,ct,unit_root,,Bartlett_short_bandwidth,False,ok,-7.896068647068921,1.242490319858799e-10,-4.045970933273362,-3.452348053635668,-3.1515755794286404,4,107,True,
5min,2024-06-14,2024-06-14,2024-06-14,108,trend_sensitivity,KPSS,ct,level_or_trend_stationarity,,Bartlett_short_bandwidth,False,ok,0.05322601147140501,0.5307103753762499,0.2175,0.1479,0.1193,4,108,False,
5min,2024-06-14,2024-06-14,2024-06-14,108,lag_sensitivity,ADF,c,unit_root,12.0,aic,False,ok,-7.896711137844135,4.291549720762118e-12,-3.492995948509562,-2.888954648057252,-2.58139291903223,0,107,True,
5min,2024-06-14,2024-06-14,2024-06-14,108,lag_sensitivity,PP,c,unit_root,,Bartlett_short_bandwidth,False,ok,-7.935486767546731,3.422601385879276e-12,-3.492995948509562,-2.888954648057252,-2.58139291903223,8,107,True,
5min,2024-06-14,2024-06-14,2024-06-14,108,lag_sensitivity,KPSS,c,level_or_trend_stationarity,,Bartlett_short_bandwidth,False,ok,0.05143125759473196,0.8677905235411195,0.7428,0.4614,0.3475,8,108,False,
5min,2024-06-17,2024-06-17,2024-06-17,108,main,ADF,c,unit_root,12.0,bic,False,ok,-8.79860839158893,2.1424596188309685e-14,-3.492995948509562,-2.888954648057252,-2.58139291903223,0,107,True,
5min,2024-06-17,2024-06-17,2024-06-17,108,main,PP,c,unit_root,,Bartlett_short_bandwidth,False,ok,-8.711629017353765,3.5781627042510304e-14,-3.492995948509562,-2.888954648057252,-2.58139291903223,4,107,True,
5min,2024-06-17,2024-06-17,2024-06-17,108,main,KPSS,c,level_or_trend_stationarity,,Bartlett_short_bandwidth,False,ok,0.10478252474205806,0.5624878618170286,0.7428,0.4614,0.3475,4,108,False,
5min,2024-06-17,2024-06-17,2024-06-17,108,trend_sensitivity,ADF,ct,unit_root,12.0,bic,False,ok,-8.75712996295236,1.2927067274034508e-12,-4.045970933273362,-3.452348053635668,-3.1515755794286404,0,107,True,
5min,2024-06-17,2024-06-17,2024-06-17,108,trend_sensitivity,PP,ct,unit_root,,Bartlett_short_bandwidth,False,ok,-8.666514683255484,2.082346358798124e-12,-4.045970933273362,-3.452348053635668,-3.1515755794286404,4,107,True,
5min,2024-06-17,2024-06-17,2024-06-17,108,trend_sensitivity,KPSS,ct,level_or_trend_stationarity,,Bartlett_short_bandwidth,False,ok,0.10490734667156348,0.1429911446356095,0.2175,0.1479,0.1193,4,108,False,
5min,2024-06-17,2024-06-17,2024-06-17,108,lag_sensitivity,ADF,c,unit_root,12.0,aic,False,ok,-8.79860839158893,2.1424596188309685e-14,-3.492995948509562,-2.888954648057252,-2.58139291903223,0,107,True,
5min,2024-06-17,2024-06-17,2024-06-17,108,lag_sensitivity,PP,c,unit_root,,Bartlett_short_bandwidth,False,ok,-8.685156417507272,4.1826535851064426e-14,-3.492995948509562,-2.888954648057252,-2.58139291903223,8,107,True,
5min,2024-06-17,2024-06-17,2024-06-17,108,lag_sensitivity,KPSS,c,level_or_trend_stationarity,,Bartlett_short_bandwidth,False,ok,0.11630099694267654,0.5114042382703808,0.7428,0.4614,0.3475,8,108,False,
5min,2024-06-18,2024-06-18,2024-06-18,108,main,ADF,c,unit_root,12.0,bic,False,ok,-8.932485476742688,9.730397464207457e-15,-3.492995948509562,-2.888954648057252,-2.58139291903223,0,107,True,
5min,2024-06-18,2024-06-18,2024-06-18,108,main,PP,c,unit_root,,Bartlett_short_bandwidth,False,ok,-8.900961151570563,1.1717402670905789e-14,-3.492995948509562,-2.888954648057252,-2.58139291903223,4,107,True,
5min,2024-06-18,2024-06-18,2024-06-18,108,main,KPSS,c,level_or_trend_stationarity,,Bartlett_short_bandwidth,False,ok,0.20852853966420928,0.25209189345676913,0.7428,0.4614,0.3475,4,108,False,
5min,2024-06-18,2024-06-18,2024-06-18,108,trend_sensitivity,ADF,ct,unit_root,12.0,bic,False,ok,-8.991628333353837,3.7910049028856216e-13,-4.045970933273362,-3.452348053635668,-3.1515755794286404,0,107,True,
5min,2024-06-18,2024-06-18,2024-06-18,108,trend_sensitivity,PP,ct,unit_root,,Bartlett_short_bandwidth,False,ok,-8.95292163313259,4.638220679227224e-13,-4.045970933273362,-3.452348053635668,-3.1515755794286404,4,107,True,
5min,2024-06-18,2024-06-18,2024-06-18,108,trend_sensitivity,KPSS,ct,level_or_trend_stationarity,,Bartlett_short_bandwidth,False,ok,0.04802627066245518,0.6023078512215556,0.2175,0.1479,0.1193,4,108,False,
5min,2024-06-18,2024-06-18,2024-06-18,108,lag_sensitivity,ADF,c,unit_root,12.0,aic,False,ok,-8.932485476742688,9.730397464207457e-15,-3.492995948509562,-2.888954648057252,-2.58139291903223,0,107,True,
5min,2024-06-18,2024-06-18,2024-06-18,108,lag_sensitivity,PP,c,unit_root,,Bartlett_short_bandwidth,False,ok,-8.871108468352096,1.3972138460722547e-14,-3.492995948509562,-2.888954648057252,-2.58139291903223,8,107,True,
5min,2024-06-18,2024-06-18,2024-06-18,108,lag_sensitivity,KPSS,c,level_or_trend_stationarity,,Bartlett_short_bandwidth,False,ok,0.28980517573397263,0.14466173739621657,0.7428,0.4614,0.3475,8,108,False,
5min,2024-06-19,2024-06-19,2024-06-19,108,main,ADF,c,unit_root,12.0,bic,False,ok,-11.912500297275066,5.25652283873146e-22,-3.492995948509562,-2.888954648057252,-2.58139291903223,0,107,True,
5min,2024-06-19,2024-06-19,2024-06-19,108,main,PP,c,unit_root,,Bartlett_short_bandwidth,False,ok,-11.924305411854027,4.948270932995436e-22,-3.492995948509562,-2.888954648057252,-2.58139291903223,4,107,True,
5min,2024-06-19,2024-06-19,2024-06-19,108,main,KPSS,c,level_or_trend_stationarity,,Bartlett_short_bandwidth,False,ok,0.423505180975188,0.06278000715218496,0.7428,0.4614,0.3475,4,108,False,
5min,2024-06-19,2024-06-19,2024-06-19,108,trend_sensitivity,ADF,ct,unit_root,12.0,bic,False,ok,-12.079649398585328,2.8627567793204893e-19,-4.045970933273362,-3.452348053635668,-3.1515755794286404,0,107,True,
5min,2024-06-19,2024-06-19,2024-06-19,108,trend_sensitivity,PP,ct,unit_root,,Bartlett_short_bandwidth,False,ok,-12.175158767891327,2.0244087926702773e-19,-4.045970933273362,-3.452348053635668,-3.1515755794286404,4,107,True,
5min,2024-06-19,2024-06-19,2024-06-19,108,trend_sensitivity,KPSS,ct,level_or_trend_stationarity,,Bartlett_short_bandwidth,False,ok,0.08282811097464865,0.24982430640844594,0.2175,0.1479,0.1193,4,108,False,
5min,2024-06-19,2024-06-19,2024-06-19,108,lag_sensitivity,ADF,c,unit_root,12.0,aic,False,ok,-11.912500297275066,5.25652283873146e-22,-3.492995948509562,-2.888954648057252,-2.58139291903223,0,107,True,
5min,2024-06-19,2024-06-19,2024-06-19,108,lag_sensitivity,PP,c,unit_root,,Bartlett_short_bandwidth,False,ok,-11.973638176570978,3.8466458286285922e-22,-3.492995948509562,-2.888954648057252,-2.58139291903223,8,107,True,
5min,2024-06-19,2024-06-19,2024-06-19,108,lag_sensitivity,KPSS,c,level_or_trend_stationarity,,Bartlett_short_bandwidth,False,ok,0.4483161647043637,0.05408869852988635,0.7428,0.4614,0.3475,8,108,False,
5min,2024-06-20,2024-06-20,2024-06-20,108,main,ADF,c,unit_root,12.0,bic,False,ok,-8.95809524525042,8.367204846933997e-15,-3.492995948509562,-2.888954648057252,-2.58139291903223,0,107,True,
5min,2024-06-20,2024-06-20,2024-06-20,108,main,PP,c,unit_root,,Bartlett_short_bandwidth,False,ok,-8.924171345529514,1.0219112356906351e-14,-3.492995948509562,-2.888954648057252,-2.58139291903223,4,107,True,
5min,2024-06-20,2024-06-20,2024-06-20,108,main,KPSS,c,level_or_trend_stationarity,,Bartlett_short_bandwidth,False,ok,0.11123358526965496,0.5330291578652048,0.7428,0.4614,0.3475,4,108,False,
5min,2024-06-20,2024-06-20,2024-06-20,108,trend_sensitivity,ADF,ct,unit_root,12.0,bic,False,ok,-8.935573798357453,5.077586901588108e-13,-4.045970933273362,-3.452348053635668,-3.1515755794286404,0,107,True,
5min,2024-06-20,2024-06-20,2024-06-20,108,trend_sensitivity,PP,ct,unit_root,,Bartlett_short_bandwidth,False,ok,-8.894714111979157,6.285570836196148e-13,-4.045970933273362,-3.452348053635668,-3.1515755794286404,4,107,True,
5min,2024-06-20,2024-06-20,2024-06-20,108,trend_sensitivity,KPSS,ct,level_or_trend_stationarity,,Bartlett_short_bandwidth,False,ok,0.054623362203415765,0.512324181534003,0.2175,0.1479,0.1193,4,108,False,
5min,2024-06-20,2024-06-20,2024-06-20,108,lag_sensitivity,ADF,c,unit_root,12.0,aic,False,ok,-8.95809524525042,8.367204846933997e-15,-3.492995948509562,-2.888954648057252,-2.58139291903223,0,107,True,
5min,2024-06-20,2024-06-20,2024-06-20,108,lag_sensitivity,PP,c,unit_root,,Bartlett_short_bandwidth,False,ok,-8.875225640624958,1.3637074651097566e-14,-3.492995948509562,-2.888954648057252,-2.58139291903223,8,107,True,
5min,2024-06-20,2024-06-20,2024-06-20,108,lag_sensitivity,KPSS,c,level_or_trend_stationarity,,Bartlett_short_bandwidth,False,ok,0.1229973266183742,0.48422107913799656,0.7428,0.4614,0.3475,8,108,False,
5min,2024-06-21,2024-06-21,2024-06-21,108,main,ADF,c,unit_root,12.0,bic,False,ok,-12.597698798066922,1.763936994658119e-23,-3.492995948509562,-2.888954648057252,-2.58139291903223,0,107,True,
5min,2024-06-21,2024-06-21,2024-06-21,108,main,PP,c,unit_root,,Bartlett_short_bandwidth,False,ok,-12.338859722833465,6.183732392864032e-23,-3.492995948509562,-2.888954648057252,-2.58139291903223,4,107,True,
5min,2024-06-21,2024-06-21,2024-06-21,108,main,KPSS,c,level_or_trend_stationarity,,Bartlett_short_bandwidth,False,ok,0.07862367062511054,0.700274021003464,0.7428,0.4614,0.3475,4,108,False,
5min,2024-06-21,2024-06-21,2024-06-21,108,trend_sensitivity,ADF,ct,unit_root,12.0,bic,False,ok,-12.545881183751758,5.628441100920235e-20,-4.045970933273362,-3.452348053635668,-3.1515755794286404,0,107,True,
5min,2024-06-21,2024-06-21,2024-06-21,108,trend_sensitivity,PP,ct,unit_root,,Bartlett_short_bandwidth,False,ok,-12.297142918875853,1.313327768603421e-19,-4.045970933273362,-3.452348053635668,-3.1515755794286404,4,107,True,
5min,2024-06-21,2024-06-21,2024-06-21,108,trend_sensitivity,KPSS,ct,level_or_trend_stationarity,,Bartlett_short_bandwidth,False,ok,0.0543923945168363,0.5153632300416277,0.2175,0.1479,0.1193,4,108,False,
5min,2024-06-21,2024-06-21,2024-06-21,108,lag_sensitivity,ADF,c,unit_root,12.0,aic,False,ok,-4.390345317543183,0.00030873111554437227,-3.4989097606014496,-2.891516256916761,-2.5827604414827157,9,98,True,
5min,2024-06-21,2024-06-21,2024-06-21,108,lag_sensitivity,PP,c,unit_root,,Bartlett_short_bandwidth,False,ok,-12.417035018385015,4.2180129481317455e-23,-3.492995948509562,-2.888954648057252,-2.58139291903223,8,107,True,
5min,2024-06-21,2024-06-21,2024-06-21,108,lag_sensitivity,KPSS,c,level_or_trend_stationarity,,Bartlett_short_bandwidth,False,ok,0.06530399627597529,0.7816331837763194,0.7428,0.4614,0.3475,8,108,False,
5min,2024-06-24,2024-06-24,2024-06-24,108,main,ADF,c,unit_root,12.0,bic,False,ok,-11.48401529661627,4.915626668850277e-21,-3.492995948509562,-2.888954648057252,-2.58139291903223,0,107,True,
5min,2024-06-24,2024-06-24,2024-06-24,108,main,PP,c,unit_root,,Bartlett_short_bandwidth,False,ok,-11.42599969163843,6.6933119891418975e-21,-3.492995948509562,-2.888954648057252,-2.58139291903223,4,107,True,
5min,2024-06-24,2024-06-24,2024-06-24,108,main,KPSS,c,level_or_trend_stationarity,,Bartlett_short_bandwidth,False,ok,0.3669470759783659,0.08861571957697505,0.7428,0.4614,0.3475,4,108,False,
5min,2024-06-24,2024-06-24,2024-06-24,108,trend_sensitivity,ADF,ct,unit_root,12.0,bic,False,ok,-11.824925981354877,7.449795907352329e-19,-4.045970933273362,-3.452348053635668,-3.1515755794286404,0,107,True,
5min,2024-06-24,2024-06-24,2024-06-24,108,trend_sensitivity,PP,ct,unit_root,,Bartlett_short_bandwidth,False,ok,-11.71767676668151,1.129712335829266e-18,-4.045970933273362,-3.452348053635668,-3.1515755794286404,4,107,True,
5min,2024-06-24,2024-06-24,2024-06-24,108,trend_sensitivity,KPSS,ct,level_or_trend_stationarity,,Bartlett_short_bandwidth,False,ok,0.1247856805813478,0.08742243351880914,0.2175,0.1479,0.1193,4,108,False,
5min,2024-06-24,2024-06-24,2024-06-24,108,lag_sensitivity,ADF,c,unit_root,12.0,aic,False,ok,-3.725014867259273,0.0037747436627609044,-3.4948504603223145,-2.889758398668639,-2.5818220155325444,3,104,True,
5min,2024-06-24,2024-06-24,2024-06-24,108,lag_sensitivity,PP,c,unit_root,,Bartlett_short_bandwidth,False,ok,-11.560124435390255,3.285615950947701e-21,-3.492995948509562,-2.888954648057252,-2.58139291903223,8,107,True,
5min,2024-06-24,2024-06-24,2024-06-24,108,lag_sensitivity,KPSS,c,level_or_trend_stationarity,,Bartlett_short_bandwidth,False,ok,0.2923014476329071,0.14228433558770753,0.7428,0.4614,0.3475,8,108,False,
5min,2024-06-25,2024-06-25,2024-06-25,108,main,ADF,c,unit_root,12.0,bic,False,ok,-10.236405756098145,4.8762231915084045e-18,-3.4936021509366793,-2.8892174239808703,-2.58153320754717,1,106,True,
5min,2024-06-25,2024-06-25,2024-06-25,108,main,PP,c,unit_root,,Bartlett_short_bandwidth,False,ok,-13.873364523942143,6.404218143449492e-26,-3.492995948509562,-2.888954648057252,-2.58139291903223,4,107,True,
5min,2024-06-25,2024-06-25,2024-06-25,108,main,KPSS,c,level_or_trend_stationarity,,Bartlett_short_bandwidth,False,ok,0.12904108051744165,0.460891490606561,0.7428,0.4614,0.3475,4,108,False,
5min,2024-06-25,2024-06-25,2024-06-25,108,trend_sensitivity,ADF,ct,unit_root,12.0,bic,False,ok,-10.227883139572645,7.674540522209619e-16,-4.0468193247781725,-3.452751165593073,-3.151810567112449,1,106,True,
5min,2024-06-25,2024-06-25,2024-06-25,108,trend_sensitivity,PP,ct,unit_root,,Bartlett_short_bandwidth,False,ok,-13.870731889082315,1.445905170654188e-21,-4.045970933273362,-3.452348053635668,-3.1515755794286404,4,107,True,
5min,2024-06-25,2024-06-25,2024-06-25,108,trend_sensitivity,KPSS,ct,level_or_trend_stationarity,,Bartlett_short_bandwidth,False,ok,0.05544938578865268,0.5022073705361678,0.2175,0.1479,0.1193,4,108,False,
5min,2024-06-25,2024-06-25,2024-06-25,108,lag_sensitivity,ADF,c,unit_root,12.0,aic,False,ok,-10.236405756098145,4.8762231915084045e-18,-3.4936021509366793,-2.8892174239808703,-2.58153320754717,1,106,True,
5min,2024-06-25,2024-06-25,2024-06-25,108,lag_sensitivity,PP,c,unit_root,,Bartlett_short_bandwidth,False,ok,-14.242207624123704,1.5307950750106702e-26,-3.492995948509562,-2.888954648057252,-2.58139291903223,8,107,True,
5min,2024-06-25,2024-06-25,2024-06-25,108,lag_sensitivity,KPSS,c,level_or_trend_stationarity,,Bartlett_short_bandwidth,False,ok,0.15677166782492757,0.3700843219496203,0.7428,0.4614,0.3475,8,108,False,
5min,2024-06-26,2024-06-26,2024-06-26,108,main,ADF,c,unit_root,12.0,bic,False,ok,-9.502056152757662,3.4242212724834904e-16,-3.4936021509366793,-2.8892174239808703,-2.58153320754717,1,106,True,
5min,2024-06-26,2024-06-26,2024-06-26,108,main,PP,c,unit_root,,Bartlett_short_bandwidth,False,ok,-10.703854560817392,3.467881258116709e-19,-3.492995948509562,-2.888954648057252,-2.58139291903223,4,107,True,
5min,2024-06-26,2024-06-26,2024-06-26,108,main,KPSS,c,level_or_trend_stationarity,,Bartlett_short_bandwidth,False,ok,0.36820569587246105,0.08793168702583638,0.7428,0.4614,0.3475,4,108,False,
5min,2024-06-26,2024-06-26,2024-06-26,108,trend_sensitivity,ADF,ct,unit_root,12.0,bic,False,ok,-9.6788234410806,1.1289021522679233e-14,-4.0468193247781725,-3.452751165593073,-3.151810567112449,1,106,True,
5min,2024-06-26,2024-06-26,2024-06-26,108,trend_sensitivity,PP,ct,unit_root,,Bartlett_short_bandwidth,False,ok,-10.872878554446434,3.8998704700135744e-17,-4.045970933273362,-3.452348053635668,-3.1515755794286404,4,107,True,
5min,2024-06-26,2024-06-26,2024-06-26,108,trend_sensitivity,KPSS,ct,level_or_trend_stationarity,,Bartlett_short_bandwidth,False,ok,0.14601658907618667,0.05235426365476666,0.2175,0.1479,0.1193,4,108,False,
5min,2024-06-26,2024-06-26,2024-06-26,108,lag_sensitivity,ADF,c,unit_root,12.0,aic,False,ok,-9.502056152757662,3.4242212724834904e-16,-3.4936021509366793,-2.8892174239808703,-2.58153320754717,1,106,True,
5min,2024-06-26,2024-06-26,2024-06-26,108,lag_sensitivity,PP,c,unit_root,,Bartlett_short_bandwidth,False,ok,-10.68085990004941,3.9437653808310444e-19,-3.492995948509562,-2.888954648057252,-2.58139291903223,8,107,True,
5min,2024-06-26,2024-06-26,2024-06-26,108,lag_sensitivity,KPSS,c,level_or_trend_stationarity,,Bartlett_short_bandwidth,False,ok,0.3385851540421152,0.10616944356947045,0.7428,0.4614,0.3475,8,108,False,
5min,2024-06-27,2024-06-27,2024-06-27,108,main,ADF,c,unit_root,12.0,bic,False,ok,-9.888353967137839,3.61318478944795e-17,-3.492995948509562,-2.888954648057252,-2.58139291903223,0,107,True,
5min,2024-06-27,2024-06-27,2024-06-27,108,main,PP,c,unit_root,,Bartlett_short_bandwidth,False,ok,-9.88880624143328,3.6037360474568505e-17,-3.492995948509562,-2.888954648057252,-2.58139291903223,4,107,True,
5min,2024-06-27,2024-06-27,2024-06-27,108,main,KPSS,c,level_or_trend_stationarity,,Bartlett_short_bandwidth,False,ok,0.08619418080646211,0.6574862865102067,0.7428,0.4614,0.3475,4,108,False,
5min,2024-06-27,2024-06-27,2024-06-27,108,trend_sensitivity,ADF,ct,unit_root,12.0,bic,False,ok,-9.888728274439261,3.980994395480199e-15,-4.045970933273362,-3.452348053635668,-3.1515755794286404,0,107,True,
5min,2024-06-27,2024-06-27,2024-06-27,108,trend_sensitivity,PP,ct,unit_root,,Bartlett_short_bandwidth,False,ok,-9.886398317585762,4.026944069437967e-15,-4.045970933273362,-3.452348053635668,-3.1515755794286404,4,107,True,
5min,2024-06-27,2024-06-27,2024-06-27,108,trend_sensitivity,KPSS,ct,level_or_trend_stationarity,,Bartlett_short_bandwidth,False,ok,0.043170158462168096,0.6734476230674785,0.2175,0.1479,0.1193,4,108,False,
5min,2024-06-27,2024-06-27,2024-06-27,108,lag_sensitivity,ADF,c,unit_root,12.0,aic,False,ok,-9.888353967137839,3.61318478944795e-17,-3.492995948509562,-2.888954648057252,-2.58139291903223,0,107,True,
5min,2024-06-27,2024-06-27,2024-06-27,108,lag_sensitivity,PP,c,unit_root,,Bartlett_short_bandwidth,False,ok,-9.880050272823587,3.7911582950740017e-17,-3.492995948509562,-2.888954648057252,-2.58139291903223,8,107,True,
5min,2024-06-27,2024-06-27,2024-06-27,108,lag_sensitivity,KPSS,c,level_or_trend_stationarity,,Bartlett_short_bandwidth,False,ok,0.09280978898495615,0.6218628245481056,0.7428,0.4614,0.3475,8,108,False,
5min,2024-06-28,2024-06-28,2024-06-28,108,main,ADF,c,unit_root,12.0,bic,False,ok,-5.542690746945518,1.687679295400503e-06,-3.4936021509366793,-2.8892174239808703,-2.58153320754717,1,106,True,
5min,2024-06-28,2024-06-28,2024-06-28,108,main,PP,c,unit_root,,Bartlett_short_bandwidth,False,ok,-9.828075398322195,5.123887909080076e-17,-3.492995948509562,-2.888954648057252,-2.58139291903223,4,107,True,
5min,2024-06-28,2024-06-28,2024-06-28,108,main,KPSS,c,level_or_trend_stationarity,,Bartlett_short_bandwidth,False,ok,0.044321789212830434,0.9103040616409689,0.7428,0.4614,0.3475,4,108,False,
5min,2024-06-28,2024-06-28,2024-06-28,108,trend_sensitivity,ADF,ct,unit_root,12.0,bic,False,ok,-5.537671396642716,1.9405572320875965e-05,-4.0468193247781725,-3.452751165593073,-3.151810567112449,1,106,True,
5min,2024-06-28,2024-06-28,2024-06-28,108,trend_sensitivity,PP,ct,unit_root,,Bartlett_short_bandwidth,False,ok,-9.789123740156658,6.514538104875609e-15,-4.045970933273362,-3.452348053635668,-3.1515755794286404,4,107,True,
5min,2024-06-28,2024-06-28,2024-06-28,108,trend_sensitivity,KPSS,ct,level_or_trend_stationarity,,Bartlett_short_bandwidth,False,ok,0.043789025979251425,0.6641646103112286,0.2175,0.1479,0.1193,4,108,False,
5min,2024-06-28,2024-06-28,2024-06-28,108,lag_sensitivity,ADF,c,unit_root,12.0,aic,False,ok,-5.542690746945518,1.687679295400503e-06,-3.4936021509366793,-2.8892174239808703,-2.58153320754717,1,106,True,
5min,2024-06-28,2024-06-28,2024-06-28,108,lag_sensitivity,PP,c,unit_root,,Bartlett_short_bandwidth,False,ok,-9.955073195923987,2.4564757436187946e-17,-3.492995948509562,-2.888954648057252,-2.58139291903223,8,107,True,
5min,2024-06-28,2024-06-28,2024-06-28,108,lag_sensitivity,KPSS,c,level_or_trend_stationarity,,Bartlett_short_bandwidth,False,ok,0.03870580980623614,0.9398105977117607,0.7428,0.4614,0.3475,8,108,False,
5min,2024-07-01,2024-07-01,2024-07-01,108,main,ADF,c,unit_root,12.0,bic,False,ok,-9.32421267456258,9.708568268588542e-16,-3.492995948509562,-2.888954648057252,-2.58139291903223,0,107,True,
5min,2024-07-01,2024-07-01,2024-07-01,108,main,PP,c,unit_root,,Bartlett_short_bandwidth,False,ok,-9.378863235973736,7.045578324168708e-16,-3.492995948509562,-2.888954648057252,-2.58139291903223,4,107,True,
5min,2024-07-01,2024-07-01,2024-07-01,108,main,KPSS,c,level_or_trend_stationarity,,Bartlett_short_bandwidth,False,ok,0.11420720193235559,0.520251259440751,0.7428,0.4614,0.3475,4,108,False,
5min,2024-07-01,2024-07-01,2024-07-01,108,trend_sensitivity,ADF,ct,unit_root,12.0,bic,False,ok,-9.312992526717332,7.204613673853329e-14,-4.045970933273362,-3.452348053635668,-3.1515755794286404,0,107,True,
5min,2024-07-01,2024-07-01,2024-07-01,108,trend_sensitivity,PP,ct,unit_root,,Bartlett_short_bandwidth,False,ok,-9.371469198581208,5.341981553227517e-14,-4.045970933273362,-3.452348053635668,-3.1515755794286404,4,107,True,
5min,2024-07-01,2024-07-01,2024-07-01,108,trend_sensitivity,KPSS,ct,level_or_trend_stationarity,,Bartlett_short_bandwidth,False,ok,0.028846048925240227,0.888341461509997,0.2175,0.1479,0.1193,4,108,False,
5min,2024-07-01,2024-07-01,2024-07-01,108,lag_sensitivity,ADF,c,unit_root,12.0,aic,False,ok,-5.384905070470573,3.6434534445092633e-06,-3.497501033,-2.89090644,-2.5824349,7,100,True,
5min,2024-07-01,2024-07-01,2024-07-01,108,lag_sensitivity,PP,c,unit_root,,Bartlett_short_bandwidth,False,ok,-9.293858572589336,1.1602342988548772e-15,-3.492995948509562,-2.888954648057252,-2.58139291903223,8,107,True,
5min,2024-07-01,2024-07-01,2024-07-01,108,lag_sensitivity,KPSS,c,level_or_trend_stationarity,,Bartlett_short_bandwidth,False,ok,0.1561788516022028,0.37184865594582495,0.7428,0.4614,0.3475,8,108,False,
5min,2024-07-02,2024-07-02,2024-07-02,108,main,ADF,c,unit_root,12.0,bic,False,ok,-9.23981141135736,1.593795115738068e-15,-3.492995948509562,-2.888954648057252,-2.58139291903223,0,107,True,
5min,2024-07-02,2024-07-02,2024-07-02,108,main,PP,c,unit_root,,Bartlett_short_bandwidth,False,ok,-9.210180217874777,1.897026332864222e-15,-3.492995948509562,-2.888954648057252,-2.58139291903223,4,107,True,
5min,2024-07-02,2024-07-02,2024-07-02,108,main,KPSS,c,level_or_trend_stationarity,,Bartlett_short_bandwidth,False,ok,0.09922127495214383,0.5893936252392808,0.7428,0.4614,0.3475,4,108,False,
5min,2024-07-02,2024-07-02,2024-07-02,108,trend_sensitivity,ADF,ct,unit_root,12.0,bic,False,ok,-9.201270911295186,1.279344134359058e-13,-4.045970933273362,-3.452348053635668,-3.1515755794286404,0,107,True,
5min,2024-07-02,2024-07-02,2024-07-02,108,trend_sensitivity,PP,ct,unit_root,,Bartlett_short_bandwidth,False,ok,-9.162046026138915,1.5663636019818877e-13,-4.045970933273362,-3.452348053635668,-3.1515755794286404,4,107,True,
5min,2024-07-02,2024-07-02,2024-07-02,108,trend_sensitivity,KPSS,ct,level_or_trend_stationarity,,Bartlett_short_bandwidth,False,ok,0.090995766037757,0.2033889487869541,0.2175,0.1479,0.1193,4,108,False,
5min,2024-07-02,2024-07-02,2024-07-02,108,lag_sensitivity,ADF,c,unit_root,12.0,aic,False,ok,-3.743253331715435,0.003544294197529544,-3.498198082189098,-2.891208211860468,-2.5825959973472097,8,99,True,
5min,2024-07-02,2024-07-02,2024-07-02,108,lag_sensitivity,PP,c,unit_root,,Bartlett_short_bandwidth,False,ok,-9.609174251719367,1.831293077086077e-16,-3.492995948509562,-2.888954648057252,-2.58139291903223,8,107,True,
5min,2024-07-02,2024-07-02,2024-07-02,108,lag_sensitivity,KPSS,c,level_or_trend_stationarity,,Bartlett_short_bandwidth,False,ok,0.14930098103087924,0.39231850883666897,0.7428,0.4614,0.3475,8,108,False,
5min,2024-07-03,2024-07-03,2024-07-03,108,main,ADF,c,unit_root,12.0,bic,False,ok,-9.413411616256246,5.753918706223154e-16,-3.492995948509562,-2.888954648057252,-2.58139291903223,0,107,True,
5min,2024-07-03,2024-07-03,2024-07-03,108,main,PP,c,unit_root,,Bartlett_short_bandwidth,False,ok,-9.378366326237119,7.066137401117648e-16,-3.492995948509562,-2.888954648057252,-2.58139291903223,4,107,True,
5min,2024-07-03,2024-07-03,2024-07-03,108,main,KPSS,c,level_or_trend_stationarity,,Bartlett_short_bandwidth,False,ok,0.38678160610354057,0.07840490278134879,0.7428,0.4614,0.3475,4,108,False,
5min,2024-07-03,2024-07-03,2024-07-03,108,trend_sensitivity,ADF,ct,unit_root,12.0,bic,False,ok,-9.54610317050587,2.2002779809620735e-14,-4.045970933273362,-3.452348053635668,-3.1515755794286404,0,107,True,
5min,2024-07-03,2024-07-03,2024-07-03,108,trend_sensitivity,PP,ct,unit_root,,Bartlett_short_bandwidth,False,ok,-9.530144301382729,2.3850832210719458e-14,-4.045970933273362,-3.452348053635668,-3.1515755794286404,4,107,True,
5min,2024-07-03,2024-07-03,2024-07-03,108,trend_sensitivity,KPSS,ct,level_or_trend_stationarity,,Bartlett_short_bandwidth,False,ok,0.0819555016626523,0.25530688508515664,0.2175,0.1479,0.1193,4,108,False,
5min,2024-07-03,2024-07-03,2024-07-03,108,lag_sensitivity,ADF,c,unit_root,12.0,aic,False,ok,-4.555195196268046,0.0001560926341414692,-3.4948504603223145,-2.889758398668639,-2.5818220155325444,3,104,True,
5min,2024-07-03,2024-07-03,2024-07-03,108,lag_sensitivity,PP,c,unit_root,,Bartlett_short_bandwidth,False,ok,-9.387765768957928,6.687246913058355e-16,-3.492995948509562,-2.888954648057252,-2.58139291903223,8,107,True,
5min,2024-07-03,2024-07-03,2024-07-03,108,lag_sensitivity,KPSS,c,level_or_trend_stationarity,,Bartlett_short_bandwidth,False,ok,0.340827393989097,0.10461772042277023,0.7428,0.4614,0.3475,8,108,False,
5min,2024-07-04,2024-07-04,2024-07-04,108,main,ADF,c,unit_root,12.0,bic,False,ok,-11.948854136501227,4.364826031134097e-22,-3.492995948509562,-2.888954648057252,-2.58139291903223,0,107,True,
5min,2024-07-04,2024-07-04,2024-07-04,108,main,PP,c,unit_root,,Bartlett_short_bandwidth,False,ok,-12.545888444779342,2.2609550283128755e-23,-3.492995948509562,-2.888954648057252,-2.58139291903223,4,107,True,
5min,2024-07-04,2024-07-04,2024-07-04,108,main,KPSS,c,level_or_trend_stationarity,,Bartlett_short_bandwidth,False,ok,0.12447963944363954,0.4783698443014228,0.7428,0.4614,0.3475,4,108,False,
5min,2024-07-04,2024-07-04,2024-07-04,108,trend_sensitivity,ADF,ct,unit_root,12.0,bic,False,ok,-11.944797269217242,4.7225019818566045e-19,-4.045970933273362,-3.452348053635668,-3.1515755794286404,0,107,True,
5min,2024-07-04,2024-07-04,2024-07-04,108,trend_sensitivity,PP,ct,unit_root,,Bartlett_short_bandwidth,False,ok,-12.594177002229971,4.80124248140512e-20,-4.045970933273362,-3.452348053635668,-3.1515755794286404,4,107,True,
5min,2024-07-04,2024-07-04,2024-07-04,108,trend_sensitivity,KPSS,ct,level_or_trend_stationarity,,Bartlett_short_bandwidth,False,ok,0.03223120482468967,0.840423458460446,0.2175,0.1479,0.1193,4,108,False,
5min,2024-07-04,2024-07-04,2024-07-04,108,lag_sensitivity,ADF,c,unit_root,12.0,aic,False,ok,-7.6114132148946085,2.2499510115545762e-11,-3.4942202045135513,-2.889485291005291,-2.5816762131519275,2,105,True,
5min,2024-07-04,2024-07-04,2024-07-04,108,lag_sensitivity,PP,c,unit_root,,Bartlett_short_bandwidth,False,ok,-13.310576958808484,6.759429660908404e-25,-3.492995948509562,-2.888954648057252,-2.58139291903223,8,107,True,
5min,2024-07-04,2024-07-04,2024-07-04,108,lag_sensitivity,KPSS,c,level_or_trend_stationarity,,Bartlett_short_bandwidth,False,ok,0.16862116858296947,0.3381283621642185,0.7428,0.4614,0.3475,8,108,False,
5min,2024-07-05,2024-07-05,2024-07-05,108,main,ADF,c,unit_root,12.0,bic,False,ok,-10.414506399246735,1.7687499825434137e-18,-3.492995948509562,-2.888954648057252,-2.58139291903223,0,107,True,
5min,2024-07-05,2024-07-05,2024-07-05,108,main,PP,c,unit_root,,Bartlett_short_bandwidth,False,ok,-10.434251519912682,1.5814561449356139e-18,-3.492995948509562,-2.888954648057252,-2.58139291903223,4,107,True,
5min,2024-07-05,2024-07-05,2024-07-05,108,main,KPSS,c,level_or_trend_stationarity,,Bartlett_short_bandwidth,False,ok,0.06343927522613665,0.7932273042934509,0.7428,0.4614,0.3475,4,108,False,
5min,2024-07-05,2024-07-05,2024-07-05,108,trend_sensitivity,ADF,ct,unit_root,12.0,bic,False,ok,-10.381475419169368,3.7038324939386267e-16,-4.045970933273362,-3.452348053635668,-3.1515755794286404,0,107,True,
5min,2024-07-05,2024-07-05,2024-07-05,108,trend_sensitivity,PP,ct,unit_root,,Bartlett_short_bandwidth,False,ok,-10.402097745003537,3.3615702830170333e-16,-4.045970933273362,-3.452348053635668,-3.1515755794286404,4,107,True,
5min,2024-07-05,2024-07-05,2024-07-05,108,trend_sensitivity,KPSS,ct,level_or_trend_stationarity,,Bartlett_short_bandwidth,False,ok,0.027161500557100426,0.910427771587773,0.2175,0.1479,0.1193,4,108,False,
5min,2024-07-05,2024-07-05,2024-07-05,108,lag_sensitivity,ADF,c,unit_root,12.0,aic,False,ok,-5.9895411149099385,1.759036052052674e-07,-3.4961490537199116,-2.8903209639580556,-2.5821223452518263,5,102,True,
5min,2024-07-05,2024-07-05,2024-07-05,108,lag_sensitivity,PP,c,unit_root,,Bartlett_short_bandwidth,False,ok,-10.986881472552469,7.221930815221663e-20,-3.492995948509562,-2.888954648057252,-2.58139291903223,8,107,True,
5min,2024-07-05,2024-07-05,2024-07-05,108,lag_sensitivity,KPSS,c,level_or_trend_stationarity,,Bartlett_short_bandwidth,False,ok,0.10919103354643273,0.5423134838798513,0.7428,0.4614,0.3475,8,108,False,
5min,2024-07-08,2024-07-08,2024-07-08,108,main,ADF,c,unit_root,12.0,bic,False,ok,-8.920485384689766,1.0443565986811763e-14,-3.4936021509366793,-2.8892174239808703,-2.58153320754717,1,106,True,
5min,2024-07-08,2024-07-08,2024-07-08,108,main,PP,c,unit_root,,Bartlett_short_bandwidth,False,ok,-9.199608732442487,2.0186771683261354e-15,-3.492995948509562,-2.888954648057252,-2.58139291903223,4,107,True,
5min,2024-07-08,2024-07-08,2024-07-08,108,main,KPSS,c,level_or_trend_stationarity,,Bartlett_short_bandwidth,False,ok,0.06693983728999227,0.7714621515648149,0.7428,0.4614,0.3475,4,108,False,
5min,2024-07-08,2024-07-08,2024-07-08,108,trend_sensitivity,ADF,ct,unit_root,12.0,bic,False,ok,-8.909975319839841,5.803741183668691e-13,-4.0468193247781725,-3.452751165593073,-3.151810567112449,1,106,True,
5min,2024-07-08,2024-07-08,2024-07-08,108,trend_sensitivity,PP,ct,unit_root,,Bartlett_short_bandwidth,False,ok,-9.181454472916888,1.4170172174250883e-13,-4.045970933273362,-3.452348053635668,-3.1515755794286404,4,107,True,
5min,2024-07-08,2024-07-08,2024-07-08,108,trend_sensitivity,KPSS,ct,level_or_trend_stationarity,,Bartlett_short_bandwidth,False,ok,0.04614293698948888,0.6288559451576667,0.2175,0.1479,0.1193,4,108,False,
5min,2024-07-08,2024-07-08,2024-07-08,108,lag_sensitivity,ADF,c,unit_root,12.0,aic,False,ok,-3.8535306900763393,0.0024047369126608564,-3.4954932834550623,-2.8900369024285117,-2.5819706975209726,4,103,True,
5min,2024-07-08,2024-07-08,2024-07-08,108,lag_sensitivity,PP,c,unit_root,,Bartlett_short_bandwidth,False,ok,-9.169592977429467,2.4084051121609568e-15,-3.492995948509562,-2.888954648057252,-2.58139291903223,8,107,True,
5min,2024-07-08,2024-07-08,2024-07-08,108,lag_sensitivity,KPSS,c,level_or_trend_stationarity,,Bartlett_short_bandwidth,False,ok,0.06350701970659216,0.792806095088546,0.7428,0.4614,0.3475,8,108,False,
5min,2024-07-09,2024-07-09,2024-07-09,108,main,ADF,c,unit_root,12.0,bic,False,ok,-11.306281956274349,1.2709606436626573e-20,-3.492995948509562,-2.888954648057252,-2.58139291903223,0,107,True,
5min,2024-07-09,2024-07-09,2024-07-09,108,main,PP,c,unit_root,,Bartlett_short_bandwidth,False,ok,-11.527072659328695,3.912632017298086e-21,-3.492995948509562,-2.888954648057252,-2.58139291903223,4,107,True,
5min,2024-07-09,2024-07-09,2024-07-09,108,main,KPSS,c,level_or_trend_stationarity,,Bartlett_short_bandwidth,False,ok,0.10313796860071367,0.5703943817273381,0.7428,0.4614,0.3475,4,108,False,
5min,2024-07-09,2024-07-09,2024-07-09,108,trend_sensitivity,ADF,ct,unit_root,12.0,bic,False,ok,-11.302544451557745,6.088154677152585e-18,-4.045970933273362,-3.452348053635668,-3.1515755794286404,0,107,True,
5min,2024-07-09,2024-07-09,2024-07-09,108,trend_sensitivity,PP,ct,unit_root,,Bartlett_short_bandwidth,False,ok,-11.56009197967235,2.112723599668956e-18,-4.045970933273362,-3.452348053635668,-3.1515755794286404,4,107,True,
5min,2024-07-09,2024-07-09,2024-07-09,108,trend_sensitivity,KPSS,ct,level_or_trend_stationarity,,Bartlett_short_bandwidth,False,ok,0.03898441696127089,0.7377096147952023,0.2175,0.1479,0.1193,4,108,False,
5min,2024-07-09,2024-07-09,2024-07-09,108,lag_sensitivity,ADF,c,unit_root,12.0,aic,False,ok,-11.306281956274349,1.2709606436626573e-20,-3.492995948509562,-2.888954648057252,-2.58139291903223,0,107,True,
5min,2024-07-09,2024-07-09,2024-07-09,108,lag_sensitivity,PP,c,unit_root,,Bartlett_short_bandwidth,False,ok,-12.154723440045776,1.5414251771145351e-22,-3.492995948509562,-2.888954648057252,-2.58139291903223,8,107,True,
5min,2024-07-09,2024-07-09,2024-07-09,108,lag_sensitivity,KPSS,c,level_or_trend_stationarity,,Bartlett_short_bandwidth,False,ok,0.14827401353850075,0.3954038027612155,0.7428,0.4614,0.3475,8,108,False,
5min,2024-07-10,2024-07-10,2024-07-10,108,main,ADF,c,unit_root,12.0,bic,False,ok,-11.548648619220383,3.4908466566130824e-21,-3.492995948509562,-2.888954648057252,-2.58139291903223,0,107,True,
5min,2024-07-10,2024-07-10,2024-07-10,108,main,PP,c,unit_root,,Bartlett_short_bandwidth,False,ok,-11.997918180417381,3.39965867645495e-22,-3.492995948509562,-2.888954648057252,-2.58139291903223,4,107,True,
5min,2024-07-10,2024-07-10,2024-07-10,108,main,KPSS,c,level_or_trend_stationarity,,Bartlett_short_bandwidth,False,ok,0.05451455308663906,0.8487178046426587,0.7428,0.4614,0.3475,4,108,False,
5min,2024-07-10,2024-07-10,2024-07-10,108,trend_sensitivity,ADF,ct,unit_root,12.0,bic,False,ok,-8.727345353567538,1.5117888667886432e-12,-4.0468193247781725,-3.452751165593073,-3.151810567112449,1,106,True,
5min,2024-07-10,2024-07-10,2024-07-10,108,trend_sensitivity,PP,ct,unit_root,,Bartlett_short_bandwidth,False,ok,-12.079548027442225,2.863820001116565e-19,-4.045970933273362,-3.452348053635668,-3.1515755794286404,4,107,True,
5min,2024-07-10,2024-07-10,2024-07-10,108,trend_sensitivity,KPSS,ct,level_or_trend_stationarity,,Bartlett_short_bandwidth,False,ok,0.04276823985557812,0.6794764021663282,0.2175,0.1479,0.1193,4,108,False,
5min,2024-07-10,2024-07-10,2024-07-10,108,lag_sensitivity,ADF,c,unit_root,12.0,aic,False,ok,-8.71579789632582,3.491275008069478e-14,-3.4936021509366793,-2.8892174239808703,-2.58153320754717,1,106,True,
5min,2024-07-10,2024-07-10,2024-07-10,108,lag_sensitivity,PP,c,unit_root,,Bartlett_short_bandwidth,False,ok,-12.609766208769102,1.6651873990936133e-23,-3.492995948509562,-2.888954648057252,-2.58139291903223,8,107,True,
5min,2024-07-10,2024-07-10,2024-07-10,108,lag_sensitivity,KPSS,c,level_or_trend_stationarity,,Bartlett_short_bandwidth,False,ok,0.07426410151671654,0.726337318433607,0.7428,0.4614,0.3475,8,108,False,
5min,2024-07-11,2024-07-11,2024-07-11,108,main,ADF,c,unit_root,12.0,bic,False,ok,-10.808916702116598,1.9311002687762945e-19,-3.492995948509562,-2.888954648057252,-2.58139291903223,0,107,True,
5min,2024-07-11,2024-07-11,2024-07-11,108,main,PP,c,unit_root,,Bartlett_short_bandwidth,False,ok,-11.107089710410236,3.739303838095736e-20,-3.492995948509562,-2.888954648057252,-2.58139291903223,4,107,True,
5min,2024-07-11,2024-07-11,2024-07-11,108,main,KPSS,c,level_or_trend_stationarity,,Bartlett_short_bandwidth,False,ok,0.21340448462395792,0.24338484888578943,0.7428,0.4614,0.3475,4,108,False,
5min,2024-07-11,2024-07-11,2024-07-11,108,trend_sensitivity,ADF,ct,unit_root,12.0,bic,False,ok,-10.880330723391191,3.772768477816771e-17,-4.045970933273362,-3.452348053635668,-3.1515755794286404,0,107,True,
5min,2024-07-11,2024-07-11,2024-07-11,108,trend_sensitivity,PP,ct,unit_root,,Bartlett_short_bandwidth,False,ok,-11.264179402884826,7.15368163020573e-18,-4.045970933273362,-3.452348053635668,-3.1515755794286404,4,107,True,
5min,2024-07-11,2024-07-11,2024-07-11,108,trend_sensitivity,KPSS,ct,level_or_trend_stationarity,,Bartlett_short_bandwidth,False,ok,0.07363501751035104,0.316374854080408,0.2175,0.1479,0.1193,4,108,False,
5min,2024-07-11,2024-07-11,2024-07-11,108,lag_sensitivity,ADF,c,unit_root,12.0,aic,False,ok,-7.489427000938401,4.546905086649575e-11,-3.4961490537199116,-2.8903209639580556,-2.5821223452518263,5,102,True,
5min,2024-07-11,2024-07-11,2024-07-11,108,lag_sensitivity,PP,c,unit_root,,Bartlett_short_bandwidth,False,ok,-11.555822761864967,3.3610711073977805e-21,-3.492995948509562,-2.888954648057252,-2.58139291903223,8,107,True,
5min,2024-07-11,2024-07-11,2024-07-11,108,lag_sensitivity,KPSS,c,level_or_trend_stationarity,,Bartlett_short_bandwidth,False,ok,0.28374543075804276,0.1504735096270388,0.7428,0.4614,0.3475,8,108,False,
5min,2024-07-12,2024-07-12,2024-07-12,108,main,ADF,c,unit_root,12.0,bic,False,ok,-10.783954992296438,2.2185943747062973e-19,-3.4936021509366793,-2.8892174239808703,-2.58153320754717,1,106,True,
5min,2024-07-12,2024-07-12,2024-07-12,108,main,PP,c,unit_root,,Bartlett_short_bandwidth,False,ok,-12.97653717034907,3.0044694582875495e-24,-3.492995948509562,-2.888954648057252,-2.58139291903223,4,107,True,
5min,2024-07-12,2024-07-12,2024-07-12,108,main,KPSS,c,level_or_trend_stationarity,,Bartlett_short_bandwidth,False,ok,0.057580978624458844,0.8296519463764217,0.7428,0.4614,0.3475,4,108,False,
5min,2024-07-12,2024-07-12,2024-07-12,108,trend_sensitivity,ADF,ct,unit_root,12.0,bic,False,ok,-10.730651354424936,7.383584886137817e-17,-4.0468193247781725,-3.452751165593073,-3.151810567112449,1,106,True,
5min,2024-07-12,2024-07-12,2024-07-12,108,trend_sensitivity,PP,ct,unit_root,,Bartlett_short_bandwidth,False,ok,-12.903239066906384,1.8141601461735507e-20,-4.045970933273362,-3.452348053635668,-3.1515755794286404,4,107,True,
5min,2024-07-12,2024-07-12,2024-07-12,108,trend_sensitivity,KPSS,ct,level_or_trend_stationarity,,Bartlett_short_bandwidth,False,ok,0.05656596079571486,0.4888084704514217,0.2175,0.1479,0.1193,4,108,False,
5min,2024-07-12,2024-07-12,2024-07-12,108,lag_sensitivity,ADF,c,unit_root,12.0,aic,False,ok,-10.783954992296438,2.2185943747062973e-19,-3.4936021509366793,-2.8892174239808703,-2.58153320754717,1,106,True,
5min,2024-07-12,2024-07-12,2024-07-12,108,lag_sensitivity,PP,c,unit_root,,Bartlett_short_bandwidth,False,ok,-13.936409006127349,4.981861112703284e-26,-3.492995948509562,-2.888954648057252,-2.58139291903223,8,107,True,
5min,2024-07-12,2024-07-12,2024-07-12,108,lag_sensitivity,KPSS,c,level_or_trend_stationarity,,Bartlett_short_bandwidth,False,ok,0.08126110808310608,0.6851411831297192,0.7428,0.4614,0.3475,8,108,False,
5min,2024-07-15,2024-07-15,2024-07-15,108,main,ADF,c,unit_root,12.0,bic,False,ok,-8.269035130372123,4.849351659602811e-13,-3.4942202045135513,-2.889485291005291,-2.5816762131519275,2,105,True,
5min,2024-07-15,2024-07-15,2024-07-15,108,main,PP,c,unit_root,,Bartlett_short_bandwidth,False,ok,-13.36486057155944,5.338239385838504e-25,-3.492995948509562,-2.888954648057252,-2.58139291903223,4,107,True,
5min,2024-07-15,2024-07-15,2024-07-15,108,main,KPSS,c,level_or_trend_stationarity,,Bartlett_short_bandwidth,False,ok,0.06482409687314092,0.7846170142602636,0.7428,0.4614,0.3475,4,108,False,
5min,2024-07-15,2024-07-15,2024-07-15,108,trend_sensitivity,ADF,ct,unit_root,12.0,bic,False,ok,-8.228770553494373,2.115236334951439e-11,-4.047684391534392,-3.4531621209372636,-3.1520501036605117,2,105,True,
5min,2024-07-15,2024-07-15,2024-07-15,108,trend_sensitivity,PP,ct,unit_root,,Bartlett_short_bandwidth,False,ok,-13.272996643953318,6.275994229179417e-21,-4.045970933273362,-3.452348053635668,-3.1515755794286404,4,107,True,
5min,2024-07-15,2024-07-15,2024-07-15,108,trend_sensitivity,KPSS,ct,level_or_trend_stationarity,,Bartlett_short_bandwidth,False,ok,0.030855113336840306,0.860623425877218,0.2175,0.1479,0.1193,4,108,False,
5min,2024-07-15,2024-07-15,2024-07-15,108,lag_sensitivity,ADF,c,unit_root,12.0,aic,False,ok,-4.685578436516952,8.956190686323539e-05,-3.497501033,-2.89090644,-2.5824349,7,100,True,
5min,2024-07-15,2024-07-15,2024-07-15,108,lag_sensitivity,PP,c,unit_root,,Bartlett_short_bandwidth,False,ok,-14.547216985850554,5.034007922465533e-27,-3.492995948509562,-2.888954648057252,-2.58139291903223,8,107,True,
5min,2024-07-15,2024-07-15,2024-07-15,108,lag_sensitivity,KPSS,c,level_or_trend_stationarity,,Bartlett_short_bandwidth,False,ok,0.10208130924572356,0.5754744747801752,0.7428,0.4614,0.3475,8,108,False,
5min,2024-07-16,2024-07-16,2024-07-16,108,main,ADF,c,unit_root,12.0,bic,False,ok,-10.569206915116142,7.379967849372006e-19,-3.492995948509562,-2.888954648057252,-2.58139291903223,0,107,True,
5min,2024-07-16,2024-07-16,2024-07-16,108,main,PP,c,unit_root,,Bartlett_short_bandwidth,False,ok,-10.689539426110201,3.756842737841888e-19,-3.492995948509562,-2.888954648057252,-2.58139291903223,4,107,True,
5min,2024-07-16,2024-07-16,2024-07-16,108,main,KPSS,c,level_or_trend_stationarity,,Bartlett_short_bandwidth,False,ok,0.06440862617908144,0.7872002517362812,0.7428,0.4614,0.3475,4,108,False,
5min,2024-07-16,2024-07-16,2024-07-16,108,trend_sensitivity,ADF,ct,unit_root,12.0,bic,False,ok,-10.548020295655064,1.7029327850285471e-16,-4.045970933273362,-3.452348053635668,-3.1515755794286404,0,107,True,
5min,2024-07-16,2024-07-16,2024-07-16,108,trend_sensitivity,PP,ct,unit_root,,Bartlett_short_bandwidth,False,ok,-10.690610826539698,8.85480746514999e-17,-4.045970933273362,-3.452348053635668,-3.1515755794286404,4,107,True,
5min,2024-07-16,2024-07-16,2024-07-16,108,trend_sensitivity,KPSS,ct,level_or_trend_stationarity,,Bartlett_short_bandwidth,False,ok,0.05055190864706121,0.567066390971239,0.2175,0.1479,0.1193,4,108,False,
5min,2024-07-16,2024-07-16,2024-07-16,108,lag_sensitivity,ADF,c,unit_root,12.0,aic,False,ok,-3.18647257407809,0.020781174182852805,-3.4996365338407074,-2.8918307730370025,-2.5829283377617176,10,97,True,
5min,2024-07-16,2024-07-16,2024-07-16,108,lag_sensitivity,PP,c,unit_root,,Bartlett_short_bandwidth,False,ok,-11.177668803136546,2.5468175494928968e-20,-3.492995948509562,-2.888954648057252,-2.58139291903223,8,107,True,
5min,2024-07-16,2024-07-16,2024-07-16,108,lag_sensitivity,KPSS,c,level_or_trend_stationarity,,Bartlett_short_bandwidth,False,ok,0.091315349663703,0.6298119698739202,0.7428,0.4614,0.3475,8,108,False,
5min,2024-07-17,2024-07-17,2024-07-17,108,main,ADF,c,unit_root,12.0,bic,False,ok,-12.479675171607555,3.1115648454035754e-23,-3.492995948509562,-2.888954648057252,-2.58139291903223,0,107,True,
5min,2024-07-17,2024-07-17,2024-07-17,108,main,PP,c,unit_root,,Bartlett_short_bandwidth,False,ok,-13.05119797210429,2.1402539570789467e-24,-3.492995948509562,-2.888954648057252,-2.58139291903223,4,107,True,
5min,2024-07-17,2024-07-17,2024-07-17,108,main,KPSS,c,level_or_trend_stationarity,,Bartlett_short_bandwidth,False,ok,0.06584201398855566,0.7782879959260788,0.7428,0.4614,0.3475,4,108,False,
5min,2024-07-17,2024-07-17,2024-07-17,108,trend_sensitivity,ADF,ct,unit_root,12.0,bic,False,ok,-12.455522097406032,7.615047314826819e-20,-4.045970933273362,-3.452348053635668,-3.1515755794286404,0,107,True,
5min,2024-07-17,2024-07-17,2024-07-17,108,trend_sensitivity,PP,ct,unit_root,,Bartlett_short_bandwidth,False,ok,-13.082216443743985,1.0699008296654211e-20,-4.045970933273362,-3.452348053635668,-3.1515755794286404,4,107,True,
5min,2024-07-17,2024-07-17,2024-07-17,108,trend_sensitivity,KPSS,ct,level_or_trend_stationarity,,Bartlett_short_bandwidth,False,ok,0.035528759659133255,0.7910376595812769,0.2175,0.1479,0.1193,4,108,False,
5min,2024-07-17,2024-07-17,2024-07-17,108,lag_sensitivity,ADF,c,unit_root,12.0,aic,False,ok,-5.748068498541953,6.055973708642414e-07,-3.4968181663902103,-2.8906107514600103,-2.5822770483285953,6,101,True,
5min,2024-07-17,2024-07-17,2024-07-17,108,lag_sensitivity,PP,c,unit_root,,Bartlett_short_bandwidth,False,ok,-14.160827702903532,2.0824744462306972e-26,-3.492995948509562,-2.888954648057252,-2.58139291903223,8,107,True,
5min,2024-07-17,2024-07-17,2024-07-17,108,lag_sensitivity,KPSS,c,level_or_trend_stationarity,,Bartlett_short_bandwidth,False,ok,0.09829439280846011,0.5940280359576994,0.7428,0.4614,0.3475,8,108,False,
5min,2024-07-18,2024-07-18,2024-07-18,108,main,ADF,c,unit_root,12.0,bic,False,ok,-10.442201168826333,1.5118167081477703e-18,-3.492995948509562,-2.888954648057252,-2.58139291903223,0,107,True,
5min,2024-07-18,2024-07-18,2024-07-18,108,main,PP,c,unit_root,,Bartlett_short_bandwidth,False,ok,-10.490064546725439,1.153189328937383e-18,-3.492995948509562,-2.888954648057252,-2.58139291903223,4,107,True,
5min,2024-07-18,2024-07-18,2024-07-18,108,main,KPSS,c,level_or_trend_stationarity,,Bartlett_short_bandwidth,False,ok,0.7099375948067808,0.012269503121078678,0.7428,0.4614,0.3475,4,108,True,
5min,2024-07-18,2024-07-18,2024-07-18,108,trend_sensitivity,ADF,ct,unit_root,12.0,bic,False,ok,-10.984361070037647,2.3835082323507466e-17,-4.045970933273362,-3.452348053635668,-3.1515755794286404,0,107,True,
5min,2024-07-18,2024-07-18,2024-07-18,108,trend_sensitivity,PP,ct,unit_root,,Bartlett_short_bandwidth,False,ok,-11.287667912130377,6.480352436415088e-18,-4.045970933273362,-3.452348053635668,-3.1515755794286404,4,107,True,
5min,2024-07-18,2024-07-18,2024-07-18,108,trend_sensitivity,KPSS,ct,level_or_trend_stationarity,,Bartlett_short_bandwidth,False,ok,0.07777869858913888,0.28443786722043657,0.2175,0.1479,0.1193,4,108,False,
5min,2024-07-18,2024-07-18,2024-07-18,108,lag_sensitivity,ADF,c,unit_root,12.0,aic,False,ok,-10.442201168826333,1.5118167081477703e-18,-3.492995948509562,-2.888954648057252,-2.58139291903223,0,107,True,
5min,2024-07-18,2024-07-18,2024-07-18,108,lag_sensitivity,PP,c,unit_root,,Bartlett_short_bandwidth,False,ok,-10.498723554261268,1.0981326220162197e-18,-3.492995948509562,-2.888954648057252,-2.58139291903223,8,107,True,
5min,2024-07-18,2024-07-18,2024-07-18,108,lag_sensitivity,KPSS,c,level_or_trend_stationarity,,Bartlett_short_bandwidth,False,ok,0.7200291649663608,0.011572571480223701,0.7428,0.4614,0.3475,8,108,True,
5min,2024-07-19,2024-07-19,2024-07-19,108,main,ADF,c,unit_root,12.0,bic,False,ok,-13.021792748315939,2.445183532818974e-24,-3.492995948509562,-2.888954648057252,-2.58139291903223,0,107,True,
5min,2024-07-19,2024-07-19,2024-07-19,108,main,PP,c,unit_root,,Bartlett_short_bandwidth,False,ok,-13.284524681778016,7.575093598028313e-25,-3.492995948509562,-2.888954648057252,-2.58139291903223,4,107,True,
5min,2024-07-19,2024-07-19,2024-07-19,108,main,KPSS,c,level_or_trend_stationarity,,Bartlett_short_bandwidth,False,ok,0.04124364130889162,0.9268755720584652,0.7428,0.4614,0.3475,4,108,False,
5min,2024-07-19,2024-07-19,2024-07-19,108,trend_sensitivity,ADF,ct,unit_root,12.0,bic,False,ok,-12.956934810292152,1.54406883665904e-20,-4.045970933273362,-3.452348053635668,-3.1515755794286404,0,107,True,
5min,2024-07-19,2024-07-19,2024-07-19,108,trend_sensitivity,PP,ct,unit_root,,Bartlett_short_bandwidth,False,ok,-13.226543440171449,7.126229655946579e-21,-4.045970933273362,-3.452348053635668,-3.1515755794286404,4,107,True,
5min,2024-07-19,2024-07-19,2024-07-19,108,trend_sensitivity,KPSS,ct,level_or_trend_stationarity,,Bartlett_short_bandwidth,False,ok,0.04221762114269297,0.6878144885386887,0.2175,0.1479,0.1193,4,108,False,
5min,2024-07-19,2024-07-19,2024-07-19,108,lag_sensitivity,ADF,c,unit_root,12.0,aic,False,ok,-13.021792748315939,2.445183532818974e-24,-3.492995948509562,-2.888954648057252,-2.58139291903223,0,107,True,
5min,2024-07-19,2024-07-19,2024-07-19,108,lag_sensitivity,PP,c,unit_root,,Bartlett_short_bandwidth,False,ok,-13.3588340575309,5.479486302408062e-25,-3.492995948509562,-2.888954648057252,-2.58139291903223,8,107,True,
5min,2024-07-19,2024-07-19,2024-07-19,108,lag_sensitivity,KPSS,c,level_or_trend_stationarity,,Bartlett_short_bandwidth,False,ok,0.044424324738686904,0.9097181443503605,0.7428,0.4614,0.3475,8,108,False,
5min,2024-07-22,2024-07-22,2024-07-22,108,main,ADF,c,unit_root,12.0,bic,False,ok,-11.836199511465937,7.780406168803875e-22,-3.492995948509562,-2.888954648057252,-2.58139291903223,0,107,True,
5min,2024-07-22,2024-07-22,2024-07-22,108,main,PP,c,unit_root,,Bartlett_short_bandwidth,False,ok,-11.934580697444094,4.694965146589935e-22,-3.492995948509562,-2.888954648057252,-2.58139291903223,4,107,True,
5min,2024-07-22,2024-07-22,2024-07-22,108,main,KPSS,c,level_or_trend_stationarity,,Bartlett_short_bandwidth,False,ok,0.06096485022857848,0.8086123301850043,0.7428,0.4614,0.3475,4,108,False,
5min,2024-07-22,2024-07-22,2024-07-22,108,trend_sensitivity,ADF,ct,unit_root,12.0,bic,False,ok,-11.865909015589581,6.367429638320383e-19,-4.045970933273362,-3.452348053635668,-3.1515755794286404,0,107,True,
5min,2024-07-22,2024-07-22,2024-07-22,108,trend_sensitivity,PP,ct,unit_root,,Bartlett_short_bandwidth,False,ok,-11.991454213943554,3.965655109527878e-19,-4.045970933273362,-3.452348053635668,-3.1515755794286404,4,107,True,
5min,2024-07-22,2024-07-22,2024-07-22,108,trend_sensitivity,KPSS,ct,level_or_trend_stationarity,,Bartlett_short_bandwidth,False,ok,0.0325703762149211,0.8354356438982191,0.2175,0.1479,0.1193,4,108,False,
5min,2024-07-22,2024-07-22,2024-07-22,108,lag_sensitivity,ADF,c,unit_root,12.0,aic,False,ok,-7.434686775160586,6.228032311777364e-11,-3.4942202045135513,-2.889485291005291,-2.5816762131519275,2,105,True,
5min,2024-07-22,2024-07-22,2024-07-22,108,lag_sensitivity,PP,c,unit_root,,Bartlett_short_bandwidth,False,ok,-13.013936041002955,2.533987699422407e-24,-3.492995948509562,-2.888954648057252,-2.58139291903223,8,107,True,
5min,2024-07-22,2024-07-22,2024-07-22,108,lag_sensitivity,KPSS,c,level_or_trend_stationarity,,Bartlett_short_bandwidth,False,ok,0.09710173016116434,0.5999913491941783,0.7428,0.4614,0.3475,8,108,False,
5min,2024-07-23,2024-07-23,2024-07-23,108,main,ADF,c,unit_root,12.0,bic,False,ok,-11.959075773419285,4.1430080249518422e-22,-3.492995948509562,-2.888954648057252,-2.58139291903223,0,107,True,
5min,2024-07-23,2024-07-23,2024-07-23,108,main,PP,c,unit_root,,Bartlett_short_bandwidth,False,ok,-12.084898658851273,2.1890250968864394e-22,-3.492995948509562,-2.888954648057252,-2.58139291903223,4,107,True,
5min,2024-07-23,2024-07-23,2024-07-23,108,main,KPSS,c,level_or_trend_stationarity,,Bartlett_short_bandwidth,False,ok,0.05659730374979913,0.8357680595867412,0.7428,0.4614,0.3475,4,108,False,
5min,2024-07-23,2024-07-23,2024-07-23,108,trend_sensitivity,ADF,ct,unit_root,12.0,bic,False,ok,-11.909462327585958,5.395983477501613e-19,-4.045970933273362,-3.452348053635668,-3.1515755794286404,0,107,True,
5min,2024-07-23,2024-07-23,2024-07-23,108,trend_sensitivity,PP,ct,unit_root,,Bartlett_short_bandwidth,False,ok,-12.04762893044923,3.220222267406992e-19,-4.045970933273362,-3.452348053635668,-3.1515755794286404,4,107,True,
5min,2024-07-23,2024-07-23,2024-07-23,108,trend_sensitivity,KPSS,ct,level_or_trend_stationarity,,Bartlett_short_bandwidth,False,ok,0.05349860962480654,0.5271235575683351,0.2175,0.1479,0.1193,4,108,False,
5min,2024-07-23,2024-07-23,2024-07-23,108,lag_sensitivity,ADF,c,unit_root,12.0,aic,False,ok,-3.2789373187229667,0.015846633051018563,-3.4996365338407074,-2.8918307730370025,-2.5829283377617176,10,97,True,
5min,2024-07-23,2024-07-23,2024-07-23,108,lag_sensitivity,PP,c,unit_root,,Bartlett_short_bandwidth,False,ok,-12.375069300288864,5.1775628935152367e-23,-3.492995948509562,-2.888954648057252,-2.58139291903223,8,107,True,
5min,2024-07-23,2024-07-23,2024-07-23,108,lag_sensitivity,KPSS,c,level_or_trend_stationarity,,Bartlett_short_bandwidth,False,ok,0.07231094406126495,0.7381236134234012,0.7428,0.4614,0.3475,8,108,False,
5min,2024-07-24,2024-07-24,2024-07-24,108,main,ADF,c,unit_root,12.0,bic,False,ok,-10.245803154193288,4.621256366183174e-18,-3.492995948509562,-2.888954648057252,-2.58139291903223,0,107,True,
5min,2024-07-24,2024-07-24,2024-07-24,108,main,PP,c,unit_root,,Bartlett_short_bandwidth,False,ok,-10.393499586051576,1.992649522445337e-18,-3.492995948509562,-2.888954648057252,-2.58139291903223,4,107,True,
5min,2024-07-24,2024-07-24,2024-07-24,108,main,KPSS,c,level_or_trend_stationarity,,Bartlett_short_bandwidth,False,ok,0.0925198251484683,0.6234051853804878,0.7428,0.4614,0.3475,4,108,False,
5min,2024-07-24,2024-07-24,2024-07-24,108,trend_sensitivity,ADF,ct,unit_root,12.0,bic,False,ok,-10.19863529852383,8.827645261406143e-16,-4.045970933273362,-3.452348053635668,-3.1515755794286404,0,107,True,
5min,2024-07-24,2024-07-24,2024-07-24,108,trend_sensitivity,PP,ct,unit_root,,Bartlett_short_bandwidth,False,ok,-10.338400013608453,4.538333831299631e-16,-4.045970933273362,-3.452348053635668,-3.1515755794286404,4,107,True,
5min,2024-07-24,2024-07-24,2024-07-24,108,trend_sensitivity,KPSS,ct,level_or_trend_stationarity,,Bartlett_short_bandwidth,False,ok,0.08019038037706284,0.2674801353306011,0.2175,0.1479,0.1193,4,108,False,
5min,2024-07-24,2024-07-24,2024-07-24,108,lag_sensitivity,ADF,c,unit_root,12.0,aic,False,ok,-7.58594393159362,2.6066473357769166e-11,-3.4942202045135513,-2.889485291005291,-2.5816762131519275,2,105,True,
5min,2024-07-24,2024-07-24,2024-07-24,108,lag_sensitivity,PP,c,unit_root,,Bartlett_short_bandwidth,False,ok,-10.752792364640388,2.6390282259608706e-19,-3.492995948509562,-2.888954648057252,-2.58139291903223,8,107,True,
5min,2024-07-24,2024-07-24,2024-07-24,108,lag_sensitivity,KPSS,c,level_or_trend_stationarity,,Bartlett_short_bandwidth,False,ok,0.12411214886549589,0.47982046500462144,0.7428,0.4614,0.3475,8,108,False,
5min,2024-07-25,2024-07-25,2024-07-25,108,main,ADF,c,unit_root,12.0,bic,False,ok,-8.997799446190749,6.621776957524674e-15,-3.492995948509562,-2.888954648057252,-2.58139291903223,0,107,True,
5min,2024-07-25,2024-07-25,2024-07-25,108,main,PP,c,unit_root,,Bartlett_short_bandwidth,False,ok,-8.922164136003692,1.0340734349877343e-14,-3.492995948509562,-2.888954648057252,-2.58139291903223,4,107,True,
5min,2024-07-25,2024-07-25,2024-07-25,108,main,KPSS,c,level_or_trend_stationarity,,Bartlett_short_bandwidth,False,ok,0.028129455749636725,0.9819263606259082,0.7428,0.4614,0.3475,4,108,False,
5min,2024-07-25,2024-07-25,2024-07-25,108,trend_sensitivity,ADF,ct,unit_root,12.0,bic,False,ok,-8.959284277509944,4.486857623116371e-13,-4.045970933273362,-3.452348053635668,-3.1515755794286404,0,107,True,
5min,2024-07-25,2024-07-25,2024-07-25,108,trend_sensitivity,PP,ct,unit_root,,Bartlett_short_bandwidth,False,ok,-8.880414407030083,6.773575763547595e-13,-4.045970933273362,-3.452348053635668,-3.1515755794286404,4,107,True,
5min,2024-07-25,2024-07-25,2024-07-25,108,trend_sensitivity,KPSS,ct,level_or_trend_stationarity,,Bartlett_short_bandwidth,False,ok,0.022910071742796283,0.9552180774112848,0.2175,0.1479,0.1193,4,108,False,
5min,2024-07-25,2024-07-25,2024-07-25,108,lag_sensitivity,ADF,c,unit_root,12.0,aic,False,ok,-7.282252337918367,1.4898506655643067e-10,-3.4954932834550623,-2.8900369024285117,-2.5819706975209726,4,103,True,
5min,2024-07-25,2024-07-25,2024-07-25,108,lag_sensitivity,PP,c,unit_root,,Bartlett_short_bandwidth,False,ok,-9.210597972901745,1.892372938689488e-15,-3.492995948509562,-2.888954648057252,-2.58139291903223,8,107,True,
5min,2024-07-25,2024-07-25,2024-07-25,108,lag_sensitivity,KPSS,c,level_or_trend_stationarity,,Bartlett_short_bandwidth,False,ok,0.05176831982988899,0.8657208431498045,0.7428,0.4614,0.3475,8,108,False,
5min,2024-07-26,2024-07-26,2024-07-26,108,main,ADF,c,unit_root,12.0,bic,False,ok,-9.913117762997484,3.130750359937098e-17,-3.492995948509562,-2.888954648057252,-2.58139291903223,0,107,True,
5min,2024-07-26,2024-07-26,2024-07-26,108,main,PP,c,unit_root,,Bartlett_short_bandwidth,False,ok,-9.913137889731864,3.1303858563037365e-17,-3.492995948509562,-2.888954648057252,-2.58139291903223,4,107,True,
5min,2024-07-26,2024-07-26,2024-07-26,108,main,KPSS,c,level_or_trend_stationarity,,Bartlett_short_bandwidth,False,ok,0.1766135934940572,0.31812967012860416,0.7428,0.4614,0.3475,4,108,False,
5min,2024-07-26,2024-07-26,2024-07-26,108,trend_sensitivity,ADF,ct,unit_root,12.0,bic,False,ok,-9.862495786095026,4.53064309850506e-15,-4.045970933273362,-3.452348053635668,-3.1515755794286404,0,107,True,
5min,2024-07-26,2024-07-26,2024-07-26,108,trend_sensitivity,PP,ct,unit_root,,Bartlett_short_bandwidth,False,ok,-9.860350605100544,4.578869748471381e-15,-4.045970933273362,-3.452348053635668,-3.1515755794286404,4,107,True,
5min,2024-07-26,2024-07-26,2024-07-26,108,trend_sensitivity,KPSS,ct,level_or_trend_stationarity,,Bartlett_short_bandwidth,False,ok,0.17140706388768293,0.028841625713023768,0.2175,0.1479,0.1193,4,108,True,
5min,2024-07-26,2024-07-26,2024-07-26,108,lag_sensitivity,ADF,c,unit_root,12.0,aic,False,ok,-9.913117762997484,3.130750359937098e-17,-3.492995948509562,-2.888954648057252,-2.58139291903223,0,107,True,
5min,2024-07-26,2024-07-26,2024-07-26,108,lag_sensitivity,PP,c,unit_root,,Bartlett_short_bandwidth,False,ok,-9.94905993003453,2.5433182053821155e-17,-3.492995948509562,-2.888954648057252,-2.58139291903223,8,107,True,
5min,2024-07-26,2024-07-26,2024-07-26,108,lag_sensitivity,KPSS,c,level_or_trend_stationarity,,Bartlett_short_bandwidth,False,ok,0.18687238613301096,0.2949523699297639,0.7428,0.4614,0.3475,8,108,False,
5min,2024-07-29,2024-07-29,2024-07-29,108,main,ADF,c,unit_root,12.0,bic,False,ok,-9.620774050620938,1.7114535162369362e-16,-3.492995948509562,-2.888954648057252,-2.58139291903223,0,107,True,
5min,2024-07-29,2024-07-29,2024-07-29,108,main,PP,c,unit_root,,Bartlett_short_bandwidth,False,ok,-9.609572939225469,1.8270375818952483e-16,-3.492995948509562,-2.888954648057252,-2.58139291903223,4,107,True,
5min,2024-07-29,2024-07-29,2024-07-29,108,main,KPSS,c,level_or_trend_stationarity,,Bartlett_short_bandwidth,False,ok,0.3980451742224985,0.07321009990154934,0.7428,0.4614,0.3475,4,108,False,
5min,2024-07-29,2024-07-29,2024-07-29,108,trend_sensitivity,ADF,ct,unit_root,12.0,bic,False,ok,-9.94464827873635,3.0245261036744405e-15,-4.045970933273362,-3.452348053635668,-3.1515755794286404,0,107,True,
5min,2024-07-29,2024-07-29,2024-07-29,108,trend_sensitivity,PP,ct,unit_root,,Bartlett_short_bandwidth,False,ok,-9.984150702814695,2.492831033968023e-15,-4.045970933273362,-3.452348053635668,-3.1515755794286404,4,107,True,
5min,2024-07-29,2024-07-29,2024-07-29,108,trend_sensitivity,KPSS,ct,level_or_trend_stationarity,,Bartlett_short_bandwidth,False,ok,0.0807149101073678,0.2638626889147049,0.2175,0.1479,0.1193,4,108,False,
5min,2024-07-29,2024-07-29,2024-07-29,108,lag_sensitivity,ADF,c,unit_root,12.0,aic,False,ok,-9.620774050620938,1.7114535162369362e-16,-3.492995948509562,-2.888954648057252,-2.58139291903223,0,107,True,
5min,2024-07-29,2024-07-29,2024-07-29,108,lag_sensitivity,PP,c,unit_root,,Bartlett_short_bandwidth,False,ok,-9.670683790542732,1.2793688769872314e-16,-3.492995948509562,-2.888954648057252,-2.58139291903223,8,107,True,
5min,2024-07-29,2024-07-29,2024-07-29,108,lag_sensitivity,KPSS,c,level_or_trend_stationarity,,Bartlett_short_bandwidth,False,ok,0.3358296184711035,0.10807638860131245,0.7428,0.4614,0.3475,8,108,False,
5min,2024-07-30,2024-07-30,2024-07-30,108,main,ADF,c,unit_root,12.0,bic,False,ok,-10.841944009460681,1.6076432807645672e-19,-3.492995948509562,-2.888954648057252,-2.58139291903223,0,107,True,
5min,2024-07-30,2024-07-30,2024-07-30,108,main,PP,c,unit_root,,Bartlett_short_bandwidth,False,ok,-10.880871888440712,1.2958311660148395e-19,-3.492995948509562,-2.888954648057252,-2.58139291903223,4,107,True,
5min,2024-07-30,2024-07-30,2024-07-30,108,main,KPSS,c,level_or_trend_stationarity,,Bartlett_short_bandwidth,False,ok,0.5935465097409401,0.023318860646938604,0.7428,0.4614,0.3475,4,108,True,
5min,2024-07-30,2024-07-30,2024-07-30,108,trend_sensitivity,ADF,ct,unit_root,12.0,bic,False,ok,-11.287748571448708,6.478156853661493e-18,-4.045970933273362,-3.452348053635668,-3.1515755794286404,0,107,True,
5min,2024-07-30,2024-07-30,2024-07-30,108,trend_sensitivity,PP,ct,unit_root,,Bartlett_short_bandwidth,False,ok,-11.522112814107645,2.462895239212701e-18,-4.045970933273362,-3.452348053635668,-3.1515755794286404,4,107,True,
5min,2024-07-30,2024-07-30,2024-07-30,108,trend_sensitivity,KPSS,ct,level_or_trend_stationarity,,Bartlett_short_bandwidth,False,ok,0.05388218891877813,0.5220764615950246,0.2175,0.1479,0.1193,4,108,False,
5min,2024-07-30,2024-07-30,2024-07-30,108,lag_sensitivity,ADF,c,unit_root,12.0,aic,False,ok,-10.841944009460681,1.6076432807645672e-19,-3.492995948509562,-2.888954648057252,-2.58139291903223,0,107,True,
5min,2024-07-30,2024-07-30,2024-07-30,108,lag_sensitivity,PP,c,unit_root,,Bartlett_short_bandwidth,False,ok,-10.836158427464973,1.660065691034485e-19,-3.492995948509562,-2.888954648057252,-2.58139291903223,8,107,True,
5min,2024-07-30,2024-07-30,2024-07-30,108,lag_sensitivity,KPSS,c,level_or_trend_stationarity,,Bartlett_short_bandwidth,False,ok,0.5227804098510087,0.034890900403945733,0.7428,0.4614,0.3475,8,108,True,
5min,2024-07-31,2024-07-31,2024-07-31,108,main,ADF,c,unit_root,12.0,bic,False,ok,-9.25012080444352,1.5001078303011025e-15,-3.492995948509562,-2.888954648057252,-2.58139291903223,0,107,True,
5min,2024-07-31,2024-07-31,2024-07-31,108,main,PP,c,unit_root,,Bartlett_short_bandwidth,False,ok,-9.22442489507038,1.7446429272539497e-15,-3.492995948509562,-2.888954648057252,-2.58139291903223,4,107,True,
5min,2024-07-31,2024-07-31,2024-07-31,108,main,KPSS,c,level_or_trend_stationarity,,Bartlett_short_bandwidth,False,ok,0.03902851774145237,0.9382491077026498,0.7428,0.4614,0.3475,4,108,False,
5min,2024-07-31,2024-07-31,2024-07-31,108,trend_sensitivity,ADF,ct,unit_root,12.0,bic,False,ok,-9.207942621678377,1.2360992716191367e-13,-4.045970933273362,-3.452348053635668,-3.1515755794286404,0,107,True,
5min,2024-07-31,2024-07-31,2024-07-31,108,trend_sensitivity,PP,ct,unit_root,,Bartlett_short_bandwidth,False,ok,-9.179579595646311,1.4307939309713953e-13,-4.045970933273362,-3.452348053635668,-3.1515755794286404,4,107,True,
5min,2024-07-31,2024-07-31,2024-07-31,108,trend_sensitivity,KPSS,ct,level_or_trend_stationarity,,Bartlett_short_bandwidth,False,ok,0.03908173652010332,0.7362077697514919,0.2175,0.1479,0.1193,4,108,False,
5min,2024-07-31,2024-07-31,2024-07-31,108,lag_sensitivity,ADF,c,unit_root,12.0,aic,False,ok,-7.799658858611116,7.552590844145263e-12,-3.4936021509366793,-2.8892174239808703,-2.58153320754717,1,106,True,
5min,2024-07-31,2024-07-31,2024-07-31,108,lag_sensitivity,PP,c,unit_root,,Bartlett_short_bandwidth,False,ok,-9.200751344682608,2.005160389788812e-15,-3.492995948509562,-2.888954648057252,-2.58139291903223,8,107,True,
5min,2024-07-31,2024-07-31,2024-07-31,108,lag_sensitivity,KPSS,c,level_or_trend_stationarity,,Bartlett_short_bandwidth,False,ok,0.04149339763522666,0.9255610650777544,0.7428,0.4614,0.3475,8,108,False,
5min,2024-08-01,2024-08-01,2024-08-01,108,main,ADF,c,unit_root,12.0,bic,False,ok,-3.5556027050460877,0.006668787583867674,-3.4942202045135513,-2.889485291005291,-2.5816762131519275,2,105,True,
5min,2024-08-01,2024-08-01,2024-08-01,108,main,PP,c,unit_root,,Bartlett_short_bandwidth,False,ok,-10.263698696793254,4.172250124514191e-18,-3.492995948509562,-2.888954648057252,-2.58139291903223,4,107,True,
5min,2024-08-01,2024-08-01,2024-08-01,108,main,KPSS,c,level_or_trend_stationarity,,Bartlett_short_bandwidth,False,ok,0.4254870146399694,0.062034956902267145,0.7428,0.4614,0.3475,4,108,False,
5min,2024-08-01,2024-08-01,2024-08-01,108,trend_sensitivity,ADF,ct,unit_root,12.0,bic,False,ok,-3.5191356008225836,0.037387380791472455,-4.047684391534392,-3.4531621209372636,-3.1520501036605117,2,105,True,
5min,2024-08-01,2024-08-01,2024-08-01,108,trend_sensitivity,PP,ct,unit_root,,Bartlett_short_bandwidth,False,ok,-10.453588902865752,2.641174372212961e-16,-4.045970933273362,-3.452348053635668,-3.1515755794286404,4,107,True,
5min,2024-08-01,2024-08-01,2024-08-01,108,trend_sensitivity,KPSS,ct,level_or_trend_stationarity,,Bartlett_short_bandwidth,False,ok,0.24765578993011847,0.005115147569497746,0.2175,0.1479,0.1193,4,108,True,
5min,2024-08-01,2024-08-01,2024-08-01,108,lag_sensitivity,ADF,c,unit_root,12.0,aic,False,ok,-3.5556027050460877,0.006668787583867674,-3.4942202045135513,-2.889485291005291,-2.5816762131519275,2,105,True,
5min,2024-08-01,2024-08-01,2024-08-01,108,lag_sensitivity,PP,c,unit_root,,Bartlett_short_bandwidth,False,ok,-10.613000139473545,5.769299708514719e-19,-3.492995948509562,-2.888954648057252,-2.58139291903223,8,107,True,
5min,2024-08-01,2024-08-01,2024-08-01,108,lag_sensitivity,KPSS,c,level_or_trend_stationarity,,Bartlett_short_bandwidth,False,ok,0.3142650631791558,0.12362756219317506,0.7428,0.4614,0.3475,8,108,False,
5min,2024-08-02,2024-08-02,2024-08-02,108,main,ADF,c,unit_root,12.0,bic,False,ok,-10.031950824118072,1.576486318175472e-17,-3.492995948509562,-2.888954648057252,-2.58139291903223,0,107,True,
5min,2024-08-02,2024-08-02,2024-08-02,108,main,PP,c,unit_root,,Bartlett_short_bandwidth,False,ok,-10.043630673987353,1.4739112961634058e-17,-3.492995948509562,-2.888954648057252,-2.58139291903223,4,107,True,
5min,2024-08-02,2024-08-02,2024-08-02,108,main,KPSS,c,level_or_trend_stationarity,,Bartlett_short_bandwidth,False,ok,0.08034321182643159,0.6904078009958843,0.7428,0.4614,0.3475,4,108,False,
5min,2024-08-02,2024-08-02,2024-08-02,108,trend_sensitivity,ADF,ct,unit_root,12.0,bic,False,ok,-9.985088410458246,2.4814361604361516e-15,-4.045970933273362,-3.452348053635668,-3.1515755794286404,0,107,True,
5min,2024-08-02,2024-08-02,2024-08-02,108,trend_sensitivity,PP,ct,unit_root,,Bartlett_short_bandwidth,False,ok,-9.993137772577017,2.3857756204983778e-15,-4.045970933273362,-3.452348053635668,-3.1515755794286404,4,107,True,
5min,2024-08-02,2024-08-02,2024-08-02,108,trend_sensitivity,KPSS,ct,level_or_trend_stationarity,,Bartlett_short_bandwidth,False,ok,0.07565372864764376,0.30035593347966333,0.2175,0.1479,0.1193,4,108,False,
5min,2024-08-02,2024-08-02,2024-08-02,108,lag_sensitivity,ADF,c,unit_root,12.0,aic,False,ok,-2.582759163228867,0.09661320967563275,-3.4996365338407074,-2.8918307730370025,-2.5829283377617176,10,97,False,
5min,2024-08-02,2024-08-02,2024-08-02,108,lag_sensitivity,PP,c,unit_root,,Bartlett_short_bandwidth,False,ok,-10.061241831769948,1.331796612908212e-17,-3.492995948509562,-2.888954648057252,-2.58139291903223,8,107,True,
5min,2024-08-02,2024-08-02,2024-08-02,108,lag_sensitivity,KPSS,c,level_or_trend_stationarity,,Bartlett_short_bandwidth,False,ok,0.08421500719947253,0.668281778911968,0.7428,0.4614,0.3475,8,108,False,
5min,2024-08-05,2024-08-05,2024-08-05,108,main,ADF,c,unit_root,12.0,bic,False,ok,-9.50947063626097,3.2788923272116507e-16,-3.4936021509366793,-2.8892174239808703,-2.58153320754717,1,106,True,
5min,2024-08-05,2024-08-05,2024-08-05,108,main,PP,c,unit_root,,Bartlett_short_bandwidth,False,ok,-12.380339360381058,5.0457390454724863e-23,-3.492995948509562,-2.888954648057252,-2.58139291903223,4,107,True,
5min,2024-08-05,2024-08-05,2024-08-05,108,main,KPSS,c,level_or_trend_stationarity,,Bartlett_short_bandwidth,False,ok,0.0727483477726687,0.7354841082683785,0.7428,0.4614,0.3475,4,108,False,
5min,2024-08-05,2024-08-05,2024-08-05,108,trend_sensitivity,ADF,ct,unit_root,12.0,bic,False,ok,-9.459269294803256,3.415835504282963e-14,-4.0468193247781725,-3.452751165593073,-3.151810567112449,1,106,True,
5min,2024-08-05,2024-08-05,2024-08-05,108,trend_sensitivity,PP,ct,unit_root,,Bartlett_short_bandwidth,False,ok,-12.310151445479063,1.2549283966151304e-19,-4.045970933273362,-3.452348053635668,-3.1515755794286404,4,107,True,
5min,2024-08-05,2024-08-05,2024-08-05,108,trend_sensitivity,KPSS,ct,level_or_trend_stationarity,,Bartlett_short_bandwidth,False,ok,0.07911467025136285,0.27489882585267006,0.2175,0.1479,0.1193,4,108,False,
5min,2024-08-05,2024-08-05,2024-08-05,108,lag_sensitivity,ADF,c,unit_root,12.0,aic,False,ok,-9.50947063626097,3.2788923272116507e-16,-3.4936021509366793,-2.8892174239808703,-2.58153320754717,1,106,True,
5min,2024-08-05,2024-08-05,2024-08-05,108,lag_sensitivity,PP,c,unit_root,,Bartlett_short_bandwidth,False,ok,-12.444633501464264,3.687935163031893e-23,-3.492995948509562,-2.888954648057252,-2.58139291903223,8,107,True,
5min,2024-08-05,2024-08-05,2024-08-05,108,lag_sensitivity,KPSS,c,level_or_trend_stationarity,,Bartlett_short_bandwidth,False,ok,0.07674309367563743,0.7113778829918431,0.7428,0.4614,0.3475,8,108,False,
5min,2024-08-06,2024-08-06,2024-08-06,108,main,ADF,c,unit_root,12.0,bic,False,ok,-10.311274547896057,3.1807063938442154e-18,-3.492995948509562,-2.888954648057252,-2.58139291903223,0,107,True,
5min,2024-08-06,2024-08-06,2024-08-06,108,main,PP,c,unit_root,,Bartlett_short_bandwidth,False,ok,-10.314769073432066,3.118007168360064e-18,-3.492995948509562,-2.888954648057252,-2.58139291903223,4,107,True,
5min,2024-08-06,2024-08-06,2024-08-06,108,main,KPSS,c,level_or_trend_stationarity,,Bartlett_short_bandwidth,False,ok,0.2047154027659863,0.2589010664893102,0.7428,0.4614,0.3475,4,108,False,
5min,2024-08-06,2024-08-06,2024-08-06,108,trend_sensitivity,ADF,ct,unit_root,12.0,bic,False,ok,-10.374930907874694,3.8197371996851996e-16,-4.045970933273362,-3.452348053635668,-3.1515755794286404,0,107,True,
5min,2024-08-06,2024-08-06,2024-08-06,108,trend_sensitivity,PP,ct,unit_root,,Bartlett_short_bandwidth,False,ok,-10.393557686470588,3.49920504622966e-16,-4.045970933273362,-3.452348053635668,-3.1515755794286404,4,107,True,
5min,2024-08-06,2024-08-06,2024-08-06,108,trend_sensitivity,KPSS,ct,level_or_trend_stationarity,,Bartlett_short_bandwidth,False,ok,0.14768589965900422,0.05026762542624473,0.2175,0.1479,0.1193,4,108,False,
5min,2024-08-06,2024-08-06,2024-08-06,108,lag_sensitivity,ADF,c,unit_root,12.0,aic,False,ok,-10.311274547896057,3.1807063938442154e-18,-3.492995948509562,-2.888954648057252,-2.58139291903223,0,107,True,
5min,2024-08-06,2024-08-06,2024-08-06,108,lag_sensitivity,PP,c,unit_root,,Bartlett_short_bandwidth,False,ok,-10.318615224771223,3.050437578281701e-18,-3.492995948509562,-2.888954648057252,-2.58139291903223,8,107,True,
5min,2024-08-06,2024-08-06,2024-08-06,108,lag_sensitivity,KPSS,c,level_or_trend_stationarity,,Bartlett_short_bandwidth,False,ok,0.21314024328595518,0.24385670841793716,0.7428,0.4614,0.3475,8,108,False,
5min,2024-08-07,2024-08-07,2024-08-07,108,main,ADF,c,unit_root,12.0,bic,False,ok,-12.633025347514508,1.4905126825984407e-23,-3.492995948509562,-2.888954648057252,-2.58139291903223,0,107,True,
5min,2024-08-07,2024-08-07,2024-08-07,108,main,PP,c,unit_root,,Bartlett_short_bandwidth,False,ok,-12.7315516277462,9.35176934994981e-24,-3.492995948509562,-2.888954648057252,-2.58139291903223,4,107,True,
5min,2024-08-07,2024-08-07,2024-08-07,108,main,KPSS,c,level_or_trend_stationarity,,Bartlett_short_bandwidth,False,ok,0.10065181651717547,0.5823470359751179,0.7428,0.4614,0.3475,4,108,False,
5min,2024-08-07,2024-08-07,2024-08-07,108,trend_sensitivity,ADF,ct,unit_root,12.0,bic,False,ok,-12.608670751556993,4.579220098793918e-20,-4.045970933273362,-3.452348053635668,-3.1515755794286404,0,107,True,
5min,2024-08-07,2024-08-07,2024-08-07,108,trend_sensitivity,PP,ct,unit_root,,Bartlett_short_bandwidth,False,ok,-12.737125531035137,3.0319049017726005e-20,-4.045970933273362,-3.452348053635668,-3.1515755794286404,4,107,True,
5min,2024-08-07,2024-08-07,2024-08-07,108,trend_sensitivity,KPSS,ct,level_or_trend_stationarity,,Bartlett_short_bandwidth,False,ok,0.061761839248044466,0.42832580088229866,0.2175,0.1479,0.1193,4,108,False,
5min,2024-08-07,2024-08-07,2024-08-07,108,lag_sensitivity,ADF,c,unit_root,12.0,aic,False,ok,-12.633025347514508,1.4905126825984407e-23,-3.492995948509562,-2.888954648057252,-2.58139291903223,0,107,True,
5min,2024-08-07,2024-08-07,2024-08-07,108,lag_sensitivity,PP,c,unit_root,,Bartlett_short_bandwidth,False,ok,-12.815450207708695,6.314690182599193e-24,-3.492995948509562,-2.888954648057252,-2.58139291903223,8,107,True,
5min,2024-08-07,2024-08-07,2024-08-07,108,lag_sensitivity,KPSS,c,level_or_trend_stationarity,,Bartlett_short_bandwidth,False,ok,0.1091210131599502,0.5426317583638628,0.7428,0.4614,0.3475,8,108,False,
5min,2024-08-08,2024-08-08,2024-08-08,108,main,ADF,c,unit_root,12.0,bic,False,ok,-11.93737224424838,4.628455767096106e-22,-3.492995948509562,-2.888954648057252,-2.58139291903223,0,107,True,
5min,2024-08-08,2024-08-08,2024-08-08,108,main,PP,c,unit_root,,Bartlett_short_bandwidth,False,ok,-12.037150566724602,2.786168374980468e-22,-3.492995948509562,-2.888954648057252,-2.58139291903223,4,107,True,
5min,2024-08-08,2024-08-08,2024-08-08,108,main,KPSS,c,level_or_trend_stationarity,,Bartlett_short_bandwidth,False,ok,0.4003629443697403,0.07218453788949546,0.7428,0.4614,0.3475,4,108,False,
5min,2024-08-08,2024-08-08,2024-08-08,108,trend_sensitivity,ADF,ct,unit_root,12.0,bic,False,ok,-11.974221901329248,4.2291511104577662e-19,-4.045970933273362,-3.452348053635668,-3.1515755794286404,0,107,True,
5min,2024-08-08,2024-08-08,2024-08-08,108,trend_sensitivity,PP,ct,unit_root,,Bartlett_short_bandwidth,False,ok,-12.139373597302283,2.303246404406107e-19,-4.045970933273362,-3.452348053635668,-3.1515755794286404,4,107,True,
5min,2024-08-08,2024-08-08,2024-08-08,108,trend_sensitivity,KPSS,ct,level_or_trend_stationarity,,Bartlett_short_bandwidth,False,ok,0.11279698470318963,0.1175757170184064,0.2175,0.1479,0.1193,4,108,False,
5min,2024-08-08,2024-08-08,2024-08-08,108,lag_sensitivity,ADF,c,unit_root,12.0,aic,False,ok,-2.197711588359963,0.20707706646402424,-3.4996365338407074,-2.8918307730370025,-2.5829283377617176,10,97,False,
5min,2024-08-08,2024-08-08,2024-08-08,108,lag_sensitivity,PP,c,unit_root,,Bartlett_short_bandwidth,False,ok,-11.874005844471037,6.404326932690564e-22,-3.492995948509562,-2.888954648057252,-2.58139291903223,8,107,True,
5min,2024-08-08,2024-08-08,2024-08-08,108,lag_sensitivity,KPSS,c,level_or_trend_stationarity,,Bartlett_short_bandwidth,False,ok,0.34711081460459475,0.10026933245356762,0.7428,0.4614,0.3475,8,108,False,
5min,2024-08-09,2024-08-09,2024-08-09,108,main,ADF,c,unit_root,12.0,bic,False,ok,-11.482627196364003,4.951987638005682e-21,-3.492995948509562,-2.888954648057252,-2.58139291903223,0,107,True,
5min,2024-08-09,2024-08-09,2024-08-09,108,main,PP,c,unit_root,,Bartlett_short_bandwidth,False,ok,-11.381941954105626,8.469215774436254e-21,-3.492995948509562,-2.888954648057252,-2.58139291903223,4,107,True,
5min,2024-08-09,2024-08-09,2024-08-09,108,main,KPSS,c,level_or_trend_stationarity,,Bartlett_short_bandwidth,False,ok,0.10521393408810718,0.5604137784225617,0.7428,0.4614,0.3475,4,108,False,
5min,2024-08-09,2024-08-09,2024-08-09,108,trend_sensitivity,ADF,ct,unit_root,12.0,bic,False,ok,-11.423775080508655,3.6796653621848255e-18,-4.045970933273362,-3.452348053635668,-3.1515755794286404,0,107,True,
5min,2024-08-09,2024-08-09,2024-08-09,108,trend_sensitivity,PP,ct,unit_root,,Bartlett_short_bandwidth,False,ok,-11.328790201289411,5.455058060927178e-18,-4.045970933273362,-3.452348053635668,-3.1515755794286404,4,107,True,
5min,2024-08-09,2024-08-09,2024-08-09,108,trend_sensitivity,KPSS,ct,level_or_trend_stationarity,,Bartlett_short_bandwidth,False,ok,0.052674983677576455,0.5380684043966848,0.2175,0.1479,0.1193,4,108,False,
5min,2024-08-09,2024-08-09,2024-08-09,108,lag_sensitivity,ADF,c,unit_root,12.0,aic,False,ok,-4.6206903156920305,0.00011829005343283549,-3.5003788874873405,-2.8921519665075235,-2.5830997960069446,11,96,True,
5min,2024-08-09,2024-08-09,2024-08-09,108,lag_sensitivity,PP,c,unit_root,,Bartlett_short_bandwidth,False,ok,-11.35614971091144,9.72366228758835e-21,-3.492995948509562,-2.888954648057252,-2.58139291903223,8,107,True,
5min,2024-08-09,2024-08-09,2024-08-09,108,lag_sensitivity,KPSS,c,level_or_trend_stationarity,,Bartlett_short_bandwidth,False,ok,0.09662133197744689,0.6023933401127656,0.7428,0.4614,0.3475,8,108,False,
5min,2024-08-12,2024-08-12,2024-08-12,108,main,ADF,c,unit_root,12.0,bic,False,ok,-13.484510294443629,3.1933964032895927e-25,-3.492995948509562,-2.888954648057252,-2.58139291903223,0,107,True,
5min,2024-08-12,2024-08-12,2024-08-12,108,main,PP,c,unit_root,,Bartlett_short_bandwidth,False,ok,-13.510181106349139,2.8634225426891785e-25,-3.492995948509562,-2.888954648057252,-2.58139291903223,4,107,True,
5min,2024-08-12,2024-08-12,2024-08-12,108,main,KPSS,c,level_or_trend_stationarity,,Bartlett_short_bandwidth,False,ok,0.08434412032736636,0.6675775254870926,0.7428,0.4614,0.3475,4,108,False,
5min,2024-08-12,2024-08-12,2024-08-12,108,trend_sensitivity,ADF,ct,unit_root,12.0,bic,False,ok,-13.450633300974422,3.927160029422536e-21,-4.045970933273362,-3.452348053635668,-3.1515755794286404,0,107,True,
5min,2024-08-12,2024-08-12,2024-08-12,108,trend_sensitivity,PP,ct,unit_root,,Bartlett_short_bandwidth,False,ok,-13.479200453970055,3.651223523816466e-21,-4.045970933273362,-3.452348053635668,-3.1515755794286404,4,107,True,
5min,2024-08-12,2024-08-12,2024-08-12,108,trend_sensitivity,KPSS,ct,level_or_trend_stationarity,,Bartlett_short_bandwidth,False,ok,0.050092394485457666,0.5734782164819862,0.2175,0.1479,0.1193,4,108,False,
5min,2024-08-12,2024-08-12,2024-08-12,108,lag_sensitivity,ADF,c,unit_root,12.0,aic,False,ok,-13.484510294443629,3.1933964032895927e-25,-3.492995948509562,-2.888954648057252,-2.58139291903223,0,107,True,
5min,2024-08-12,2024-08-12,2024-08-12,108,lag_sensitivity,PP,c,unit_root,,Bartlett_short_bandwidth,False,ok,-13.554381781047,2.3754823878251655e-25,-3.492995948509562,-2.888954648057252,-2.58139291903223,8,107,True,
5min,2024-08-12,2024-08-12,2024-08-12,108,lag_sensitivity,KPSS,c,level_or_trend_stationarity,,Bartlett_short_bandwidth,False,ok,0.09015111421903269,0.6360047116008899,0.7428,0.4614,0.3475,8,108,False,
5min,2024-08-13,2024-08-13,2024-08-13,108,main,ADF,c,unit_root,12.0,bic,False,ok,-12.148452279724742,1.5906007889732404e-22,-3.492995948509562,-2.888954648057252,-2.58139291903223,0,107,True,
5min,2024-08-13,2024-08-13,2024-08-13,108,main,PP,c,unit_root,,Bartlett_short_bandwidth,False,ok,-12.27896292249078,8.307468647766027e-23,-3.492995948509562,-2.888954648057252,-2.58139291903223,4,107,True,
5min,2024-08-13,2024-08-13,2024-08-13,108,main,KPSS,c,level_or_trend_stationarity,,Bartlett_short_bandwidth,False,ok,0.05051474301779262,0.8734182446275892,0.7428,0.4614,0.3475,4,108,False,
5min,2024-08-13,2024-08-13,2024-08-13,108,trend_sensitivity,ADF,ct,unit_root,12.0,bic,False,ok,-12.110175734411953,2.5607672095697655e-19,-4.045970933273362,-3.452348053635668,-3.1515755794286404,0,107,True,
5min,2024-08-13,2024-08-13,2024-08-13,108,trend_sensitivity,PP,ct,unit_root,,Bartlett_short_bandwidth,False,ok,-12.231776449412486,1.6537643368524096e-19,-4.045970933273362,-3.452348053635668,-3.1515755794286404,4,107,True,
5min,2024-08-13,2024-08-13,2024-08-13,108,trend_sensitivity,KPSS,ct,level_or_trend_stationarity,,Bartlett_short_bandwidth,False,ok,0.03827043031494489,0.7487279272385048,0.2175,0.1479,0.1193,4,108,False,
5min,2024-08-13,2024-08-13,2024-08-13,108,lag_sensitivity,ADF,c,unit_root,12.0,aic,False,ok,-12.148452279724742,1.5906007889732404e-22,-3.492995948509562,-2.888954648057252,-2.58139291903223,0,107,True,
5min,2024-08-13,2024-08-13,2024-08-13,108,lag_sensitivity,PP,c,unit_root,,Bartlett_short_bandwidth,False,ok,-12.589637519918918,1.8332259062134502e-23,-3.492995948509562,-2.888954648057252,-2.58139291903223,8,107,True,
5min,2024-08-13,2024-08-13,2024-08-13,108,lag_sensitivity,KPSS,c,level_or_trend_stationarity,,Bartlett_short_bandwidth,False,ok,0.06197635008381225,0.8023232119141207,0.7428,0.4614,0.3475,8,108,False,
5min,2024-08-14,2024-08-14,2024-08-14,108,main,ADF,c,unit_root,12.0,bic,False,ok,-10.223233658080378,5.2576408214964755e-18,-3.492995948509562,-2.888954648057252,-2.58139291903223,0,107,True,
5min,2024-08-14,2024-08-14,2024-08-14,108,main,PP,c,unit_root,,Bartlett_short_bandwidth,False,ok,-10.306411856575453,3.2700733311121e-18,-3.492995948509562,-2.888954648057252,-2.58139291903223,4,107,True,
5min,2024-08-14,2024-08-14,2024-08-14,108,main,KPSS,c,level_or_trend_stationarity,,Bartlett_short_bandwidth,False,ok,0.2751856260200258,0.15938997289580648,0.7428,0.4614,0.3475,4,108,False,
5min,2024-08-14,2024-08-14,2024-08-14,108,trend_sensitivity,ADF,ct,unit_root,12.0,bic,False,ok,-9.472203268380873,3.1987256894505587e-14,-4.0468193247781725,-3.452751165593073,-3.151810567112449,1,106,True,
5min,2024-08-14,2024-08-14,2024-08-14,108,trend_sensitivity,PP,ct,unit_root,,Bartlett_short_bandwidth,False,ok,-10.419031232207477,3.1047945974918243e-16,-4.045970933273362,-3.452348053635668,-3.1515755794286404,4,107,True,
5min,2024-08-14,2024-08-14,2024-08-14,108,trend_sensitivity,KPSS,ct,level_or_trend_stationarity,,Bartlett_short_bandwidth,False,ok,0.07147677573203773,0.3345105540341574,0.2175,0.1479,0.1193,4,108,False,
5min,2024-08-14,2024-08-14,2024-08-14,108,lag_sensitivity,ADF,c,unit_root,12.0,aic,False,ok,-9.216574074827255,1.827043658799982e-15,-3.4936021509366793,-2.8892174239808703,-2.58153320754717,1,106,True,
5min,2024-08-14,2024-08-14,2024-08-14,108,lag_sensitivity,PP,c,unit_root,,Bartlett_short_bandwidth,False,ok,-10.371037199127244,2.263797223804551e-18,-3.492995948509562,-2.888954648057252,-2.58139291903223,8,107,True,
5min,2024-08-14,2024-08-14,2024-08-14,108,lag_sensitivity,KPSS,c,level_or_trend_stationarity,,Bartlett_short_bandwidth,False,ok,0.29475076910235243,0.13995751539552098,0.7428,0.4614,0.3475,8,108,False,
5min,2024-08-15,2024-08-15,2024-08-15,108,main,ADF,c,unit_root,12.0,bic,False,ok,-11.159788187670715,2.8065866873667023e-20,-3.492995948509562,-2.888954648057252,-2.58139291903223,0,107,True,
5min,2024-08-15,2024-08-15,2024-08-15,108,main,PP,c,unit_root,,Bartlett_short_bandwidth,False,ok,-11.340600142160483,1.0569379617630872e-20,-3.492995948509562,-2.888954648057252,-2.58139291903223,4,107,True,
5min,2024-08-15,2024-08-15,2024-08-15,108,main,KPSS,c,level_or_trend_stationarity,,Bartlett_short_bandwidth,False,ok,0.4207456145600143,0.06381743813533297,0.7428,0.4614,0.3475,4,108,False,
5min,2024-08-15,2024-08-15,2024-08-15,108,trend_sensitivity,ADF,ct,unit_root,12.0,bic,False,ok,-11.23838391788669,7.977174050937238e-18,-4.045970933273362,-3.452348053635668,-3.1515755794286404,0,107,True,
5min,2024-08-15,2024-08-15,2024-08-15,108,trend_sensitivity,PP,ct,unit_root,,Bartlett_short_bandwidth,False,ok,-11.490677660892182,2.7982426839719746e-18,-4.045970933273362,-3.452348053635668,-3.1515755794286404,4,107,True,
5min,2024-08-15,2024-08-15,2024-08-15,108,trend_sensitivity,KPSS,ct,level_or_trend_stationarity,,Bartlett_short_bandwidth,False,ok,0.06039444160026546,0.4436995272697106,0.2175,0.1479,0.1193,4,108,False,
5min,2024-08-15,2024-08-15,2024-08-15,108,lag_sensitivity,ADF,c,unit_root,12.0,aic,False,ok,-4.86666331680278,4.047729425385813e-05,-3.4954932834550623,-2.8900369024285117,-2.5819706975209726,4,103,True,
5min,2024-08-15,2024-08-15,2024-08-15,108,lag_sensitivity,PP,c,unit_root,,Bartlett_short_bandwidth,False,ok,-11.367178693611391,9.165688312840167e-21,-3.492995948509562,-2.888954648057252,-2.58139291903223,8,107,True,
5min,2024-08-15,2024-08-15,2024-08-15,108,lag_sensitivity,KPSS,c,level_or_trend_stationarity,,Bartlett_short_bandwidth,False,ok,0.4928290212152789,0.041617744696180285,0.7428,0.4614,0.3475,8,108,True,
5min,2024-08-16,2024-08-16,2024-08-16,108,main,ADF,c,unit_root,12.0,bic,False,ok,-7.705143875603211,1.3076338383649977e-11,-3.4936021509366793,-2.8892174239808703,-2.58153320754717,1,106,True,
5min,2024-08-16,2024-08-16,2024-08-16,108,main,PP,c,unit_root,,Bartlett_short_bandwidth,False,ok,-10.062700597733935,1.3206623771843294e-17,-3.492995948509562,-2.888954648057252,-2.58139291903223,4,107,True,
5min,2024-08-16,2024-08-16,2024-08-16,108,main,KPSS,c,level_or_trend_stationarity,,Bartlett_short_bandwidth,False,ok,0.15619139690370448,0.3718113187389747,0.7428,0.4614,0.3475,4,108,False,
5min,2024-08-16,2024-08-16,2024-08-16,108,trend_sensitivity,ADF,ct,unit_root,12.0,bic,False,ok,-7.69307043701598,3.6582756954536096e-10,-4.0468193247781725,-3.452751165593073,-3.151810567112449,1,106,True,
5min,2024-08-16,2024-08-16,2024-08-16,108,trend_sensitivity,PP,ct,unit_root,,Bartlett_short_bandwidth,False,ok,-9.982472958412318,2.513351734607201e-15,-4.045970933273362,-3.452348053635668,-3.1515755794286404,4,107,True,
5min,2024-08-16,2024-08-16,2024-08-16,108,trend_sensitivity,KPSS,ct,level_or_trend_stationarity,,Bartlett_short_bandwidth,False,ok,0.1209518642759043,0.09606698981927546,0.2175,0.1479,0.1193,4,108,False,
5min,2024-08-16,2024-08-16,2024-08-16,108,lag_sensitivity,ADF,c,unit_root,12.0,aic,False,ok,-7.705143875603211,1.3076338383649977e-11,-3.4936021509366793,-2.8892174239808703,-2.58153320754717,1,106,True,
5min,2024-08-16,2024-08-16,2024-08-16,108,lag_sensitivity,PP,c,unit_root,,Bartlett_short_bandwidth,False,ok,-10.052303246893759,1.402115019570793e-17,-3.492995948509562,-2.888954648057252,-2.58139291903223,8,107,True,
5min,2024-08-16,2024-08-16,2024-08-16,108,lag_sensitivity,KPSS,c,level_or_trend_stationarity,,Bartlett_short_bandwidth,False,ok,0.13388392582279432,0.4430002540315263,0.7428,0.4614,0.3475,8,108,False,
5min,2024-08-19,2024-08-19,2024-08-19,108,main,ADF,c,unit_root,12.0,bic,False,ok,-10.68881737386633,3.7720458144149475e-19,-3.492995948509562,-2.888954648057252,-2.58139291903223,0,107,True,
5min,2024-08-19,2024-08-19,2024-08-19,108,main,PP,c,unit_root,,Bartlett_short_bandwidth,False,ok,-10.692721364287905,3.690579475272116e-19,-3.492995948509562,-2.888954648057252,-2.58139291903223,4,107,True,
5min,2024-08-19,2024-08-19,2024-08-19,108,main,KPSS,c,level_or_trend_stationarity,,Bartlett_short_bandwidth,False,ok,0.2734244285145885,0.161224553630637,0.7428,0.4614,0.3475,4,108,False,
5min,2024-08-19,2024-08-19,2024-08-19,108,trend_sensitivity,ADF,ct,unit_root,12.0,bic,False,ok,-10.78824493537551,5.69410491241023e-17,-4.045970933273362,-3.452348053635668,-3.1515755794286404,0,107,True,
5min,2024-08-19,2024-08-19,2024-08-19,108,trend_sensitivity,PP,ct,unit_root,,Bartlett_short_bandwidth,False,ok,-10.779658924996241,5.918310646818157e-17,-4.045970933273362,-3.452348053635668,-3.1515755794286404,4,107,True,
5min,2024-08-19,2024-08-19,2024-08-19,108,trend_sensitivity,KPSS,ct,level_or_trend_stationarity,,Bartlett_short_bandwidth,False,ok,0.05046493393273799,0.5682799916362141,0.2175,0.1479,0.1193,4,108,False,
5min,2024-08-19,2024-08-19,2024-08-19,108,lag_sensitivity,ADF,c,unit_root,12.0,aic,False,ok,-10.68881737386633,3.7720458144149475e-19,-3.492995948509562,-2.888954648057252,-2.58139291903223,0,107,True,
5min,2024-08-19,2024-08-19,2024-08-19,108,lag_sensitivity,PP,c,unit_root,,Bartlett_short_bandwidth,False,ok,-10.712844566832441,3.2979900099487145e-19,-3.492995948509562,-2.888954648057252,-2.58139291903223,8,107,True,
5min,2024-08-19,2024-08-19,2024-08-19,108,lag_sensitivity,KPSS,c,level_or_trend_stationarity,,Bartlett_short_bandwidth,False,ok,0.2623980305007744,0.17354073403756792,0.7428,0.4614,0.3475,8,108,False,
5min,2024-08-20,2024-08-20,2024-08-20,108,main,ADF,c,unit_root,12.0,bic,False,ok,-12.467633567154534,3.298443853761135e-23,-3.492995948509562,-2.888954648057252,-2.58139291903223,0,107,True,
5min,2024-08-20,2024-08-20,2024-08-20,108,main,PP,c,unit_root,,Bartlett_short_bandwidth,False,ok,-12.23489241736536,1.0335037628483522e-22,-3.492995948509562,-2.888954648057252,-2.58139291903223,4,107,True,
5min,2024-08-20,2024-08-20,2024-08-20,108,main,KPSS,c,level_or_trend_stationarity,,Bartlett_short_bandwidth,False,ok,0.07742409407965946,0.7072683977951584,0.7428,0.4614,0.3475,4,108,False,
5min,2024-08-20,2024-08-20,2024-08-20,108,trend_sensitivity,ADF,ct,unit_root,12.0,bic,False,ok,-12.519028437887808,6.153395607585353e-20,-4.045970933273362,-3.452348053635668,-3.1515755794286404,0,107,True,
5min,2024-08-20,2024-08-20,2024-08-20,108,trend_sensitivity,PP,ct,unit_root,,Bartlett_short_bandwidth,False,ok,-12.299711781105048,1.3015707020127359e-19,-4.045970933273362,-3.452348053635668,-3.1515755794286404,4,107,True,
5min,2024-08-20,2024-08-20,2024-08-20,108,trend_sensitivity,KPSS,ct,level_or_trend_stationarity,,Bartlett_short_bandwidth,False,ok,0.05873584065886314,0.4629066588230578,0.2175,0.1479,0.1193,4,108,False,
5min,2024-08-20,2024-08-20,2024-08-20,108,lag_sensitivity,ADF,c,unit_root,12.0,aic,False,ok,-12.467633567154534,3.298443853761135e-23,-3.492995948509562,-2.888954648057252,-2.58139291903223,0,107,True,
5min,2024-08-20,2024-08-20,2024-08-20,108,lag_sensitivity,PP,c,unit_root,,Bartlett_short_bandwidth,False,ok,-12.163143833311983,1.4778238840776299e-22,-3.492995948509562,-2.888954648057252,-2.58139291903223,8,107,True,
5min,2024-08-20,2024-08-20,2024-08-20,108,lag_sensitivity,KPSS,c,level_or_trend_stationarity,,Bartlett_short_bandwidth,False,ok,0.07225437753534127,0.7384649631488027,0.7428,0.4614,0.3475,8,108,False,
5min,2024-08-21,2024-08-21,2024-08-21,108,main,ADF,c,unit_root,12.0,bic,False,ok,-11.094634896246523,4.002263244581096e-20,-3.492995948509562,-2.888954648057252,-2.58139291903223,0,107,True,
5min,2024-08-21,2024-08-21,2024-08-21,108,main,PP,c,unit_root,,Bartlett_short_bandwidth,False,ok,-11.379928807061171,8.560934790482923e-21,-3.492995948509562,-2.888954648057252,-2.58139291903223,4,107,True,
5min,2024-08-21,2024-08-21,2024-08-21,108,main,KPSS,c,level_or_trend_stationarity,,Bartlett_short_bandwidth,False,ok,0.08598193892775251,0.6586439694849864,0.7428,0.4614,0.3475,4,108,False,
5min,2024-08-21,2024-08-21,2024-08-21,108,trend_sensitivity,ADF,ct,unit_root,12.0,bic,False,ok,-11.063018892291808,1.6913276411181615e-17,-4.045970933273362,-3.452348053635668,-3.1515755794286404,0,107,True,
5min,2024-08-21,2024-08-21,2024-08-21,108,trend_sensitivity,PP,ct,unit_root,,Bartlett_short_bandwidth,False,ok,-11.35330333162632,4.925290424529715e-18,-4.045970933273362,-3.452348053635668,-3.1515755794286404,4,107,True,
5min,2024-08-21,2024-08-21,2024-08-21,108,trend_sensitivity,KPSS,ct,level_or_trend_stationarity,,Bartlett_short_bandwidth,False,ok,0.03964342610106825,0.727539720662527,0.2175,0.1479,0.1193,4,108,False,
5min,2024-08-21,2024-08-21,2024-08-21,108,lag_sensitivity,ADF,c,unit_root,12.0,aic,False,ok,-8.828781070797351,1.7932720741517625e-14,-3.4936021509366793,-2.8892174239808703,-2.58153320754717,1,106,True,
5min,2024-08-21,2024-08-21,2024-08-21,108,lag_sensitivity,PP,c,unit_root,,Bartlett_short_bandwidth,False,ok,-11.846219414215987,7.388765004486023e-22,-3.492995948509562,-2.888954648057252,-2.58139291903223,8,107,True,
5min,2024-08-21,2024-08-21,2024-08-21,108,lag_sensitivity,KPSS,c,level_or_trend_stationarity,,Bartlett_short_bandwidth,False,ok,0.11358532964284407,0.5228788888330532,0.7428,0.4614,0.3475,8,108,False,
5min,2024-08-22,2024-08-22,2024-08-22,108,main,ADF,c,unit_root,12.0,bic,False,ok,-10.138919824696663,8.522434419874906e-18,-3.492995948509562,-2.888954648057252,-2.58139291903223,0,107,True,
5min,2024-08-22,2024-08-22,2024-08-22,108,main,PP,c,unit_root,,Bartlett_short_bandwidth,False,ok,-10.147421987421659,8.11667898305043e-18,-3.492995948509562,-2.888954648057252,-2.58139291903223,4,107,True,
5min,2024-08-22,2024-08-22,2024-08-22,108,main,KPSS,c,level_or_trend_stationarity,,Bartlett_short_bandwidth,False,ok,0.5291470910590003,0.03369415581597739,0.7428,0.4614,0.3475,4,108,True,
5min,2024-08-22,2024-08-22,2024-08-22,108,trend_sensitivity,ADF,ct,unit_root,12.0,bic,False,ok,-10.334619832048487,4.62018188573403e-16,-4.045970933273362,-3.452348053635668,-3.1515755794286404,0,107,True,
5min,2024-08-22,2024-08-22,2024-08-22,108,trend_sensitivity,PP,ct,unit_root,,Bartlett_short_bandwidth,False,ok,-10.393751133959444,3.496024471275251e-16,-4.045970933273362,-3.452348053635668,-3.1515755794286404,4,107,True,
5min,2024-08-22,2024-08-22,2024-08-22,108,trend_sensitivity,KPSS,ct,level_or_trend_stationarity,,Bartlett_short_bandwidth,False,ok,0.030835490274058124,0.8608959684158595,0.2175,0.1479,0.1193,4,108,False,
5min,2024-08-22,2024-08-22,2024-08-22,108,lag_sensitivity,ADF,c,unit_root,12.0,aic,False,ok,-10.138919824696663,8.522434419874906e-18,-3.492995948509562,-2.888954648057252,-2.58139291903223,0,107,True,
5min,2024-08-22,2024-08-22,2024-08-22,108,lag_sensitivity,PP,c,unit_root,,Bartlett_short_bandwidth,False,ok,-10.152098951957676,7.901827233462115e-18,-3.492995948509562,-2.888954648057252,-2.58139291903223,8,107,True,
5min,2024-08-22,2024-08-22,2024-08-22,108,lag_sensitivity,KPSS,c,level_or_trend_stationarity,,Bartlett_short_bandwidth,False,ok,0.5293986064718896,0.03364687848272751,0.7428,0.4614,0.3475,8,108,True,
5min,2024-08-23,2024-08-23,2024-08-23,108,main,ADF,c,unit_root,12.0,bic,False,ok,-10.778879657969233,2.282146049055758e-19,-3.492995948509562,-2.888954648057252,-2.58139291903223,0,107,True,
5min,2024-08-23,2024-08-23,2024-08-23,108,main,PP,c,unit_root,,Bartlett_short_bandwidth,False,ok,-11.039342885990218,5.4153296680676956e-20,-3.492995948509562,-2.888954648057252,-2.58139291903223,4,107,True,
5min,2024-08-23,2024-08-23,2024-08-23,108,main,KPSS,c,level_or_trend_stationarity,,Bartlett_short_bandwidth,False,ok,0.245759770350747,0.1941541405759654,0.7428,0.4614,0.3475,4,108,False,
5min,2024-08-23,2024-08-23,2024-08-23,108,trend_sensitivity,ADF,ct,unit_root,12.0,bic,False,ok,-10.905403056205262,3.375563003141343e-17,-4.045970933273362,-3.452348053635668,-3.1515755794286404,0,107,True,
5min,2024-08-23,2024-08-23,2024-08-23,108,trend_sensitivity,PP,ct,unit_root,,Bartlett_short_bandwidth,False,ok,-11.30435020283164,6.042250784910366e-18,-4.045970933273362,-3.452348053635668,-3.1515755794286404,4,107,True,
5min,2024-08-23,2024-08-23,2024-08-23,108,trend_sensitivity,KPSS,ct,level_or_trend_stationarity,,Bartlett_short_bandwidth,False,ok,0.04629200602426282,0.6266199096360576,0.2175,0.1479,0.1193,4,108,False,
5min,2024-08-23,2024-08-23,2024-08-23,108,lag_sensitivity,ADF,c,unit_root,12.0,aic,False,ok,-10.778879657969233,2.282146049055758e-19,-3.492995948509562,-2.888954648057252,-2.58139291903223,0,107,True,
5min,2024-08-23,2024-08-23,2024-08-23,108,lag_sensitivity,PP,c,unit_root,,Bartlett_short_bandwidth,False,ok,-11.146937533679257,3.0097117200563293e-20,-3.492995948509562,-2.888954648057252,-2.58139291903223,8,107,True,
5min,2024-08-23,2024-08-23,2024-08-23,108,lag_sensitivity,KPSS,c,level_or_trend_stationarity,,Bartlett_short_bandwidth,False,ok,0.2636932501677138,0.1720462498064841,0.7428,0.4614,0.3475,8,108,False,
5min,2024-08-26,2024-08-26,2024-08-26,108,main,ADF,c,unit_root,12.0,bic,False,ok,-8.649966656716622,5.1470815446669307e-14,-3.4936021509366793,-2.8892174239808703,-2.58153320754717,1,106,True,
5min,2024-08-26,2024-08-26,2024-08-26,108,main,PP,c,unit_root,,Bartlett_short_bandwidth,False,ok,-8.985872414908535,7.103851549795697e-15,-3.492995948509562,-2.888954648057252,-2.58139291903223,4,107,True,
5min,2024-08-26,2024-08-26,2024-08-26,108,main,KPSS,c,level_or_trend_stationarity,,Bartlett_short_bandwidth,False,ok,0.039348347243913735,0.9367015455939658,0.7428,0.4614,0.3475,4,108,False,
5min,2024-08-26,2024-08-26,2024-08-26,108,trend_sensitivity,ADF,ct,unit_root,12.0,bic,False,ok,-8.611363084328914,2.785157156095827e-12,-4.0468193247781725,-3.452751165593073,-3.151810567112449,1,106,True,
5min,2024-08-26,2024-08-26,2024-08-26,108,trend_sensitivity,PP,ct,unit_root,,Bartlett_short_bandwidth,False,ok,-8.933505338541622,5.132699737451248e-13,-4.045970933273362,-3.452348053635668,-3.1515755794286404,4,107,True,
5min,2024-08-26,2024-08-26,2024-08-26,108,trend_sensitivity,KPSS,ct,level_or_trend_stationarity,,Bartlett_short_bandwidth,False,ok,0.028964624702800763,0.8867812539105162,0.2175,0.1479,0.1193,4,108,False,
5min,2024-08-26,2024-08-26,2024-08-26,108,lag_sensitivity,ADF,c,unit_root,12.0,aic,False,ok,-8.649966656716622,5.1470815446669307e-14,-3.4936021509366793,-2.8892174239808703,-2.58153320754717,1,106,True,
5min,2024-08-26,2024-08-26,2024-08-26,108,lag_sensitivity,PP,c,unit_root,,Bartlett_short_bandwidth,False,ok,-9.030072078319375,5.475293338193096e-15,-3.492995948509562,-2.888954648057252,-2.58139291903223,8,107,True,
5min,2024-08-26,2024-08-26,2024-08-26,108,lag_sensitivity,KPSS,c,level_or_trend_stationarity,,Bartlett_short_bandwidth,False,ok,0.04751244174032281,0.8918534279102985,0.7428,0.4614,0.3475,8,108,False,
5min,2024-08-27,2024-08-27,2024-08-27,108,main,ADF,c,unit_root,12.0,bic,False,ok,-11.411525895376608,7.23068084033139e-21,-3.492995948509562,-2.888954648057252,-2.58139291903223,0,107,True,
5min,2024-08-27,2024-08-27,2024-08-27,108,main,PP,c,unit_root,,Bartlett_short_bandwidth,False,ok,-11.619819231859182,2.3995290993974427e-21,-3.492995948509562,-2.888954648057252,-2.58139291903223,4,107,True,
5min,2024-08-27,2024-08-27,2024-08-27,108,main,KPSS,c,level_or_trend_stationarity,,Bartlett_short_bandwidth,False,ok,0.05275380853101699,0.8596654391853866,0.7428,0.4614,0.3475,4,108,False,
5min,2024-08-27,2024-08-27,2024-08-27,108,trend_sensitivity,ADF,ct,unit_root,12.0,bic,False,ok,-11.358767101731434,4.814656020888483e-18,-4.045970933273362,-3.452348053635668,-3.1515755794286404,0,107,True,
5min,2024-08-27,2024-08-27,2024-08-27,108,trend_sensitivity,PP,ct,unit_root,,Bartlett_short_bandwidth,False,ok,-11.561697190407486,2.0991177316836394e-18,-4.045970933273362,-3.452348053635668,-3.1515755794286404,4,107,True,
5min,2024-08-27,2024-08-27,2024-08-27,108,trend_sensitivity,KPSS,ct,level_or_trend_stationarity,,Bartlett_short_bandwidth,False,ok,0.050791475724523555,0.563752603756497,0.2175,0.1479,0.1193,4,108,False,
5min,2024-08-27,2024-08-27,2024-08-27,108,lag_sensitivity,ADF,c,unit_root,12.0,aic,False,ok,-9.097662338609503,3.67751584329105e-15,-3.4936021509366793,-2.8892174239808703,-2.58153320754717,1,106,True,
5min,2024-08-27,2024-08-27,2024-08-27,108,lag_sensitivity,PP,c,unit_root,,Bartlett_short_bandwidth,False,ok,-11.862948036682171,6.779031152793306e-22,-3.492995948509562,-2.888954648057252,-2.58139291903223,8,107,True,
5min,2024-08-27,2024-08-27,2024-08-27,108,lag_sensitivity,KPSS,c,level_or_trend_stationarity,,Bartlett_short_bandwidth,False,ok,0.06306546229303683,0.7955515297842269,0.7428,0.4614,0.3475,8,108,False,
5min,2024-08-28,2024-08-28,2024-08-28,108,main,ADF,c,unit_root,12.0,bic,False,ok,-11.363815052188562,9.332331851886841e-21,-3.492995948509562,-2.888954648057252,-2.58139291903223,0,107,True,
5min,2024-08-28,2024-08-28,2024-08-28,108,main,PP,c,unit_root,,Bartlett_short_bandwidth,False,ok,-11.502365618419784,4.4596349235806546e-21,-3.492995948509562,-2.888954648057252,-2.58139291903223,4,107,True,
5min,2024-08-28,2024-08-28,2024-08-28,108,main,KPSS,c,level_or_trend_stationarity,,Bartlett_short_bandwidth,False,ok,0.0742385551479659,0.7264914775553781,0.7428,0.4614,0.3475,4,108,False,
5min,2024-08-28,2024-08-28,2024-08-28,108,trend_sensitivity,ADF,ct,unit_root,12.0,bic,False,ok,-11.313975801800312,5.803536407551197e-18,-4.045970933273362,-3.452348053635668,-3.1515755794286404,0,107,True,
5min,2024-08-28,2024-08-28,2024-08-28,108,trend_sensitivity,PP,ct,unit_root,,Bartlett_short_bandwidth,False,ok,-11.450976631744332,3.2908172144842513e-18,-4.045970933273362,-3.452348053635668,-3.1515755794286404,4,107,True,
5min,2024-08-28,2024-08-28,2024-08-28,108,trend_sensitivity,KPSS,ct,level_or_trend_stationarity,,Bartlett_short_bandwidth,False,ok,0.059272466566401644,0.4565182551618852,0.2175,0.1479,0.1193,4,108,False,
5min,2024-08-28,2024-08-28,2024-08-28,108,lag_sensitivity,ADF,c,unit_root,12.0,aic,False,ok,-11.363815052188562,9.332331851886841e-21,-3.492995948509562,-2.888954648057252,-2.58139291903223,0,107,True,
5min,2024-08-28,2024-08-28,2024-08-28,108,lag_sensitivity,PP,c,unit_root,,Bartlett_short_bandwidth,False,ok,-11.59191091610926,2.778792805437223e-21,-3.492995948509562,-2.888954648057252,-2.58139291903223,8,107,True,
5min,2024-08-28,2024-08-28,2024-08-28,108,lag_sensitivity,KPSS,c,level_or_trend_stationarity,,Bartlett_short_bandwidth,False,ok,0.08015331677096293,0.6914973627895569,0.7428,0.4614,0.3475,8,108,False,
5min,2024-08-29,2024-08-29,2024-08-29,108,main,ADF,c,unit_root,12.0,bic,False,ok,-9.974596261097163,2.1945593044552442e-17,-3.492995948509562,-2.888954648057252,-2.58139291903223,0,107,True,
5min,2024-08-29,2024-08-29,2024-08-29,108,main,PP,c,unit_root,,Bartlett_short_bandwidth,False,ok,-10.029073502482454,1.6028398745911263e-17,-3.492995948509562,-2.888954648057252,-2.58139291903223,4,107,True,
5min,2024-08-29,2024-08-29,2024-08-29,108,main,KPSS,c,level_or_trend_stationarity,,Bartlett_short_bandwidth,False,ok,0.4816343066021517,0.04441642334946208,0.7428,0.4614,0.3475,4,108,True,
5min,2024-08-29,2024-08-29,2024-08-29,108,trend_sensitivity,ADF,ct,unit_root,12.0,bic,False,ok,-10.312289006838087,5.135419873555812e-16,-4.045970933273362,-3.452348053635668,-3.1515755794286404,0,107,True,
5min,2024-08-29,2024-08-29,2024-08-29,108,trend_sensitivity,PP,ct,unit_root,,Bartlett_short_bandwidth,False,ok,-10.319882209894581,4.953944930128718e-16,-4.045970933273362,-3.452348053635668,-3.1515755794286404,4,107,True,
5min,2024-08-29,2024-08-29,2024-08-29,108,trend_sensitivity,KPSS,ct,level_or_trend_stationarity,,Bartlett_short_bandwidth,False,ok,0.16483958952980954,0.03360637156832611,0.2175,0.1479,0.1193,4,108,True,
5min,2024-08-29,2024-08-29,2024-08-29,108,lag_sensitivity,ADF,c,unit_root,12.0,aic,False,ok,-9.974596261097163,2.1945593044552442e-17,-3.492995948509562,-2.888954648057252,-2.58139291903223,0,107,True,
5min,2024-08-29,2024-08-29,2024-08-29,108,lag_sensitivity,PP,c,unit_root,,Bartlett_short_bandwidth,False,ok,-10.11067635813494,1.002281177875244e-17,-3.492995948509562,-2.888954648057252,-2.58139291903223,8,107,True,
5min,2024-08-29,2024-08-29,2024-08-29,108,lag_sensitivity,KPSS,c,level_or_trend_stationarity,,Bartlett_short_bandwidth,False,ok,0.42839707128375837,0.06094095064520363,0.7428,0.4614,0.3475,8,108,False,
5min,2024-08-30,2024-08-30,2024-08-30,108,main,ADF,c,unit_root,12.0,bic,False,ok,-10.826613267307605,1.7503574495615562e-19,-3.492995948509562,-2.888954648057252,-2.58139291903223,0,107,True,
5min,2024-08-30,2024-08-30,2024-08-30,108,main,PP,c,unit_root,,Bartlett_short_bandwidth,False,ok,-10.876753027745837,1.3257027314988182e-19,-3.492995948509562,-2.888954648057252,-2.58139291903223,4,107,True,
5min,2024-08-30,2024-08-30,2024-08-30,108,main,KPSS,c,level_or_trend_stationarity,,Bartlett_short_bandwidth,False,ok,0.23279582436367957,0.21227905399442493,0.7428,0.4614,0.3475,4,108,False,
5min,2024-08-30,2024-08-30,2024-08-30,108,trend_sensitivity,ADF,ct,unit_root,12.0,bic,False,ok,-10.984989973797521,2.3769452759857154e-17,-4.045970933273362,-3.452348053635668,-3.1515755794286404,0,107,True,
5min,2024-08-30,2024-08-30,2024-08-30,108,trend_sensitivity,PP,ct,unit_root,,Bartlett_short_bandwidth,False,ok,-11.001064895181884,2.21536592906267e-17,-4.045970933273362,-3.452348053635668,-3.1515755794286404,4,107,True,
5min,2024-08-30,2024-08-30,2024-08-30,108,trend_sensitivity,KPSS,ct,level_or_trend_stationarity,,Bartlett_short_bandwidth,False,ok,0.07831129569120442,0.28063360220568273,0.2175,0.1479,0.1193,4,108,False,
5min,2024-08-30,2024-08-30,2024-08-30,108,lag_sensitivity,ADF,c,unit_root,12.0,aic,False,ok,-4.202133121253546,0.0006534433091025015,-3.4942202045135513,-2.889485291005291,-2.5816762131519275,2,105,True,
5min,2024-08-30,2024-08-30,2024-08-30,108,lag_sensitivity,PP,c,unit_root,,Bartlett_short_bandwidth,False,ok,-11.014183679613645,6.216322316698163e-20,-3.492995948509562,-2.888954648057252,-2.58139291903223,8,107,True,
5min,2024-08-30,2024-08-30,2024-08-30,108,lag_sensitivity,KPSS,c,level_or_trend_stationarity,,Bartlett_short_bandwidth,False,ok,0.1968150712089971,0.27428417410000566,0.7428,0.4614,0.3475,8,108,False,
5min,2024-09-02,2024-09-02,2024-09-02,108,main,ADF,c,unit_root,12.0,bic,False,ok,-11.456286724246617,5.69612926589358e-21,-3.492995948509562,-2.888954648057252,-2.58139291903223,0,107,True,
5min,2024-09-02,2024-09-02,2024-09-02,108,main,PP,c,unit_root,,Bartlett_short_bandwidth,False,ok,-11.4114184296449,7.23483022672182e-21,-3.492995948509562,-2.888954648057252,-2.58139291903223,4,107,True,
5min,2024-09-02,2024-09-02,2024-09-02,108,main,KPSS,c,level_or_trend_stationarity,,Bartlett_short_bandwidth,False,ok,0.18579922635078686,0.2972356886153471,0.7428,0.4614,0.3475,4,108,False,
5min,2024-09-02,2024-09-02,2024-09-02,108,trend_sensitivity,ADF,ct,unit_root,12.0,bic,False,ok,-11.483398917742026,2.882453940800089e-18,-4.045970933273362,-3.452348053635668,-3.1515755794286404,0,107,True,
5min,2024-09-02,2024-09-02,2024-09-02,108,trend_sensitivity,PP,ct,unit_root,,Bartlett_short_bandwidth,False,ok,-11.446125898405462,3.35689781150262e-18,-4.045970933273362,-3.452348053635668,-3.1515755794286404,4,107,True,
5min,2024-09-02,2024-09-02,2024-09-02,108,trend_sensitivity,KPSS,ct,level_or_trend_stationarity,,Bartlett_short_bandwidth,False,ok,0.09998468769440834,0.16179013924823996,0.2175,0.1479,0.1193,4,108,False,
5min,2024-09-02,2024-09-02,2024-09-02,108,lag_sensitivity,ADF,c,unit_root,12.0,aic,False,ok,-3.354275110553049,0.012619967132642119,-3.5003788874873405,-2.8921519665075235,-2.5830997960069446,11,96,True,
5min,2024-09-02,2024-09-02,2024-09-02,108,lag_sensitivity,PP,c,unit_root,,Bartlett_short_bandwidth,False,ok,-11.405249253259154,7.477123074089391e-21,-3.492995948509562,-2.888954648057252,-2.58139291903223,8,107,True,
5min,2024-09-02,2024-09-02,2024-09-02,108,lag_sensitivity,KPSS,c,level_or_trend_stationarity,,Bartlett_short_bandwidth,False,ok,0.15820082088596776,0.366151590972616,0.7428,0.4614,0.3475,8,108,False,
5min,2024-09-03,2024-09-03,2024-09-03,108,main,ADF,c,unit_root,12.0,bic,False,ok,-10.286606243316424,3.660981697700957e-18,-3.492995948509562,-2.888954648057252,-2.58139291903223,0,107,True,
5min,2024-09-03,2024-09-03,2024-09-03,108,main,PP,c,unit_root,,Bartlett_short_bandwidth,False,ok,-10.333953164873664,2.795334197167423e-18,-3.492995948509562,-2.888954648057252,-2.58139291903223,4,107,True,
5min,2024-09-03,2024-09-03,2024-09-03,108,main,KPSS,c,level_or_trend_stationarity,,Bartlett_short_bandwidth,False,ok,0.03675847561609609,0.9492331825027608,0.7428,0.4614,0.3475,4,108,False,
5min,2024-09-03,2024-09-03,2024-09-03,108,trend_sensitivity,ADF,ct,unit_root,12.0,bic,False,ok,-10.238616121659058,7.290986246229144e-16,-4.045970933273362,-3.452348053635668,-3.1515755794286404,0,107,True,
5min,2024-09-03,2024-09-03,2024-09-03,108,trend_sensitivity,PP,ct,unit_root,,Bartlett_short_bandwidth,False,ok,-10.283381627304971,5.890713762493459e-16,-4.045970933273362,-3.452348053635668,-3.1515755794286404,4,107,True,
5min,2024-09-03,2024-09-03,2024-09-03,108,trend_sensitivity,KPSS,ct,level_or_trend_stationarity,,Bartlett_short_bandwidth,False,ok,0.037191139067894896,0.7653836563596467,0.2175,0.1479,0.1193,4,108,False,
5min,2024-09-03,2024-09-03,2024-09-03,108,lag_sensitivity,ADF,c,unit_root,12.0,aic,False,ok,-10.286606243316424,3.660981697700957e-18,-3.492995948509562,-2.888954648057252,-2.58139291903223,0,107,True,
5min,2024-09-03,2024-09-03,2024-09-03,108,lag_sensitivity,PP,c,unit_root,,Bartlett_short_bandwidth,False,ok,-10.764874391198447,2.467221737221538e-19,-3.492995948509562,-2.888954648057252,-2.58139291903223,8,107,True,
5min,2024-09-03,2024-09-03,2024-09-03,108,lag_sensitivity,KPSS,c,level_or_trend_stationarity,,Bartlett_short_bandwidth,False,ok,0.052740528830356834,0.8597480072723926,0.7428,0.4614,0.3475,8,108,False,
5min,2024-09-04,2024-09-04,2024-09-04,108,main,ADF,c,unit_root,12.0,bic,False,ok,-3.994078620910872,0.001441836695077591,-3.4942202045135513,-2.889485291005291,-2.5816762131519275,2,105,True,
5min,2024-09-04,2024-09-04,2024-09-04,108,main,PP,c,unit_root,,Bartlett_short_bandwidth,False,ok,-9.22685551794302,1.7198946385305795e-15,-3.492995948509562,-2.888954648057252,-2.58139291903223,4,107,True,
5min,2024-09-04,2024-09-04,2024-09-04,108,main,KPSS,c,level_or_trend_stationarity,,Bartlett_short_bandwidth,False,ok,0.4954005474402471,0.04097486313993823,0.7428,0.4614,0.3475,4,108,True,
5min,2024-09-04,2024-09-04,2024-09-04,108,trend_sensitivity,ADF,ct,unit_root,12.0,bic,False,ok,-4.4670611027624645,0.0017080419994900664,-4.047684391534392,-3.4531621209372636,-3.1520501036605117,2,105,True,
5min,2024-09-04,2024-09-04,2024-09-04,108,trend_sensitivity,PP,ct,unit_root,,Bartlett_short_bandwidth,False,ok,-9.598771839030896,1.6871247065111498e-14,-4.045970933273362,-3.452348053635668,-3.1515755794286404,4,107,True,
5min,2024-09-04,2024-09-04,2024-09-04,108,trend_sensitivity,KPSS,ct,level_or_trend_stationarity,,Bartlett_short_bandwidth,False,ok,0.11453763263612392,0.11287126314561104,0.2175,0.1479,0.1193,4,108,False,
5min,2024-09-04,2024-09-04,2024-09-04,108,lag_sensitivity,ADF,c,unit_root,12.0,aic,False,ok,-3.994078620910872,0.001441836695077591,-3.4942202045135513,-2.889485291005291,-2.5816762131519275,2,105,True,
5min,2024-09-04,2024-09-04,2024-09-04,108,lag_sensitivity,PP,c,unit_root,,Bartlett_short_bandwidth,False,ok,-9.379272220951353,7.028702055614574e-16,-3.492995948509562,-2.888954648057252,-2.58139291903223,8,107,True,
5min,2024-09-04,2024-09-04,2024-09-04,108,lag_sensitivity,KPSS,c,level_or_trend_stationarity,,Bartlett_short_bandwidth,False,ok,0.43012548122312166,0.06029117247251065,0.7428,0.4614,0.3475,8,108,False,
5min,2024-09-05,2024-09-05,2024-09-05,108,main,ADF,c,unit_root,12.0,bic,False,ok,-10.214534548827636,5.525877279671707e-18,-3.4936021509366793,-2.8892174239808703,-2.58153320754717,1,106,True,
5min,2024-09-05,2024-09-05,2024-09-05,108,main,PP,c,unit_root,,Bartlett_short_bandwidth,False,ok,-12.460651413825508,3.412020886252885e-23,-3.492995948509562,-2.888954648057252,-2.58139291903223,4,107,True,
5min,2024-09-05,2024-09-05,2024-09-05,108,main,KPSS,c,level_or_trend_stationarity,,Bartlett_short_bandwidth,False,ok,0.26019625168856003,0.17608124805166148,0.7428,0.4614,0.3475,4,108,False,
5min,2024-09-05,2024-09-05,2024-09-05,108,trend_sensitivity,ADF,ct,unit_root,12.0,bic,False,ok,-10.219965261393995,7.97063924500666e-16,-4.0468193247781725,-3.452751165593073,-3.151810567112449,1,106,True,
5min,2024-09-05,2024-09-05,2024-09-05,108,trend_sensitivity,PP,ct,unit_root,,Bartlett_short_bandwidth,False,ok,-12.399261256135405,9.221494041939371e-20,-4.045970933273362,-3.452348053635668,-3.1515755794286404,4,107,True,
5min,2024-09-05,2024-09-05,2024-09-05,108,trend_sensitivity,KPSS,ct,level_or_trend_stationarity,,Bartlett_short_bandwidth,False,ok,0.09979790546377164,0.16259523506994986,0.2175,0.1479,0.1193,4,108,False,
5min,2024-09-05,2024-09-05,2024-09-05,108,lag_sensitivity,ADF,c,unit_root,12.0,aic,False,ok,-10.214534548827636,5.525877279671707e-18,-3.4936021509366793,-2.8892174239808703,-2.58153320754717,1,106,True,
5min,2024-09-05,2024-09-05,2024-09-05,108,lag_sensitivity,PP,c,unit_root,,Bartlett_short_bandwidth,False,ok,-12.76466434299141,8.005358093232878e-24,-3.492995948509562,-2.888954648057252,-2.58139291903223,8,107,True,
5min,2024-09-05,2024-09-05,2024-09-05,108,lag_sensitivity,KPSS,c,level_or_trend_stationarity,,Bartlett_short_bandwidth,False,ok,0.23742448774646488,0.20566043368546544,0.7428,0.4614,0.3475,8,108,False,
5min,2024-09-06,2024-09-06,2024-09-06,108,main,ADF,c,unit_root,12.0,bic,False,ok,-8.855267029797146,1.5339981956350828e-14,-3.4936021509366793,-2.8892174239808703,-2.58153320754717,1,106,True,
5min,2024-09-06,2024-09-06,2024-09-06,108,main,PP,c,unit_root,,Bartlett_short_bandwidth,False,ok,-11.013966777398368,6.223725442524047e-20,-3.492995948509562,-2.888954648057252,-2.58139291903223,4,107,True,
5min,2024-09-06,2024-09-06,2024-09-06,108,main,KPSS,c,level_or_trend_stationarity,,Bartlett_short_bandwidth,False,ok,0.12818048116770286,0.4641026822100639,0.7428,0.4614,0.3475,4,108,False,
5min,2024-09-06,2024-09-06,2024-09-06,108,trend_sensitivity,ADF,ct,unit_root,12.0,bic,False,ok,-8.879105754301285,6.820099602327895e-13,-4.0468193247781725,-3.452751165593073,-3.151810567112449,1,106,True,
5min,2024-09-06,2024-09-06,2024-09-06,108,trend_sensitivity,PP,ct,unit_root,,Bartlett_short_bandwidth,False,ok,-11.05884894222502,1.7222114008842203e-17,-4.045970933273362,-3.452348053635668,-3.1515755794286404,4,107,True,
5min,2024-09-06,2024-09-06,2024-09-06,108,trend_sensitivity,KPSS,ct,level_or_trend_stationarity,,Bartlett_short_bandwidth,False,ok,0.05530168880847067,0.503979734298352,0.2175,0.1479,0.1193,4,108,False,
5min,2024-09-06,2024-09-06,2024-09-06,108,lag_sensitivity,ADF,c,unit_root,12.0,aic,False,ok,-2.566649137634203,0.10008796213725651,-3.4996365338407074,-2.8918307730370025,-2.5829283377617176,10,97,False,
5min,2024-09-06,2024-09-06,2024-09-06,108,lag_sensitivity,PP,c,unit_root,,Bartlett_short_bandwidth,False,ok,-11.511943907875358,4.238914224142687e-21,-3.492995948509562,-2.888954648057252,-2.58139291903223,8,107,True,
5min,2024-09-06,2024-09-06,2024-09-06,108,lag_sensitivity,KPSS,c,level_or_trend_stationarity,,Bartlett_short_bandwidth,False,ok,0.16419717584008398,0.3496780883514176,0.7428,0.4614,0.3475,8,108,False,
5min,2024-09-09,2024-09-09,2024-09-09,108,main,ADF,c,unit_root,12.0,bic,False,ok,-11.649159858318104,2.057220942988456e-21,-3.492995948509562,-2.888954648057252,-2.58139291903223,0,107,True,
5min,2024-09-09,2024-09-09,2024-09-09,108,main,PP,c,unit_root,,Bartlett_short_bandwidth,False,ok,-11.641604046608656,2.1403242428098714e-21,-3.492995948509562,-2.888954648057252,-2.58139291903223,4,107,True,
5min,2024-09-09,2024-09-09,2024-09-09,108,main,KPSS,c,level_or_trend_stationarity,,Bartlett_short_bandwidth,False,ok,0.08374312935258886,0.6709000774851459,0.7428,0.4614,0.3475,4,108,False,
5min,2024-09-09,2024-09-09,2024-09-09,108,trend_sensitivity,ADF,ct,unit_root,12.0,bic,False,ok,-11.665064536795196,1.3897207411789428e-18,-4.045970933273362,-3.452348053635668,-3.1515755794286404,0,107,True,
5min,2024-09-09,2024-09-09,2024-09-09,108,trend_sensitivity,PP,ct,unit_root,,Bartlett_short_bandwidth,False,ok,-11.696828850285819,1.2260747129187917e-18,-4.045970933273362,-3.452348053635668,-3.1515755794286404,4,107,True,
5min,2024-09-09,2024-09-09,2024-09-09,108,trend_sensitivity,KPSS,ct,level_or_trend_stationarity,,Bartlett_short_bandwidth,False,ok,0.06589471604043216,0.38605283959567843,0.2175,0.1479,0.1193,4,108,False,
5min,2024-09-09,2024-09-09,2024-09-09,108,lag_sensitivity,ADF,c,unit_root,12.0,aic,False,ok,-11.649159858318104,2.057220942988456e-21,-3.492995948509562,-2.888954648057252,-2.58139291903223,0,107,True,
5min,2024-09-09,2024-09-09,2024-09-09,108,lag_sensitivity,PP,c,unit_root,,Bartlett_short_bandwidth,False,ok,-11.55799400985988,3.3227681479503962e-21,-3.492995948509562,-2.888954648057252,-2.58139291903223,8,107,True,
5min,2024-09-09,2024-09-09,2024-09-09,108,lag_sensitivity,KPSS,c,level_or_trend_stationarity,,Bartlett_short_bandwidth,False,ok,0.0738850445859069,0.7286247309471134,0.7428,0.4614,0.3475,8,108,False,
5min,2024-09-10,2024-09-10,2024-09-10,108,main,ADF,c,unit_root,12.0,bic,False,ok,-9.140679141710807,2.8549852711909882e-15,-3.492995948509562,-2.888954648057252,-2.58139291903223,0,107,True,
5min,2024-09-10,2024-09-10,2024-09-10,108,main,PP,c,unit_root,,Bartlett_short_bandwidth,False,ok,-9.10900355759704,3.44002562015518e-15,-3.492995948509562,-2.888954648057252,-2.58139291903223,4,107,True,
5min,2024-09-10,2024-09-10,2024-09-10,108,main,KPSS,c,level_or_trend_stationarity,,Bartlett_short_bandwidth,False,ok,0.27507308464177926,0.1595072034981466,0.7428,0.4614,0.3475,4,108,False,
5min,2024-09-10,2024-09-10,2024-09-10,108,trend_sensitivity,ADF,ct,unit_root,12.0,bic,False,ok,-9.263937179233439,9.26663312938572e-14,-4.045970933273362,-3.452348053635668,-3.1515755794286404,0,107,True,
5min,2024-09-10,2024-09-10,2024-09-10,108,trend_sensitivity,PP,ct,unit_root,,Bartlett_short_bandwidth,False,ok,-9.229161212825389,1.1081335607195342e-13,-4.045970933273362,-3.452348053635668,-3.1515755794286404,4,107,True,
5min,2024-09-10,2024-09-10,2024-09-10,108,trend_sensitivity,KPSS,ct,level_or_trend_stationarity,,Bartlett_short_bandwidth,False,ok,0.06439745153445203,0.40106084619532384,0.2175,0.1479,0.1193,4,108,False,
5min,2024-09-10,2024-09-10,2024-09-10,108,lag_sensitivity,ADF,c,unit_root,12.0,aic,False,ok,-9.140679141710807,2.8549852711909882e-15,-3.492995948509562,-2.888954648057252,-2.58139291903223,0,107,True,
5min,2024-09-10,2024-09-10,2024-09-10,108,lag_sensitivity,PP,c,unit_root,,Bartlett_short_bandwidth,False,ok,-9.082256564279362,4.026644851129199e-15,-3.492995948509562,-2.888954648057252,-2.58139291903223,8,107,True,
5min,2024-09-10,2024-09-10,2024-09-10,108,lag_sensitivity,KPSS,c,level_or_trend_stationarity,,Bartlett_short_bandwidth,False,ok,0.2876619698053733,0.1467028858996445,0.7428,0.4614,0.3475,8,108,False,
5min,2024-09-11,2024-09-11,2024-09-11,108,main,ADF,c,unit_root,12.0,bic,False,ok,-10.422672863724758,1.6887154687430214e-18,-3.492995948509562,-2.888954648057252,-2.58139291903223,0,107,True,
5min,2024-09-11,2024-09-11,2024-09-11,108,main,PP,c,unit_root,,Bartlett_short_bandwidth,False,ok,-10.426818018497721,1.649498601634633e-18,-3.492995948509562,-2.888954648057252,-2.58139291903223,4,107,True,
5min,2024-09-11,2024-09-11,2024-09-11,108,main,KPSS,c,level_or_trend_stationarity,,Bartlett_short_bandwidth,False,ok,0.08918952061369483,0.6411480693798464,0.7428,0.4614,0.3475,4,108,False,
5min,2024-09-11,2024-09-11,2024-09-11,108,trend_sensitivity,ADF,ct,unit_root,12.0,bic,False,ok,-10.385004153301272,3.642835551953721e-16,-4.045970933273362,-3.452348053635668,-3.1515755794286404,0,107,True,
5min,2024-09-11,2024-09-11,2024-09-11,108,trend_sensitivity,PP,ct,unit_root,,Bartlett_short_bandwidth,False,ok,-10.389657270011952,3.5639687180508997e-16,-4.045970933273362,-3.452348053635668,-3.1515755794286404,4,107,True,
5min,2024-09-11,2024-09-11,2024-09-11,108,trend_sensitivity,KPSS,ct,level_or_trend_stationarity,,Bartlett_short_bandwidth,False,ok,0.07363603013782855,0.3163664155180954,0.2175,0.1479,0.1193,4,108,False,
5min,2024-09-11,2024-09-11,2024-09-11,108,lag_sensitivity,ADF,c,unit_root,12.0,aic,False,ok,-10.422672863724758,1.6887154687430214e-18,-3.492995948509562,-2.888954648057252,-2.58139291903223,0,107,True,
5min,2024-09-11,2024-09-11,2024-09-11,108,lag_sensitivity,PP,c,unit_root,,Bartlett_short_bandwidth,False,ok,-10.56964394475623,7.361836583736779e-19,-3.492995948509562,-2.888954648057252,-2.58139291903223,8,107,True,
5min,2024-09-11,2024-09-11,2024-09-11,108,lag_sensitivity,KPSS,c,level_or_trend_stationarity,,Bartlett_short_bandwidth,False,ok,0.11823396308193404,0.5032367757101378,0.7428,0.4614,0.3475,8,108,False,
5min,2024-09-12,2024-09-12,2024-09-12,108,main,ADF,c,unit_root,12.0,bic,False,ok,-9.35345459189882,8.177800730844962e-16,-3.492995948509562,-2.888954648057252,-2.58139291903223,0,107,True,
5min,2024-09-12,2024-09-12,2024-09-12,108,main,PP,c,unit_root,,Bartlett_short_bandwidth,False,ok,-9.317382642603187,1.0105683613254584e-15,-3.492995948509562,-2.888954648057252,-2.58139291903223,4,107,True,
5min,2024-09-12,2024-09-12,2024-09-12,108,main,KPSS,c,level_or_trend_stationarity,,Bartlett_short_bandwidth,False,ok,0.3546230228859544,0.09565669336222295,0.7428,0.4614,0.3475,4,108,False,
5min,2024-09-12,2024-09-12,2024-09-12,108,trend_sensitivity,ADF,ct,unit_root,12.0,bic,False,ok,-9.446567799864287,3.643567345852982e-14,-4.045970933273362,-3.452348053635668,-3.1515755794286404,0,107,True,
5min,2024-09-12,2024-09-12,2024-09-12,108,trend_sensitivity,PP,ct,unit_root,,Bartlett_short_bandwidth,False,ok,-9.41138495569835,4.3579672081700523e-14,-4.045970933273362,-3.452348053635668,-3.1515755794286404,4,107,True,
5min,2024-09-12,2024-09-12,2024-09-12,108,trend_sensitivity,KPSS,ct,level_or_trend_stationarity,,Bartlett_short_bandwidth,False,ok,0.13779730800681847,0.06379195756542658,0.2175,0.1479,0.1193,4,108,False,
5min,2024-09-12,2024-09-12,2024-09-12,108,lag_sensitivity,ADF,c,unit_root,12.0,aic,False,ok,-9.35345459189882,8.177800730844962e-16,-3.492995948509562,-2.888954648057252,-2.58139291903223,0,107,True,
5min,2024-09-12,2024-09-12,2024-09-12,108,lag_sensitivity,PP,c,unit_root,,Bartlett_short_bandwidth,False,ok,-9.326224921375207,9.594583301596879e-16,-3.492995948509562,-2.888954648057252,-2.58139291903223,8,107,True,
5min,2024-09-12,2024-09-12,2024-09-12,108,lag_sensitivity,KPSS,c,level_or_trend_stationarity,,Bartlett_short_bandwidth,False,ok,0.32506334203839027,0.11552709893537004,0.7428,0.4614,0.3475,8,108,False,
5min,2024-09-13,2024-09-13,2024-09-13,108,main,ADF,c,unit_root,12.0,bic,False,ok,-5.166334840769764,1.0295533627853047e-05,-3.4936021509366793,-2.8892174239808703,-2.58153320754717,1,106,True,
5min,2024-09-13,2024-09-13,2024-09-13,108,main,PP,c,unit_root,,Bartlett_short_bandwidth,False,ok,-9.868707976627848,4.048590926792032e-17,-3.492995948509562,-2.888954648057252,-2.58139291903223,4,107,True,
5min,2024-09-13,2024-09-13,2024-09-13,108,main,KPSS,c,level_or_trend_stationarity,,Bartlett_short_bandwidth,False,ok,0.4267361863590688,0.06156534347403429,0.7428,0.4614,0.3475,4,108,False,
5min,2024-09-13,2024-09-13,2024-09-13,108,trend_sensitivity,ADF,ct,unit_root,12.0,bic,False,ok,-5.504859580289898,2.25411831640688e-05,-4.0468193247781725,-3.452751165593073,-3.151810567112449,1,106,True,
5min,2024-09-13,2024-09-13,2024-09-13,108,trend_sensitivity,PP,ct,unit_root,,Bartlett_short_bandwidth,False,ok,-10.135959157412929,1.193122672472315e-15,-4.045970933273362,-3.452348053635668,-3.1515755794286404,4,107,True,
5min,2024-09-13,2024-09-13,2024-09-13,108,trend_sensitivity,KPSS,ct,level_or_trend_stationarity,,Bartlett_short_bandwidth,False,ok,0.17786519245639282,0.024760210074024323,0.2175,0.1479,0.1193,4,108,True,
5min,2024-09-13,2024-09-13,2024-09-13,108,lag_sensitivity,ADF,c,unit_root,12.0,aic,False,ok,-3.1271334480684945,0.02460927447493558,-3.4961490537199116,-2.8903209639580556,-2.5821223452518263,5,102,True,
5min,2024-09-13,2024-09-13,2024-09-13,108,lag_sensitivity,PP,c,unit_root,,Bartlett_short_bandwidth,False,ok,-10.271856155888837,3.9824192933154355e-18,-3.492995948509562,-2.888954648057252,-2.58139291903223,8,107,True,
5min,2024-09-13,2024-09-13,2024-09-13,108,lag_sensitivity,KPSS,c,level_or_trend_stationarity,,Bartlett_short_bandwidth,False,ok,0.32460949097945613,0.11584118271317914,0.7428,0.4614,0.3475,8,108,False,
5min,2024-09-16,2024-09-16,2024-09-16,108,main,ADF,c,unit_root,12.0,bic,False,ok,-12.150925676754817,1.5710172683532558e-22,-3.492995948509562,-2.888954648057252,-2.58139291903223,0,107,True,
5min,2024-09-16,2024-09-16,2024-09-16,108,main,PP,c,unit_root,,Bartlett_short_bandwidth,False,ok,-12.215208087173638,1.1397539041013258e-22,-3.492995948509562,-2.888954648057252,-2.58139291903223,4,107,True,
5min,2024-09-16,2024-09-16,2024-09-16,108,main,KPSS,c,level_or_trend_stationarity,,Bartlett_short_bandwidth,False,ok,0.11659574324189718,0.5101588313722654,0.7428,0.4614,0.3475,4,108,False,
5min,2024-09-16,2024-09-16,2024-09-16,108,trend_sensitivity,ADF,ct,unit_root,12.0,bic,False,ok,-12.134187339655654,2.346910437964821e-19,-4.045970933273362,-3.452348053635668,-3.1515755794286404,0,107,True,
5min,2024-09-16,2024-09-16,2024-09-16,108,trend_sensitivity,PP,ct,unit_root,,Bartlett_short_bandwidth,False,ok,-12.199781811896807,1.8534290248621413e-19,-4.045970933273362,-3.452348053635668,-3.1515755794286404,4,107,True,
5min,2024-09-16,2024-09-16,2024-09-16,108,trend_sensitivity,KPSS,ct,level_or_trend_stationarity,,Bartlett_short_bandwidth,False,ok,0.1038965760872645,0.14680537325560564,0.2175,0.1479,0.1193,4,108,False,
5min,2024-09-16,2024-09-16,2024-09-16,108,lag_sensitivity,ADF,c,unit_root,12.0,aic,False,ok,-12.150925676754817,1.5710172683532558e-22,-3.492995948509562,-2.888954648057252,-2.58139291903223,0,107,True,
5min,2024-09-16,2024-09-16,2024-09-16,108,lag_sensitivity,PP,c,unit_root,,Bartlett_short_bandwidth,False,ok,-12.15681981851179,1.5253343158025386e-22,-3.492995948509562,-2.888954648057252,-2.58139291903223,8,107,True,
5min,2024-09-16,2024-09-16,2024-09-16,108,lag_sensitivity,KPSS,c,level_or_trend_stationarity,,Bartlett_short_bandwidth,False,ok,0.1143261851596133,0.5197485134100845,0.7428,0.4614,0.3475,8,108,False,
5min,2024-09-17,2024-09-17,2024-09-17,108,main,ADF,c,unit_root,12.0,bic,False,ok,-8.191835676343073,7.631007013394552e-13,-3.492995948509562,-2.888954648057252,-2.58139291903223,0,107,True,
5min,2024-09-17,2024-09-17,2024-09-17,108,main,PP,c,unit_root,,Bartlett_short_bandwidth,False,ok,-8.236503645425314,5.870629451757417e-13,-3.492995948509562,-2.888954648057252,-2.58139291903223,4,107,True,
5min,2024-09-17,2024-09-17,2024-09-17,108,main,KPSS,c,level_or_trend_stationarity,,Bartlett_short_bandwidth,False,ok,0.4272599019071693,0.06136845792963561,0.7428,0.4614,0.3475,4,108,False,
5min,2024-09-17,2024-09-17,2024-09-17,108,trend_sensitivity,ADF,ct,unit_root,12.0,bic,False,ok,-8.498203258512365,5.0648212674160674e-12,-4.045970933273362,-3.452348053635668,-3.1515755794286404,0,107,True,
5min,2024-09-17,2024-09-17,2024-09-17,108,trend_sensitivity,PP,ct,unit_root,,Bartlett_short_bandwidth,False,ok,-8.486667164354591,5.383694537818459e-12,-4.045970933273362,-3.452348053635668,-3.1515755794286404,4,107,True,
5min,2024-09-17,2024-09-17,2024-09-17,108,trend_sensitivity,KPSS,ct,level_or_trend_stationarity,,Bartlett_short_bandwidth,False,ok,0.0715632207192055,0.33376533862753877,0.2175,0.1479,0.1193,4,108,False,
5min,2024-09-17,2024-09-17,2024-09-17,108,lag_sensitivity,ADF,c,unit_root,12.0,aic,False,ok,-8.191835676343073,7.631007013394552e-13,-3.492995948509562,-2.888954648057252,-2.58139291903223,0,107,True,
5min,2024-09-17,2024-09-17,2024-09-17,108,lag_sensitivity,PP,c,unit_root,,Bartlett_short_bandwidth,False,ok,-8.125009650429481,1.1293176927362354e-12,-3.492995948509562,-2.888954648057252,-2.58139291903223,8,107,True,
5min,2024-09-17,2024-09-17,2024-09-17,108,lag_sensitivity,KPSS,c,level_or_trend_stationarity,,Bartlett_short_bandwidth,False,ok,0.4361603211951211,0.05818609613961342,0.7428,0.4614,0.3475,8,108,False,
5min,2024-09-18,2024-09-18,2024-09-18,108,main,ADF,c,unit_root,12.0,bic,False,ok,-10.340097788354946,2.699269422666743e-18,-3.492995948509562,-2.888954648057252,-2.58139291903223,0,107,True,
5min,2024-09-18,2024-09-18,2024-09-18,108,main,PP,c,unit_root,,Bartlett_short_bandwidth,False,ok,-10.342272184192455,2.6660778870209377e-18,-3.492995948509562,-2.888954648057252,-2.58139291903223,4,107,True,
5min,2024-09-18,2024-09-18,2024-09-18,108,main,KPSS,c,level_or_trend_stationarity,,Bartlett_short_bandwidth,False,ok,0.10215619169999689,0.5751144629807842,0.7428,0.4614,0.3475,4,108,False,
5min,2024-09-18,2024-09-18,2024-09-18,108,trend_sensitivity,ADF,ct,unit_root,12.0,bic,False,ok,-10.28910842585887,5.732560788519817e-16,-4.045970933273362,-3.452348053635668,-3.1515755794286404,0,107,True,
5min,2024-09-18,2024-09-18,2024-09-18,108,trend_sensitivity,PP,ct,unit_root,,Bartlett_short_bandwidth,False,ok,-10.290670303199724,5.690184518524998e-16,-4.045970933273362,-3.452348053635668,-3.1515755794286404,4,107,True,
5min,2024-09-18,2024-09-18,2024-09-18,108,trend_sensitivity,KPSS,ct,level_or_trend_stationarity,,Bartlett_short_bandwidth,False,ok,0.10135638609552725,0.15639099586593494,0.2175,0.1479,0.1193,4,108,False,
5min,2024-09-18,2024-09-18,2024-09-18,108,lag_sensitivity,ADF,c,unit_root,12.0,aic,False,ok,-10.340097788354946,2.699269422666743e-18,-3.492995948509562,-2.888954648057252,-2.58139291903223,0,107,True,
5min,2024-09-18,2024-09-18,2024-09-18,108,lag_sensitivity,PP,c,unit_root,,Bartlett_short_bandwidth,False,ok,-10.366595375435946,2.3216706564287416e-18,-3.492995948509562,-2.888954648057252,-2.58139291903223,8,107,True,
5min,2024-09-18,2024-09-18,2024-09-18,108,lag_sensitivity,KPSS,c,level_or_trend_stationarity,,Bartlett_short_bandwidth,False,ok,0.10841997392366573,0.545818300346974,0.7428,0.4614,0.3475,8,108,False,
5min,2024-09-19,2024-09-19,2024-09-19,108,main,ADF,c,unit_root,12.0,bic,False,ok,-13.74724703952241,1.0668456578680273e-25,-3.492995948509562,-2.888954648057252,-2.58139291903223,0,107,True,
5min,2024-09-19,2024-09-19,2024-09-19,108,main,PP,c,unit_root,,Bartlett_short_bandwidth,False,ok,-13.50187005720913,2.9662043492576307e-25,-3.492995948509562,-2.888954648057252,-2.58139291903223,4,107,True,
5min,2024-09-19,2024-09-19,2024-09-19,108,main,KPSS,c,level_or_trend_stationarity,,Bartlett_short_bandwidth,False,ok,0.18620773572222693,0.2963665197399427,0.7428,0.4614,0.3475,4,108,False,
5min,2024-09-19,2024-09-19,2024-09-19,108,trend_sensitivity,ADF,ct,unit_root,12.0,bic,False,ok,-13.835026743797895,1.5645133426742475e-21,-4.045970933273362,-3.452348053635668,-3.1515755794286404,0,107,True,
5min,2024-09-19,2024-09-19,2024-09-19,108,trend_sensitivity,PP,ct,unit_root,,Bartlett_short_bandwidth,False,ok,-13.629135365813148,2.5202336176665254e-21,-4.045970933273362,-3.452348053635668,-3.1515755794286404,4,107,True,
5min,2024-09-19,2024-09-19,2024-09-19,108,trend_sensitivity,KPSS,ct,level_or_trend_stationarity,,Bartlett_short_bandwidth,False,ok,0.11170409917066,0.12063193815916129,0.2175,0.1479,0.1193,4,108,False,
5min,2024-09-19,2024-09-19,2024-09-19,108,lag_sensitivity,ADF,c,unit_root,12.0,aic,False,ok,-2.97610948284436,0.03718651168342492,-3.497501033,-2.89090644,-2.5824349,7,100,True,
5min,2024-09-19,2024-09-19,2024-09-19,108,lag_sensitivity,PP,c,unit_root,,Bartlett_short_bandwidth,False,ok,-13.549367469592424,2.42621254898735e-25,-3.492995948509562,-2.888954648057252,-2.58139291903223,8,107,True,
5min,2024-09-19,2024-09-19,2024-09-19,108,lag_sensitivity,KPSS,c,level_or_trend_stationarity,,Bartlett_short_bandwidth,False,ok,0.2062881034321573,0.2560926724425762,0.7428,0.4614,0.3475,8,108,False,
5min,2024-09-20,2024-09-20,2024-09-20,108,main,ADF,c,unit_root,12.0,bic,False,ok,-10.605485786331174,6.018024680406878e-19,-3.492995948509562,-2.888954648057252,-2.58139291903223,0,107,True,
5min,2024-09-20,2024-09-20,2024-09-20,108,main,PP,c,unit_root,,Bartlett_short_bandwidth,False,ok,-10.631023888033665,5.214160918311367e-19,-3.492995948509562,-2.888954648057252,-2.58139291903223,4,107,True,
5min,2024-09-20,2024-09-20,2024-09-20,108,main,KPSS,c,level_or_trend_stationarity,,Bartlett_short_bandwidth,False,ok,0.30986655655375,0.12730832087552302,0.7428,0.4614,0.3475,4,108,False,
5min,2024-09-20,2024-09-20,2024-09-20,108,trend_sensitivity,ADF,ct,unit_root,12.0,bic,False,ok,-10.81122396744952,5.1359904225157063e-17,-4.045970933273362,-3.452348053635668,-3.1515755794286404,0,107,True,
5min,2024-09-20,2024-09-20,2024-09-20,108,trend_sensitivity,PP,ct,unit_root,,Bartlett_short_bandwidth,False,ok,-10.916416673650371,3.214935638818894e-17,-4.045970933273362,-3.452348053635668,-3.1515755794286404,4,107,True,
5min,2024-09-20,2024-09-20,2024-09-20,108,trend_sensitivity,KPSS,ct,level_or_trend_stationarity,,Bartlett_short_bandwidth,False,ok,0.07132751473476935,0.3357972867692297,0.2175,0.1479,0.1193,4,108,False,
5min,2024-09-20,2024-09-20,2024-09-20,108,lag_sensitivity,ADF,c,unit_root,12.0,aic,False,ok,-10.605485786331174,6.018024680406878e-19,-3.492995948509562,-2.888954648057252,-2.58139291903223,0,107,True,
5min,2024-09-20,2024-09-20,2024-09-20,108,lag_sensitivity,PP,c,unit_root,,Bartlett_short_bandwidth,False,ok,-10.629688066338094,5.253388262952178e-19,-3.492995948509562,-2.888954648057252,-2.58139291903223,8,107,True,
5min,2024-09-20,2024-09-20,2024-09-20,108,lag_sensitivity,KPSS,c,level_or_trend_stationarity,,Bartlett_short_bandwidth,False,ok,0.31040113372096684,0.12686097596571813,0.7428,0.4614,0.3475,8,108,False,
5min,2024-09-23,2024-09-23,2024-09-23,108,main,ADF,c,unit_root,12.0,bic,False,ok,-11.397621541610858,7.788111546633552e-21,-3.492995948509562,-2.888954648057252,-2.58139291903223,0,107,True,
5min,2024-09-23,2024-09-23,2024-09-23,108,main,PP,c,unit_root,,Bartlett_short_bandwidth,False,ok,-11.862937625330353,6.779394264824363e-22,-3.492995948509562,-2.888954648057252,-2.58139291903223,4,107,True,
5min,2024-09-23,2024-09-23,2024-09-23,108,main,KPSS,c,level_or_trend_stationarity,,Bartlett_short_bandwidth,False,ok,0.1224889037525934,0.4862280115029208,0.7428,0.4614,0.3475,4,108,False,
5min,2024-09-23,2024-09-23,2024-09-23,108,trend_sensitivity,ADF,ct,unit_root,12.0,bic,False,ok,-11.33956713795208,5.215227930181169e-18,-4.045970933273362,-3.452348053635668,-3.1515755794286404,0,107,True,
5min,2024-09-23,2024-09-23,2024-09-23,108,trend_sensitivity,PP,ct,unit_root,,Bartlett_short_bandwidth,False,ok,-11.788936193801584,8.559295420103508e-19,-4.045970933273362,-3.452348053635668,-3.1515755794286404,4,107,True,
5min,2024-09-23,2024-09-23,2024-09-23,108,trend_sensitivity,KPSS,ct,level_or_trend_stationarity,,Bartlett_short_bandwidth,False,ok,0.049639575298562034,0.5797966237409949,0.2175,0.1479,0.1193,4,108,False,
5min,2024-09-23,2024-09-23,2024-09-23,108,lag_sensitivity,ADF,c,unit_root,12.0,aic,False,ok,-11.397621541610858,7.788111546633552e-21,-3.492995948509562,-2.888954648057252,-2.58139291903223,0,107,True,
5min,2024-09-23,2024-09-23,2024-09-23,108,lag_sensitivity,PP,c,unit_root,,Bartlett_short_bandwidth,False,ok,-12.5082108381466,2.7107243311874607e-23,-3.492995948509562,-2.888954648057252,-2.58139291903223,8,107,True,
5min,2024-09-23,2024-09-23,2024-09-23,108,lag_sensitivity,KPSS,c,level_or_trend_stationarity,,Bartlett_short_bandwidth,False,ok,0.14969425435241696,0.39114805252256857,0.7428,0.4614,0.3475,8,108,False,
5min,2024-09-24,2024-09-24,2024-09-24,108,main,ADF,c,unit_root,12.0,bic,False,ok,-8.041450660926655,1.8423382961199024e-12,-3.492995948509562,-2.888954648057252,-2.58139291903223,0,107,True,
5min,2024-09-24,2024-09-24,2024-09-24,108,main,PP,c,unit_root,,Bartlett_short_bandwidth,False,ok,-8.10541294933749,1.2667686552790256e-12,-3.492995948509562,-2.888954648057252,-2.58139291903223,4,107,True,
5min,2024-09-24,2024-09-24,2024-09-24,108,main,KPSS,c,level_or_trend_stationarity,,Bartlett_short_bandwidth,False,ok,0.0515207251311366,0.867241161475477,0.7428,0.4614,0.3475,4,108,False,
5min,2024-09-24,2024-09-24,2024-09-24,108,trend_sensitivity,ADF,ct,unit_root,12.0,bic,False,ok,-8.03598911512413,5.899294194963021e-11,-4.045970933273362,-3.452348053635668,-3.1515755794286404,0,107,True,
5min,2024-09-24,2024-09-24,2024-09-24,108,trend_sensitivity,PP,ct,unit_root,,Bartlett_short_bandwidth,False,ok,-8.089134179719863,4.4457832050341485e-11,-4.045970933273362,-3.452348053635668,-3.1515755794286404,4,107,True,
5min,2024-09-24,2024-09-24,2024-09-24,108,trend_sensitivity,KPSS,ct,level_or_trend_stationarity,,Bartlett_short_bandwidth,False,ok,0.049125574105474634,0.5869687334119819,0.2175,0.1479,0.1193,4,108,False,
5min,2024-09-24,2024-09-24,2024-09-24,108,lag_sensitivity,ADF,c,unit_root,12.0,aic,False,ok,-8.041450660926655,1.8423382961199024e-12,-3.492995948509562,-2.888954648057252,-2.58139291903223,0,107,True,
5min,2024-09-24,2024-09-24,2024-09-24,108,lag_sensitivity,PP,c,unit_root,,Bartlett_short_bandwidth,False,ok,-8.128434333469887,1.1068711426789047e-12,-3.492995948509562,-2.888954648057252,-2.58139291903223,8,107,True,
5min,2024-09-24,2024-09-24,2024-09-24,108,lag_sensitivity,KPSS,c,level_or_trend_stationarity,,Bartlett_short_bandwidth,False,ok,0.05086810770519482,0.8712484614593301,0.7428,0.4614,0.3475,8,108,False,
5min,2024-09-25,2024-09-25,2024-09-25,108,main,ADF,c,unit_root,12.0,bic,False,ok,-10.624730362140156,5.401597312606055e-19,-3.492995948509562,-2.888954648057252,-2.58139291903223,0,107,True,
5min,2024-09-25,2024-09-25,2024-09-25,108,main,PP,c,unit_root,,Bartlett_short_bandwidth,False,ok,-10.732965478268607,2.94756650254261e-19,-3.492995948509562,-2.888954648057252,-2.58139291903223,4,107,True,
5min,2024-09-25,2024-09-25,2024-09-25,108,main,KPSS,c,level_or_trend_stationarity,,Bartlett_short_bandwidth,False,ok,0.2606687557779029,0.17553605102549663,0.7428,0.4614,0.3475,4,108,False,
5min,2024-09-25,2024-09-25,2024-09-25,108,trend_sensitivity,ADF,ct,unit_root,12.0,bic,False,ok,-10.664607474530237,9.968429617493255e-17,-4.045970933273362,-3.452348053635668,-3.1515755794286404,0,107,True,
5min,2024-09-25,2024-09-25,2024-09-25,108,trend_sensitivity,PP,ct,unit_root,,Bartlett_short_bandwidth,False,ok,-10.800789863173073,5.3820956472125444e-17,-4.045970933273362,-3.452348053635668,-3.1515755794286404,4,107,True,
5min,2024-09-25,2024-09-25,2024-09-25,108,trend_sensitivity,KPSS,ct,level_or_trend_stationarity,,Bartlett_short_bandwidth,False,ok,0.02570613958802899,0.9265984490219001,0.2175,0.1479,0.1193,4,108,False,
5min,2024-09-25,2024-09-25,2024-09-25,108,lag_sensitivity,ADF,c,unit_root,12.0,aic,False,ok,-4.8461284383011325,4.4349068614761034e-05,-3.497501033,-2.89090644,-2.5824349,7,100,True,
5min,2024-09-25,2024-09-25,2024-09-25,108,lag_sensitivity,PP,c,unit_root,,Bartlett_short_bandwidth,False,ok,-11.073858621657202,4.483262627184109e-20,-3.492995948509562,-2.888954648057252,-2.58139291903223,8,107,True,
5min,2024-09-25,2024-09-25,2024-09-25,108,lag_sensitivity,KPSS,c,level_or_trend_stationarity,,Bartlett_short_bandwidth,False,ok,0.32708308762556176,0.1141293511241787,0.7428,0.4614,0.3475,8,108,False,
5min,2024-09-26,2024-09-26,2024-09-26,108,main,ADF,c,unit_root,12.0,bic,False,ok,-11.438375631764771,6.2660385098155865e-21,-3.492995948509562,-2.888954648057252,-2.58139291903223,0,107,True,
5min,2024-09-26,2024-09-26,2024-09-26,108,main,PP,c,unit_root,,Bartlett_short_bandwidth,False,ok,-11.53115243920352,3.829088513353336e-21,-3.492995948509562,-2.888954648057252,-2.58139291903223,4,107,True,
5min,2024-09-26,2024-09-26,2024-09-26,108,main,KPSS,c,level_or_trend_stationarity,,Bartlett_short_bandwidth,False,ok,0.08041526690480297,0.6899943702183436,0.7428,0.4614,0.3475,4,108,False,
5min,2024-09-26,2024-09-26,2024-09-26,108,trend_sensitivity,ADF,ct,unit_root,12.0,bic,False,ok,-11.402490818682507,4.017039630022954e-18,-4.045970933273362,-3.452348053635668,-3.1515755794286404,0,107,True,
5min,2024-09-26,2024-09-26,2024-09-26,108,trend_sensitivity,PP,ct,unit_root,,Bartlett_short_bandwidth,False,ok,-11.51006618561093,2.5861768248820078e-18,-4.045970933273362,-3.452348053635668,-3.1515755794286404,4,107,True,
5min,2024-09-26,2024-09-26,2024-09-26,108,trend_sensitivity,KPSS,ct,level_or_trend_stationarity,,Bartlett_short_bandwidth,False,ok,0.07843626593301041,0.27974095762135426,0.2175,0.1479,0.1193,4,108,False,
5min,2024-09-26,2024-09-26,2024-09-26,108,lag_sensitivity,ADF,c,unit_root,12.0,aic,False,ok,-6.827032763151997,1.9360830941386006e-09,-3.4942202045135513,-2.889485291005291,-2.5816762131519275,2,105,True,
5min,2024-09-26,2024-09-26,2024-09-26,108,lag_sensitivity,PP,c,unit_root,,Bartlett_short_bandwidth,False,ok,-11.582324177602224,2.922679057382436e-21,-3.492995948509562,-2.888954648057252,-2.58139291903223,8,107,True,
5min,2024-09-26,2024-09-26,2024-09-26,108,lag_sensitivity,KPSS,c,level_or_trend_stationarity,,Bartlett_short_bandwidth,False,ok,0.08557253701086873,0.660877070849807,0.7428,0.4614,0.3475,8,108,False,
5min,2024-09-27,2024-09-27,2024-09-27,108,main,ADF,c,unit_root,12.0,bic,False,ok,-9.930557499556521,2.830383544316155e-17,-3.492995948509562,-2.888954648057252,-2.58139291903223,0,107,True,
5min,2024-09-27,2024-09-27,2024-09-27,108,main,PP,c,unit_root,,Bartlett_short_bandwidth,False,ok,-9.939656583488654,2.6853523784396278e-17,-3.492995948509562,-2.888954648057252,-2.58139291903223,4,107,True,
5min,2024-09-27,2024-09-27,2024-09-27,108,main,KPSS,c,level_or_trend_stationarity,,Bartlett_short_bandwidth,False,ok,0.23022936796656276,0.21616762429308672,0.7428,0.4614,0.3475,4,108,False,
5min,2024-09-27,2024-09-27,2024-09-27,108,trend_sensitivity,ADF,ct,unit_root,12.0,bic,False,ok,-10.110644099246374,1.3481783943312874e-15,-4.045970933273362,-3.452348053635668,-3.1515755794286404,0,107,True,
5min,2024-09-27,2024-09-27,2024-09-27,108,trend_sensitivity,PP,ct,unit_root,,Bartlett_short_bandwidth,False,ok,-10.1106587933891,1.3480826749505299e-15,-4.045970933273362,-3.452348053635668,-3.1515755794286404,4,107,True,
5min,2024-09-27,2024-09-27,2024-09-27,108,trend_sensitivity,KPSS,ct,level_or_trend_stationarity,,Bartlett_short_bandwidth,False,ok,0.08971913243104594,0.20990238555588805,0.2175,0.1479,0.1193,4,108,False,
5min,2024-09-27,2024-09-27,2024-09-27,108,lag_sensitivity,ADF,c,unit_root,12.0,aic,False,ok,-9.930557499556521,2.830383544316155e-17,-3.492995948509562,-2.888954648057252,-2.58139291903223,0,107,True,
5min,2024-09-27,2024-09-27,2024-09-27,108,lag_sensitivity,PP,c,unit_root,,Bartlett_short_bandwidth,False,ok,-9.962191934169418,2.3575148104915562e-17,-3.492995948509562,-2.888954648057252,-2.58139291903223,8,107,True,
5min,2024-09-27,2024-09-27,2024-09-27,108,lag_sensitivity,KPSS,c,level_or_trend_stationarity,,Bartlett_short_bandwidth,False,ok,0.21236926041144263,0.2452334635509953,0.7428,0.4614,0.3475,8,108,False,
5min,2024-09-30,2024-09-30,2024-09-30,108,main,ADF,c,unit_root,12.0,bic,False,ok,-11.809859276538758,8.913769330934433e-22,-3.492995948509562,-2.888954648057252,-2.58139291903223,0,107,True,
5min,2024-09-30,2024-09-30,2024-09-30,108,main,PP,c,unit_root,,Bartlett_short_bandwidth,False,ok,-12.003245201115295,3.308882890047343e-22,-3.492995948509562,-2.888954648057252,-2.58139291903223,4,107,True,
5min,2024-09-30,2024-09-30,2024-09-30,108,main,KPSS,c,level_or_trend_stationarity,,Bartlett_short_bandwidth,False,ok,0.05620965819724888,0.8381782910015613,0.7428,0.4614,0.3475,4,108,False,
5min,2024-09-30,2024-09-30,2024-09-30,108,trend_sensitivity,ADF,ct,unit_root,12.0,bic,False,ok,-11.85549068522897,6.625944568124704e-19,-4.045970933273362,-3.452348053635668,-3.1515755794286404,0,107,True,
5min,2024-09-30,2024-09-30,2024-09-30,108,trend_sensitivity,PP,ct,unit_root,,Bartlett_short_bandwidth,False,ok,-12.120153136938123,2.469507606331567e-19,-4.045970933273362,-3.452348053635668,-3.1515755794286404,4,107,True,
5min,2024-09-30,2024-09-30,2024-09-30,108,trend_sensitivity,KPSS,ct,level_or_trend_stationarity,,Bartlett_short_bandwidth,False,ok,0.026962079524142483,0.9126435608428614,0.2175,0.1479,0.1193,4,108,False,
5min,2024-09-30,2024-09-30,2024-09-30,108,lag_sensitivity,ADF,c,unit_root,12.0,aic,False,ok,-6.932721278480459,1.0738074983413164e-09,-3.4942202045135513,-2.889485291005291,-2.5816762131519275,2,105,True,
5min,2024-09-30,2024-09-30,2024-09-30,108,lag_sensitivity,PP,c,unit_root,,Bartlett_short_bandwidth,False,ok,-12.342383346292085,6.077607060887413e-23,-3.492995948509562,-2.888954648057252,-2.58139291903223,8,107,True,
5min,2024-09-30,2024-09-30,2024-09-30,108,lag_sensitivity,KPSS,c,level_or_trend_stationarity,,Bartlett_short_bandwidth,False,ok,0.07185669521769324,0.7408910141905083,0.7428,0.4614,0.3475,8,108,False,
5min,2024-10-01,2024-10-01,2024-10-01,108,main,ADF,c,unit_root,12.0,bic,False,ok,-10.732921513031368,2.9482896818642738e-19,-3.492995948509562,-2.888954648057252,-2.58139291903223,0,107,True,
5min,2024-10-01,2024-10-01,2024-10-01,108,main,PP,c,unit_root,,Bartlett_short_bandwidth,False,ok,-10.722806159132013,3.119531737866148e-19,-3.492995948509562,-2.888954648057252,-2.58139291903223,4,107,True,
5min,2024-10-01,2024-10-01,2024-10-01,108,main,KPSS,c,level_or_trend_stationarity,,Bartlett_short_bandwidth,False,ok,0.1779506904181062,0.3150558840963076,0.7428,0.4614,0.3475,4,108,False,
5min,2024-10-01,2024-10-01,2024-10-01,108,trend_sensitivity,ADF,ct,unit_root,12.0,bic,False,ok,-10.756051039178327,6.582716173722451e-17,-4.045970933273362,-3.452348053635668,-3.1515755794286404,0,107,True,
5min,2024-10-01,2024-10-01,2024-10-01,108,trend_sensitivity,PP,ct,unit_root,,Bartlett_short_bandwidth,False,ok,-10.74581116107185,6.894276272146553e-17,-4.045970933273362,-3.452348053635668,-3.1515755794286404,4,107,True,
5min,2024-10-01,2024-10-01,2024-10-01,108,trend_sensitivity,KPSS,ct,level_or_trend_stationarity,,Bartlett_short_bandwidth,False,ok,0.05236520943067874,0.5422925986725626,0.2175,0.1479,0.1193,4,108,False,
5min,2024-10-01,2024-10-01,2024-10-01,108,lag_sensitivity,ADF,c,unit_root,12.0,aic,False,ok,-10.732921513031368,2.9482896818642738e-19,-3.492995948509562,-2.888954648057252,-2.58139291903223,0,107,True,
5min,2024-10-01,2024-10-01,2024-10-01,108,lag_sensitivity,PP,c,unit_root,,Bartlett_short_bandwidth,False,ok,-10.763339733162956,2.488402429481275e-19,-3.492995948509562,-2.888954648057252,-2.58139291903223,8,107,True,
5min,2024-10-01,2024-10-01,2024-10-01,108,lag_sensitivity,KPSS,c,level_or_trend_stationarity,,Bartlett_short_bandwidth,False,ok,0.21204152544736576,0.24581870455827542,0.7428,0.4614,0.3475,8,108,False,
5min,2024-10-02,2024-10-02,2024-10-02,108,main,ADF,c,unit_root,12.0,bic,False,ok,-10.337778812007496,2.735127021244468e-18,-3.492995948509562,-2.888954648057252,-2.58139291903223,0,107,True,
5min,2024-10-02,2024-10-02,2024-10-02,108,main,PP,c,unit_root,,Bartlett_short_bandwidth,False,ok,-10.363099022023619,2.3682725923518633e-18,-3.492995948509562,-2.888954648057252,-2.58139291903223,4,107,True,
5min,2024-10-02,2024-10-02,2024-10-02,108,main,KPSS,c,level_or_trend_stationarity,,Bartlett_short_bandwidth,False,ok,0.24304228090905713,0.19785794318186511,0.7428,0.4614,0.3475,4,108,False,
5min,2024-10-02,2024-10-02,2024-10-02,108,trend_sensitivity,ADF,ct,unit_root,12.0,bic,False,ok,-10.405519499690254,3.307988308427906e-16,-4.045970933273362,-3.452348053635668,-3.1515755794286404,0,107,True,
5min,2024-10-02,2024-10-02,2024-10-02,108,trend_sensitivity,PP,ct,unit_root,,Bartlett_short_bandwidth,False,ok,-10.421795027604812,3.064828997156201e-16,-4.045970933273362,-3.452348053635668,-3.1515755794286404,4,107,True,
5min,2024-10-02,2024-10-02,2024-10-02,108,trend_sensitivity,KPSS,ct,level_or_trend_stationarity,,Bartlett_short_bandwidth,False,ok,0.11370040678893177,0.11513403570558982,0.2175,0.1479,0.1193,4,108,False,
5min,2024-10-02,2024-10-02,2024-10-02,108,lag_sensitivity,ADF,c,unit_root,12.0,aic,False,ok,-3.44980218051279,0.00937384277886403,-3.4968181663902103,-2.8906107514600103,-2.5822770483285953,6,101,True,
5min,2024-10-02,2024-10-02,2024-10-02,108,lag_sensitivity,PP,c,unit_root,,Bartlett_short_bandwidth,False,ok,-10.44573462928119,1.4818640256926225e-18,-3.492995948509562,-2.888954648057252,-2.58139291903223,8,107,True,
5min,2024-10-02,2024-10-02,2024-10-02,108,lag_sensitivity,KPSS,c,level_or_trend_stationarity,,Bartlett_short_bandwidth,False,ok,0.2055466675601473,0.2574166650711655,0.7428,0.4614,0.3475,8,108,False,
5min,2024-10-03,2024-10-03,2024-10-03,108,main,ADF,c,unit_root,12.0,bic,False,ok,-13.733638899098757,1.127944384445789e-25,-3.492995948509562,-2.888954648057252,-2.58139291903223,0,107,True,
5min,2024-10-03,2024-10-03,2024-10-03,108,main,PP,c,unit_root,,Bartlett_short_bandwidth,False,ok,-13.355063013790737,5.569828869907138e-25,-3.492995948509562,-2.888954648057252,-2.58139291903223,4,107,True,
5min,2024-10-03,2024-10-03,2024-10-03,108,main,KPSS,c,level_or_trend_stationarity,,Bartlett_short_bandwidth,False,ok,0.6733097093921492,0.014799053218774227,0.7428,0.4614,0.3475,4,108,True,
5min,2024-10-03,2024-10-03,2024-10-03,108,trend_sensitivity,ADF,ct,unit_root,12.0,bic,False,ok,-14.436138462243472,4.841529703232797e-22,-4.045970933273362,-3.452348053635668,-3.1515755794286404,0,107,True,
5min,2024-10-03,2024-10-03,2024-10-03,108,trend_sensitivity,PP,ct,unit_root,,Bartlett_short_bandwidth,False,ok,-14.215123966158167,7.170963333069478e-22,-4.045970933273362,-3.452348053635668,-3.1515755794286404,4,107,True,
5min,2024-10-03,2024-10-03,2024-10-03,108,trend_sensitivity,KPSS,ct,level_or_trend_stationarity,,Bartlett_short_bandwidth,False,ok,0.13992623269376456,0.06056631410035674,0.2175,0.1479,0.1193,4,108,False,
5min,2024-10-03,2024-10-03,2024-10-03,108,lag_sensitivity,ADF,c,unit_root,12.0,aic,False,ok,-13.733638899098757,1.127944384445789e-25,-3.492995948509562,-2.888954648057252,-2.58139291903223,0,107,True,
5min,2024-10-03,2024-10-03,2024-10-03,108,lag_sensitivity,PP,c,unit_root,,Bartlett_short_bandwidth,False,ok,-13.273973727563808,7.933731243652234e-25,-3.492995948509562,-2.888954648057252,-2.58139291903223,8,107,True,
5min,2024-10-03,2024-10-03,2024-10-03,108,lag_sensitivity,KPSS,c,level_or_trend_stationarity,,Bartlett_short_bandwidth,False,ok,0.6251214422370139,0.019447795458053644,0.7428,0.4614,0.3475,8,108,True,
5min,2024-10-04,2024-10-04,2024-10-04,108,main,ADF,c,unit_root,12.0,bic,False,ok,-12.55067504314352,2.2095585761916835e-23,-3.492995948509562,-2.888954648057252,-2.58139291903223,0,107,True,
5min,2024-10-04,2024-10-04,2024-10-04,108,main,PP,c,unit_root,,Bartlett_short_bandwidth,False,ok,-12.555794824243613,2.1559063481282013e-23,-3.492995948509562,-2.888954648057252,-2.58139291903223,4,107,True,
5min,2024-10-04,2024-10-04,2024-10-04,108,main,KPSS,c,level_or_trend_stationarity,,Bartlett_short_bandwidth,False,ok,0.02846007648973706,0.9810998087756573,0.7428,0.4614,0.3475,4,108,False,
5min,2024-10-04,2024-10-04,2024-10-04,108,trend_sensitivity,ADF,ct,unit_root,12.0,bic,False,ok,-12.49958225046556,6.566173374369852e-20,-4.045970933273362,-3.452348053635668,-3.1515755794286404,0,107,True,
5min,2024-10-04,2024-10-04,2024-10-04,108,trend_sensitivity,PP,ct,unit_root,,Bartlett_short_bandwidth,False,ok,-12.508462000052853,6.374125407349246e-20,-4.045970933273362,-3.452348053635668,-3.1515755794286404,4,107,True,
5min,2024-10-04,2024-10-04,2024-10-04,108,trend_sensitivity,KPSS,ct,level_or_trend_stationarity,,Bartlett_short_bandwidth,False,ok,0.028291154457846312,0.8956427045020221,0.2175,0.1479,0.1193,4,108,False,
5min,2024-10-04,2024-10-04,2024-10-04,108,lag_sensitivity,ADF,c,unit_root,12.0,aic,False,ok,-5.515182685409828,1.932210899398426e-06,-3.4961490537199116,-2.8903209639580556,-2.5821223452518263,5,102,True,
5min,2024-10-04,2024-10-04,2024-10-04,108,lag_sensitivity,PP,c,unit_root,,Bartlett_short_bandwidth,False,ok,-12.85159785544876,5.3383186175936444e-24,-3.492995948509562,-2.888954648057252,-2.58139291903223,8,107,True,
5min,2024-10-04,2024-10-04,2024-10-04,108,lag_sensitivity,KPSS,c,level_or_trend_stationarity,,Bartlett_short_bandwidth,False,ok,0.040447905970006484,0.9310636527894396,0.7428,0.4614,0.3475,8,108,False,
5min,2024-10-07,2024-10-07,2024-10-07,108,main,ADF,c,unit_root,12.0,bic,False,ok,-8.718810543783068,3.4298014600741675e-14,-3.492995948509562,-2.888954648057252,-2.58139291903223,0,107,True,
5min,2024-10-07,2024-10-07,2024-10-07,108,main,PP,c,unit_root,,Bartlett_short_bandwidth,False,ok,-8.7897274102797,2.2576458348485007e-14,-3.492995948509562,-2.888954648057252,-2.58139291903223,4,107,True,
5min,2024-10-07,2024-10-07,2024-10-07,108,main,KPSS,c,level_or_trend_stationarity,,Bartlett_short_bandwidth,False,ok,0.04457911719912062,0.908833616005025,0.7428,0.4614,0.3475,4,108,False,
5min,2024-10-07,2024-10-07,2024-10-07,108,trend_sensitivity,ADF,ct,unit_root,12.0,bic,False,ok,-8.673568911734769,2.0063809435803982e-12,-4.045970933273362,-3.452348053635668,-3.1515755794286404,0,107,True,
5min,2024-10-07,2024-10-07,2024-10-07,108,trend_sensitivity,PP,ct,unit_root,,Bartlett_short_bandwidth,False,ok,-8.745152837668641,1.3766797425407027e-12,-4.045970933273362,-3.452348053635668,-3.1515755794286404,4,107,True,
5min,2024-10-07,2024-10-07,2024-10-07,108,trend_sensitivity,KPSS,ct,level_or_trend_stationarity,,Bartlett_short_bandwidth,False,ok,0.043867807666693785,0.6629828849995932,0.2175,0.1479,0.1193,4,108,False,
5min,2024-10-07,2024-10-07,2024-10-07,108,lag_sensitivity,ADF,c,unit_root,12.0,aic,False,ok,-8.718810543783068,3.4298014600741675e-14,-3.492995948509562,-2.888954648057252,-2.58139291903223,0,107,True,
5min,2024-10-07,2024-10-07,2024-10-07,108,lag_sensitivity,PP,c,unit_root,,Bartlett_short_bandwidth,False,ok,-8.719623601448335,3.413397138784567e-14,-3.492995948509562,-2.888954648057252,-2.58139291903223,8,107,True,
5min,2024-10-07,2024-10-07,2024-10-07,108,lag_sensitivity,KPSS,c,level_or_trend_stationarity,,Bartlett_short_bandwidth,False,ok,0.046308010795580834,0.8989542240252524,0.7428,0.4614,0.3475,8,108,False,
5min,2024-10-08,2024-10-08,2024-10-08,108,main,ADF,c,unit_root,12.0,bic,False,ok,-9.982808926773226,2.0929516639610222e-17,-3.492995948509562,-2.888954648057252,-2.58139291903223,0,107,True,
5min,2024-10-08,2024-10-08,2024-10-08,108,main,PP,c,unit_root,,Bartlett_short_bandwidth,False,ok,-9.99452965688136,1.9560814999210223e-17,-3.492995948509562,-2.888954648057252,-2.58139291903223,4,107,True,
5min,2024-10-08,2024-10-08,2024-10-08,108,main,KPSS,c,level_or_trend_stationarity,,Bartlett_short_bandwidth,False,ok,0.07123210725937713,0.744774462635997,0.7428,0.4614,0.3475,4,108,False,
5min,2024-10-08,2024-10-08,2024-10-08,108,trend_sensitivity,ADF,ct,unit_root,12.0,bic,False,ok,-9.951508464363329,2.9245267837708884e-15,-4.045970933273362,-3.452348053635668,-3.1515755794286404,0,107,True,
5min,2024-10-08,2024-10-08,2024-10-08,108,trend_sensitivity,PP,ct,unit_root,,Bartlett_short_bandwidth,False,ok,-9.965018871195953,2.737307627322177e-15,-4.045970933273362,-3.452348053635668,-3.1515755794286404,4,107,True,
5min,2024-10-08,2024-10-08,2024-10-08,108,trend_sensitivity,KPSS,ct,level_or_trend_stationarity,,Bartlett_short_bandwidth,False,ok,0.02603512778628305,0.922943024596855,0.2175,0.1479,0.1193,4,108,False,
5min,2024-10-08,2024-10-08,2024-10-08,108,lag_sensitivity,ADF,c,unit_root,12.0,aic,False,ok,-5.60599787119375,1.2338758484711435e-06,-3.4989097606014496,-2.891516256916761,-2.5827604414827157,9,98,True,
5min,2024-10-08,2024-10-08,2024-10-08,108,lag_sensitivity,PP,c,unit_root,,Bartlett_short_bandwidth,False,ok,-9.984867735038508,2.0682305111301364e-17,-3.492995948509562,-2.888954648057252,-2.58139291903223,8,107,True,
5min,2024-10-08,2024-10-08,2024-10-08,108,lag_sensitivity,KPSS,c,level_or_trend_stationarity,,Bartlett_short_bandwidth,False,ok,0.08763214536056768,0.6496428434878126,0.7428,0.4614,0.3475,8,108,False,
5min,2024-10-09,2024-10-09,2024-10-09,108,main,ADF,c,unit_root,12.0,bic,False,ok,-10.096817188322072,1.0853646819029821e-17,-3.492995948509562,-2.888954648057252,-2.58139291903223,0,107,True,
5min,2024-10-09,2024-10-09,2024-10-09,108,main,PP,c,unit_root,,Bartlett_short_bandwidth,False,ok,-10.13375772364831,8.778691335789455e-18,-3.492995948509562,-2.888954648057252,-2.58139291903223,4,107,True,
5min,2024-10-09,2024-10-09,2024-10-09,108,main,KPSS,c,level_or_trend_stationarity,,Bartlett_short_bandwidth,False,ok,0.299357518971121,0.136102494584836,0.7428,0.4614,0.3475,4,108,False,
5min,2024-10-09,2024-10-09,2024-10-09,108,trend_sensitivity,ADF,ct,unit_root,12.0,bic,False,ok,-10.187138838161966,9.327965296736722e-16,-4.045970933273362,-3.452348053635668,-3.1515755794286404,0,107,True,
5min,2024-10-09,2024-10-09,2024-10-09,108,trend_sensitivity,PP,ct,unit_root,,Bartlett_short_bandwidth,False,ok,-10.259043956995969,6.614112190615261e-16,-4.045970933273362,-3.452348053635668,-3.1515755794286404,4,107,True,
5min,2024-10-09,2024-10-09,2024-10-09,108,trend_sensitivity,KPSS,ct,level_or_trend_stationarity,,Bartlett_short_bandwidth,False,ok,0.05287845814203875,0.5352937526085625,0.2175,0.1479,0.1193,4,108,False,
5min,2024-10-09,2024-10-09,2024-10-09,108,lag_sensitivity,ADF,c,unit_root,12.0,aic,False,ok,-10.096817188322072,1.0853646819029821e-17,-3.492995948509562,-2.888954648057252,-2.58139291903223,0,107,True,
5min,2024-10-09,2024-10-09,2024-10-09,108,lag_sensitivity,PP,c,unit_root,,Bartlett_short_bandwidth,False,ok,-10.211896489419647,5.609914313730883e-18,-3.492995948509562,-2.888954648057252,-2.58139291903223,8,107,True,
5min,2024-10-09,2024-10-09,2024-10-09,108,lag_sensitivity,KPSS,c,level_or_trend_stationarity,,Bartlett_short_bandwidth,False,ok,0.3261086768122976,0.11480368386692205,0.7428,0.4614,0.3475,8,108,False,
5min,2024-10-10,2024-10-10,2024-10-10,108,main,ADF,c,unit_root,12.0,bic,False,ok,-12.11087723430209,1.9206840184115783e-22,-3.492995948509562,-2.888954648057252,-2.58139291903223,0,107,True,
5min,2024-10-10,2024-10-10,2024-10-10,108,main,PP,c,unit_root,,Bartlett_short_bandwidth,False,ok,-12.29219360619159,7.781767883668716e-23,-3.492995948509562,-2.888954648057252,-2.58139291903223,4,107,True,
5min,2024-10-10,2024-10-10,2024-10-10,108,main,KPSS,c,level_or_trend_stationarity,,Bartlett_short_bandwidth,False,ok,0.04525034011128705,0.9049980565069312,0.7428,0.4614,0.3475,4,108,False,
5min,2024-10-10,2024-10-10,2024-10-10,108,trend_sensitivity,ADF,ct,unit_root,12.0,bic,False,ok,-12.050405920251965,3.1874342125540123e-19,-4.045970933273362,-3.452348053635668,-3.1515755794286404,0,107,True,
5min,2024-10-10,2024-10-10,2024-10-10,108,trend_sensitivity,PP,ct,unit_root,,Bartlett_short_bandwidth,False,ok,-12.225074696591172,1.693616820775543e-19,-4.045970933273362,-3.452348053635668,-3.1515755794286404,4,107,True,
5min,2024-10-10,2024-10-10,2024-10-10,108,trend_sensitivity,KPSS,ct,level_or_trend_stationarity,,Bartlett_short_bandwidth,False,ok,0.03253702633120064,0.8359260833646965,0.2175,0.1479,0.1193,4,108,False,
5min,2024-10-10,2024-10-10,2024-10-10,108,lag_sensitivity,ADF,c,unit_root,12.0,aic,False,ok,-5.165607620312265,1.0330610453636379e-05,-3.497501033,-2.89090644,-2.5824349,7,100,True,
5min,2024-10-10,2024-10-10,2024-10-10,108,lag_sensitivity,PP,c,unit_root,,Bartlett_short_bandwidth,False,ok,-13.074478853868385,1.926742629942392e-24,-3.492995948509562,-2.888954648057252,-2.58139291903223,8,107,True,
5min,2024-10-10,2024-10-10,2024-10-10,108,lag_sensitivity,KPSS,c,level_or_trend_stationarity,,Bartlett_short_bandwidth,False,ok,0.06434783448280909,0.7875782311949693,0.7428,0.4614,0.3475,8,108,False,
5min,2024-10-11,2024-10-11,2024-10-11,108,main,ADF,c,unit_root,12.0,bic,False,ok,-4.978759153328131,2.4444667274832453e-05,-3.4936021509366793,-2.8892174239808703,-2.58153320754717,1,106,True,
5min,2024-10-11,2024-10-11,2024-10-11,108,main,PP,c,unit_root,,Bartlett_short_bandwidth,False,ok,-9.505308777541975,3.3596881106619046e-16,-3.492995948509562,-2.888954648057252,-2.58139291903223,4,107,True,
5min,2024-10-11,2024-10-11,2024-10-11,108,main,KPSS,c,level_or_trend_stationarity,,Bartlett_short_bandwidth,False,ok,0.39970118201456384,0.07247735309090096,0.7428,0.4614,0.3475,4,108,False,
5min,2024-10-11,2024-10-11,2024-10-11,108,trend_sensitivity,ADF,ct,unit_root,12.0,bic,False,ok,-5.286123491861923,6.00799108618371e-05,-4.0468193247781725,-3.452751165593073,-3.151810567112449,1,106,True,
5min,2024-10-11,2024-10-11,2024-10-11,108,trend_sensitivity,PP,ct,unit_root,,Bartlett_short_bandwidth,False,ok,-9.800861198742194,6.1459862988504105e-15,-4.045970933273362,-3.452348053635668,-3.1515755794286404,4,107,True,
5min,2024-10-11,2024-10-11,2024-10-11,108,trend_sensitivity,KPSS,ct,level_or_trend_stationarity,,Bartlett_short_bandwidth,False,ok,0.10249904043639665,0.15207909269284284,0.2175,0.1479,0.1193,4,108,False,
5min,2024-10-11,2024-10-11,2024-10-11,108,lag_sensitivity,ADF,c,unit_root,12.0,aic,False,ok,-4.978759153328131,2.4444667274832453e-05,-3.4936021509366793,-2.8892174239808703,-2.58153320754717,1,106,True,
5min,2024-10-11,2024-10-11,2024-10-11,108,lag_sensitivity,PP,c,unit_root,,Bartlett_short_bandwidth,False,ok,-9.925733994295484,2.9104349898649715e-17,-3.492995948509562,-2.888954648057252,-2.58139291903223,8,107,True,
5min,2024-10-11,2024-10-11,2024-10-11,108,lag_sensitivity,KPSS,c,level_or_trend_stationarity,,Bartlett_short_bandwidth,False,ok,0.30139444610442157,0.13439795305069327,0.7428,0.4614,0.3475,8,108,False,
5min,2024-10-14,2024-10-14,2024-10-14,108,main,ADF,c,unit_root,12.0,bic,False,ok,-12.297716246689934,7.572498186683869e-23,-3.492995948509562,-2.888954648057252,-2.58139291903223,0,107,True,
5min,2024-10-14,2024-10-14,2024-10-14,108,main,PP,c,unit_root,,Bartlett_short_bandwidth,False,ok,-12.167090426288983,1.4489416526759656e-22,-3.492995948509562,-2.888954648057252,-2.58139291903223,4,107,True,
5min,2024-10-14,2024-10-14,2024-10-14,108,main,KPSS,c,level_or_trend_stationarity,,Bartlett_short_bandwidth,False,ok,0.06284151039467807,0.7969439768206544,0.7428,0.4614,0.3475,4,108,False,
5min,2024-10-14,2024-10-14,2024-10-14,108,trend_sensitivity,ADF,ct,unit_root,12.0,bic,False,ok,-12.286570916562482,1.3629131742778756e-19,-4.045970933273362,-3.452348053635668,-3.1515755794286404,0,107,True,
5min,2024-10-14,2024-10-14,2024-10-14,108,trend_sensitivity,PP,ct,unit_root,,Bartlett_short_bandwidth,False,ok,-12.173608437012993,2.0357180230860445e-19,-4.045970933273362,-3.452348053635668,-3.1515755794286404,4,107,True,
5min,2024-10-14,2024-10-14,2024-10-14,108,trend_sensitivity,KPSS,ct,level_or_trend_stationarity,,Bartlett_short_bandwidth,False,ok,0.054016882545629585,0.5203041770311897,0.2175,0.1479,0.1193,4,108,False,
5min,2024-10-14,2024-10-14,2024-10-14,108,lag_sensitivity,ADF,c,unit_root,12.0,aic,False,ok,-5.666148128942488,9.142156370317969e-07,-3.4954932834550623,-2.8900369024285117,-2.5819706975209726,4,103,True,
5min,2024-10-14,2024-10-14,2024-10-14,108,lag_sensitivity,PP,c,unit_root,,Bartlett_short_bandwidth,False,ok,-12.703827572740412,1.0656718469293897e-23,-3.492995948509562,-2.888954648057252,-2.58139291903223,8,107,True,
5min,2024-10-14,2024-10-14,2024-10-14,108,lag_sensitivity,KPSS,c,level_or_trend_stationarity,,Bartlett_short_bandwidth,False,ok,0.09072620117618195,0.632945738424564,0.7428,0.4614,0.3475,8,108,False,
5min,2024-10-15,2024-10-15,2024-10-15,108,main,ADF,c,unit_root,12.0,bic,False,ok,-8.373251209432288,2.627454670709514e-13,-3.4936021509366793,-2.8892174239808703,-2.58153320754717,1,106,True,
5min,2024-10-15,2024-10-15,2024-10-15,108,main,PP,c,unit_root,,Bartlett_short_bandwidth,False,ok,-8.974201339935338,7.609578932782896e-15,-3.492995948509562,-2.888954648057252,-2.58139291903223,4,107,True,
5min,2024-10-15,2024-10-15,2024-10-15,108,main,KPSS,c,level_or_trend_stationarity,,Bartlett_short_bandwidth,False,ok,0.04345783666897796,0.9152219122685371,0.7428,0.4614,0.3475,4,108,False,
5min,2024-10-15,2024-10-15,2024-10-15,108,trend_sensitivity,ADF,ct,unit_root,12.0,bic,False,ok,-8.361024825464577,1.0478087133093231e-11,-4.0468193247781725,-3.452751165593073,-3.151810567112449,1,106,True,
5min,2024-10-15,2024-10-15,2024-10-15,108,trend_sensitivity,PP,ct,unit_root,,Bartlett_short_bandwidth,False,ok,-8.942337270383373,4.901507235419398e-13,-4.045970933273362,-3.452348053635668,-3.1515755794286404,4,107,True,
5min,2024-10-15,2024-10-15,2024-10-15,108,trend_sensitivity,KPSS,ct,level_or_trend_stationarity,,Bartlett_short_bandwidth,False,ok,0.024609782126667003,0.938466620071425,0.2175,0.1479,0.1193,4,108,False,
5min,2024-10-15,2024-10-15,2024-10-15,108,lag_sensitivity,ADF,c,unit_root,12.0,aic,False,ok,-5.735622892753657,6.448640733900731e-07,-3.4948504603223145,-2.889758398668639,-2.5818220155325444,3,104,True,
5min,2024-10-15,2024-10-15,2024-10-15,108,lag_sensitivity,PP,c,unit_root,,Bartlett_short_bandwidth,False,ok,-9.108078250681658,3.4588125163028206e-15,-3.492995948509562,-2.888954648057252,-2.58139291903223,8,107,True,
5min,2024-10-15,2024-10-15,2024-10-15,108,lag_sensitivity,KPSS,c,level_or_trend_stationarity,,Bartlett_short_bandwidth,False,ok,0.0661512459075271,0.7763653104195205,0.7428,0.4614,0.3475,8,108,False,
5min,2024-10-16,2024-10-16,2024-10-16,108,main,ADF,c,unit_root,12.0,bic,False,ok,-10.577622534573429,7.03861310440549e-19,-3.492995948509562,-2.888954648057252,-2.58139291903223,0,107,True,
5min,2024-10-16,2024-10-16,2024-10-16,108,main,PP,c,unit_root,,Bartlett_short_bandwidth,False,ok,-10.75495668774213,2.6073863602081364e-19,-3.492995948509562,-2.888954648057252,-2.58139291903223,4,107,True,
5min,2024-10-16,2024-10-16,2024-10-16,108,main,KPSS,c,level_or_trend_stationarity,,Bartlett_short_bandwidth,False,ok,0.15961970321564475,0.3622535625943825,0.7428,0.4614,0.3475,4,108,False,
5min,2024-10-16,2024-10-16,2024-10-16,108,trend_sensitivity,ADF,ct,unit_root,12.0,bic,False,ok,-10.524634408497207,1.8976519936181996e-16,-4.045970933273362,-3.452348053635668,-3.1515755794286404,0,107,True,
5min,2024-10-16,2024-10-16,2024-10-16,108,trend_sensitivity,PP,ct,unit_root,,Bartlett_short_bandwidth,False,ok,-10.692835199880008,8.765677611872039e-17,-4.045970933273362,-3.452348053635668,-3.1515755794286404,4,107,True,
5min,2024-10-16,2024-10-16,2024-10-16,108,trend_sensitivity,KPSS,ct,level_or_trend_stationarity,,Bartlett_short_bandwidth,False,ok,0.16358226863266404,0.034558887399496946,0.2175,0.1479,0.1193,4,108,True,
5min,2024-10-16,2024-10-16,2024-10-16,108,lag_sensitivity,ADF,c,unit_root,12.0,aic,False,ok,-10.577622534573429,7.03861310440549e-19,-3.492995948509562,-2.888954648057252,-2.58139291903223,0,107,True,
5min,2024-10-16,2024-10-16,2024-10-16,108,lag_sensitivity,PP,c,unit_root,,Bartlett_short_bandwidth,False,ok,-10.805922411466563,1.9634974804523017e-19,-3.492995948509562,-2.888954648057252,-2.58139291903223,8,107,True,
5min,2024-10-16,2024-10-16,2024-10-16,108,lag_sensitivity,KPSS,c,level_or_trend_stationarity,,Bartlett_short_bandwidth,False,ok,0.15962626928990664,0.36223552392882785,0.7428,0.4614,0.3475,8,108,False,
5min,2024-10-17,2024-10-17,2024-10-17,108,main,ADF,c,unit_root,12.0,bic,False,ok,-4.010778632417714,0.001355110998170897,-3.4942202045135513,-2.889485291005291,-2.5816762131519275,2,105,True,
5min,2024-10-17,2024-10-17,2024-10-17,108,main,PP,c,unit_root,,Bartlett_short_bandwidth,False,ok,-11.692187376170851,1.642651585035982e-21,-3.492995948509562,-2.888954648057252,-2.58139291903223,4,107,True,
5min,2024-10-17,2024-10-17,2024-10-17,108,main,KPSS,c,level_or_trend_stationarity,,Bartlett_short_bandwidth,False,ok,0.14825402383666159,0.3954678723183924,0.7428,0.4614,0.3475,4,108,False,
5min,2024-10-17,2024-10-17,2024-10-17,108,trend_sensitivity,ADF,ct,unit_root,12.0,bic,False,ok,-3.9786957962913188,0.009426267458797518,-4.047684391534392,-3.4531621209372636,-3.1520501036605117,2,105,True,
5min,2024-10-17,2024-10-17,2024-10-17,108,trend_sensitivity,PP,ct,unit_root,,Bartlett_short_bandwidth,False,ok,-11.689608720303585,1.2614163650061623e-18,-4.045970933273362,-3.452348053635668,-3.1515755794286404,4,107,True,
5min,2024-10-17,2024-10-17,2024-10-17,108,trend_sensitivity,KPSS,ct,level_or_trend_stationarity,,Bartlett_short_bandwidth,False,ok,0.09525137426499425,0.1821923523060593,0.2175,0.1479,0.1193,4,108,False,
5min,2024-10-17,2024-10-17,2024-10-17,108,lag_sensitivity,ADF,c,unit_root,12.0,aic,False,ok,-4.824645692353889,4.877949564169484e-05,-3.4989097606014496,-2.891516256916761,-2.5827604414827157,9,98,True,
5min,2024-10-17,2024-10-17,2024-10-17,108,lag_sensitivity,PP,c,unit_root,,Bartlett_short_bandwidth,False,ok,-11.706473804941297,1.52465533337763e-21,-3.492995948509562,-2.888954648057252,-2.58139291903223,8,107,True,
5min,2024-10-17,2024-10-17,2024-10-17,108,lag_sensitivity,KPSS,c,level_or_trend_stationarity,,Bartlett_short_bandwidth,False,ok,0.12904647180043724,0.4608713738789655,0.7428,0.4614,0.3475,8,108,False,
5min,2024-10-18,2024-10-18,2024-10-18,108,main,ADF,c,unit_root,12.0,bic,False,ok,-5.410459405536054,3.2200125033317458e-06,-3.4936021509366793,-2.8892174239808703,-2.58153320754717,1,106,True,
5min,2024-10-18,2024-10-18,2024-10-18,108,main,PP,c,unit_root,,Bartlett_short_bandwidth,False,ok,-9.544733564702964,2.6680378134841274e-16,-3.492995948509562,-2.888954648057252,-2.58139291903223,4,107,True,
5min,2024-10-18,2024-10-18,2024-10-18,108,main,KPSS,c,level_or_trend_stationarity,,Bartlett_short_bandwidth,False,ok,0.13140627370522645,0.4520661428909461,0.7428,0.4614,0.3475,4,108,False,
5min,2024-10-18,2024-10-18,2024-10-18,108,trend_sensitivity,ADF,ct,unit_root,12.0,bic,False,ok,-9.31166309915592,7.253859614596225e-14,-4.045970933273362,-3.452348053635668,-3.1515755794286404,0,107,True,
5min,2024-10-18,2024-10-18,2024-10-18,108,trend_sensitivity,PP,ct,unit_root,,Bartlett_short_bandwidth,False,ok,-9.513924987517699,2.589040194039336e-14,-4.045970933273362,-3.452348053635668,-3.1515755794286404,4,107,True,
5min,2024-10-18,2024-10-18,2024-10-18,108,trend_sensitivity,KPSS,ct,level_or_trend_stationarity,,Bartlett_short_bandwidth,False,ok,0.036655550602727155,0.7736489104517414,0.2175,0.1479,0.1193,4,108,False,
5min,2024-10-18,2024-10-18,2024-10-18,108,lag_sensitivity,ADF,c,unit_root,12.0,aic,False,ok,-4.566703322534954,0.00014870745259510127,-3.4961490537199116,-2.8903209639580556,-2.5821223452518263,5,102,True,
5min,2024-10-18,2024-10-18,2024-10-18,108,lag_sensitivity,PP,c,unit_root,,Bartlett_short_bandwidth,False,ok,-9.622075728877372,1.6985068598229684e-16,-3.492995948509562,-2.888954648057252,-2.58139291903223,8,107,True,
5min,2024-10-18,2024-10-18,2024-10-18,108,lag_sensitivity,KPSS,c,level_or_trend_stationarity,,Bartlett_short_bandwidth,False,ok,0.1304756845086555,0.4555384906393452,0.7428,0.4614,0.3475,8,108,False,
5min,2024-10-21,2024-10-21,2024-10-21,108,main,ADF,c,unit_root,12.0,bic,False,ok,-11.862468546226959,6.795774669533168e-22,-3.492995948509562,-2.888954648057252,-2.58139291903223,0,107,True,
5min,2024-10-21,2024-10-21,2024-10-21,108,main,PP,c,unit_root,,Bartlett_short_bandwidth,False,ok,-12.20634460678873,1.1911734620054795e-22,-3.492995948509562,-2.888954648057252,-2.58139291903223,4,107,True,
5min,2024-10-21,2024-10-21,2024-10-21,108,main,KPSS,c,level_or_trend_stationarity,,Bartlett_short_bandwidth,False,ok,0.09344508261252053,0.6184836031248908,0.7428,0.4614,0.3475,4,108,False,
5min,2024-10-21,2024-10-21,2024-10-21,108,trend_sensitivity,ADF,ct,unit_root,12.0,bic,False,ok,-11.808583408435139,7.933677085013092e-19,-4.045970933273362,-3.452348053635668,-3.1515755794286404,0,107,True,
5min,2024-10-21,2024-10-21,2024-10-21,108,trend_sensitivity,PP,ct,unit_root,,Bartlett_short_bandwidth,False,ok,-12.138912503109479,2.3070934614857426e-19,-4.045970933273362,-3.452348053635668,-3.1515755794286404,4,107,True,
5min,2024-10-21,2024-10-21,2024-10-21,108,trend_sensitivity,KPSS,ct,level_or_trend_stationarity,,Bartlett_short_bandwidth,False,ok,0.08306892618403572,0.24831921134977678,0.2175,0.1479,0.1193,4,108,False,
5min,2024-10-21,2024-10-21,2024-10-21,108,lag_sensitivity,ADF,c,unit_root,12.0,aic,False,ok,-6.605640001724858,6.567458917867622e-09,-3.4948504603223145,-2.889758398668639,-2.5818220155325444,3,104,True,
5min,2024-10-21,2024-10-21,2024-10-21,108,lag_sensitivity,PP,c,unit_root,,Bartlett_short_bandwidth,False,ok,-12.377110549167984,5.1260911387543365e-23,-3.492995948509562,-2.888954648057252,-2.58139291903223,8,107,True,
5min,2024-10-21,2024-10-21,2024-10-21,108,lag_sensitivity,KPSS,c,level_or_trend_stationarity,,Bartlett_short_bandwidth,False,ok,0.10000232987592725,0.5854883506203638,0.7428,0.4614,0.3475,8,108,False,
5min,2024-10-22,2024-10-22,2024-10-22,108,main,ADF,c,unit_root,12.0,bic,False,ok,-7.988672934821052,2.508578152203567e-12,-3.492995948509562,-2.888954648057252,-2.58139291903223,0,107,True,
5min,2024-10-22,2024-10-22,2024-10-22,108,main,PP,c,unit_root,,Bartlett_short_bandwidth,False,ok,-7.975855748428111,2.703706291680013e-12,-3.492995948509562,-2.888954648057252,-2.58139291903223,4,107,True,
5min,2024-10-22,2024-10-22,2024-10-22,108,main,KPSS,c,level_or_trend_stationarity,,Bartlett_short_bandwidth,False,ok,0.04803271840904641,0.8886587466111187,0.7428,0.4614,0.3475,4,108,False,
5min,2024-10-22,2024-10-22,2024-10-22,108,trend_sensitivity,ADF,ct,unit_root,12.0,bic,False,ok,-7.965680458967911,8.577357124307498e-11,-4.045970933273362,-3.452348053635668,-3.1515755794286404,0,107,True,
5min,2024-10-22,2024-10-22,2024-10-22,108,trend_sensitivity,PP,ct,unit_root,,Bartlett_short_bandwidth,False,ok,-7.948965882595597,9.375586280053884e-11,-4.045970933273362,-3.452348053635668,-3.1515755794286404,4,107,True,
5min,2024-10-22,2024-10-22,2024-10-22,108,trend_sensitivity,KPSS,ct,level_or_trend_stationarity,,Bartlett_short_bandwidth,False,ok,0.027886353856464825,0.9009690282044102,0.2175,0.1479,0.1193,4,108,False,
5min,2024-10-22,2024-10-22,2024-10-22,108,lag_sensitivity,ADF,c,unit_root,12.0,aic,False,ok,-7.988672934821052,2.508578152203567e-12,-3.492995948509562,-2.888954648057252,-2.58139291903223,0,107,True,
5min,2024-10-22,2024-10-22,2024-10-22,108,lag_sensitivity,PP,c,unit_root,,Bartlett_short_bandwidth,False,ok,-7.770665174143211,8.939210249932205e-12,-3.492995948509562,-2.888954648057252,-2.58139291903223,8,107,True,
5min,2024-10-22,2024-10-22,2024-10-22,108,lag_sensitivity,KPSS,c,level_or_trend_stationarity,,Bartlett_short_bandwidth,False,ok,0.06160545502777083,0.8046292951641192,0.7428,0.4614,0.3475,8,108,False,
5min,2024-10-23,2024-10-23,2024-10-23,108,main,ADF,c,unit_root,12.0,bic,False,ok,-9.631944733417095,1.6034950617565094e-16,-3.492995948509562,-2.888954648057252,-2.58139291903223,0,107,True,
5min,2024-10-23,2024-10-23,2024-10-23,108,main,PP,c,unit_root,,Bartlett_short_bandwidth,False,ok,-9.615884440192833,1.7609778035423328e-16,-3.492995948509562,-2.888954648057252,-2.58139291903223,4,107,True,
5min,2024-10-23,2024-10-23,2024-10-23,108,main,KPSS,c,level_or_trend_stationarity,,Bartlett_short_bandwidth,False,ok,0.0549270602803598,0.8461529930754831,0.7428,0.4614,0.3475,4,108,False,
5min,2024-10-23,2024-10-23,2024-10-23,108,trend_sensitivity,ADF,ct,unit_root,12.0,bic,False,ok,-9.585883815561631,1.800240541265007e-14,-4.045970933273362,-3.452348053635668,-3.1515755794286404,0,107,True,
5min,2024-10-23,2024-10-23,2024-10-23,108,trend_sensitivity,PP,ct,unit_root,,Bartlett_short_bandwidth,False,ok,-9.565698549107921,1.9930630972989955e-14,-4.045970933273362,-3.452348053635668,-3.1515755794286404,4,107,True,
5min,2024-10-23,2024-10-23,2024-10-23,108,trend_sensitivity,KPSS,ct,level_or_trend_stationarity,,Bartlett_short_bandwidth,False,ok,0.03623230270133682,0.7801805138682589,0.2175,0.1479,0.1193,4,108,False,
5min,2024-10-23,2024-10-23,2024-10-23,108,lag_sensitivity,ADF,c,unit_root,12.0,aic,False,ok,-9.631944733417095,1.6034950617565094e-16,-3.492995948509562,-2.888954648057252,-2.58139291903223,0,107,True,
5min,2024-10-23,2024-10-23,2024-10-23,108,lag_sensitivity,PP,c,unit_root,,Bartlett_short_bandwidth,False,ok,-9.61626378929445,1.7570846082153375e-16,-3.492995948509562,-2.888954648057252,-2.58139291903223,8,107,True,
5min,2024-10-23,2024-10-23,2024-10-23,108,lag_sensitivity,KPSS,c,level_or_trend_stationarity,,Bartlett_short_bandwidth,False,ok,0.054019897271414374,0.8517933848409469,0.7428,0.4614,0.3475,8,108,False,
5min,2024-10-24,2024-10-24,2024-10-24,108,main,ADF,c,unit_root,12.0,bic,False,ok,-5.804441896588114,4.5510361818421483e-07,-3.4936021509366793,-2.8892174239808703,-2.58153320754717,1,106,True,
5min,2024-10-24,2024-10-24,2024-10-24,108,main,PP,c,unit_root,,Bartlett_short_bandwidth,False,ok,-11.66913323947419,1.8529716457610345e-21,-3.492995948509562,-2.888954648057252,-2.58139291903223,4,107,True,
5min,2024-10-24,2024-10-24,2024-10-24,108,main,KPSS,c,level_or_trend_stationarity,,Bartlett_short_bandwidth,False,ok,0.18732007022277217,0.29399985058984646,0.7428,0.4614,0.3475,4,108,False,
5min,2024-10-24,2024-10-24,2024-10-24,108,trend_sensitivity,ADF,ct,unit_root,12.0,bic,False,ok,-5.906249450733321,3.450140049281316e-06,-4.0468193247781725,-3.452751165593073,-3.151810567112449,1,106,True,
5min,2024-10-24,2024-10-24,2024-10-24,108,trend_sensitivity,PP,ct,unit_root,,Bartlett_short_bandwidth,False,ok,-11.90185617887801,5.553721826618656e-19,-4.045970933273362,-3.452348053635668,-3.1515755794286404,4,107,True,
5min,2024-10-24,2024-10-24,2024-10-24,108,trend_sensitivity,KPSS,ct,level_or_trend_stationarity,,Bartlett_short_bandwidth,False,ok,0.04190908430695946,0.6925758594605023,0.2175,0.1479,0.1193,4,108,False,
5min,2024-10-24,2024-10-24,2024-10-24,108,lag_sensitivity,ADF,c,unit_root,12.0,aic,False,ok,-4.40842380082773,0.0002868073805984048,-3.4954932834550623,-2.8900369024285117,-2.5819706975209726,4,103,True,
5min,2024-10-24,2024-10-24,2024-10-24,108,lag_sensitivity,PP,c,unit_root,,Bartlett_short_bandwidth,False,ok,-11.700969804137767,1.569059588585619e-21,-3.492995948509562,-2.888954648057252,-2.58139291903223,8,107,True,
5min,2024-10-24,2024-10-24,2024-10-24,108,lag_sensitivity,KPSS,c,level_or_trend_stationarity,,Bartlett_short_bandwidth,False,ok,0.18688713099507778,0.29492099788281323,0.7428,0.4614,0.3475,8,108,False,
5min,2024-10-25,2024-10-25,2024-10-25,108,main,ADF,c,unit_root,12.0,bic,False,ok,-11.411231956756394,7.242035909188866e-21,-3.492995948509562,-2.888954648057252,-2.58139291903223,0,107,True,
5min,2024-10-25,2024-10-25,2024-10-25,108,main,PP,c,unit_root,,Bartlett_short_bandwidth,False,ok,-11.872395601208261,6.457552614062309e-22,-3.492995948509562,-2.888954648057252,-2.58139291903223,4,107,True,
5min,2024-10-25,2024-10-25,2024-10-25,108,main,KPSS,c,level_or_trend_stationarity,,Bartlett_short_bandwidth,False,ok,0.031132350835679234,0.9723022384976577,0.7428,0.4614,0.3475,4,108,False,
5min,2024-10-25,2024-10-25,2024-10-25,108,trend_sensitivity,ADF,ct,unit_root,12.0,bic,False,ok,-11.351101938813274,4.970607720327069e-18,-4.045970933273362,-3.452348053635668,-3.1515755794286404,0,107,True,
5min,2024-10-25,2024-10-25,2024-10-25,108,trend_sensitivity,PP,ct,unit_root,,Bartlett_short_bandwidth,False,ok,-11.801728947653032,8.146320378897731e-19,-4.045970933273362,-3.452348053635668,-3.1515755794286404,4,107,True,
5min,2024-10-25,2024-10-25,2024-10-25,108,trend_sensitivity,KPSS,ct,level_or_trend_stationarity,,Bartlett_short_bandwidth,False,ok,0.02731703933979016,0.9084600086869716,0.2175,0.1479,0.1193,4,108,False,
5min,2024-10-25,2024-10-25,2024-10-25,108,lag_sensitivity,ADF,c,unit_root,12.0,aic,False,ok,-5.907069697592674,2.6929324904643215e-07,-3.4961490537199116,-2.8903209639580556,-2.5821223452518263,5,102,True,
5min,2024-10-25,2024-10-25,2024-10-25,108,lag_sensitivity,PP,c,unit_root,,Bartlett_short_bandwidth,False,ok,-12.442853375206845,3.7199751926285253e-23,-3.492995948509562,-2.888954648057252,-2.58139291903223,8,107,True,
5min,2024-10-25,2024-10-25,2024-10-25,108,lag_sensitivity,KPSS,c,level_or_trend_stationarity,,Bartlett_short_bandwidth,False,ok,0.03973880007560918,0.9347957890757411,0.7428,0.4614,0.3475,8,108,False,
5min,2024-10-28,2024-10-28,2024-10-28,108,main,ADF,c,unit_root,12.0,bic,False,ok,-11.993471678127658,3.477369678824823e-22,-3.492995948509562,-2.888954648057252,-2.58139291903223,0,107,True,
5min,2024-10-28,2024-10-28,2024-10-28,108,main,PP,c,unit_root,,Bartlett_short_bandwidth,False,ok,-12.047986520457934,2.637498291234091e-22,-3.492995948509562,-2.888954648057252,-2.58139291903223,4,107,True,
5min,2024-10-28,2024-10-28,2024-10-28,108,main,KPSS,c,level_or_trend_stationarity,,Bartlett_short_bandwidth,False,ok,0.33756124708954865,0.10687802969581407,0.7428,0.4614,0.3475,4,108,False,
5min,2024-10-28,2024-10-28,2024-10-28,108,trend_sensitivity,ADF,ct,unit_root,12.0,bic,False,ok,-12.064363426091269,3.0278814557113927e-19,-4.045970933273362,-3.452348053635668,-3.1515755794286404,0,107,True,
5min,2024-10-28,2024-10-28,2024-10-28,108,trend_sensitivity,PP,ct,unit_root,,Bartlett_short_bandwidth,False,ok,-12.17859613567285,1.999570431143554e-19,-4.045970933273362,-3.452348053635668,-3.1515755794286404,4,107,True,
5min,2024-10-28,2024-10-28,2024-10-28,108,trend_sensitivity,KPSS,ct,level_or_trend_stationarity,,Bartlett_short_bandwidth,False,ok,0.14893990680724115,0.04881828771904415,0.2175,0.1479,0.1193,4,108,True,
5min,2024-10-28,2024-10-28,2024-10-28,108,lag_sensitivity,ADF,c,unit_root,12.0,aic,False,ok,-11.993471678127658,3.477369678824823e-22,-3.492995948509562,-2.888954648057252,-2.58139291903223,0,107,True,
5min,2024-10-28,2024-10-28,2024-10-28,108,lag_sensitivity,PP,c,unit_root,,Bartlett_short_bandwidth,False,ok,-11.969251646118167,3.933572354888509e-22,-3.492995948509562,-2.888954648057252,-2.58139291903223,8,107,True,
5min,2024-10-28,2024-10-28,2024-10-28,108,lag_sensitivity,KPSS,c,level_or_trend_stationarity,,Bartlett_short_bandwidth,False,ok,0.3129218744475904,0.12475156949992434,0.7428,0.4614,0.3475,8,108,False,
5min,2024-10-29,2024-10-29,2024-10-29,108,main,ADF,c,unit_root,12.0,bic,False,ok,-13.697945095823552,1.3061002248260963e-25,-3.492995948509562,-2.888954648057252,-2.58139291903223,0,107,True,
5min,2024-10-29,2024-10-29,2024-10-29,108,main,PP,c,unit_root,,Bartlett_short_bandwidth,False,ok,-14.908993984373998,1.4681494978207572e-27,-3.492995948509562,-2.888954648057252,-2.58139291903223,4,107,True,
5min,2024-10-29,2024-10-29,2024-10-29,108,main,KPSS,c,level_or_trend_stationarity,,Bartlett_short_bandwidth,False,ok,0.06088943213866897,0.809081250951281,0.7428,0.4614,0.3475,4,108,False,
5min,2024-10-29,2024-10-29,2024-10-29,108,trend_sensitivity,ADF,ct,unit_root,12.0,bic,False,ok,-13.61913940831926,2.5817144098803256e-21,-4.045970933273362,-3.452348053635668,-3.1515755794286404,0,107,True,
5min,2024-10-29,2024-10-29,2024-10-29,108,trend_sensitivity,PP,ct,unit_root,,Bartlett_short_bandwidth,False,ok,-14.810285104300085,2.7625046119966246e-22,-4.045970933273362,-3.452348053635668,-3.1515755794286404,4,107,True,
5min,2024-10-29,2024-10-29,2024-10-29,108,trend_sensitivity,KPSS,ct,level_or_trend_stationarity,,Bartlett_short_bandwidth,False,ok,0.030147564949326244,0.8704504868149132,0.2175,0.1479,0.1193,4,108,False,
5min,2024-10-29,2024-10-29,2024-10-29,108,lag_sensitivity,ADF,c,unit_root,12.0,aic,False,ok,-8.011354853013176,2.197019380103686e-12,-3.4942202045135513,-2.889485291005291,-2.5816762131519275,2,105,True,
5min,2024-10-29,2024-10-29,2024-10-29,108,lag_sensitivity,PP,c,unit_root,,Bartlett_short_bandwidth,False,ok,-15.091602977962557,8.178096067832507e-28,-3.492995948509562,-2.888954648057252,-2.58139291903223,8,107,True,
5min,2024-10-29,2024-10-29,2024-10-29,108,lag_sensitivity,KPSS,c,level_or_trend_stationarity,,Bartlett_short_bandwidth,False,ok,0.07501278904248289,0.7218193764677757,0.7428,0.4614,0.3475,8,108,False,
5min,2024-10-30,2024-10-30,2024-10-30,108,main,ADF,c,unit_root,12.0,bic,False,ok,-10.373321563829641,2.2346022254554855e-18,-3.492995948509562,-2.888954648057252,-2.58139291903223,0,107,True,
5min,2024-10-30,2024-10-30,2024-10-30,108,main,PP,c,unit_root,,Bartlett_short_bandwidth,False,ok,-10.467004266741668,1.3137874725893993e-18,-3.492995948509562,-2.888954648057252,-2.58139291903223,4,107,True,
5min,2024-10-30,2024-10-30,2024-10-30,108,main,KPSS,c,level_or_trend_stationarity,,Bartlett_short_bandwidth,False,ok,0.17981215584093782,0.31077665323922343,0.7428,0.4614,0.3475,4,108,False,
5min,2024-10-30,2024-10-30,2024-10-30,108,trend_sensitivity,ADF,ct,unit_root,12.0,bic,False,ok,-10.374674707223921,3.8243492290770347e-16,-4.045970933273362,-3.452348053635668,-3.1515755794286404,0,107,True,
5min,2024-10-30,2024-10-30,2024-10-30,108,trend_sensitivity,PP,ct,unit_root,,Bartlett_short_bandwidth,False,ok,-10.481888933071135,2.3145764821522547e-16,-4.045970933273362,-3.452348053635668,-3.1515755794286404,4,107,True,
5min,2024-10-30,2024-10-30,2024-10-30,108,trend_sensitivity,KPSS,ct,level_or_trend_stationarity,,Bartlett_short_bandwidth,False,ok,0.05636573516449715,0.49121117802603415,0.2175,0.1479,0.1193,4,108,False,
5min,2024-10-30,2024-10-30,2024-10-30,108,lag_sensitivity,ADF,c,unit_root,12.0,aic,False,ok,-8.640177572678219,5.452881077359044e-14,-3.4936021509366793,-2.8892174239808703,-2.58153320754717,1,106,True,
5min,2024-10-30,2024-10-30,2024-10-30,108,lag_sensitivity,PP,c,unit_root,,Bartlett_short_bandwidth,False,ok,-10.786696967951661,2.1850071718705206e-19,-3.492995948509562,-2.888954648057252,-2.58139291903223,8,107,True,
5min,2024-10-30,2024-10-30,2024-10-30,108,lag_sensitivity,KPSS,c,level_or_trend_stationarity,,Bartlett_short_bandwidth,False,ok,0.23131159096383422,0.21452789247903908,0.7428,0.4614,0.3475,8,108,False,
5min,2024-10-31,2024-10-31,2024-10-31,108,main,ADF,c,unit_root,12.0,bic,False,ok,-5.43511332835796,2.8570435240595132e-06,-3.4954932834550623,-2.8900369024285117,-2.5819706975209726,4,103,True,
5min,2024-10-31,2024-10-31,2024-10-31,108,main,PP,c,unit_root,,Bartlett_short_bandwidth,False,ok,-10.4781120977823,1.233792036775389e-18,-3.492995948509562,-2.888954648057252,-2.58139291903223,4,107,True,
5min,2024-10-31,2024-10-31,2024-10-31,108,main,KPSS,c,level_or_trend_stationarity,,Bartlett_short_bandwidth,False,ok,0.03746753263480688,0.9458022614444829,0.7428,0.4614,0.3475,4,108,False,
5min,2024-10-31,2024-10-31,2024-10-31,108,trend_sensitivity,ADF,ct,unit_root,12.0,bic,False,ok,-5.446948497164659,2.9312305942781946e-05,-4.049466557237078,-3.454008496019591,-3.1525433623860306,4,103,True,
5min,2024-10-31,2024-10-31,2024-10-31,108,trend_sensitivity,PP,ct,unit_root,,Bartlett_short_bandwidth,False,ok,-10.421734447218,3.0656993516300354e-16,-4.045970933273362,-3.452348053635668,-3.1515755794286404,4,107,True,
5min,2024-10-31,2024-10-31,2024-10-31,108,trend_sensitivity,KPSS,ct,level_or_trend_stationarity,,Bartlett_short_bandwidth,False,ok,0.032859026916657756,0.8311907806373859,0.2175,0.1479,0.1193,4,108,False,
5min,2024-10-31,2024-10-31,2024-10-31,108,lag_sensitivity,ADF,c,unit_root,12.0,aic,False,ok,-5.43511332835796,2.8570435240595132e-06,-3.4954932834550623,-2.8900369024285117,-2.5819706975209726,4,103,True,
5min,2024-10-31,2024-10-31,2024-10-31,108,lag_sensitivity,PP,c,unit_root,,Bartlett_short_bandwidth,False,ok,-10.697354814826515,3.5961930042183307e-19,-3.492995948509562,-2.888954648057252,-2.58139291903223,8,107,True,
5min,2024-10-31,2024-10-31,2024-10-31,108,lag_sensitivity,KPSS,c,level_or_trend_stationarity,,Bartlett_short_bandwidth,False,ok,0.043184341327221876,0.9166613614356742,0.7428,0.4614,0.3475,8,108,False,
5min,2024-11-01,2024-11-01,2024-11-01,108,main,ADF,c,unit_root,12.0,bic,False,ok,-10.611238780347625,5.826653595224594e-19,-3.492995948509562,-2.888954648057252,-2.58139291903223,0,107,True,
5min,2024-11-01,2024-11-01,2024-11-01,108,main,PP,c,unit_root,,Bartlett_short_bandwidth,False,ok,-10.608364223545982,5.921494414483574e-19,-3.492995948509562,-2.888954648057252,-2.58139291903223,4,107,True,
5min,2024-11-01,2024-11-01,2024-11-01,108,main,KPSS,c,level_or_trend_stationarity,,Bartlett_short_bandwidth,False,ok,0.03896692296643367,0.9385471469366112,0.7428,0.4614,0.3475,4,108,False,
5min,2024-11-01,2024-11-01,2024-11-01,108,trend_sensitivity,ADF,ct,unit_root,12.0,bic,False,ok,-10.57971915545343,1.4711580951271818e-16,-4.045970933273362,-3.452348053635668,-3.1515755794286404,0,107,True,
5min,2024-11-01,2024-11-01,2024-11-01,108,trend_sensitivity,PP,ct,unit_root,,Bartlett_short_bandwidth,False,ok,-10.577656276314583,1.4852083653261025e-16,-4.045970933273362,-3.452348053635668,-3.1515755794286404,4,107,True,
5min,2024-11-01,2024-11-01,2024-11-01,108,trend_sensitivity,KPSS,ct,level_or_trend_stationarity,,Bartlett_short_bandwidth,False,ok,0.03395076533553654,0.8151358038891685,0.2175,0.1479,0.1193,4,108,False,
5min,2024-11-01,2024-11-01,2024-11-01,108,lag_sensitivity,ADF,c,unit_root,12.0,aic,False,ok,-5.882514700186886,3.0547934407553274e-07,-3.4989097606014496,-2.891516256916761,-2.5827604414827157,9,98,True,
5min,2024-11-01,2024-11-01,2024-11-01,108,lag_sensitivity,PP,c,unit_root,,Bartlett_short_bandwidth,False,ok,-10.677854971906076,4.010645224923022e-19,-3.492995948509562,-2.888954648057252,-2.58139291903223,8,107,True,
5min,2024-11-01,2024-11-01,2024-11-01,108,lag_sensitivity,KPSS,c,level_or_trend_stationarity,,Bartlett_short_bandwidth,False,ok,0.05154690080547857,0.8670804336505701,0.7428,0.4614,0.3475,8,108,False,
5min,2024-11-04,2024-11-04,2024-11-04,108,main,ADF,c,unit_root,12.0,bic,False,ok,-10.122544288109234,9.362400381776871e-18,-3.492995948509562,-2.888954648057252,-2.58139291903223,0,107,True,
5min,2024-11-04,2024-11-04,2024-11-04,108,main,PP,c,unit_root,,Bartlett_short_bandwidth,False,ok,-10.146619896518304,8.15411218660057e-18,-3.492995948509562,-2.888954648057252,-2.58139291903223,4,107,True,
5min,2024-11-04,2024-11-04,2024-11-04,108,main,KPSS,c,level_or_trend_stationarity,,Bartlett_short_bandwidth,False,ok,0.4742737752645541,0.046403973389789355,0.7428,0.4614,0.3475,4,108,True,
5min,2024-11-04,2024-11-04,2024-11-04,108,trend_sensitivity,ADF,ct,unit_root,12.0,bic,False,ok,-10.336165397388026,4.586536808649966e-16,-4.045970933273362,-3.452348053635668,-3.1515755794286404,0,107,True,
5min,2024-11-04,2024-11-04,2024-11-04,108,trend_sensitivity,PP,ct,unit_root,,Bartlett_short_bandwidth,False,ok,-10.34119159905616,4.478842594955327e-16,-4.045970933273362,-3.452348053635668,-3.1515755794286404,4,107,True,
5min,2024-11-04,2024-11-04,2024-11-04,108,trend_sensitivity,KPSS,ct,level_or_trend_stationarity,,Bartlett_short_bandwidth,False,ok,0.17481740422081563,0.02665551011486178,0.2175,0.1479,0.1193,4,108,True,
5min,2024-11-04,2024-11-04,2024-11-04,108,lag_sensitivity,ADF,c,unit_root,12.0,aic,False,ok,-10.122544288109234,9.362400381776871e-18,-3.492995948509562,-2.888954648057252,-2.58139291903223,0,107,True,
5min,2024-11-04,2024-11-04,2024-11-04,108,lag_sensitivity,PP,c,unit_root,,Bartlett_short_bandwidth,False,ok,-10.316629464487146,3.085137327904386e-18,-3.492995948509562,-2.888954648057252,-2.58139291903223,8,107,True,
5min,2024-11-04,2024-11-04,2024-11-04,108,lag_sensitivity,KPSS,c,level_or_trend_stationarity,,Bartlett_short_bandwidth,False,ok,0.3692099784451084,0.0873858812798324,0.7428,0.4614,0.3475,8,108,False,
5min,2024-11-05,2024-11-05,2024-11-05,108,main,ADF,c,unit_root,12.0,bic,False,ok,-11.989632232117264,3.5459255491891615e-22,-3.492995948509562,-2.888954648057252,-2.58139291903223,0,107,True,
5min,2024-11-05,2024-11-05,2024-11-05,108,main,PP,c,unit_root,,Bartlett_short_bandwidth,False,ok,-12.110249366859264,1.9267567970890463e-22,-3.492995948509562,-2.888954648057252,-2.58139291903223,4,107,True,
5min,2024-11-05,2024-11-05,2024-11-05,108,main,KPSS,c,level_or_trend_stationarity,,Bartlett_short_bandwidth,False,ok,0.24368402918205237,0.19696662613603838,0.7428,0.4614,0.3475,4,108,False,
5min,2024-11-05,2024-11-05,2024-11-05,108,trend_sensitivity,ADF,ct,unit_root,12.0,bic,False,ok,-12.082058023708653,2.837616187773364e-19,-4.045970933273362,-3.452348053635668,-3.1515755794286404,0,107,True,
5min,2024-11-05,2024-11-05,2024-11-05,108,trend_sensitivity,PP,ct,unit_root,,Bartlett_short_bandwidth,False,ok,-12.28849845257051,1.35372651163734e-19,-4.045970933273362,-3.452348053635668,-3.1515755794286404,4,107,True,
5min,2024-11-05,2024-11-05,2024-11-05,108,trend_sensitivity,KPSS,ct,level_or_trend_stationarity,,Bartlett_short_bandwidth,False,ok,0.09104204273627357,0.20315284318227772,0.2175,0.1479,0.1193,4,108,False,
5min,2024-11-05,2024-11-05,2024-11-05,108,lag_sensitivity,ADF,c,unit_root,12.0,aic,False,ok,-11.989632232117264,3.5459255491891615e-22,-3.492995948509562,-2.888954648057252,-2.58139291903223,0,107,True,
5min,2024-11-05,2024-11-05,2024-11-05,108,lag_sensitivity,PP,c,unit_root,,Bartlett_short_bandwidth,False,ok,-12.100397335125681,2.0246509171058371e-22,-3.492995948509562,-2.888954648057252,-2.58139291903223,8,107,True,
5min,2024-11-05,2024-11-05,2024-11-05,108,lag_sensitivity,KPSS,c,level_or_trend_stationarity,,Bartlett_short_bandwidth,False,ok,0.24913820693332722,0.18982281162393946,0.7428,0.4614,0.3475,8,108,False,
5min,2024-11-06,2024-11-06,2024-11-06,108,main,ADF,c,unit_root,12.0,bic,False,ok,-9.788461457633503,6.448406307276159e-17,-3.492995948509562,-2.888954648057252,-2.58139291903223,0,107,True,
5min,2024-11-06,2024-11-06,2024-11-06,108,main,PP,c,unit_root,,Bartlett_short_bandwidth,False,ok,-9.819894298275665,5.372935122077001e-17,-3.492995948509562,-2.888954648057252,-2.58139291903223,4,107,True,
5min,2024-11-06,2024-11-06,2024-11-06,108,main,KPSS,c,level_or_trend_stationarity,,Bartlett_short_bandwidth,False,ok,0.062006057473043746,0.8021385027582772,0.7428,0.4614,0.3475,4,108,False,
5min,2024-11-06,2024-11-06,2024-11-06,108,trend_sensitivity,ADF,ct,unit_root,12.0,bic,False,ok,-9.787492450419075,6.567507271817972e-15,-4.045970933273362,-3.452348053635668,-3.1515755794286404,0,107,True,
5min,2024-11-06,2024-11-06,2024-11-06,108,trend_sensitivity,PP,ct,unit_root,,Bartlett_short_bandwidth,False,ok,-9.816028777172837,5.700884668310471e-15,-4.045970933273362,-3.452348053635668,-3.1515755794286404,4,107,True,
5min,2024-11-06,2024-11-06,2024-11-06,108,trend_sensitivity,KPSS,ct,level_or_trend_stationarity,,Bartlett_short_bandwidth,False,ok,0.050103393199240925,0.5733247460571034,0.2175,0.1479,0.1193,4,108,False,
5min,2024-11-06,2024-11-06,2024-11-06,108,lag_sensitivity,ADF,c,unit_root,12.0,aic,False,ok,-4.688011729512083,8.862649457823782e-05,-3.5011373281819504,-2.8924800524857854,-2.5832749307479226,12,95,True,
5min,2024-11-06,2024-11-06,2024-11-06,108,lag_sensitivity,PP,c,unit_root,,Bartlett_short_bandwidth,False,ok,-9.796036993746911,6.170893581791918e-17,-3.492995948509562,-2.888954648057252,-2.58139291903223,8,107,True,
5min,2024-11-06,2024-11-06,2024-11-06,108,lag_sensitivity,KPSS,c,level_or_trend_stationarity,,Bartlett_short_bandwidth,False,ok,0.06424763834388256,0.7882012123696421,0.7428,0.4614,0.3475,8,108,False,
5min,2024-11-07,2024-11-07,2024-11-07,108,main,ADF,c,unit_root,12.0,bic,False,ok,-9.131744918285447,3.0090925637533813e-15,-3.492995948509562,-2.888954648057252,-2.58139291903223,0,107,True,
5min,2024-11-07,2024-11-07,2024-11-07,108,main,PP,c,unit_root,,Bartlett_short_bandwidth,False,ok,-9.088000786464987,3.892746089785496e-15,-3.492995948509562,-2.888954648057252,-2.58139291903223,4,107,True,
5min,2024-11-07,2024-11-07,2024-11-07,108,main,KPSS,c,level_or_trend_stationarity,,Bartlett_short_bandwidth,False,ok,0.1157773367028775,0.5136168871709401,0.7428,0.4614,0.3475,4,108,False,
5min,2024-11-07,2024-11-07,2024-11-07,108,trend_sensitivity,ADF,ct,unit_root,12.0,bic,False,ok,-9.114181406433602,2.0062936387512225e-13,-4.045970933273362,-3.452348053635668,-3.1515755794286404,0,107,True,
5min,2024-11-07,2024-11-07,2024-11-07,108,trend_sensitivity,PP,ct,unit_root,,Bartlett_short_bandwidth,False,ok,-9.068706552870141,2.539567098473933e-13,-4.045970933273362,-3.452348053635668,-3.1515755794286404,4,107,True,
5min,2024-11-07,2024-11-07,2024-11-07,108,trend_sensitivity,KPSS,ct,level_or_trend_stationarity,,Bartlett_short_bandwidth,False,ok,0.08818269801310731,0.21812840350121085,0.2175,0.1479,0.1193,4,108,False,
5min,2024-11-07,2024-11-07,2024-11-07,108,lag_sensitivity,ADF,c,unit_root,12.0,aic,False,ok,-9.131744918285447,3.0090925637533813e-15,-3.492995948509562,-2.888954648057252,-2.58139291903223,0,107,True,
5min,2024-11-07,2024-11-07,2024-11-07,108,lag_sensitivity,PP,c,unit_root,,Bartlett_short_bandwidth,False,ok,-9.064379893036719,4.473596080892523e-15,-3.492995948509562,-2.888954648057252,-2.58139291903223,8,107,True,
5min,2024-11-07,2024-11-07,2024-11-07,108,lag_sensitivity,KPSS,c,level_or_trend_stationarity,,Bartlett_short_bandwidth,False,ok,0.1245949076279052,0.4779148383109005,0.7428,0.4614,0.3475,8,108,False,
5min,2024-11-08,2024-11-08,2024-11-08,108,main,ADF,c,unit_root,12.0,bic,False,ok,-10.09703593173833,1.0840009463477293e-17,-3.492995948509562,-2.888954648057252,-2.58139291903223,0,107,True,
5min,2024-11-08,2024-11-08,2024-11-08,108,main,PP,c,unit_root,,Bartlett_short_bandwidth,False,ok,-10.106098931803578,1.0289889491756047e-17,-3.492995948509562,-2.888954648057252,-2.58139291903223,4,107,True,
5min,2024-11-08,2024-11-08,2024-11-08,108,main,KPSS,c,level_or_trend_stationarity,,Bartlett_short_bandwidth,False,ok,0.3406417702616499,0.10474617974972325,0.7428,0.4614,0.3475,4,108,False,
5min,2024-11-08,2024-11-08,2024-11-08,108,trend_sensitivity,ADF,ct,unit_root,12.0,bic,False,ok,-10.404873927444006,3.318030220821667e-16,-4.045970933273362,-3.452348053635668,-3.1515755794286404,0,107,True,
5min,2024-11-08,2024-11-08,2024-11-08,108,trend_sensitivity,PP,ct,unit_root,,Bartlett_short_bandwidth,False,ok,-10.40559915801542,3.3067513737505485e-16,-4.045970933273362,-3.452348053635668,-3.1515755794286404,4,107,True,
5min,2024-11-08,2024-11-08,2024-11-08,108,trend_sensitivity,KPSS,ct,level_or_trend_stationarity,,Bartlett_short_bandwidth,False,ok,0.0664141752628506,0.3808582473714941,0.2175,0.1479,0.1193,4,108,False,
5min,2024-11-08,2024-11-08,2024-11-08,108,lag_sensitivity,ADF,c,unit_root,12.0,aic,False,ok,-7.938654386901787,3.359891552459844e-12,-3.4936021509366793,-2.8892174239808703,-2.58153320754717,1,106,True,
5min,2024-11-08,2024-11-08,2024-11-08,108,lag_sensitivity,PP,c,unit_root,,Bartlett_short_bandwidth,False,ok,-10.18725746007038,6.4597065530391734e-18,-3.492995948509562,-2.888954648057252,-2.58139291903223,8,107,True,
5min,2024-11-08,2024-11-08,2024-11-08,108,lag_sensitivity,KPSS,c,level_or_trend_stationarity,,Bartlett_short_bandwidth,False,ok,0.29269622620039437,0.14190835599962442,0.7428,0.4614,0.3475,8,108,False,
5min,2024-11-11,2024-11-11,2024-11-11,108,main,ADF,c,unit_root,12.0,bic,False,ok,-8.743814363393271,2.9596207308901765e-14,-3.4942202045135513,-2.889485291005291,-2.5816762131519275,2,105,True,
5min,2024-11-11,2024-11-11,2024-11-11,108,main,PP,c,unit_root,,Bartlett_short_bandwidth,False,ok,-13.502173505801842,2.962385256994907e-25,-3.492995948509562,-2.888954648057252,-2.58139291903223,4,107,True,
5min,2024-11-11,2024-11-11,2024-11-11,108,main,KPSS,c,level_or_trend_stationarity,,Bartlett_short_bandwidth,False,ok,0.04143332628186269,0.9258772300954595,0.7428,0.4614,0.3475,4,108,False,
5min,2024-11-11,2024-11-11,2024-11-11,108,trend_sensitivity,ADF,ct,unit_root,12.0,bic,False,ok,-8.697143156466806,1.7721566740431678e-12,-4.047684391534392,-3.4531621209372636,-3.1520501036605117,2,105,True,
5min,2024-11-11,2024-11-11,2024-11-11,108,trend_sensitivity,PP,ct,unit_root,,Bartlett_short_bandwidth,False,ok,-13.424356987729697,4.2019667938603336e-21,-4.045970933273362,-3.452348053635668,-3.1515755794286404,4,107,True,
5min,2024-11-11,2024-11-11,2024-11-11,108,trend_sensitivity,KPSS,ct,level_or_trend_stationarity,,Bartlett_short_bandwidth,False,ok,0.037494121713150565,0.7607079982538493,0.2175,0.1479,0.1193,4,108,False,
5min,2024-11-11,2024-11-11,2024-11-11,108,lag_sensitivity,ADF,c,unit_root,12.0,aic,False,ok,-8.743814363393271,2.9596207308901765e-14,-3.4942202045135513,-2.889485291005291,-2.5816762131519275,2,105,True,
5min,2024-11-11,2024-11-11,2024-11-11,108,lag_sensitivity,PP,c,unit_root,,Bartlett_short_bandwidth,False,ok,-14.156681776486527,2.115643114054937e-26,-3.492995948509562,-2.888954648057252,-2.58139291903223,8,107,True,
5min,2024-11-11,2024-11-11,2024-11-11,108,lag_sensitivity,KPSS,c,level_or_trend_stationarity,,Bartlett_short_bandwidth,False,ok,0.05998297180175689,0.8147172737714596,0.7428,0.4614,0.3475,8,108,False,
5min,2024-11-12,2024-11-12,2024-11-12,108,main,ADF,c,unit_root,12.0,bic,False,ok,-10.855878221783842,1.4881479367759492e-19,-3.492995948509562,-2.888954648057252,-2.58139291903223,0,107,True,
5min,2024-11-12,2024-11-12,2024-11-12,108,main,PP,c,unit_root,,Bartlett_short_bandwidth,False,ok,-10.8492341437338,1.5439628709320603e-19,-3.492995948509562,-2.888954648057252,-2.58139291903223,4,107,True,
5min,2024-11-12,2024-11-12,2024-11-12,108,main,KPSS,c,level_or_trend_stationarity,,Bartlett_short_bandwidth,False,ok,0.07871990415294496,0.6997218614175289,0.7428,0.4614,0.3475,4,108,False,
5min,2024-11-12,2024-11-12,2024-11-12,108,trend_sensitivity,ADF,ct,unit_root,12.0,bic,False,ok,-10.831997692952546,4.6798517334755173e-17,-4.045970933273362,-3.452348053635668,-3.1515755794286404,0,107,True,
5min,2024-11-12,2024-11-12,2024-11-12,108,trend_sensitivity,PP,ct,unit_root,,Bartlett_short_bandwidth,False,ok,-10.826212106194614,4.8025402168954006e-17,-4.045970933273362,-3.452348053635668,-3.1515755794286404,4,107,True,
5min,2024-11-12,2024-11-12,2024-11-12,108,trend_sensitivity,KPSS,ct,level_or_trend_stationarity,,Bartlett_short_bandwidth,False,ok,0.04573004880027698,0.6350492679958453,0.2175,0.1479,0.1193,4,108,False,
5min,2024-11-12,2024-11-12,2024-11-12,108,lag_sensitivity,ADF,c,unit_root,12.0,aic,False,ok,-5.184955041764935,9.43566719139492e-06,-3.4942202045135513,-2.889485291005291,-2.5816762131519275,2,105,True,
5min,2024-11-12,2024-11-12,2024-11-12,108,lag_sensitivity,PP,c,unit_root,,Bartlett_short_bandwidth,False,ok,-10.852064812832166,1.5199290917591898e-19,-3.492995948509562,-2.888954648057252,-2.58139291903223,8,107,True,
5min,2024-11-12,2024-11-12,2024-11-12,108,lag_sensitivity,KPSS,c,level_or_trend_stationarity,,Bartlett_short_bandwidth,False,ok,0.08022790032823567,0.6910694243461887,0.7428,0.4614,0.3475,8,108,False,
5min,2024-11-13,2024-11-13,2024-11-13,108,main,ADF,c,unit_root,12.0,bic,False,ok,-8.403427942620187,2.1999196641694643e-13,-3.4936021509366793,-2.8892174239808703,-2.58153320754717,1,106,True,
5min,2024-11-13,2024-11-13,2024-11-13,108,main,PP,c,unit_root,,Bartlett_short_bandwidth,False,ok,-9.234451194037574,1.6448015100478083e-15,-3.492995948509562,-2.888954648057252,-2.58139291903223,4,107,True,
5min,2024-11-13,2024-11-13,2024-11-13,108,main,KPSS,c,level_or_trend_stationarity,,Bartlett_short_bandwidth,False,ok,0.44352324666801385,0.05564715632137454,0.7428,0.4614,0.3475,4,108,False,
5min,2024-11-13,2024-11-13,2024-11-13,108,trend_sensitivity,ADF,ct,unit_root,12.0,bic,False,ok,-8.763206783778182,1.2520922097619706e-12,-4.0468193247781725,-3.452751165593073,-3.151810567112449,1,106,True,
5min,2024-11-13,2024-11-13,2024-11-13,108,trend_sensitivity,PP,ct,unit_root,,Bartlett_short_bandwidth,False,ok,-9.441693792130888,3.734983830108261e-14,-4.045970933273362,-3.452348053635668,-3.1515755794286404,4,107,True,
5min,2024-11-13,2024-11-13,2024-11-13,108,trend_sensitivity,KPSS,ct,level_or_trend_stationarity,,Bartlett_short_bandwidth,False,ok,0.04653494423326916,0.6231170572101977,0.2175,0.1479,0.1193,4,108,False,
5min,2024-11-13,2024-11-13,2024-11-13,108,lag_sensitivity,ADF,c,unit_root,12.0,aic,False,ok,-3.5134335264735106,0.007648721138946622,-3.4968181663902103,-2.8906107514600103,-2.5822770483285953,6,101,True,
5min,2024-11-13,2024-11-13,2024-11-13,108,lag_sensitivity,PP,c,unit_root,,Bartlett_short_bandwidth,False,ok,-9.249179163507922,1.5084309233748286e-15,-3.492995948509562,-2.888954648057252,-2.58139291903223,8,107,True,
5min,2024-11-13,2024-11-13,2024-11-13,108,lag_sensitivity,KPSS,c,level_or_trend_stationarity,,Bartlett_short_bandwidth,False,ok,0.39358765689534736,0.0751945014644588,0.7428,0.4614,0.3475,8,108,False,
5min,2024-11-14,2024-11-14,2024-11-14,108,main,ADF,c,unit_root,12.0,bic,False,ok,-12.779290855308309,7.475558643721348e-24,-3.492995948509562,-2.888954648057252,-2.58139291903223,0,107,True,
5min,2024-11-14,2024-11-14,2024-11-14,108,main,PP,c,unit_root,,Bartlett_short_bandwidth,False,ok,-12.733921680034904,9.248104167508378e-24,-3.492995948509562,-2.888954648057252,-2.58139291903223,4,107,True,
5min,2024-11-14,2024-11-14,2024-11-14,108,main,KPSS,c,level_or_trend_stationarity,,Bartlett_short_bandwidth,False,ok,0.09893043808838134,0.5908478095580932,0.7428,0.4614,0.3475,4,108,False,
5min,2024-11-14,2024-11-14,2024-11-14,108,trend_sensitivity,ADF,ct,unit_root,12.0,bic,False,ok,-12.731122523879431,3.0899889763965107e-20,-4.045970933273362,-3.452348053635668,-3.1515755794286404,0,107,True,
5min,2024-11-14,2024-11-14,2024-11-14,108,trend_sensitivity,PP,ct,unit_root,,Bartlett_short_bandwidth,False,ok,-12.687146557460466,3.553956989713002e-20,-4.045970933273362,-3.452348053635668,-3.1515755794286404,4,107,True,
5min,2024-11-14,2024-11-14,2024-11-14,108,trend_sensitivity,KPSS,ct,level_or_trend_stationarity,,Bartlett_short_bandwidth,False,ok,0.03649015247766525,0.776201350653314,0.2175,0.1479,0.1193,4,108,False,
5min,2024-11-14,2024-11-14,2024-11-14,108,lag_sensitivity,ADF,c,unit_root,12.0,aic,False,ok,-12.779290855308309,7.475558643721348e-24,-3.492995948509562,-2.888954648057252,-2.58139291903223,0,107,True,
5min,2024-11-14,2024-11-14,2024-11-14,108,lag_sensitivity,PP,c,unit_root,,Bartlett_short_bandwidth,False,ok,-12.704457891603186,1.0625066680802748e-23,-3.492995948509562,-2.888954648057252,-2.58139291903223,8,107,True,
5min,2024-11-14,2024-11-14,2024-11-14,108,lag_sensitivity,KPSS,c,level_or_trend_stationarity,,Bartlett_short_bandwidth,False,ok,0.1038498674724113,0.5669717909980225,0.7428,0.4614,0.3475,8,108,False,
5min,2024-11-18,2024-11-18,2024-11-18,108,main,ADF,c,unit_root,12.0,bic,False,ok,-7.325530931463425,1.1637556640290178e-10,-3.492995948509562,-2.888954648057252,-2.58139291903223,0,107,True,
5min,2024-11-18,2024-11-18,2024-11-18,108,main,PP,c,unit_root,,Bartlett_short_bandwidth,False,ok,-7.121557136464576,3.7111116501430815e-10,-3.492995948509562,-2.888954648057252,-2.58139291903223,4,107,True,
5min,2024-11-18,2024-11-18,2024-11-18,108,main,KPSS,c,level_or_trend_stationarity,,Bartlett_short_bandwidth,False,ok,0.12069549957667289,0.4933072385131333,0.7428,0.4614,0.3475,4,108,False,
5min,2024-11-18,2024-11-18,2024-11-18,108,trend_sensitivity,ADF,ct,unit_root,12.0,bic,False,ok,-7.378025941038652,1.9429062492758467e-09,-4.045970933273362,-3.452348053635668,-3.1515755794286404,0,107,True,
5min,2024-11-18,2024-11-18,2024-11-18,108,trend_sensitivity,PP,ct,unit_root,,Bartlett_short_bandwidth,False,ok,-7.155677331874258,6.262364784789724e-09,-4.045970933273362,-3.452348053635668,-3.1515755794286404,4,107,True,
5min,2024-11-18,2024-11-18,2024-11-18,108,trend_sensitivity,KPSS,ct,level_or_trend_stationarity,,Bartlett_short_bandwidth,False,ok,0.03682215940121567,0.7710777870182767,0.2175,0.1479,0.1193,4,108,False,
5min,2024-11-18,2024-11-18,2024-11-18,108,lag_sensitivity,ADF,c,unit_root,12.0,aic,False,ok,-6.155356712989587,7.391245089638089e-08,-3.4948504603223145,-2.889758398668639,-2.5818220155325444,3,104,True,
5min,2024-11-18,2024-11-18,2024-11-18,108,lag_sensitivity,PP,c,unit_root,,Bartlett_short_bandwidth,False,ok,-6.96301766560037,9.062233063227595e-10,-3.492995948509562,-2.888954648057252,-2.58139291903223,8,107,True,
5min,2024-11-18,2024-11-18,2024-11-18,108,lag_sensitivity,KPSS,c,level_or_trend_stationarity,,Bartlett_short_bandwidth,False,ok,0.15421657745264963,0.3776887575813999,0.7428,0.4614,0.3475,8,108,False,
5min,2024-11-19,2024-11-19,2024-11-19,108,main,ADF,c,unit_root,12.0,bic,False,ok,-9.439092624817002,4.950193238653761e-16,-3.492995948509562,-2.888954648057252,-2.58139291903223,0,107,True,
5min,2024-11-19,2024-11-19,2024-11-19,108,main,PP,c,unit_root,,Bartlett_short_bandwidth,False,ok,-9.478037288590674,3.940906207642483e-16,-3.492995948509562,-2.888954648057252,-2.58139291903223,4,107,True,
5min,2024-11-19,2024-11-19,2024-11-19,108,main,KPSS,c,level_or_trend_stationarity,,Bartlett_short_bandwidth,False,ok,0.07627745533483775,0.7141877695311514,0.7428,0.4614,0.3475,4,108,False,
5min,2024-11-19,2024-11-19,2024-11-19,108,trend_sensitivity,ADF,ct,unit_root,12.0,bic,False,ok,-9.3976782158245,4.673284901005727e-14,-4.045970933273362,-3.452348053635668,-3.1515755794286404,0,107,True,
5min,2024-11-19,2024-11-19,2024-11-19,108,trend_sensitivity,PP,ct,unit_root,,Bartlett_short_bandwidth,False,ok,-9.442097796841143,3.7273188893097826e-14,-4.045970933273362,-3.452348053635668,-3.1515755794286404,4,107,True,
5min,2024-11-19,2024-11-19,2024-11-19,108,trend_sensitivity,KPSS,ct,level_or_trend_stationarity,,Bartlett_short_bandwidth,False,ok,0.04109966618712309,0.7050668798283474,0.2175,0.1479,0.1193,4,108,False,
5min,2024-11-19,2024-11-19,2024-11-19,108,lag_sensitivity,ADF,c,unit_root,12.0,aic,False,ok,-9.439092624817002,4.950193238653761e-16,-3.492995948509562,-2.888954648057252,-2.58139291903223,0,107,True,
5min,2024-11-19,2024-11-19,2024-11-19,108,lag_sensitivity,PP,c,unit_root,,Bartlett_short_bandwidth,False,ok,-9.487214461447856,3.734843284805319e-16,-3.492995948509562,-2.888954648057252,-2.58139291903223,8,107,True,
5min,2024-11-19,2024-11-19,2024-11-19,108,lag_sensitivity,KPSS,c,level_or_trend_stationarity,,Bartlett_short_bandwidth,False,ok,0.07401432044133152,0.7278446180264477,0.7428,0.4614,0.3475,8,108,False,
5min,2024-11-21,2024-11-21,2024-11-21,108,main,ADF,c,unit_root,12.0,bic,False,ok,-11.052183052983096,5.0476280301356715e-20,-3.492995948509562,-2.888954648057252,-2.58139291903223,0,107,True,
5min,2024-11-21,2024-11-21,2024-11-21,108,main,PP,c,unit_root,,Bartlett_short_bandwidth,False,ok,-11.138158376926803,3.1569792125421283e-20,-3.492995948509562,-2.888954648057252,-2.58139291903223,4,107,True,
5min,2024-11-21,2024-11-21,2024-11-21,108,main,KPSS,c,level_or_trend_stationarity,,Bartlett_short_bandwidth,False,ok,0.5066461309308063,0.038396041281483335,0.7428,0.4614,0.3475,4,108,True,
5min,2024-11-21,2024-11-21,2024-11-21,108,trend_sensitivity,ADF,ct,unit_root,12.0,bic,False,ok,-11.108154490867342,1.3914023233319992e-17,-4.045970933273362,-3.452348053635668,-3.1515755794286404,0,107,True,
5min,2024-11-21,2024-11-21,2024-11-21,108,trend_sensitivity,PP,ct,unit_root,,Bartlett_short_bandwidth,False,ok,-11.236917438845857,8.026839421301582e-18,-4.045970933273362,-3.452348053635668,-3.1515755794286404,4,107,True,
5min,2024-11-21,2024-11-21,2024-11-21,108,trend_sensitivity,KPSS,ct,level_or_trend_stationarity,,Bartlett_short_bandwidth,False,ok,0.22265025871658778,0.00891504552517212,0.2175,0.1479,0.1193,4,108,True,
5min,2024-11-21,2024-11-21,2024-11-21,108,lag_sensitivity,ADF,c,unit_root,12.0,aic,False,ok,-11.052183052983096,5.0476280301356715e-20,-3.492995948509562,-2.888954648057252,-2.58139291903223,0,107,True,
5min,2024-11-21,2024-11-21,2024-11-21,108,lag_sensitivity,PP,c,unit_root,,Bartlett_short_bandwidth,False,ok,-11.04693164833438,5.1948572819236306e-20,-3.492995948509562,-2.888954648057252,-2.58139291903223,8,107,True,
5min,2024-11-21,2024-11-21,2024-11-21,108,lag_sensitivity,KPSS,c,level_or_trend_stationarity,,Bartlett_short_bandwidth,False,ok,0.4348251089498706,0.058646514155217044,0.7428,0.4614,0.3475,8,108,False,
5min,2024-11-22,2024-11-22,2024-11-22,108,main,ADF,c,unit_root,12.0,bic,False,ok,-9.555260067739018,2.5088692659831126e-16,-3.492995948509562,-2.888954648057252,-2.58139291903223,0,107,True,
5min,2024-11-22,2024-11-22,2024-11-22,108,main,PP,c,unit_root,,Bartlett_short_bandwidth,False,ok,-9.566983169270728,2.3427984145481715e-16,-3.492995948509562,-2.888954648057252,-2.58139291903223,4,107,True,
5min,2024-11-22,2024-11-22,2024-11-22,108,main,KPSS,c,level_or_trend_stationarity,,Bartlett_short_bandwidth,False,ok,0.08687104261832834,0.6537943129909363,0.7428,0.4614,0.3475,4,108,False,
5min,2024-11-22,2024-11-22,2024-11-22,108,trend_sensitivity,ADF,ct,unit_root,12.0,bic,False,ok,-9.54870751535313,2.1715265138163177e-14,-4.045970933273362,-3.452348053635668,-3.1515755794286404,0,107,True,
5min,2024-11-22,2024-11-22,2024-11-22,108,trend_sensitivity,PP,ct,unit_root,,Bartlett_short_bandwidth,False,ok,-9.559301810666046,2.0584372558953132e-14,-4.045970933273362,-3.452348053635668,-3.1515755794286404,4,107,True,
5min,2024-11-22,2024-11-22,2024-11-22,108,trend_sensitivity,KPSS,ct,level_or_trend_stationarity,,Bartlett_short_bandwidth,False,ok,0.07395800824123433,0.3136832646563805,0.2175,0.1479,0.1193,4,108,False,
5min,2024-11-22,2024-11-22,2024-11-22,108,lag_sensitivity,ADF,c,unit_root,12.0,aic,False,ok,-4.902855579060787,3.4430754388003584e-05,-3.4942202045135513,-2.889485291005291,-2.5816762131519275,2,105,True,
5min,2024-11-22,2024-11-22,2024-11-22,108,lag_sensitivity,PP,c,unit_root,,Bartlett_short_bandwidth,False,ok,-9.625932948002877,1.660717107287056e-16,-3.492995948509562,-2.888954648057252,-2.58139291903223,8,107,True,
5min,2024-11-22,2024-11-22,2024-11-22,108,lag_sensitivity,KPSS,c,level_or_trend_stationarity,,Bartlett_short_bandwidth,False,ok,0.07661432211889917,0.7121549527307809,0.7428,0.4614,0.3475,8,108,False,
5min,2024-11-25,2024-11-25,2024-11-25,108,main,ADF,c,unit_root,12.0,bic,False,ok,-9.74636687536495,8.235401400281252e-17,-3.4936021509366793,-2.8892174239808703,-2.58153320754717,1,106,True,
5min,2024-11-25,2024-11-25,2024-11-25,108,main,PP,c,unit_root,,Bartlett_short_bandwidth,False,ok,-10.630664651920911,5.224680983893518e-19,-3.492995948509562,-2.888954648057252,-2.58139291903223,4,107,True,
5min,2024-11-25,2024-11-25,2024-11-25,108,main,KPSS,c,level_or_trend_stationarity,,Bartlett_short_bandwidth,False,ok,0.040970091619312934,0.928315307266774,0.7428,0.4614,0.3475,4,108,False,
5min,2024-11-25,2024-11-25,2024-11-25,108,trend_sensitivity,ADF,ct,unit_root,12.0,bic,False,ok,-9.702889562305469,1.000905095080094e-14,-4.0468193247781725,-3.452751165593073,-3.151810567112449,1,106,True,
5min,2024-11-25,2024-11-25,2024-11-25,108,trend_sensitivity,PP,ct,unit_root,,Bartlett_short_bandwidth,False,ok,-10.562784822107888,1.5906515039392331e-16,-4.045970933273362,-3.452348053635668,-3.1515755794286404,4,107,True,
5min,2024-11-25,2024-11-25,2024-11-25,108,trend_sensitivity,KPSS,ct,level_or_trend_stationarity,,Bartlett_short_bandwidth,False,ok,0.04065249466038675,0.7119676749940317,0.2175,0.1479,0.1193,4,108,False,
5min,2024-11-25,2024-11-25,2024-11-25,108,lag_sensitivity,ADF,c,unit_root,12.0,aic,False,ok,-9.74636687536495,8.235401400281252e-17,-3.4936021509366793,-2.8892174239808703,-2.58153320754717,1,106,True,
5min,2024-11-25,2024-11-25,2024-11-25,108,lag_sensitivity,PP,c,unit_root,,Bartlett_short_bandwidth,False,ok,-11.583824347920732,2.899673568485691e-21,-3.492995948509562,-2.888954648057252,-2.58139291903223,8,107,True,
5min,2024-11-25,2024-11-25,2024-11-25,108,lag_sensitivity,KPSS,c,level_or_trend_stationarity,,Bartlett_short_bandwidth,False,ok,0.06864058232914566,0.7608875710104932,0.7428,0.4614,0.3475,8,108,False,
5min,2024-11-26,2024-11-26,2024-11-26,108,main,ADF,c,unit_root,12.0,bic,False,ok,-10.216573297072726,5.461801153422757e-18,-3.492995948509562,-2.888954648057252,-2.58139291903223,0,107,True,
5min,2024-11-26,2024-11-26,2024-11-26,108,main,PP,c,unit_root,,Bartlett_short_bandwidth,False,ok,-10.300471121720491,3.382694227576701e-18,-3.492995948509562,-2.888954648057252,-2.58139291903223,4,107,True,
5min,2024-11-26,2024-11-26,2024-11-26,108,main,KPSS,c,level_or_trend_stationarity,,Bartlett_short_bandwidth,False,ok,0.17512122822699722,0.32171407013384545,0.7428,0.4614,0.3475,4,108,False,
5min,2024-11-26,2024-11-26,2024-11-26,108,trend_sensitivity,ADF,ct,unit_root,12.0,bic,False,ok,-10.206908753117045,8.484593757647947e-16,-4.045970933273362,-3.452348053635668,-3.1515755794286404,0,107,True,
5min,2024-11-26,2024-11-26,2024-11-26,108,trend_sensitivity,PP,ct,unit_root,,Bartlett_short_bandwidth,False,ok,-10.292757531900468,5.634053319267082e-16,-4.045970933273362,-3.452348053635668,-3.1515755794286404,4,107,True,
5min,2024-11-26,2024-11-26,2024-11-26,108,trend_sensitivity,KPSS,ct,level_or_trend_stationarity,,Bartlett_short_bandwidth,False,ok,0.033890137376262924,0.8160273915255452,0.2175,0.1479,0.1193,4,108,False,
5min,2024-11-26,2024-11-26,2024-11-26,108,lag_sensitivity,ADF,c,unit_root,12.0,aic,False,ok,-10.216573297072726,5.461801153422757e-18,-3.492995948509562,-2.888954648057252,-2.58139291903223,0,107,True,
5min,2024-11-26,2024-11-26,2024-11-26,108,lag_sensitivity,PP,c,unit_root,,Bartlett_short_bandwidth,False,ok,-10.783165523171721,2.228361158017747e-19,-3.492995948509562,-2.888954648057252,-2.58139291903223,8,107,True,
5min,2024-11-26,2024-11-26,2024-11-26,108,lag_sensitivity,KPSS,c,level_or_trend_stationarity,,Bartlett_short_bandwidth,False,ok,0.2445545465505632,0.1957575742353289,0.7428,0.4614,0.3475,8,108,False,
5min,2024-11-27,2024-11-27,2024-11-27,108,main,ADF,c,unit_root,12.0,bic,False,ok,-9.432684249806904,5.139540608641951e-16,-3.492995948509562,-2.888954648057252,-2.58139291903223,0,107,True,
5min,2024-11-27,2024-11-27,2024-11-27,108,main,PP,c,unit_root,,Bartlett_short_bandwidth,False,ok,-9.40301596259219,6.115373573764396e-16,-3.492995948509562,-2.888954648057252,-2.58139291903223,4,107,True,
5min,2024-11-27,2024-11-27,2024-11-27,108,main,KPSS,c,level_or_trend_stationarity,,Bartlett_short_bandwidth,False,ok,0.0722887923653837,0.7382572874502707,0.7428,0.4614,0.3475,4,108,False,
5min,2024-11-27,2024-11-27,2024-11-27,108,trend_sensitivity,ADF,ct,unit_root,12.0,bic,False,ok,-9.407256051636878,4.4506164489387067e-14,-4.045970933273362,-3.452348053635668,-3.1515755794286404,0,107,True,
5min,2024-11-27,2024-11-27,2024-11-27,108,trend_sensitivity,PP,ct,unit_root,,Bartlett_short_bandwidth,False,ok,-9.376544082719816,5.205341047855276e-14,-4.045970933273362,-3.452348053635668,-3.1515755794286404,4,107,True,
5min,2024-11-27,2024-11-27,2024-11-27,108,trend_sensitivity,KPSS,ct,level_or_trend_stationarity,,Bartlett_short_bandwidth,False,ok,0.06337452201394603,0.4116428757177997,0.2175,0.1479,0.1193,4,108,False,
5min,2024-11-27,2024-11-27,2024-11-27,108,lag_sensitivity,ADF,c,unit_root,12.0,aic,False,ok,-9.432684249806904,5.139540608641951e-16,-3.492995948509562,-2.888954648057252,-2.58139291903223,0,107,True,
5min,2024-11-27,2024-11-27,2024-11-27,108,lag_sensitivity,PP,c,unit_root,,Bartlett_short_bandwidth,False,ok,-9.395893507818206,6.37608627974197e-16,-3.492995948509562,-2.888954648057252,-2.58139291903223,8,107,True,
5min,2024-11-27,2024-11-27,2024-11-27,108,lag_sensitivity,KPSS,c,level_or_trend_stationarity,,Bartlett_short_bandwidth,False,ok,0.08263141922406148,0.6772787421570243,0.7428,0.4614,0.3475,8,108,False,
5min,2024-11-28,2024-11-28,2024-11-28,108,main,ADF,c,unit_root,12.0,bic,False,ok,-9.753943303230049,7.880522787933479e-17,-3.492995948509562,-2.888954648057252,-2.58139291903223,0,107,True,
5min,2024-11-28,2024-11-28,2024-11-28,108,main,PP,c,unit_root,,Bartlett_short_bandwidth,False,ok,-9.759022720967307,7.651248165320238e-17,-3.492995948509562,-2.888954648057252,-2.58139291903223,4,107,True,
5min,2024-11-28,2024-11-28,2024-11-28,108,main,KPSS,c,level_or_trend_stationarity,,Bartlett_short_bandwidth,False,ok,0.19081224597442867,0.2865696894161092,0.7428,0.4614,0.3475,4,108,False,
5min,2024-11-28,2024-11-28,2024-11-28,108,trend_sensitivity,ADF,ct,unit_root,12.0,bic,False,ok,-9.797395232532143,6.252557878379322e-15,-4.045970933273362,-3.452348053635668,-3.1515755794286404,0,107,True,
5min,2024-11-28,2024-11-28,2024-11-28,108,trend_sensitivity,PP,ct,unit_root,,Bartlett_short_bandwidth,False,ok,-9.797064165140497,6.2628352370228325e-15,-4.045970933273362,-3.452348053635668,-3.1515755794286404,4,107,True,
5min,2024-11-28,2024-11-28,2024-11-28,108,trend_sensitivity,KPSS,ct,level_or_trend_stationarity,,Bartlett_short_bandwidth,False,ok,0.13532426840266373,0.06770279289892947,0.2175,0.1479,0.1193,4,108,False,
5min,2024-11-28,2024-11-28,2024-11-28,108,lag_sensitivity,ADF,c,unit_root,12.0,aic,False,ok,-9.753943303230049,7.880522787933479e-17,-3.492995948509562,-2.888954648057252,-2.58139291903223,0,107,True,
5min,2024-11-28,2024-11-28,2024-11-28,108,lag_sensitivity,PP,c,unit_root,,Bartlett_short_bandwidth,False,ok,-9.770598208269664,7.153481730755283e-17,-3.492995948509562,-2.888954648057252,-2.58139291903223,8,107,True,
5min,2024-11-28,2024-11-28,2024-11-28,108,lag_sensitivity,KPSS,c,level_or_trend_stationarity,,Bartlett_short_bandwidth,False,ok,0.1829114921032354,0.3036517422914129,0.7428,0.4614,0.3475,8,108,False,
5min,2024-11-29,2024-11-29,2024-11-29,108,main,ADF,c,unit_root,12.0,bic,False,ok,-10.058003542565835,1.3568521259503426e-17,-3.492995948509562,-2.888954648057252,-2.58139291903223,0,107,True,
5min,2024-11-29,2024-11-29,2024-11-29,108,main,PP,c,unit_root,,Bartlett_short_bandwidth,False,ok,-10.060415323937976,1.3381469262567412e-17,-3.492995948509562,-2.888954648057252,-2.58139291903223,4,107,True,
5min,2024-11-29,2024-11-29,2024-11-29,108,main,KPSS,c,level_or_trend_stationarity,,Bartlett_short_bandwidth,False,ok,0.28131624738576466,0.1530039089731618,0.7428,0.4614,0.3475,4,108,False,
5min,2024-11-29,2024-11-29,2024-11-29,108,trend_sensitivity,ADF,ct,unit_root,12.0,bic,False,ok,-10.190989907498698,9.15722630794032e-16,-4.045970933273362,-3.452348053635668,-3.1515755794286404,0,107,True,
5min,2024-11-29,2024-11-29,2024-11-29,108,trend_sensitivity,PP,ct,unit_root,,Bartlett_short_bandwidth,False,ok,-10.217138191050868,8.079162375900849e-16,-4.045970933273362,-3.452348053635668,-3.1515755794286404,4,107,True,
5min,2024-11-29,2024-11-29,2024-11-29,108,trend_sensitivity,KPSS,ct,level_or_trend_stationarity,,Bartlett_short_bandwidth,False,ok,0.09807124382095143,0.17003774215107142,0.2175,0.1479,0.1193,4,108,False,
5min,2024-11-29,2024-11-29,2024-11-29,108,lag_sensitivity,ADF,c,unit_root,12.0,aic,False,ok,-10.058003542565835,1.3568521259503426e-17,-3.492995948509562,-2.888954648057252,-2.58139291903223,0,107,True,
5min,2024-11-29,2024-11-29,2024-11-29,108,lag_sensitivity,PP,c,unit_root,,Bartlett_short_bandwidth,False,ok,-10.055864866551897,1.3736592164355084e-17,-3.492995948509562,-2.888954648057252,-2.58139291903223,8,107,True,
5min,2024-11-29,2024-11-29,2024-11-29,108,lag_sensitivity,KPSS,c,level_or_trend_stationarity,,Bartlett_short_bandwidth,False,ok,0.24932417649713706,0.18958438910623454,0.7428,0.4614,0.3475,8,108,False,
5min,2024-12-02,2024-12-02,2024-12-02,108,main,ADF,c,unit_root,12.0,bic,False,ok,-12.501896281813877,2.7946203688803204e-23,-3.492995948509562,-2.888954648057252,-2.58139291903223,0,107,True,
5min,2024-12-02,2024-12-02,2024-12-02,108,main,PP,c,unit_root,,Bartlett_short_bandwidth,False,ok,-12.630446970181541,1.5089140867845023e-23,-3.492995948509562,-2.888954648057252,-2.58139291903223,4,107,True,
5min,2024-12-02,2024-12-02,2024-12-02,108,main,KPSS,c,level_or_trend_stationarity,,Bartlett_short_bandwidth,False,ok,0.08362349413344503,0.6715865090703974,0.7428,0.4614,0.3475,4,108,False,
5min,2024-12-02,2024-12-02,2024-12-02,108,trend_sensitivity,ADF,ct,unit_root,12.0,bic,False,ok,-12.459426880450213,7.515231814926964e-20,-4.045970933273362,-3.452348053635668,-3.1515755794286404,0,107,True,
5min,2024-12-02,2024-12-02,2024-12-02,108,trend_sensitivity,PP,ct,unit_root,,Bartlett_short_bandwidth,False,ok,-12.583089981433373,4.9788744634252107e-20,-4.045970933273362,-3.452348053635668,-3.1515755794286404,4,107,True,
5min,2024-12-02,2024-12-02,2024-12-02,108,trend_sensitivity,KPSS,ct,level_or_trend_stationarity,,Bartlett_short_bandwidth,False,ok,0.07364297771724562,0.3163085190229531,0.2175,0.1479,0.1193,4,108,False,
5min,2024-12-02,2024-12-02,2024-12-02,108,lag_sensitivity,ADF,c,unit_root,12.0,aic,False,ok,-2.991916441613829,0.03565622994333344,-3.5003788874873405,-2.8921519665075235,-2.5830997960069446,11,96,True,
5min,2024-12-02,2024-12-02,2024-12-02,108,lag_sensitivity,PP,c,unit_root,,Bartlett_short_bandwidth,False,ok,-12.692290102861062,1.1253462973022374e-23,-3.492995948509562,-2.888954648057252,-2.58139291903223,8,107,True,
5min,2024-12-02,2024-12-02,2024-12-02,108,lag_sensitivity,KPSS,c,level_or_trend_stationarity,,Bartlett_short_bandwidth,False,ok,0.08779794585731368,0.6487384771419253,0.7428,0.4614,0.3475,8,108,False,
5min,2024-12-03,2024-12-03,2024-12-03,108,main,ADF,c,unit_root,12.0,bic,False,ok,-10.52361597372428,9.541766323864694e-19,-3.492995948509562,-2.888954648057252,-2.58139291903223,0,107,True,
5min,2024-12-03,2024-12-03,2024-12-03,108,main,PP,c,unit_root,,Bartlett_short_bandwidth,False,ok,-10.554045771833154,8.037663043067056e-19,-3.492995948509562,-2.888954648057252,-2.58139291903223,4,107,True,
5min,2024-12-03,2024-12-03,2024-12-03,108,main,KPSS,c,level_or_trend_stationarity,,Bartlett_short_bandwidth,False,ok,0.03869388065994891,0.9398683193873439,0.7428,0.4614,0.3475,4,108,False,
5min,2024-12-03,2024-12-03,2024-12-03,108,trend_sensitivity,ADF,ct,unit_root,12.0,bic,False,ok,-10.492066886542561,2.2074828968273673e-16,-4.045970933273362,-3.452348053635668,-3.1515755794286404,0,107,True,
5min,2024-12-03,2024-12-03,2024-12-03,108,trend_sensitivity,PP,ct,unit_root,,Bartlett_short_bandwidth,False,ok,-10.521203434776385,1.9280797663661875e-16,-4.045970933273362,-3.452348053635668,-3.1515755794286404,4,107,True,
5min,2024-12-03,2024-12-03,2024-12-03,108,trend_sensitivity,KPSS,ct,level_or_trend_stationarity,,Bartlett_short_bandwidth,False,ok,0.027924269913219193,0.9004701327208001,0.2175,0.1479,0.1193,4,108,False,
5min,2024-12-03,2024-12-03,2024-12-03,108,lag_sensitivity,ADF,c,unit_root,12.0,aic,False,ok,-6.030803261678469,1.4195406676722148e-07,-3.4948504603223145,-2.889758398668639,-2.5818220155325444,3,104,True,
5min,2024-12-03,2024-12-03,2024-12-03,108,lag_sensitivity,PP,c,unit_root,,Bartlett_short_bandwidth,False,ok,-10.877977751276097,1.3167485674309796e-19,-3.492995948509562,-2.888954648057252,-2.58139291903223,8,107,True,
5min,2024-12-03,2024-12-03,2024-12-03,108,lag_sensitivity,KPSS,c,level_or_trend_stationarity,,Bartlett_short_bandwidth,False,ok,0.057806442401843225,0.828250099055897,0.7428,0.4614,0.3475,8,108,False,
5min,2024-12-04,2024-12-04,2024-12-04,108,main,ADF,c,unit_root,12.0,bic,False,ok,-10.494392697688895,1.1253300111736255e-18,-3.492995948509562,-2.888954648057252,-2.58139291903223,0,107,True,
5min,2024-12-04,2024-12-04,2024-12-04,108,main,PP,c,unit_root,,Bartlett_short_bandwidth,False,ok,-10.607466398137063,5.951434695548265e-19,-3.492995948509562,-2.888954648057252,-2.58139291903223,4,107,True,
5min,2024-12-04,2024-12-04,2024-12-04,108,main,KPSS,c,level_or_trend_stationarity,,Bartlett_short_bandwidth,False,ok,0.10943797255663965,0.5411910338334561,0.7428,0.4614,0.3475,4,108,False,
5min,2024-12-04,2024-12-04,2024-12-04,108,trend_sensitivity,ADF,ct,unit_root,12.0,bic,False,ok,-10.482428091470142,2.3087722224869315e-16,-4.045970933273362,-3.452348053635668,-3.1515755794286404,0,107,True,
5min,2024-12-04,2024-12-04,2024-12-04,108,trend_sensitivity,PP,ct,unit_root,,Bartlett_short_bandwidth,False,ok,-10.61651414103758,1.2421961433053023e-16,-4.045970933273362,-3.452348053635668,-3.1515755794286404,4,107,True,
5min,2024-12-04,2024-12-04,2024-12-04,108,trend_sensitivity,KPSS,ct,level_or_trend_stationarity,,Bartlett_short_bandwidth,False,ok,0.051442528419880174,0.5548746124561795,0.2175,0.1479,0.1193,4,108,False,
5min,2024-12-04,2024-12-04,2024-12-04,108,lag_sensitivity,ADF,c,unit_root,12.0,aic,False,ok,-2.978172518278786,0.036983705494036366,-3.5003788874873405,-2.8921519665075235,-2.5830997960069446,11,96,True,
5min,2024-12-04,2024-12-04,2024-12-04,108,lag_sensitivity,PP,c,unit_root,,Bartlett_short_bandwidth,False,ok,-10.895371045500239,1.1959855865183255e-19,-3.492995948509562,-2.888954648057252,-2.58139291903223,8,107,True,
5min,2024-12-04,2024-12-04,2024-12-04,108,lag_sensitivity,KPSS,c,level_or_trend_stationarity,,Bartlett_short_bandwidth,False,ok,0.14095034895001454,0.41887708669867135,0.7428,0.4614,0.3475,8,108,False,
5min,2024-12-05,2024-12-05,2024-12-05,108,main,ADF,c,unit_root,12.0,bic,False,ok,-8.836274124549218,1.7157682219247812e-14,-3.492995948509562,-2.888954648057252,-2.58139291903223,0,107,True,
5min,2024-12-05,2024-12-05,2024-12-05,108,main,PP,c,unit_root,,Bartlett_short_bandwidth,False,ok,-8.983027345326745,7.223943039637054e-15,-3.492995948509562,-2.888954648057252,-2.58139291903223,4,107,True,
5min,2024-12-05,2024-12-05,2024-12-05,108,main,KPSS,c,level_or_trend_stationarity,,Bartlett_short_bandwidth,False,ok,0.7004089879725036,0.012927556079246989,0.7428,0.4614,0.3475,4,108,True,
5min,2024-12-05,2024-12-05,2024-12-05,108,trend_sensitivity,ADF,ct,unit_root,12.0,bic,False,ok,-9.406442864873169,4.4690973277403674e-14,-4.045970933273362,-3.452348053635668,-3.1515755794286404,0,107,True,
5min,2024-12-05,2024-12-05,2024-12-05,108,trend_sensitivity,PP,ct,unit_root,,Bartlett_short_bandwidth,False,ok,-9.478151046791323,3.1036284130647905e-14,-4.045970933273362,-3.452348053635668,-3.1515755794286404,4,107,True,
5min,2024-12-05,2024-12-05,2024-12-05,108,trend_sensitivity,KPSS,ct,level_or_trend_stationarity,,Bartlett_short_bandwidth,False,ok,0.2214932121708586,0.009150380389179022,0.2175,0.1479,0.1193,4,108,True,
5min,2024-12-05,2024-12-05,2024-12-05,108,lag_sensitivity,ADF,c,unit_root,12.0,aic,False,ok,-8.836274124549218,1.7157682219247812e-14,-3.492995948509562,-2.888954648057252,-2.58139291903223,0,107,True,
5min,2024-12-05,2024-12-05,2024-12-05,108,lag_sensitivity,PP,c,unit_root,,Bartlett_short_bandwidth,False,ok,-9.275837385919008,1.2897622418976103e-15,-3.492995948509562,-2.888954648057252,-2.58139291903223,8,107,True,
5min,2024-12-05,2024-12-05,2024-12-05,108,lag_sensitivity,KPSS,c,level_or_trend_stationarity,,Bartlett_short_bandwidth,False,ok,0.543252519665626,0.03104275946134848,0.7428,0.4614,0.3475,8,108,True,
5min,2024-12-06,2024-12-06,2024-12-06,108,main,ADF,c,unit_root,12.0,bic,False,ok,-11.682315976999766,1.7295660343760877e-21,-3.492995948509562,-2.888954648057252,-2.58139291903223,0,107,True,
5min,2024-12-06,2024-12-06,2024-12-06,108,main,PP,c,unit_root,,Bartlett_short_bandwidth,False,ok,-11.568835001054593,3.1380477306852874e-21,-3.492995948509562,-2.888954648057252,-2.58139291903223,4,107,True,
5min,2024-12-06,2024-12-06,2024-12-06,108,main,KPSS,c,level_or_trend_stationarity,,Bartlett_short_bandwidth,False,ok,0.16551465286697964,0.34605864596983615,0.7428,0.4614,0.3475,4,108,False,
5min,2024-12-06,2024-12-06,2024-12-06,108,trend_sensitivity,ADF,ct,unit_root,12.0,bic,False,ok,-11.645023389597071,1.504561374033776e-18,-4.045970933273362,-3.452348053635668,-3.1515755794286404,0,107,True,
5min,2024-12-06,2024-12-06,2024-12-06,108,trend_sensitivity,PP,ct,unit_root,,Bartlett_short_bandwidth,False,ok,-11.53777313360778,2.311705934459651e-18,-4.045970933273362,-3.452348053635668,-3.1515755794286404,4,107,True,
5min,2024-12-06,2024-12-06,2024-12-06,108,trend_sensitivity,KPSS,ct,level_or_trend_stationarity,,Bartlett_short_bandwidth,False,ok,0.07805593797898182,0.2824575858644156,0.2175,0.1479,0.1193,4,108,False,
5min,2024-12-06,2024-12-06,2024-12-06,108,lag_sensitivity,ADF,c,unit_root,12.0,aic,False,ok,-11.682315976999766,1.7295660343760877e-21,-3.492995948509562,-2.888954648057252,-2.58139291903223,0,107,True,
5min,2024-12-06,2024-12-06,2024-12-06,108,lag_sensitivity,PP,c,unit_root,,Bartlett_short_bandwidth,False,ok,-11.577768340525797,2.9936862563108033e-21,-3.492995948509562,-2.888954648057252,-2.58139291903223,8,107,True,
5min,2024-12-06,2024-12-06,2024-12-06,108,lag_sensitivity,KPSS,c,level_or_trend_stationarity,,Bartlett_short_bandwidth,False,ok,0.14058263699796977,0.42005946233571995,0.7428,0.4614,0.3475,8,108,False,
5min,2024-12-09,2024-12-09,2024-12-09,108,main,ADF,c,unit_root,12.0,bic,False,ok,-11.668889875967734,1.85533203125426e-21,-3.492995948509562,-2.888954648057252,-2.58139291903223,0,107,True,
5min,2024-12-09,2024-12-09,2024-12-09,108,main,PP,c,unit_root,,Bartlett_short_bandwidth,False,ok,-12.149172573089588,1.5848721986453608e-22,-3.492995948509562,-2.888954648057252,-2.58139291903223,4,107,True,
5min,2024-12-09,2024-12-09,2024-12-09,108,main,KPSS,c,level_or_trend_stationarity,,Bartlett_short_bandwidth,False,ok,0.29620111597349236,0.13874383600544574,0.7428,0.4614,0.3475,4,108,False,
5min,2024-12-09,2024-12-09,2024-12-09,108,trend_sensitivity,ADF,ct,unit_root,12.0,bic,False,ok,-11.834642616493923,7.1768416058685645e-19,-4.045970933273362,-3.452348053635668,-3.1515755794286404,0,107,True,
5min,2024-12-09,2024-12-09,2024-12-09,108,trend_sensitivity,PP,ct,unit_root,,Bartlett_short_bandwidth,False,ok,-12.63790091355681,4.1643009307977915e-20,-4.045970933273362,-3.452348053635668,-3.1515755794286404,4,107,True,
5min,2024-12-09,2024-12-09,2024-12-09,108,trend_sensitivity,KPSS,ct,level_or_trend_stationarity,,Bartlett_short_bandwidth,False,ok,0.07274488872227483,0.32379259398104304,0.2175,0.1479,0.1193,4,108,False,
5min,2024-12-09,2024-12-09,2024-12-09,108,lag_sensitivity,ADF,c,unit_root,12.0,aic,False,ok,-9.26263195610285,1.393794274608858e-15,-3.4936021509366793,-2.8892174239808703,-2.58153320754717,1,106,True,
5min,2024-12-09,2024-12-09,2024-12-09,108,lag_sensitivity,PP,c,unit_root,,Bartlett_short_bandwidth,False,ok,-12.104435554764331,1.9839264877996186e-22,-3.492995948509562,-2.888954648057252,-2.58139291903223,8,107,True,
5min,2024-12-09,2024-12-09,2024-12-09,108,lag_sensitivity,KPSS,c,level_or_trend_stationarity,,Bartlett_short_bandwidth,False,ok,0.3041108798285342,0.1321247867543647,0.7428,0.4614,0.3475,8,108,False,
5min,2024-12-10,2024-12-10,2024-12-10,108,main,ADF,c,unit_root,12.0,bic,False,ok,-8.309012612562466,3.833817672018151e-13,-3.4936021509366793,-2.8892174239808703,-2.58153320754717,1,106,True,
5min,2024-12-10,2024-12-10,2024-12-10,108,main,PP,c,unit_root,,Bartlett_short_bandwidth,False,ok,-9.84028637441654,4.773578316497485e-17,-3.492995948509562,-2.888954648057252,-2.58139291903223,4,107,True,
5min,2024-12-10,2024-12-10,2024-12-10,108,main,KPSS,c,level_or_trend_stationarity,,Bartlett_short_bandwidth,False,ok,0.09218357127357273,0.6251937698214217,0.7428,0.4614,0.3475,4,108,False,
5min,2024-12-10,2024-12-10,2024-12-10,108,trend_sensitivity,ADF,ct,unit_root,12.0,bic,False,ok,-8.212736045133617,2.3034646993755217e-11,-4.0468193247781725,-3.452751165593073,-3.151810567112449,1,106,True,
5min,2024-12-10,2024-12-10,2024-12-10,108,trend_sensitivity,PP,ct,unit_root,,Bartlett_short_bandwidth,False,ok,-9.830456406842163,5.307885000873275e-15,-4.045970933273362,-3.452348053635668,-3.1515755794286404,4,107,True,
5min,2024-12-10,2024-12-10,2024-12-10,108,trend_sensitivity,KPSS,ct,level_or_trend_stationarity,,Bartlett_short_bandwidth,False,ok,0.03143406691111523,0.8521460748365408,0.2175,0.1479,0.1193,4,108,False,
5min,2024-12-10,2024-12-10,2024-12-10,108,lag_sensitivity,ADF,c,unit_root,12.0,aic,False,ok,-8.309012612562466,3.833817672018151e-13,-3.4936021509366793,-2.8892174239808703,-2.58153320754717,1,106,True,
5min,2024-12-10,2024-12-10,2024-12-10,108,lag_sensitivity,PP,c,unit_root,,Bartlett_short_bandwidth,False,ok,-10.56273132186072,7.653965730821047e-19,-3.492995948509562,-2.888954648057252,-2.58139291903223,8,107,True,
5min,2024-12-10,2024-12-10,2024-12-10,108,lag_sensitivity,KPSS,c,level_or_trend_stationarity,,Bartlett_short_bandwidth,False,ok,0.17013392402897332,0.3343082726541078,0.7428,0.4614,0.3475,8,108,False,
5min,2024-12-11,2024-12-11,2024-12-11,108,main,ADF,c,unit_root,12.0,bic,False,ok,-8.327704164044906,3.434771124303203e-13,-3.492995948509562,-2.888954648057252,-2.58139291903223,0,107,True,
5min,2024-12-11,2024-12-11,2024-12-11,108,main,PP,c,unit_root,,Bartlett_short_bandwidth,False,ok,-8.256475440861749,5.220755225282805e-13,-3.492995948509562,-2.888954648057252,-2.58139291903223,4,107,True,
5min,2024-12-11,2024-12-11,2024-12-11,108,main,KPSS,c,level_or_trend_stationarity,,Bartlett_short_bandwidth,False,ok,0.12147979388990816,0.49021133990825727,0.7428,0.4614,0.3475,4,108,False,
5min,2024-12-11,2024-12-11,2024-12-11,108,trend_sensitivity,ADF,ct,unit_root,12.0,bic,False,ok,-8.34489093270562,1.1414767026798643e-11,-4.045970933273362,-3.452348053635668,-3.1515755794286404,0,107,True,
5min,2024-12-11,2024-12-11,2024-12-11,108,trend_sensitivity,PP,ct,unit_root,,Bartlett_short_bandwidth,False,ok,-8.263029027794971,1.7631162645718916e-11,-4.045970933273362,-3.452348053635668,-3.1515755794286404,4,107,True,
5min,2024-12-11,2024-12-11,2024-12-11,108,trend_sensitivity,KPSS,ct,level_or_trend_stationarity,,Bartlett_short_bandwidth,False,ok,0.04514226167653218,0.6438660748520172,0.2175,0.1479,0.1193,4,108,False,
5min,2024-12-11,2024-12-11,2024-12-11,108,lag_sensitivity,ADF,c,unit_root,12.0,aic,False,ok,-8.327704164044906,3.434771124303203e-13,-3.492995948509562,-2.888954648057252,-2.58139291903223,0,107,True,
5min,2024-12-11,2024-12-11,2024-12-11,108,lag_sensitivity,PP,c,unit_root,,Bartlett_short_bandwidth,False,ok,-8.188593049493642,7.777622112042158e-13,-3.492995948509562,-2.888954648057252,-2.58139291903223,8,107,True,
5min,2024-12-11,2024-12-11,2024-12-11,108,lag_sensitivity,KPSS,c,level_or_trend_stationarity,,Bartlett_short_bandwidth,False,ok,0.13084129906041972,0.45417425723723986,0.7428,0.4614,0.3475,8,108,False,
5min,2024-12-12,2024-12-12,2024-12-12,108,main,ADF,c,unit_root,12.0,bic,False,ok,-10.18459868598048,6.558833096034759e-18,-3.492995948509562,-2.888954648057252,-2.58139291903223,0,107,True,
5min,2024-12-12,2024-12-12,2024-12-12,108,main,PP,c,unit_root,,Bartlett_short_bandwidth,False,ok,-10.18736876412029,6.455589885797396e-18,-3.492995948509562,-2.888954648057252,-2.58139291903223,4,107,True,
5min,2024-12-12,2024-12-12,2024-12-12,108,main,KPSS,c,level_or_trend_stationarity,,Bartlett_short_bandwidth,False,ok,0.7625330892838933,0.008965420316797488,0.7428,0.4614,0.3475,4,108,True,
5min,2024-12-12,2024-12-12,2024-12-12,108,trend_sensitivity,ADF,ct,unit_root,12.0,bic,False,ok,-10.657123090811552,1.0314866404601244e-16,-4.045970933273362,-3.452348053635668,-3.1515755794286404,0,107,True,
5min,2024-12-12,2024-12-12,2024-12-12,108,trend_sensitivity,PP,ct,unit_root,,Bartlett_short_bandwidth,False,ok,-10.745311798691912,6.909851615295349e-17,-4.045970933273362,-3.452348053635668,-3.1515755794286404,4,107,True,
5min,2024-12-12,2024-12-12,2024-12-12,108,trend_sensitivity,KPSS,ct,level_or_trend_stationarity,,Bartlett_short_bandwidth,False,ok,0.11894447268977942,0.10096088462221779,0.2175,0.1479,0.1193,4,108,False,
5min,2024-12-12,2024-12-12,2024-12-12,108,lag_sensitivity,ADF,c,unit_root,12.0,aic,False,ok,-10.18459868598048,6.558833096034759e-18,-3.492995948509562,-2.888954648057252,-2.58139291903223,0,107,True,
5min,2024-12-12,2024-12-12,2024-12-12,108,lag_sensitivity,PP,c,unit_root,,Bartlett_short_bandwidth,False,ok,-10.18631492502495,6.49467309792144e-18,-3.492995948509562,-2.888954648057252,-2.58139291903223,8,107,True,
5min,2024-12-12,2024-12-12,2024-12-12,108,lag_sensitivity,KPSS,c,level_or_trend_stationarity,,Bartlett_short_bandwidth,False,ok,0.6307960033769635,0.018890372949217735,0.7428,0.4614,0.3475,8,108,True,
5min,2024-12-13,2024-12-13,2024-12-13,108,main,ADF,c,unit_root,12.0,bic,False,ok,-12.970301728461944,3.0912486504396017e-24,-3.492995948509562,-2.888954648057252,-2.58139291903223,0,107,True,
5min,2024-12-13,2024-12-13,2024-12-13,108,main,PP,c,unit_root,,Bartlett_short_bandwidth,False,ok,-13.182612335752905,1.187579377412604e-24,-3.492995948509562,-2.888954648057252,-2.58139291903223,4,107,True,
5min,2024-12-13,2024-12-13,2024-12-13,108,main,KPSS,c,level_or_trend_stationarity,,Bartlett_short_bandwidth,False,ok,0.12962590197479745,0.45870932098956174,0.7428,0.4614,0.3475,4,108,False,
5min,2024-12-13,2024-12-13,2024-12-13,108,trend_sensitivity,ADF,ct,unit_root,12.0,bic,False,ok,-12.956264022538521,1.5471587929330656e-20,-4.045970933273362,-3.452348053635668,-3.1515755794286404,0,107,True,
5min,2024-12-13,2024-12-13,2024-12-13,108,trend_sensitivity,PP,ct,unit_root,,Bartlett_short_bandwidth,False,ok,-13.21661301033581,7.324169905503325e-21,-4.045970933273362,-3.452348053635668,-3.1515755794286404,4,107,True,
5min,2024-12-13,2024-12-13,2024-12-13,108,trend_sensitivity,KPSS,ct,level_or_trend_stationarity,,Bartlett_short_bandwidth,False,ok,0.07550557898325323,0.3014955462826674,0.2175,0.1479,0.1193,4,108,False,
5min,2024-12-13,2024-12-13,2024-12-13,108,lag_sensitivity,ADF,c,unit_root,12.0,aic,False,ok,-2.7303537834942175,0.06893140286246154,-3.4996365338407074,-2.8918307730370025,-2.5829283377617176,10,97,False,
5min,2024-12-13,2024-12-13,2024-12-13,108,lag_sensitivity,PP,c,unit_root,,Bartlett_short_bandwidth,False,ok,-13.066211493668096,1.9999344771612487e-24,-3.492995948509562,-2.888954648057252,-2.58139291903223,8,107,True,
5min,2024-12-13,2024-12-13,2024-12-13,108,lag_sensitivity,KPSS,c,level_or_trend_stationarity,,Bartlett_short_bandwidth,False,ok,0.13022596932209965,0.4564702637235088,0.7428,0.4614,0.3475,8,108,False,
5min,2024-12-16,2024-12-16,2024-12-16,108,main,ADF,c,unit_root,12.0,bic,False,ok,-12.578090497906677,1.9373624351907995e-23,-3.492995948509562,-2.888954648057252,-2.58139291903223,0,107,True,
5min,2024-12-16,2024-12-16,2024-12-16,108,main,PP,c,unit_root,,Bartlett_short_bandwidth,False,ok,-12.459715309213609,3.4275493721764864e-23,-3.492995948509562,-2.888954648057252,-2.58139291903223,4,107,True,
5min,2024-12-16,2024-12-16,2024-12-16,108,main,KPSS,c,level_or_trend_stationarity,,Bartlett_short_bandwidth,False,ok,0.36365729169717137,0.09042684385220037,0.7428,0.4614,0.3475,4,108,False,
5min,2024-12-16,2024-12-16,2024-12-16,108,trend_sensitivity,ADF,ct,unit_root,12.0,bic,False,ok,-12.736125452151828,3.041499037534002e-20,-4.045970933273362,-3.452348053635668,-3.1515755794286404,0,107,True,
5min,2024-12-16,2024-12-16,2024-12-16,108,trend_sensitivity,PP,ct,unit_root,,Bartlett_short_bandwidth,False,ok,-12.720675816033996,3.1939551636471745e-20,-4.045970933273362,-3.452348053635668,-3.1515755794286404,4,107,True,
5min,2024-12-16,2024-12-16,2024-12-16,108,trend_sensitivity,KPSS,ct,level_or_trend_stationarity,,Bartlett_short_bandwidth,False,ok,0.07559584693939618,0.30080117738926015,0.2175,0.1479,0.1193,4,108,False,
5min,2024-12-16,2024-12-16,2024-12-16,108,lag_sensitivity,ADF,c,unit_root,12.0,aic,False,ok,-12.578090497906677,1.9373624351907995e-23,-3.492995948509562,-2.888954648057252,-2.58139291903223,0,107,True,
5min,2024-12-16,2024-12-16,2024-12-16,108,lag_sensitivity,PP,c,unit_root,,Bartlett_short_bandwidth,False,ok,-12.514146499806918,2.6342110770637019e-23,-3.492995948509562,-2.888954648057252,-2.58139291903223,8,107,True,
5min,2024-12-16,2024-12-16,2024-12-16,108,lag_sensitivity,KPSS,c,level_or_trend_stationarity,,Bartlett_short_bandwidth,False,ok,0.37999366289636743,0.08173792709369009,0.7428,0.4614,0.3475,8,108,False,
5min,2024-12-17,2024-12-17,2024-12-17,108,main,ADF,c,unit_root,12.0,bic,False,ok,-9.178481143292604,2.285732947051913e-15,-3.492995948509562,-2.888954648057252,-2.58139291903223,0,107,True,
5min,2024-12-17,2024-12-17,2024-12-17,108,main,PP,c,unit_root,,Bartlett_short_bandwidth,False,ok,-9.200699048020303,2.0057770591046896e-15,-3.492995948509562,-2.888954648057252,-2.58139291903223,4,107,True,
5min,2024-12-17,2024-12-17,2024-12-17,108,main,KPSS,c,level_or_trend_stationarity,,Bartlett_short_bandwidth,False,ok,0.03299778066861915,0.9653931512745417,0.7428,0.4614,0.3475,4,108,False,
5min,2024-12-17,2024-12-17,2024-12-17,108,trend_sensitivity,ADF,ct,unit_root,12.0,bic,False,ok,-9.129629913644665,1.852124372658786e-13,-4.045970933273362,-3.452348053635668,-3.1515755794286404,0,107,True,
5min,2024-12-17,2024-12-17,2024-12-17,108,trend_sensitivity,PP,ct,unit_root,,Bartlett_short_bandwidth,False,ok,-9.15249274228634,1.645616071015375e-13,-4.045970933273362,-3.452348053635668,-3.1515755794286404,4,107,True,
5min,2024-12-17,2024-12-17,2024-12-17,108,trend_sensitivity,KPSS,ct,level_or_trend_stationarity,,Bartlett_short_bandwidth,False,ok,0.032034566012458174,0.8433152056991444,0.2175,0.1479,0.1193,4,108,False,
5min,2024-12-17,2024-12-17,2024-12-17,108,lag_sensitivity,ADF,c,unit_root,12.0,aic,False,ok,-9.178481143292604,2.285732947051913e-15,-3.492995948509562,-2.888954648057252,-2.58139291903223,0,107,True,
5min,2024-12-17,2024-12-17,2024-12-17,108,lag_sensitivity,PP,c,unit_root,,Bartlett_short_bandwidth,False,ok,-9.10155717370037,3.594159615212345e-15,-3.492995948509562,-2.888954648057252,-2.58139291903223,8,107,True,
5min,2024-12-17,2024-12-17,2024-12-17,108,lag_sensitivity,KPSS,c,level_or_trend_stationarity,,Bartlett_short_bandwidth,False,ok,0.04138477979028514,0.9261327379458677,0.7428,0.4614,0.3475,8,108,False,
5min,2024-12-18,2024-12-18,2024-12-18,108,main,ADF,c,unit_root,12.0,bic,False,ok,-10.726878512251021,3.0494149129006774e-19,-3.492995948509562,-2.888954648057252,-2.58139291903223,0,107,True,
5min,2024-12-18,2024-12-18,2024-12-18,108,main,PP,c,unit_root,,Bartlett_short_bandwidth,False,ok,-10.885493555433209,1.2631220892698945e-19,-3.492995948509562,-2.888954648057252,-2.58139291903223,4,107,True,
5min,2024-12-18,2024-12-18,2024-12-18,108,main,KPSS,c,level_or_trend_stationarity,,Bartlett_short_bandwidth,False,ok,0.14437186750952255,0.4079106810592226,0.7428,0.4614,0.3475,4,108,False,
5min,2024-12-18,2024-12-18,2024-12-18,108,trend_sensitivity,ADF,ct,unit_root,12.0,bic,False,ok,-10.70019891148498,8.477128518560918e-17,-4.045970933273362,-3.452348053635668,-3.1515755794286404,0,107,True,
5min,2024-12-18,2024-12-18,2024-12-18,108,trend_sensitivity,PP,ct,unit_root,,Bartlett_short_bandwidth,False,ok,-10.859675161734753,4.1359870088836135e-17,-4.045970933273362,-3.452348053635668,-3.1515755794286404,4,107,True,
5min,2024-12-18,2024-12-18,2024-12-18,108,trend_sensitivity,KPSS,ct,level_or_trend_stationarity,,Bartlett_short_bandwidth,False,ok,0.08271200265642499,0.2505499833973438,0.2175,0.1479,0.1193,4,108,False,
5min,2024-12-18,2024-12-18,2024-12-18,108,lag_sensitivity,ADF,c,unit_root,12.0,aic,False,ok,-6.987329415983661,7.90687077222969e-10,-3.4948504603223145,-2.889758398668639,-2.5818220155325444,3,104,True,
5min,2024-12-18,2024-12-18,2024-12-18,108,lag_sensitivity,PP,c,unit_root,,Bartlett_short_bandwidth,False,ok,-11.047323141292349,5.1837329644501916e-20,-3.492995948509562,-2.888954648057252,-2.58139291903223,8,107,True,
5min,2024-12-18,2024-12-18,2024-12-18,108,lag_sensitivity,KPSS,c,level_or_trend_stationarity,,Bartlett_short_bandwidth,False,ok,0.16002382292948356,0.3611433436003199,0.7428,0.4614,0.3475,8,108,False,
5min,2024-12-19,2024-12-19,2024-12-19,108,main,ADF,c,unit_root,12.0,bic,False,ok,-13.496058600312061,3.0403368592272415e-25,-3.492995948509562,-2.888954648057252,-2.58139291903223,0,107,True,
5min,2024-12-19,2024-12-19,2024-12-19,108,main,PP,c,unit_root,,Bartlett_short_bandwidth,False,ok,-13.738301393064884,1.1066110381693366e-25,-3.492995948509562,-2.888954648057252,-2.58139291903223,4,107,True,
5min,2024-12-19,2024-12-19,2024-12-19,108,main,KPSS,c,level_or_trend_stationarity,,Bartlett_short_bandwidth,False,ok,0.03901304878579705,0.9383239574880788,0.7428,0.4614,0.3475,4,108,False,
5min,2024-12-19,2024-12-19,2024-12-19,108,trend_sensitivity,ADF,ct,unit_root,12.0,bic,False,ok,-13.425409932773292,4.190545413589342e-21,-4.045970933273362,-3.452348053635668,-3.1515755794286404,0,107,True,
5min,2024-12-19,2024-12-19,2024-12-19,108,trend_sensitivity,PP,ct,unit_root,,Bartlett_short_bandwidth,False,ok,-13.662395860680808,2.3274842978030926e-21,-4.045970933273362,-3.452348053635668,-3.1515755794286404,4,107,True,
5min,2024-12-19,2024-12-19,2024-12-19,108,trend_sensitivity,KPSS,ct,level_or_trend_stationarity,,Bartlett_short_bandwidth,False,ok,0.039717422627118575,0.7263977989642195,0.2175,0.1479,0.1193,4,108,False,
5min,2024-12-19,2024-12-19,2024-12-19,108,lag_sensitivity,ADF,c,unit_root,12.0,aic,False,ok,-4.007881162059127,0.0013698007873772797,-3.5003788874873405,-2.8921519665075235,-2.5830997960069446,11,96,True,
5min,2024-12-19,2024-12-19,2024-12-19,108,lag_sensitivity,PP,c,unit_root,,Bartlett_short_bandwidth,False,ok,-14.521190309446613,5.520871769358746e-27,-3.492995948509562,-2.888954648057252,-2.58139291903223,8,107,True,
5min,2024-12-19,2024-12-19,2024-12-19,108,lag_sensitivity,KPSS,c,level_or_trend_stationarity,,Bartlett_short_bandwidth,False,ok,0.05480393344290504,0.8469185485415232,0.7428,0.4614,0.3475,8,108,False,
5min,2024-12-20,2024-12-20,2024-12-20,108,main,ADF,c,unit_root,12.0,bic,False,ok,-10.973455042332091,7.775321208898991e-20,-3.492995948509562,-2.888954648057252,-2.58139291903223,0,107,True,
5min,2024-12-20,2024-12-20,2024-12-20,108,main,PP,c,unit_root,,Bartlett_short_bandwidth,False,ok,-11.036149212109361,5.510922170751232e-20,-3.492995948509562,-2.888954648057252,-2.58139291903223,4,107,True,
5min,2024-12-20,2024-12-20,2024-12-20,108,main,KPSS,c,level_or_trend_stationarity,,Bartlett_short_bandwidth,False,ok,0.10029553848552702,0.584059911127274,0.7428,0.4614,0.3475,4,108,False,
5min,2024-12-20,2024-12-20,2024-12-20,108,trend_sensitivity,ADF,ct,unit_root,12.0,bic,False,ok,-10.95767337651395,2.6799310652996627e-17,-4.045970933273362,-3.452348053635668,-3.1515755794286404,0,107,True,
5min,2024-12-20,2024-12-20,2024-12-20,108,trend_sensitivity,PP,ct,unit_root,,Bartlett_short_bandwidth,False,ok,-11.023096165345663,2.012100391798502e-17,-4.045970933273362,-3.452348053635668,-3.1515755794286404,4,107,True,
5min,2024-12-20,2024-12-20,2024-12-20,108,trend_sensitivity,KPSS,ct,level_or_trend_stationarity,,Bartlett_short_bandwidth,False,ok,0.05004796412817783,0.5740981749556582,0.2175,0.1479,0.1193,4,108,False,
5min,2024-12-20,2024-12-20,2024-12-20,108,lag_sensitivity,ADF,c,unit_root,12.0,aic,False,ok,-10.973455042332091,7.775321208898991e-20,-3.492995948509562,-2.888954648057252,-2.58139291903223,0,107,True,
5min,2024-12-20,2024-12-20,2024-12-20,108,lag_sensitivity,PP,c,unit_root,,Bartlett_short_bandwidth,False,ok,-11.189213280789915,2.3921672116161854e-20,-3.492995948509562,-2.888954648057252,-2.58139291903223,8,107,True,
5min,2024-12-20,2024-12-20,2024-12-20,108,lag_sensitivity,KPSS,c,level_or_trend_stationarity,,Bartlett_short_bandwidth,False,ok,0.12153032516787494,0.4900118743373357,0.7428,0.4614,0.3475,8,108,False,
5min,2024-12-23,2024-12-23,2024-12-23,108,main,ADF,c,unit_root,12.0,bic,False,ok,-9.380203562911237,6.990422502071794e-16,-3.492995948509562,-2.888954648057252,-2.58139291903223,0,107,True,
5min,2024-12-23,2024-12-23,2024-12-23,108,main,PP,c,unit_root,,Bartlett_short_bandwidth,False,ok,-9.367061005360648,7.550491684704753e-16,-3.492995948509562,-2.888954648057252,-2.58139291903223,4,107,True,
5min,2024-12-23,2024-12-23,2024-12-23,108,main,KPSS,c,level_or_trend_stationarity,,Bartlett_short_bandwidth,False,ok,0.1233651438847145,0.4827691688761269,0.7428,0.4614,0.3475,4,108,False,
5min,2024-12-23,2024-12-23,2024-12-23,108,trend_sensitivity,ADF,ct,unit_root,12.0,bic,False,ok,-9.349478367053338,5.977289758945238e-14,-4.045970933273362,-3.452348053635668,-3.1515755794286404,0,107,True,
5min,2024-12-23,2024-12-23,2024-12-23,108,trend_sensitivity,PP,ct,unit_root,,Bartlett_short_bandwidth,False,ok,-9.335885397112149,6.407682975842914e-14,-4.045970933273362,-3.452348053635668,-3.1515755794286404,4,107,True,
5min,2024-12-23,2024-12-23,2024-12-23,108,trend_sensitivity,KPSS,ct,level_or_trend_stationarity,,Bartlett_short_bandwidth,False,ok,0.06829538485013778,0.36266300142725927,0.2175,0.1479,0.1193,4,108,False,
5min,2024-12-23,2024-12-23,2024-12-23,108,lag_sensitivity,ADF,c,unit_root,12.0,aic,False,ok,-9.380203562911237,6.990422502071794e-16,-3.492995948509562,-2.888954648057252,-2.58139291903223,0,107,True,
5min,2024-12-23,2024-12-23,2024-12-23,108,lag_sensitivity,PP,c,unit_root,,Bartlett_short_bandwidth,False,ok,-9.335057561389538,9.109915887330073e-16,-3.492995948509562,-2.888954648057252,-2.58139291903223,8,107,True,
5min,2024-12-23,2024-12-23,2024-12-23,108,lag_sensitivity,KPSS,c,level_or_trend_stationarity,,Bartlett_short_bandwidth,False,ok,0.1417358748780766,0.41635937539078016,0.7428,0.4614,0.3475,8,108,False,
5min,2024-12-26,2024-12-26,2024-12-26,108,main,ADF,c,unit_root,12.0,bic,False,ok,-8.466070657442648,1.5213316033515965e-13,-3.492995948509562,-2.888954648057252,-2.58139291903223,0,107,True,
5min,2024-12-26,2024-12-26,2024-12-26,108,main,PP,c,unit_root,,Bartlett_short_bandwidth,False,ok,-8.402214258531156,2.2156917841442329e-13,-3.492995948509562,-2.888954648057252,-2.58139291903223,4,107,True,
5min,2024-12-26,2024-12-26,2024-12-26,108,main,KPSS,c,level_or_trend_stationarity,,Bartlett_short_bandwidth,False,ok,0.19558408534573565,0.27669787187110656,0.7428,0.4614,0.3475,4,108,False,
5min,2024-12-26,2024-12-26,2024-12-26,108,trend_sensitivity,ADF,ct,unit_root,12.0,bic,False,ok,-8.615784122876974,2.7209359888190025e-12,-4.045970933273362,-3.452348053635668,-3.1515755794286404,0,107,True,
5min,2024-12-26,2024-12-26,2024-12-26,108,trend_sensitivity,PP,ct,unit_root,,Bartlett_short_bandwidth,False,ok,-8.53319338486548,4.209014735908879e-12,-4.045970933273362,-3.452348053635668,-3.1515755794286404,4,107,True,
5min,2024-12-26,2024-12-26,2024-12-26,108,trend_sensitivity,KPSS,ct,level_or_trend_stationarity,,Bartlett_short_bandwidth,False,ok,0.032935796814378984,0.8300618115532502,0.2175,0.1479,0.1193,4,108,False,
5min,2024-12-26,2024-12-26,2024-12-26,108,lag_sensitivity,ADF,c,unit_root,12.0,aic,False,ok,-4.649383262061919,0.00010464151913329229,-3.4948504603223145,-2.889758398668639,-2.5818220155325444,3,104,True,
5min,2024-12-26,2024-12-26,2024-12-26,108,lag_sensitivity,PP,c,unit_root,,Bartlett_short_bandwidth,False,ok,-8.410640798445309,2.1084722158601343e-13,-3.492995948509562,-2.888954648057252,-2.58139291903223,8,107,True,
5min,2024-12-26,2024-12-26,2024-12-26,108,lag_sensitivity,KPSS,c,level_or_trend_stationarity,,Bartlett_short_bandwidth,False,ok,0.20037956159155473,0.26729497727146134,0.7428,0.4614,0.3475,8,108,False,
5min,2024-12-27,2024-12-27,2024-12-27,108,main,ADF,c,unit_root,12.0,bic,False,ok,-9.032604611940481,5.394223779529416e-15,-3.492995948509562,-2.888954648057252,-2.58139291903223,0,107,True,
5min,2024-12-27,2024-12-27,2024-12-27,108,main,PP,c,unit_root,,Bartlett_short_bandwidth,False,ok,-9.022722043452896,5.7175521118463364e-15,-3.492995948509562,-2.888954648057252,-2.58139291903223,4,107,True,
5min,2024-12-27,2024-12-27,2024-12-27,108,main,KPSS,c,level_or_trend_stationarity,,Bartlett_short_bandwidth,False,ok,0.06474726431966352,0.7850947296186724,0.7428,0.4614,0.3475,4,108,False,
5min,2024-12-27,2024-12-27,2024-12-27,108,trend_sensitivity,ADF,ct,unit_root,12.0,bic,False,ok,-9.031119919095607,3.086966041584691e-13,-4.045970933273362,-3.452348053635668,-3.1515755794286404,0,107,True,
5min,2024-12-27,2024-12-27,2024-12-27,108,trend_sensitivity,PP,ct,unit_root,,Bartlett_short_bandwidth,False,ok,-9.021186800220168,3.250565292436495e-13,-4.045970933273362,-3.452348053635668,-3.1515755794286404,4,107,True,
5min,2024-12-27,2024-12-27,2024-12-27,108,trend_sensitivity,KPSS,ct,level_or_trend_stationarity,,Bartlett_short_bandwidth,False,ok,0.04617951002350753,0.628307349647387,0.2175,0.1479,0.1193,4,108,False,
5min,2024-12-27,2024-12-27,2024-12-27,108,lag_sensitivity,ADF,c,unit_root,12.0,aic,False,ok,-9.032604611940481,5.394223779529416e-15,-3.492995948509562,-2.888954648057252,-2.58139291903223,0,107,True,
5min,2024-12-27,2024-12-27,2024-12-27,108,lag_sensitivity,PP,c,unit_root,,Bartlett_short_bandwidth,False,ok,-8.984658228360137,7.154856406929811e-15,-3.492995948509562,-2.888954648057252,-2.58139291903223,8,107,True,
5min,2024-12-27,2024-12-27,2024-12-27,108,lag_sensitivity,KPSS,c,level_or_trend_stationarity,,Bartlett_short_bandwidth,False,ok,0.07032558704450324,0.7504108577543839,0.7428,0.4614,0.3475,8,108,False,
5min,2024-12-30,2024-12-30,2024-12-30,108,main,ADF,c,unit_root,12.0,bic,False,ok,-11.165434780400135,2.7217769681099204e-20,-3.492995948509562,-2.888954648057252,-2.58139291903223,0,107,True,
5min,2024-12-30,2024-12-30,2024-12-30,108,main,PP,c,unit_root,,Bartlett_short_bandwidth,False,ok,-11.396694379609901,7.826796278643571e-21,-3.492995948509562,-2.888954648057252,-2.58139291903223,4,107,True,
5min,2024-12-30,2024-12-30,2024-12-30,108,main,KPSS,c,level_or_trend_stationarity,,Bartlett_short_bandwidth,False,ok,0.07673026444169596,0.7114553007828691,0.7428,0.4614,0.3475,4,108,False,
5min,2024-12-30,2024-12-30,2024-12-30,108,trend_sensitivity,ADF,ct,unit_root,12.0,bic,False,ok,-11.132115501450892,1.2550581626846968e-17,-4.045970933273362,-3.452348053635668,-3.1515755794286404,0,107,True,
5min,2024-12-30,2024-12-30,2024-12-30,108,trend_sensitivity,PP,ct,unit_root,,Bartlett_short_bandwidth,False,ok,-11.366350338429484,4.665358092125801e-18,-4.045970933273362,-3.452348053635668,-3.1515755794286404,4,107,True,
5min,2024-12-30,2024-12-30,2024-12-30,108,trend_sensitivity,KPSS,ct,level_or_trend_stationarity,,Bartlett_short_bandwidth,False,ok,0.07247209876081455,0.32606584365987873,0.2175,0.1479,0.1193,4,108,False,
5min,2024-12-30,2024-12-30,2024-12-30,108,lag_sensitivity,ADF,c,unit_root,12.0,aic,False,ok,-11.165434780400135,2.7217769681099204e-20,-3.492995948509562,-2.888954648057252,-2.58139291903223,0,107,True,
5min,2024-12-30,2024-12-30,2024-12-30,108,lag_sensitivity,PP,c,unit_root,,Bartlett_short_bandwidth,False,ok,-11.50720834872007,4.346619091144692e-21,-3.492995948509562,-2.888954648057252,-2.58139291903223,8,107,True,
5min,2024-12-30,2024-12-30,2024-12-30,108,lag_sensitivity,KPSS,c,level_or_trend_stationarity,,Bartlett_short_bandwidth,False,ok,0.08521285570762333,0.6628389688675091,0.7428,0.4614,0.3475,8,108,False,
