p,q,nobs,parameters,sequence,trend,llf,aic,bic,mu_pct,sigma2_pct,sigma_pct,ar,ma,params_json,converged,min_ar_root,min_ma_root,method,attempts,numerical_attempts,status,delta_bic,selected,scale
0,0,132840,2,annual_trading_time,c,268306.7097904363,-536609.4195808726,-536589.8257795216,-0.0001221282131312,0.0010307959202344,0.0321060106558634,[],[],"[-0.0001221282131312408, 0.0010307959202344168]",True,inf,inf,closed_form_gaussian_ml,1,"[{""method"": ""closed_form_gaussian_ml"", ""converged"": true, ""message"": ""mu=sample_mean; sigma2=sample_variance_ddof0"", ""iterations"": 0}]",eligible,1.2399190565338358,False,1min
0,1,132840,3,annual_trading_time,c,268311.11050708755,-536616.2210141751,-536586.8303121487,-0.0001221219317556,0.0010307276063991,0.032104946759014,[],[-0.00816113703273181],"[-0.0001221219317556912, -0.00816113703273181, 0.001030727606399128]",True,inf,122.53194573125138,innovations_mle_gls,1,"[{""method"": ""innovations_mle_gls"", ""converged"": true, ""message"": ""CONVERGENCE: NORM OF PROJECTED GRADIENT <= PGTOL"", ""iterations"": 1, ""gls_iterations"": 2, ""gradient_per_observation"": 0.0, ""warning"": """"}]",eligible,4.235386429470964,False,1min
1,0,132840,3,annual_trading_time,c,268311.08731721534,-536616.1746344307,-536586.7839324042,-0.0001221220134365,0.0010307279806793,0.0321049525880251,[-0.008118305315019331],[],"[-0.00012212201343652816, -0.008118305315019331, 0.0010307279806793404]",True,123.1784173169667,inf,innovations_mle_gls,1,"[{""method"": ""innovations_mle_gls"", ""converged"": true, ""message"": ""CONVERGENCE: RELATIVE REDUCTION OF F <= FACTR*EPSMCH"", ""iterations"": 1, ""gls_iterations"": 2, ""gradient_per_observation"": 2.1908935905530373e-08, ""warning"": """"}]",eligible,4.281766173895448,False,1min
0,2,132840,4,annual_trading_time,c,268311.547660942,-536615.0953218839,-536575.907719182,-0.0001221200498623,0.0010307208304751,0.0321048412311153,[],"[-0.008124211133492959, -0.0025547755112691932]","[-0.00012212004986235074, -0.008124211133492959, -0.0025547755112691932, 0.0010307208304751268]",True,inf,18.25821768435227,innovations_mle_gls,1,"[{""method"": ""innovations_mle_gls"", ""converged"": true, ""message"": ""CONVERGENCE: RELATIVE REDUCTION OF F <= FACTR*EPSMCH"", ""iterations"": 1, ""gls_iterations"": 2, ""gradient_per_observation"": 2.1908935905530373e-08, ""warning"": """"}]",eligible,15.157979396171868,False,1min
1,1,132840,4,annual_trading_time,c,268311.337335598,-536614.6746711959,-536575.487068494,-0.0001221206924844,0.0010307241880389,0.0321048935216886,[0.15384007204229386],[-0.16208774666365527],"[-0.00012212069248441958, 0.15384007204229386, -0.16208774666365527, 0.0010307241880389646]",True,6.500256966371408,6.169497821911721,innovations_mle_gls,1,"[{""method"": ""innovations_mle_gls"", ""converged"": true, ""message"": ""CONVERGENCE: RELATIVE REDUCTION OF F <= FACTR*EPSMCH"", ""iterations"": 1, ""gls_iterations"": 2, ""gradient_per_observation"": 2.1908935916932156e-07, ""warning"": """"}]",eligible,15.578630084171891,False,1min
2,0,132840,4,annual_trading_time,c,268311.5689453784,-536615.1378907568,-536575.9502880549,-0.0001221200319194,0.0010307204915676,0.0321048359529779,"[-0.008140237246708336, -0.002692886614444603]",[],"[-0.00012212003191949873, -0.008140237246708336, -0.002692886614444603, 0.0010307204915676281]",True,19.270410503496134,inf,innovations_mle_gls,1,"[{""method"": ""innovations_mle_gls"", ""converged"": true, ""message"": ""CONVERGENCE: RELATIVE REDUCTION OF F <= FACTR*EPSMCH"", ""iterations"": 1, ""gls_iterations"": 2, ""gradient_per_observation"": 2.190893579531313e-08, ""warning"": """"}]",eligible,15.115410523256289,False,1min
0,3,132840,5,annual_trading_time,c,268312.1760339985,-536614.352067997,-536565.3675646195,-0.0001221229309693,0.0010307111193477,0.0321046899899029,[],"[-0.008158482740822271, -0.002557395677622276, 0.0030477454133246173]","[-0.00012212293096933958, -0.008158482740822271, -0.002557395677622276, 0.0030477454133246173, 0.0010307111193477746]",True,inf,6.752761792492528,innovations_mle_gls,1,"[{""method"": ""innovations_mle_gls"", ""converged"": true, ""message"": ""CONVERGENCE: RELATIVE REDUCTION OF F <= FACTR*EPSMCH"", ""iterations"": 1, ""gls_iterations"": 2, ""gradient_per_observation"": 2.190893579531313e-08, ""warning"": """"}]",eligible,25.69813395862002,False,1min
1,2,132840,5,annual_trading_time,c,268311.67130162683,-536613.3426032537,-536564.3580998762,-0.0001221202831492,0.0010307189201588,0.0321048114798836,[-0.19906277881227327],"[0.19093474731661722, -0.004451115964379173]","[-0.00012212028314927438, -0.19906277881227327, 0.19093474731661722, -0.004451115964379173, 0.001030718920158866]",True,5.023540844584778,4.718386969210236,innovations_mle_gls,1,"[{""method"": ""innovations_mle_gls"", ""converged"": true, ""message"": ""CONVERGENCE: RELATIVE REDUCTION OF F <= FACTR*EPSMCH"", ""iterations"": 1, ""gls_iterations"": 2, ""gradient_per_observation"": 4.3817871811060746e-08, ""warning"": """"}]",eligible,26.70759870193433,False,1min
2,1,132840,5,annual_trading_time,c,268311.6902933092,-536613.3805866183,-536564.3960832409,-0.0001221202827238,0.0010307186697287,0.0321048075796877,"[-0.20087090922718623, -0.004521376024399986]",[0.19273026044008107],"[-0.00012212028272386825, -0.20087090922718623, -0.004521376024399986, 0.19273026044008107, 0.0010307186697287752]",True,5.71296538201922,5.18859881015361,innovations_mle_gls,1,"[{""method"": ""innovations_mle_gls"", ""converged"": true, ""message"": ""CONVERGENCE: RELATIVE REDUCTION OF F <= FACTR*EPSMCH"", ""iterations"": 3, ""gls_iterations"": 2, ""gradient_per_observation"": 1.533625513387126e-07, ""warning"": """"}]",eligible,26.6696153372759,False,1min
3,0,132840,5,annual_trading_time,c,268312.17074948986,-536614.3414989797,-536565.3569956023,-0.0001221228677069,0.0010307111721828,0.032104690812759,"[-0.00813208394449348, -0.002668350774970139, 0.003010145312826436]",[],"[-0.0001221228677069391, -0.00813208394449348, -0.002668350774970139, 0.003010145312826436, 0.001030711172182852]",True,6.714005650224791,inf,innovations_mle_gls,1,"[{""method"": ""innovations_mle_gls"", ""converged"": true, ""message"": ""CONVERGENCE: RELATIVE REDUCTION OF F <= FACTR*EPSMCH"", ""iterations"": 1, ""gls_iterations"": 2, ""gradient_per_observation"": 2.1908935905530373e-08, ""warning"": """"}]",eligible,25.70870297588408,False,1min
0,4,132840,6,annual_trading_time,c,268313.42600762827,-536614.8520152565,-536556.0706112036,-0.0001221274835478,0.0010306916771029,0.0321043871940107,[],"[-0.008113575906850867, -0.0026504460665049802, 0.0030492870822998075, 0.004352391877275832]","[-0.00012212748354786435, -0.008113575906850867, -0.0026504460665049802, 0.0030492870822998075, 0.004352391877275832, 0.0010306916771029603]",True,inf,3.752051052862617,innovations_mle_gls,1,"[{""method"": ""innovations_mle_gls"", ""converged"": true, ""message"": ""CONVERGENCE: NORM OF PROJECTED GRADIENT <= PGTOL"", ""iterations"": 1, ""gls_iterations"": 2, ""gradient_per_observation"": 0.0, ""warning"": """"}]",eligible,34.99508737458382,False,1min
1,3,132840,6,annual_trading_time,c,268312.8008132833,-536613.6016265666,-536554.8202225136,-0.0001221275882478,0.001030701223455,0.0321045358704196,[0.49225988695916173],"[-0.500414043162754, 0.001435132645002024, 0.005038502592895427]","[-0.00012212758824781846, 0.49225988695916173, -0.500414043162754, 0.001435132645002024, 0.005038502592895427, 0.0010307012234550604]",True,2.0314472629027374,2.104960718943937,innovations_mle_gls,1,"[{""method"": ""innovations_mle_gls"", ""converged"": true, ""message"": ""CONVERGENCE: RELATIVE REDUCTION OF F <= FACTR*EPSMCH"", ""iterations"": 1, ""gls_iterations"": 2, ""gradient_per_observation"": 1.533625505671919e-07, ""warning"": """"}]",eligible,36.245476064505056,False,1min
2,2,132840,6,annual_trading_time,c,268330.9235513156,-536649.8471026311,-536591.0656985781,-0.0001221253559589,0.0010304201988435,0.0321001588600985,"[1.5253183225450053, -0.9384256936919236]","[-1.531026262223207, 0.9449582170375875]","[-0.0001221253559589659, 1.5253183225450053, -0.9384256936919236, -1.531026262223207, 0.9449582170375875, 0.0010304201988435618]",True,1.0322860417050257,1.0287117421277991,innovations_mle_gls,1,"[{""method"": ""innovations_mle_gls"", ""converged"": true, ""message"": ""CONVERGENCE: RELATIVE REDUCTION OF F <= FACTR*EPSMCH"", ""iterations"": 1, ""gls_iterations"": 2, ""gradient_per_observation"": 1.3145361623130709e-07, ""warning"": """"}]",eligible,0.0,True,1min
3,1,132840,6,annual_trading_time,c,268312.78936619684,-536613.5787323937,-536554.7973283407,-0.00012212748053,0.0010307018227352,0.0321045452036815,"[0.484750253513141, 0.001349782159928242, 0.005056983584294305]",[-0.4928895372875325],"[-0.0001221274805300182, 0.484750253513141, 0.001349782159928242, 0.005056983584294305, -0.4928895372875325, 0.001030701822735229]",True,1.972078476980224,2.028852155197279,innovations_mle_gls,1,"[{""method"": ""innovations_mle_gls"", ""converged"": true, ""message"": ""CONVERGENCE: RELATIVE REDUCTION OF F <= FACTR*EPSMCH"", ""iterations"": 2, ""gls_iterations"": 2, ""gradient_per_observation"": 2.190893579531313e-07, ""warning"": """"}]",eligible,36.26837023743428,False,1min
4,0,132840,6,annual_trading_time,c,268313.4290026544,-536614.8580053088,-536556.0766012558,-0.000122127416272,0.0010306916352611,0.0321043865423589,"[-0.008145196093528807, -0.0026567164752341137, 0.0030455802232830483, 0.004352531459127611]",[],"[-0.0001221274162720112, -0.008145196093528807, -0.0026567164752341137, 0.0030455802232830483, 0.004352531459127611, 0.001030691635261198]",True,3.7949242161379946,inf,innovations_mle_gls,1,"[{""method"": ""innovations_mle_gls"", ""converged"": true, ""message"": ""CONVERGENCE: NORM OF PROJECTED GRADIENT <= PGTOL"", ""iterations"": 1, ""gls_iterations"": 2, ""gradient_per_observation"": 0.0, ""warning"": """"}]",eligible,34.98909732233733,False,1min
0,5,132840,7,annual_trading_time,c,268314.32868353435,-536614.6573670687,-536546.0790623403,-0.0001221228085867,0.0010306776720956,0.0321041690765497,[],"[-0.00805912431278472, -0.0026937013882402053, 0.0030369166573651473, 0.004357443893045946, -0.0037260066300498526]","[-0.0001221228085867991, -0.00805912431278472, -0.0026937013882402053, 0.0030369166573651473, 0.004357443893045946, -0.0037260066300498526, 0.0010306776720956944]",True,inf,2.909741972273651,innovations_mle_gls,1,"[{""method"": ""innovations_mle_gls"", ""converged"": true, ""message"": ""CONVERGENCE: RELATIVE REDUCTION OF F <= FACTR*EPSMCH"", ""iterations"": 1, ""gls_iterations"": 2, ""gradient_per_observation"": 2.1908935905530373e-08, ""warning"": """"}]",eligible,44.98663623782341,False,1min
1,4,132840,7,annual_trading_time,c,268317.0818233221,-536620.1636466442,-536551.5853419158,-0.0001221260900112,0.0010306348015084,0.0321035013901662,[-0.6960737161270903],"[0.6880177708911646, -0.008287639066297104, 0.0011449714667286816, 0.00833112038216174]","[-0.00012212609001129786, -0.6960737161270903, 0.6880177708911646, -0.008287639066297104, 0.0011449714667286816, 0.00833112038216174, 0.0010306348015084084]",True,1.4366294500587324,1.4797388832757772,innovations_mle_gls,1,"[{""method"": ""innovations_mle_gls"", ""converged"": true, ""message"": ""CONVERGENCE: RELATIVE REDUCTION OF F <= FACTR*EPSMCH"", ""iterations"": 1, ""gls_iterations"": 3, ""gradient_per_observation"": 1.314536147718788e-07, ""warning"": """"}]",eligible,39.48035666230135,False,1min
2,3,132840,7,annual_trading_time,c,268331.5057345504,-536649.0114691007,-536580.4331643723,-0.0001221228381006,0.0010304113988264,0.0321000217885671,"[1.5301226904593508, -0.9426628293320145]","[-1.5384995595277051, 0.9537430585620726, -0.0031111240970674407]","[-0.00012212283810063718, 1.5301226904593508, -0.9426628293320145, -1.5384995595277051, 0.9537430585620726, -0.0031111240970674407, 0.0010304113988264848]",True,1.0299634391929895,1.02667642034786,innovations_mle_gls,1,"[{""method"": ""innovations_mle_gls"", ""converged"": true, ""message"": ""CONVERGENCE: RELATIVE REDUCTION OF F <= FACTR*EPSMCH"", ""iterations"": 1, ""gls_iterations"": 2, ""gradient_per_observation"": 2.629072295437576e-07, ""warning"": """"}]",eligible,10.632534205797128,False,1min
3,2,132840,7,annual_trading_time,c,268331.50439494883,-536649.0087898977,-536580.4304851693,-0.0001221228475338,0.001030410941145,0.0321000146595762,"[1.5268405451748228, -0.9376646391054155, -0.003083520418658373]","[-1.5352116226069201, 0.9487162991624369]","[-0.00012212284753387818, 1.5268405451748228, -0.9376646391054155, -0.003083520418658373, -1.5352116226069201, 0.9487162991624369, 0.0010304109411450118]",True,1.0299596793341803,1.026672239209192,innovations_mle_gls,1,"[{""method"": ""innovations_mle_gls"", ""converged"": true, ""message"": ""CONVERGENCE: RELATIVE REDUCTION OF F <= FACTR*EPSMCH"", ""iterations"": 1, ""gls_iterations"": 2, ""gradient_per_observation"": 1.9718042215781816e-07, ""warning"": """"}]",eligible,10.635213408851996,False,1min
4,1,132840,7,annual_trading_time,c,268317.0563750763,-536620.1127501526,-536551.5344454242,-0.0001221260468714,0.0010306353577748,0.0321035100538065,"[-0.7006629809899554, -0.008283405555244015, 0.0012126421592933067, 0.008271483600290036]",[0.6925631350163929],"[-0.00012212604687148788, -0.7006629809899554, -0.008283405555244015, 0.0012126421592933067, 0.008271483600290036, 0.6925631350163929, 0.0010306353577748597]",True,1.4090027397181473,1.443911680306706,innovations_mle_gls,1,"[{""method"": ""innovations_mle_gls"", ""converged"": true, ""message"": ""CONVERGENCE: RELATIVE REDUCTION OF F <= FACTR*EPSMCH"", ""iterations"": 1, ""gls_iterations"": 2, ""gradient_per_observation"": 4.3817871811060746e-08, ""warning"": """"}]",eligible,39.5312531539239,False,1min
5,0,132840,7,annual_trading_time,c,268314.3571273917,-536614.7142547834,-536546.135950055,-0.0001221227398022,0.0010306772416297,0.0321041623723429,"[-0.008128936696953753, -0.002645310727266647, 0.003035643941634039, 0.00432202445529234, -0.0037381814012649277]",[],"[-0.0001221227398022765, -0.008128936696953753, -0.002645310727266647, 0.003035643941634039, 0.00432202445529234, -0.0037381814012649277, 0.0010306772416297598]",True,2.90016682723033,inf,innovations_mle_gls,1,"[{""method"": ""innovations_mle_gls"", ""converged"": true, ""message"": ""CONVERGENCE: RELATIVE REDUCTION OF F <= FACTR*EPSMCH"", ""iterations"": 1, ""gls_iterations"": 2, ""gradient_per_observation"": 2.1908935905530373e-08, ""warning"": """"}]",eligible,44.92974852316547,False,1min
1,5,132840,8,annual_trading_time,c,268317.7737591476,-536619.5475182952,-536541.1723128913,-0.0001221221584909,0.0010306243470618,0.0321033385656674,[-0.6048827374069528],"[0.5968392901779107, -0.007521412289264365, 0.0013996789136559759, 0.006235278632173383, -0.0038205908265368407]","[-0.00012212215849097938, -0.6048827374069528, 0.5968392901779107, -0.007521412289264365, 0.0013996789136559759, 0.006235278632173383, -0.0038205908265368407, 0.0010306243470618735]",True,1.653212991805419,1.9242083256053129,innovations_mle_gls,1,"[{""method"": ""innovations_mle_gls"", ""converged"": true, ""message"": ""CONVERGENCE: RELATIVE REDUCTION OF F <= FACTR*EPSMCH"", ""iterations"": 1, ""gls_iterations"": 2, ""gradient_per_observation"": 1.314536147718788e-07, ""warning"": """"}]",eligible,49.89338568679523,False,1min
2,4,132840,8,annual_trading_time,c,268323.7640148251,-536631.5280296502,-536553.1528242463,-0.0001221216193963,0.0010305309819736,0.0321018843991073,"[-1.1754557205688065, -0.8607970266007188]","[1.1674430853823932, 0.8487609204127256, -0.0055092857074682524, 0.0046712243590248306]","[-0.00012212161939631814, -1.1754557205688065, -0.8607970266007188, 1.1674430853823932, 0.8487609204127256, -0.0055092857074682524, 0.0046712243590248306, 0.001030530981973653]",True,1.0778283954320729,1.0785049907364392,innovations_mle_gls,1,"[{""method"": ""innovations_mle_gls"", ""converged"": true, ""message"": ""CONVERGENCE: RELATIVE REDUCTION OF F <= FACTR*EPSMCH"", ""iterations"": 1, ""gls_iterations"": 2, ""gradient_per_observation"": 1.7308059278297374e-06, ""warning"": """"}]",eligible,37.91287433181424,False,1min
3,3,132840,8,annual_trading_time,c,268319.2731714862,-536622.5463429724,-536544.1711375685,-0.000122112285136,0.0010306012740664,0.0321029792085792,"[-0.01520595736545638, 0.10421136369822909, 0.8478526374332941]","[0.010986769845449385, -0.10807064498082183, -0.842117074880676]","[-0.0001221122851360117, -0.01520595736545638, 0.10421136369822909, 0.8478526374332941, 0.010986769845449385, -0.10807064498082183, -0.842117074880676, 0.0010306012740664682]",True,1.0225750451424571,1.0217970211578016,innovations_mle_gls,1,"[{""method"": ""innovations_mle_gls"", ""converged"": true, ""message"": ""CONVERGENCE: RELATIVE REDUCTION OF F <= FACTR*EPSMCH"", ""iterations"": 1, ""gls_iterations"": 3, ""gradient_per_observation"": 3.5054297467091447e-07, ""warning"": """"}]",eligible,46.894561009597965,False,1min
4,2,132840,8,annual_trading_time,c,268323.8048235179,-536631.6096470358,-536553.2344416319,-0.0001221216071795,0.0010305307735764,0.0321018811532349,"[-1.1870795333256012, -0.8701677617893591, -0.005587076828123941, 0.004659807054027863]","[1.1790515957657233, 0.8580916724942556]","[-0.00012212160717954746, -1.1870795333256012, -0.8701677617893591, -0.005587076828123941, 0.004659807054027863, 1.1790515957657233, 0.8580916724942556, 0.001030530773576423]",True,1.07878159778803,1.0795261235993048,innovations_mle_gls,1,"[{""method"": ""innovations_mle_gls"", ""converged"": true, ""message"": ""CONVERGENCE: RELATIVE REDUCTION OF F <= FACTR*EPSMCH"", ""iterations"": 1, ""gls_iterations"": 2, ""gradient_per_observation"": 1.183082532946909e-06, ""warning"": """"}]",eligible,37.83125694619957,False,1min
5,1,132840,8,annual_trading_time,c,268317.7619904453,-536619.5239808906,-536541.1487754867,-0.0001221220900581,0.0010306242698207,0.0321033373626603,"[-0.6091101817875267, -0.007532346900925238, 0.0014316835745578952, 0.006130331771416385, -0.0038393729611793112]",[0.601032241802015],"[-0.0001221220900581539, -0.6091101817875267, -0.007532346900925238, 0.0014316835745578952, 0.006130331771416385, -0.0038393729611793112, 0.601032241802015, 0.0010306242698207857]",True,1.5622697661423723,1.6638042528330923,innovations_mle_gls,1,"[{""method"": ""innovations_mle_gls"", ""converged"": true, ""message"": ""CONVERGENCE: RELATIVE REDUCTION OF F <= FACTR*EPSMCH"", ""iterations"": 1, ""gls_iterations"": 2, ""gradient_per_observation"": 1.533625513387126e-07, ""warning"": """"}]",eligible,49.91692309139762,False,1min
2,5,132840,9,annual_trading_time,c,268317.11089088523,-536616.2217817705,-536528.049675691,-0.0001221247201906,0.0010306347144367,0.0321035000340583,"[-0.15385890319949713, 0.36621546209169004]","[0.145804054472468, -0.3701361965138952, 0.00554210668022494, 0.007345237484597967, -0.005056978545586613]","[-0.0001221247201906546, -0.15385890319949713, 0.36621546209169004, 0.145804054472468, -0.3701361965138952, 0.00554210668022494, 0.007345237484597967, -0.005056978545586613, 0.0010306347144367857]",True,1.4556952015645317,1.5050320012359106,innovations_mle_gls,1,"[{""method"": ""innovations_mle_gls"", ""converged"": true, ""message"": ""CONVERGENCE: RELATIVE REDUCTION OF F <= FACTR*EPSMCH"", ""iterations"": 1, ""gls_iterations"": 2, ""gradient_per_observation"": 1.971804232523894e-07, ""warning"": """"}]",eligible,63.01602288708091,False,1min
3,4,132840,9,annual_trading_time,c,268322.5398269189,-536627.0796538378,-536538.9075477584,-0.000122120438788,0.0010305500874464,0.0321021819732929,"[-0.2788295318093174, 0.21280684530597926, 0.8130522692603249]","[0.2708425622605207, -0.22099950793645912, -0.8094779774874191, 0.010269175905644171]","[-0.00012212043878806903, -0.2788295318093174, 0.21280684530597926, 0.8130522692603249, 0.2708425622605207, -0.22099950793645912, -0.8094779774874191, 0.010269175905644171, 0.001030550087446415]",True,1.062542659729247,1.0629763489059272,innovations_mle_gls,1,"[{""method"": ""innovations_mle_gls"", ""converged"": true, ""message"": ""CONVERGENCE: RELATIVE REDUCTION OF F <= FACTR*EPSMCH"", ""iterations"": 4, ""gls_iterations"": 2, ""gradient_per_observation"": 1.8403506160645511e-06, ""warning"": """"}]",eligible,52.15815081971232,False,1min
4,3,132840,9,annual_trading_time,c,268323.6517607686,-536629.3035215372,-536541.1314154578,-0.0001221243179131,0.0010305321194516,0.0321019021157889,"[-0.7180692881626373, -0.2932178017291547, 0.4285897594466483, 0.00917293681031177]","[0.7100261748993817, 0.2843145477201834, -0.4278206786964285]","[-0.0001221243179131687, -0.7180692881626373, -0.2932178017291547, 0.4285897594466483, 0.00917293681031177, 0.7100261748993817, 0.2843145477201834, -0.4278206786964285, 0.001030532119451697]",True,1.0702562926550363,1.0704495531721223,innovations_mle_gls,1,"[{""method"": ""innovations_mle_gls"", ""converged"": true, ""message"": ""CONVERGENCE: RELATIVE REDUCTION OF F <= FACTR*EPSMCH"", ""iterations"": 1, ""gls_iterations"": 2, ""gradient_per_observation"": 2.125166772145374e-06, ""warning"": """"}]",eligible,49.93428312032484,False,1min
5,2,132840,9,annual_trading_time,c,268317.0888150951,-536616.1776301902,-536528.0055241107,-0.0001221246107644,0.0010306348532179,0.0321035021955224,"[-0.15420131857599328, 0.36289162851613155, 0.005639472299473902, 0.00722342523655446, -0.0050875437109132995]","[0.14610554258476566, -0.3667469536540383]","[-0.00012212461076445218, -0.15420131857599328, 0.36289162851613155, 0.005639472299473902, 0.00722342523655446, -0.0050875437109132995, 0.14610554258476566, -0.3667469536540383, 0.001030634853217916]",True,1.4250042274514716,1.464044433435465,innovations_mle_gls,1,"[{""method"": ""innovations_mle_gls"", ""converged"": true, ""message"": ""CONVERGENCE: RELATIVE REDUCTION OF F <= FACTR*EPSMCH"", ""iterations"": 1, ""gls_iterations"": 2, ""gradient_per_observation"": 2.629072310031859e-07, ""warning"": """"}]",eligible,63.06017446739133,False,1min
3,5,132840,10,annual_trading_time,c,268324.3588463668,-536628.7176927336,-536530.7486859787,-0.0001221113543093,0.0010305223273531,0.0321017495995651,"[-0.1919846177586116, 0.2902920631842412, 0.8410728757429611]","[0.1839626509468956, -0.2944592106273877, -0.8352158839984822, 0.009343515090217091, -0.005221840795871476]","[-0.0001221113543093062, -0.1919846177586116, 0.2902920631842412, 0.8410728757429611, 0.1839626509468956, -0.2944592106273877, -0.8352158839984822, 0.009343515090217091, -0.005221840795871476, 0.0010305223273531813]",True,1.0204134022044185,1.0197666149792348,innovations_mle_gls,1,"[{""method"": ""innovations_mle_gls"", ""converged"": true, ""message"": ""CONVERGENCE: RELATIVE REDUCTION OF F <= FACTR*EPSMCH"", ""iterations"": 1, ""gls_iterations"": 3, ""gradient_per_observation"": 1.4678986982859798e-06, ""warning"": """"}]",eligible,60.317012599436566,False,1min
4,4,132840,10,annual_trading_time,c,268336.592790753,-536653.185581506,-536555.2165747511,-0.0001221224956944,0.0010303322374952,0.0320987887231784,"[-0.4309783866374053, 1.0794005681219057, -0.36074698923714765, -0.9127469147719798]","[0.42327758338850485, -1.0826062816768605, 0.3689715096406597, 0.9167567575901144]","[-0.00012212249569441394, -0.4309783866374053, 1.0794005681219057, -0.36074698923714765, -0.9127469147719798, 0.42327758338850485, -1.0826062816768605, 0.3689715096406597, 0.9167567575901144, 0.001030332237495246]",True,1.0152744567040866,1.016423482362764,innovations_mle_gls,1,"[{""method"": ""innovations_mle_gls"", ""converged"": true, ""message"": ""CONVERGENCE: RELATIVE REDUCTION OF F <= FACTR*EPSMCH"", ""iterations"": 4, ""gls_iterations"": 2, ""gradient_per_observation"": 4.1626978011094946e-07, ""warning"": """"}]",eligible,35.84912382706534,False,1min
5,3,132840,10,annual_trading_time,c,268324.3998049217,-536628.7996098434,-536530.8306030885,-0.0001221113372828,0.0010305224417549,0.0321017513814275,"[-0.2028953300836247, 0.2931895007908545, 0.8445460268045555, 0.009400278713981663, -0.005224174101685827]","[0.1948605791769072, -0.2973776790439103, -0.8387235436531815]","[-0.00012211133728282447, -0.2028953300836247, 0.2931895007908545, 0.8445460268045555, 0.009400278713981663, -0.005224174101685827, 0.1948605791769072, -0.2973776790439103, -0.8387235436531815, 0.0010305224417549886]",True,1.020418071323834,1.0197708515862756,innovations_mle_gls,1,"[{""method"": ""innovations_mle_gls"", ""converged"": true, ""message"": ""CONVERGENCE: RELATIVE REDUCTION OF F <= FACTR*EPSMCH"", ""iterations"": 1, ""gls_iterations"": 2, ""gradient_per_observation"": 3.0234331397532124e-06, ""warning"": """"}]",eligible,60.23509548965376,False,1min
4,5,132840,11,annual_trading_time,c,268336.72101302433,-536651.4420260487,-536543.6761186182,-0.0001221202518773,0.0010303305846549,0.03209876297702,"[0.14877173128686094, 0.5157044499615198, -0.27835240928854504, -0.6321166966978771]","[-0.15703975984555385, -0.5195093537321737, 0.28536092370401284, 0.6408570100824293, -0.008441799789573734]","[-0.00012212025187735903, 0.14877173128686094, 0.5157044499615198, -0.27835240928854504, -0.6321166966978771, -0.15703975984555385, -0.5195093537321737, 0.28536092370401284, 0.6408570100824293, -0.008441799789573734, 0.0010303305846549116]",True,1.0297838115123763,1.0266074186020364,innovations_mle_gls,1,"[{""method"": ""innovations_mle_gls"", ""converged"": true, ""message"": ""CONVERGENCE: RELATIVE REDUCTION OF F <= FACTR*EPSMCH"", ""iterations"": 1, ""gls_iterations"": 2, ""gradient_per_observation"": 9.201753034031516e-07, ""warning"": """"}]",eligible,47.38957995991223,False,1min
5,4,132840,11,annual_trading_time,c,268336.77593790734,-536651.5518758147,-536543.7859683842,-0.0001221202030831,0.00103032934287,0.0320987436338253,"[0.14314319403419784, 0.5098399987418004, -0.2702591099447648, -0.63229011917714, -0.00849467190171801]","[-0.15147348950205486, -0.5137115308584984, 0.2772928018791657, 0.6410787362569733]","[-0.00012212020308315097, 0.14314319403419784, 0.5098399987418004, -0.2702591099447648, -0.63229011917714, -0.00849467190171801, -0.15147348950205486, -0.5137115308584984, 0.2772928018791657, 0.6410787362569733, 0.0010303293428700403]",True,1.029705529720422,1.0265388263146875,innovations_mle_gls,1,"[{""method"": ""innovations_mle_gls"", ""converged"": true, ""message"": ""CONVERGENCE: RELATIVE REDUCTION OF F <= FACTR*EPSMCH"", ""iterations"": 1, ""gls_iterations"": 2, ""gradient_per_observation"": 9.639931749937776e-07, ""warning"": """"}]",eligible,47.27973019389901,False,1min
5,5,132840,12,annual_trading_time,c,268344.95471025497,-536665.9094205099,-536548.3466124041,-0.0001221206821484,0.001030203110772,0.0320967772645804,"[-0.3522754459686051, 0.22733761799506877, 0.19760759147865986, -0.6267587012473468, -0.6135566901598353]","[0.3432053086721242, -0.23412305985875984, -0.19271321094658114, 0.6378368148027233, 0.6087064871787109]","[-0.00012212068214843542, -0.3522754459686051, 0.22733761799506877, 0.19760759147865986, -0.6267587012473468, -0.6135566901598353, 0.3432053086721242, -0.23412305985875984, -0.19271321094658114, 0.6378368148027233, 0.6087064871787109, 0.0010302031107720891]",True,1.0285287453372949,1.0254169823431047,innovations_mle_gls,1,"[{""method"": ""innovations_mle_gls"", ""converged"": true, ""message"": ""CONVERGENCE: RELATIVE REDUCTION OF F <= FACTR*EPSMCH"", ""iterations"": 1, ""gls_iterations"": 2, ""gradient_per_observation"": 2.6290723100318587e-06, ""warning"": """"}]",eligible,42.71908617403824,False,1min
0,0,26568,2,annual_trading_time,c,32438.815976148973,-64873.63195229795,-64857.25702677183,-0.0006106410656563,0.0050933298577037,0.071367568668855,[],[],"[-0.0006106410656563004, 0.00509332985770374]",True,inf,inf,closed_form_gaussian_ml,1,"[{""method"": ""closed_form_gaussian_ml"", ""converged"": true, ""message"": ""mu=sample_mean; sigma2=sample_variance_ddof0"", ""iterations"": 0}]",eligible,0.0,True,5min
0,1,26568,3,annual_trading_time,c,32438.895488480757,-64871.79097696151,-64847.22858867234,-0.0006106566036937,0.005093299343736,0.0713673548881844,[],[0.0024766804863631596],"[-0.0006106566036937628, 0.0024766804863631596, 0.005093299343736057]",True,inf,403.7662530577101,innovations_mle_gls,1,"[{""method"": ""innovations_mle_gls"", ""converged"": true, ""message"": ""CONVERGENCE: NORM OF PROJECTED GRADIENT <= PGTOL"", ""iterations"": 1, ""gls_iterations"": 2, ""gradient_per_observation"": 0.0, ""warning"": """"}]",eligible,10.028438099492632,False,5min
1,0,26568,3,annual_trading_time,c,32438.89357504397,-64871.78715008794,-64847.22476179877,-0.0006106562729607,0.0050933001133247,0.0713673602799258,[0.0024170316148685485],[],"[-0.0006106562729607555, 0.0024170316148685485, 0.005093300113324739]",True,413.73062472514886,inf,innovations_mle_gls,1,"[{""method"": ""innovations_mle_gls"", ""converged"": true, ""message"": ""CONVERGENCE: RELATIVE REDUCTION OF F <= FACTR*EPSMCH"", ""iterations"": 1, ""gls_iterations"": 2, ""gradient_per_observation"": 2.7386169744141412e-08, ""warning"": """"}]",eligible,10.032264973058773,False,5min
0,2,26568,4,annual_trading_time,c,32440.87384233188,-64873.74768466376,-64840.99783361153,-0.0006105673162388,0.0050925407830974,0.0713620402111473,[],"[0.002695383700353217, -0.012354876314268643]","[-0.0006105673162388926, 0.002695383700353217, -0.012354876314268643, 0.005092540783097408]",True,inf,8.888228947649546,innovations_mle_gls,1,"[{""method"": ""innovations_mle_gls"", ""converged"": true, ""message"": ""CONVERGENCE: RELATIVE REDUCTION OF F <= FACTR*EPSMCH"", ""iterations"": 1, ""gls_iterations"": 2, ""gradient_per_observation"": 2.7386169881912965e-08, ""warning"": """"}]",eligible,16.259193160301948,False,5min
1,1,26568,4,annual_trading_time,c,32439.47745209407,-64870.95490418814,-64838.20505313591,-0.0006105787977133,0.0050930755356639,0.0713657868706282,[0.9033421283467536],[-0.9063683675879614],"[-0.0006105787977133087, 0.9033421283467536, -0.9063683675879614, 0.0050930755356639315]",True,1.1070002921596762,1.10330417053412,innovations_mle_gls,1,"[{""method"": ""innovations_mle_gls"", ""converged"": true, ""message"": ""CONVERGENCE: RELATIVE REDUCTION OF F <= FACTR*EPSMCH"", ""iterations"": 1, ""gls_iterations"": 2, ""gradient_per_observation"": 1.0954468019275591e-07, ""warning"": """"}]",eligible,19.05197363592015,False,5min
2,0,26568,4,annual_trading_time,c,32440.80975355424,-64873.61950710848,-64840.86965605625,-0.0006105682000155,0.0050925654071616,0.0713622127400888,"[0.0024460776738103075, -0.012010287807112448]",[],"[-0.0006105682000155579, 0.0024460776738103075, -0.012010287807112448, 0.0050925654071616935]",True,9.124798706016891,inf,innovations_mle_gls,1,"[{""method"": ""innovations_mle_gls"", ""converged"": true, ""message"": ""CONVERGENCE: NORM OF PROJECTED GRADIENT <= PGTOL"", ""iterations"": 1, ""gls_iterations"": 2, ""gradient_per_observation"": 0.0, ""warning"": """"}]",eligible,16.38737071557989,False,5min
0,3,26568,5,annual_trading_time,c,32442.198797029203,-64874.397594058406,-64833.460280243125,-0.0006106505168312,0.0050920328563252,0.071358481320199,[],"[0.002812869358677559, -0.012287327200985536, 0.009990969305041978]","[-0.000610650516831203, 0.002812869358677559, -0.012287327200985536, 0.009990969305041978, 0.0050920328563252]",True,inf,4.248677558299276,innovations_mle_gls,1,"[{""method"": ""innovations_mle_gls"", ""converged"": true, ""message"": ""CONVERGENCE: RELATIVE REDUCTION OF F <= FACTR*EPSMCH"", ""iterations"": 1, ""gls_iterations"": 2, ""gradient_per_observation"": 2.7386169881912965e-08, ""warning"": """"}]",eligible,23.796746528707445,False,5min
1,2,26568,5,annual_trading_time,c,32443.8399725844,-64877.6799451688,-64836.74263135352,-0.0006106130235747,0.0050914070333182,0.0713540961215136,[-0.7303657235715455],"[0.7331181501720264, -0.011134080967150408]","[-0.0006106130235747397, -0.7303657235715455, 0.7331181501720264, -0.011134080967150408, 0.005091407033318212]",True,1.369177068044653,1.3368926387612703,innovations_mle_gls,1,"[{""method"": ""innovations_mle_gls"", ""converged"": true, ""message"": ""CONVERGENCE: RELATIVE REDUCTION OF F <= FACTR*EPSMCH"", ""iterations"": 1, ""gls_iterations"": 2, ""gradient_per_observation"": 6.57268073859394e-07, ""warning"": """"}]",eligible,20.51439541831496,False,5min
2,1,26568,5,annual_trading_time,c,32443.845211281696,-64877.69042256339,-64836.75310874811,-0.00061061400891,0.0050914022288078,0.0713540624548302,"[-0.7427969965208104, -0.011068162774037068]",[0.7455233527288421],"[-0.0006106140089100769, -0.7427969965208104, -0.011068162774037068, 0.7455233527288421, 0.00509140222880781]",True,1.374410240064293,1.3413396057141551,innovations_mle_gls,1,"[{""method"": ""innovations_mle_gls"", ""converged"": true, ""message"": ""CONVERGENCE: RELATIVE REDUCTION OF F <= FACTR*EPSMCH"", ""iterations"": 1, ""gls_iterations"": 2, ""gradient_per_observation"": 1.3693084872070706e-07, ""warning"": """"}]",eligible,20.50391802372178,False,5min
3,0,26568,5,annual_trading_time,c,32442.14703242868,-64874.29406485736,-64833.35675104208,-0.0006106512089299,0.0050920526211313,0.0713586198096024,"[0.0025666646679181593, -0.012034732406464585, 0.010033293611897165]",[],"[-0.0006106512089299112, 0.0025666646679181593, -0.012034732406464585, 0.010033293611897165, 0.00509205262113138]",True,4.44133965266433,inf,innovations_mle_gls,1,"[{""method"": ""innovations_mle_gls"", ""converged"": true, ""message"": ""CONVERGENCE: RELATIVE REDUCTION OF F <= FACTR*EPSMCH"", ""iterations"": 1, ""gls_iterations"": 2, ""gradient_per_observation"": 2.7386169744141412e-08, ""warning"": """"}]",eligible,23.90027572975669,False,5min
0,4,26568,6,annual_trading_time,c,32444.165069508505,-64876.33013901701,-64827.20536243867,-0.0006106182567407,0.0050912791129943,0.0713531997390047,[],"[0.0026469620830136976, -0.01214676561667013, 0.010166455715694871, -0.012230216255683383]","[-0.0006106182567407917, 0.0026469620830136976, -0.01214676561667013, 0.010166455715694871, -0.012230216255683383, 0.005091279112994311]",True,inf,2.742356163622416,innovations_mle_gls,1,"[{""method"": ""innovations_mle_gls"", ""converged"": true, ""message"": ""CONVERGENCE: NORM OF PROJECTED GRADIENT <= PGTOL"", ""iterations"": 1, ""gls_iterations"": 2, ""gradient_per_observation"": 0.0, ""warning"": """"}]",eligible,30.05166433316481,False,5min
1,3,26568,6,annual_trading_time,c,32443.873072305265,-64875.74614461053,-64826.62136803219,-0.0006106281964543,0.0050913908002532,0.0713539823713665,[-0.7017920414562341],"[0.7045345242825484, -0.010309881958880478, 0.002064515838842523]","[-0.0006106281964543093, -0.7017920414562341, 0.7045345242825484, -0.010309881958880478, 0.002064515838842523, 0.005091390800253282]",True,1.424923539920712,1.3836014112776056,innovations_mle_gls,1,"[{""method"": ""innovations_mle_gls"", ""converged"": true, ""message"": ""CONVERGENCE: RELATIVE REDUCTION OF F <= FACTR*EPSMCH"", ""iterations"": 1, ""gls_iterations"": 2, ""gradient_per_observation"": 2.7386169881912965e-08, ""warning"": """"}]",eligible,30.635658739643983,False,5min
2,2,26568,6,annual_trading_time,c,32443.87239850048,-64875.74479700095,-64826.62002042261,-0.0006106249220698,0.0050913912888962,0.071353985795443,"[-0.8673856399833743, -0.11837220420147909]","[0.8701108324365928, 0.10837714927367477]","[-0.0006106249220698718, -0.8673856399833743, -0.11837220420147909, 0.8701108324365928, 0.10837714927367477, 0.005091391288896285]",True,1.4332128307558412,1.3898970402172948,innovations_mle_gls,1,"[{""method"": ""innovations_mle_gls"", ""converged"": true, ""message"": ""CONVERGENCE: RELATIVE REDUCTION OF F <= FACTR*EPSMCH"", ""iterations"": 1, ""gls_iterations"": 2, ""gradient_per_observation"": 3.286340405782677e-07, ""warning"": """"}]",eligible,30.637006349221338,False,5min
3,1,26568,6,annual_trading_time,c,32443.87361310023,-64875.74722620046,-64826.62244962212,-0.0006106278749096,0.0050913867911199,0.0713539542780911,"[-0.718704629435744, -0.010271550979689424, 0.0018545586747439077]",[0.7214436530937793],"[-0.0006106278749096089, -0.718704629435744, -0.010271550979689424, 0.0018545586747439077, 0.7214436530937793, 0.0050913867911199255]",True,1.4280527453156775,1.3861096368533878,innovations_mle_gls,1,"[{""method"": ""innovations_mle_gls"", ""converged"": true, ""message"": ""CONVERGENCE: RELATIVE REDUCTION OF F <= FACTR*EPSMCH"", ""iterations"": 1, ""gls_iterations"": 2, ""gradient_per_observation"": 7.941989225801011e-07, ""warning"": """"}]",eligible,30.63457714971446,False,5min
4,0,26568,6,annual_trading_time,c,32444.104385999555,-64876.20877199911,-64827.08399542077,-0.0006106181515856,0.0050913023203004,0.0713533623615627,"[0.002689690578056935, -0.01218090168326123, 0.010064447020056792, -0.012138755188821671]",[],"[-0.0006106181515856871, 0.002689690578056935, -0.01218090168326123, 0.010064447020056792, -0.012138755188821671, 0.005091302320300473]",True,2.8704278728752164,inf,innovations_mle_gls,1,"[{""method"": ""innovations_mle_gls"", ""converged"": true, ""message"": ""CONVERGENCE: RELATIVE REDUCTION OF F <= FACTR*EPSMCH"", ""iterations"": 1, ""gls_iterations"": 2, ""gradient_per_observation"": 2.7386169744141412e-08, ""warning"": """"}]",eligible,30.1730313510634,False,5min
0,5,26568,7,annual_trading_time,c,32444.21359964383,-64874.42719928766,-64817.114959946266,-0.0006106188883457,0.0050912604202397,0.0713530687513837,[],"[0.002668826396388961, -0.012134593563614987, 0.01017008749387506, -0.012205058859134229, -0.0019296992735308748]","[-0.0006106188883457065, 0.002668826396388961, -0.012134593563614987, 0.01017008749387506, -0.012205058859134229, -0.0019296992735308748, 0.005091260420239701]",True,inf,2.8349794097185383,innovations_mle_gls,1,"[{""method"": ""innovations_mle_gls"", ""converged"": true, ""message"": ""CONVERGENCE: RELATIVE REDUCTION OF F <= FACTR*EPSMCH"", ""iterations"": 1, ""gls_iterations"": 2, ""gradient_per_observation"": 2.7386169881912965e-08, ""warning"": """"}]",eligible,40.14206682556687,False,5min
1,4,26568,7,annual_trading_time,c,32444.20808548238,-64874.41617096476,-64817.103931623365,-0.0006106187545429,0.0050912619165611,0.0713530792367165,[0.12994568282257843],"[-0.1272775785529738, -0.012482280826359363, 0.01174770729036856, -0.013563568029870406]","[-0.0006106187545429574, 0.12994568282257843, -0.1272775785529738, -0.012482280826359363, 0.01174770729036856, -0.013563568029870406, 0.005091261916561145]",True,7.695523069938012,2.772607509199955,innovations_mle_gls,1,"[{""method"": ""innovations_mle_gls"", ""converged"": true, ""message"": ""CONVERGENCE: RELATIVE REDUCTION OF F <= FACTR*EPSMCH"", ""iterations"": 1, ""gls_iterations"": 2, ""gradient_per_observation"": 1.643170192914778e-07, ""warning"": """"}]",eligible,40.1530951484674,False,5min
2,3,26568,7,annual_trading_time,c,32443.874868263098,-64873.7497365262,-64816.4374971848,-0.0006106279296667,0.0050913917543198,0.0713539890568131,"[-0.7738905566925183, -0.05334555114484165]","[0.7766309516221375, 0.04325249910051162, 0.0013074057308556034]","[-0.0006106279296667192, -0.7738905566925183, -0.05334555114484165, 0.7766309516221375, 0.04325249910051162, 0.0013074057308556034, 0.005091391754319815]",True,1.4339007665538368,1.3908132361806065,innovations_mle_gls,1,"[{""method"": ""innovations_mle_gls"", ""converged"": true, ""message"": ""CONVERGENCE: RELATIVE REDUCTION OF F <= FACTR*EPSMCH"", ""iterations"": 1, ""gls_iterations"": 2, ""gradient_per_observation"": 3.012478671855555e-07, ""warning"": """"}]",eligible,40.819529587031866,False,5min
3,2,26568,7,annual_trading_time,c,32443.87456952424,-64873.74913904848,-64816.436899707085,-0.0006106275988427,0.0050913903661177,0.0713539793292408,"[-0.775091984524622, -0.05239502108925975, 0.0012536581311150788]","[0.7778315176584187, 0.04228976355761312]","[-0.0006106275988427477, -0.775091984524622, -0.05239502108925975, 0.0012536581311150788, 0.7778315176584187, 0.04228976355761312, 0.005091390366117733]",True,1.4339314778601224,1.390790998028116,innovations_mle_gls,1,"[{""method"": ""innovations_mle_gls"", ""converged"": true, ""message"": ""CONVERGENCE: RELATIVE REDUCTION OF F <= FACTR*EPSMCH"", ""iterations"": 3, ""gls_iterations"": 2, ""gradient_per_observation"": 8.215851014456692e-08, ""warning"": """"}]",eligible,40.820127064747794,False,5min
4,1,26568,7,annual_trading_time,c,32444.153959959018,-64874.30791991804,-64816.99568057664,-0.0006106180212796,0.0050912896818653,0.0713532737992122,"[0.13812928456506393, -0.012528993028453742, 0.011694520116933267, -0.0135372085278843]",[-0.13545930944458928],"[-0.0006106180212796296, 0.13812928456506393, -0.012528993028453742, 0.011694520116933267, -0.0135372085278843, -0.13545930944458928, 0.005091289681865346]",True,2.874001848657754,7.382290697481062,innovations_mle_gls,1,"[{""method"": ""innovations_mle_gls"", ""converged"": true, ""message"": ""CONVERGENCE: RELATIVE REDUCTION OF F <= FACTR*EPSMCH"", ""iterations"": 1, ""gls_iterations"": 2, ""gradient_per_observation"": 1.259763808230505e-06, ""warning"": """"}]",eligible,40.26134619519144,False,5min
5,0,26568,7,annual_trading_time,c,32444.162717538224,-64874.32543507645,-64817.01319573505,-0.0006106180732654,0.0050912799630362,0.0713532056955838,"[0.0026644126102034343, -0.012159622392293899, 0.01003895713635812, -0.012133205316346329, -0.002095599484818615]",[],"[-0.0006106180732654237, 0.0026644126102034343, -0.012159622392293899, 0.01003895713635812, -0.012133205316346329, -0.002095599484818615, 0.005091279963036294]",True,2.853461663528289,inf,innovations_mle_gls,1,"[{""method"": ""innovations_mle_gls"", ""converged"": true, ""message"": ""CONVERGENCE: RELATIVE REDUCTION OF F <= FACTR*EPSMCH"", ""iterations"": 1, ""gls_iterations"": 2, ""gradient_per_observation"": 5.477233976382593e-08, ""warning"": """"}]",eligible,40.24383103677974,False,5min
1,5,26568,8,annual_trading_time,c,32444.21381159027,-64872.42762318054,-64806.92792107609,-0.0006106189159444,0.0050912595957961,0.0713530629741722,[0.022336038523338594],"[-0.019666425745532214, -0.01219416851220542, 0.01044127726170231, -0.012432277154099221, -0.0016620653216364264]","[-0.0006106189159444989, 0.022336038523338594, -0.019666425745532214, -0.01219416851220542, 0.01044127726170231, -0.012432277154099221, -0.0016620653216364264, 0.005091259595796192]",True,44.77069642206763,2.819381854964077,innovations_mle_gls,1,"[{""method"": ""innovations_mle_gls"", ""converged"": true, ""message"": ""CONVERGENCE: RELATIVE REDUCTION OF F <= FACTR*EPSMCH"", ""iterations"": 1, ""gls_iterations"": 2, ""gradient_per_observation"": 1.9170318917339074e-07, ""warning"": """"}]",eligible,50.329105695745966,False,5min
2,4,26568,8,annual_trading_time,c,32444.281982974146,-64872.56396594829,-64807.06426384383,-0.0006106191575149,0.0050912341602782,0.0713528847369061,"[0.17195329501099454, -0.1704625988404682]","[-0.16928135504350586, 0.15785210554458115, 0.012577548843217734, -0.015715910237969952]","[-0.0006106191575149086, 0.17195329501099454, -0.1704625988404682, -0.16928135504350586, 0.15785210554458115, 0.012577548843217734, -0.015715910237969952, 0.005091234160278219]",True,2.422063066915223,2.0967643927986934,innovations_mle_gls,1,"[{""method"": ""innovations_mle_gls"", ""converged"": true, ""message"": ""CONVERGENCE: RELATIVE REDUCTION OF F <= FACTR*EPSMCH"", ""iterations"": 1, ""gls_iterations"": 2, ""gradient_per_observation"": 1.0954467958466077e-07, ""warning"": """"}]",eligible,50.1927629280035,False,5min
3,3,26568,8,annual_trading_time,c,32447.47660135803,-64878.95320271606,-64813.453500611606,-0.0006107352031203,0.005090008532143,0.0713442957225249,"[-1.9417752083263138, -1.9067121920804335, -0.8210181721877754]","[1.9496113930530634, 1.9122538022910702, 0.8264735301401064]","[-0.0006107352031203422, -1.9417752083263138, -1.9067121920804335, -0.8210181721877754, 1.9496113930530634, 1.9122538022910702, 0.8264735301401064, 0.005090008532143093]",True,1.008945998047004,1.0106249896931414,innovations_mle_gls,1,"[{""method"": ""innovations_mle_gls"", ""converged"": true, ""message"": ""CONVERGENCE: RELATIVE REDUCTION OF F <= FACTR*EPSMCH"", ""iterations"": 1, ""gls_iterations"": 2, ""gradient_per_observation"": 5.559392458060707e-06, ""warning"": """"}]",eligible,43.80352616022719,False,5min
4,2,26568,8,annual_trading_time,c,32444.248340551807,-64872.496681103614,-64806.99697899916,-0.0006106179682588,0.0050912485150007,0.0713529853264792,"[0.18288428266980844, -0.193604629934812, 0.012533447963154656, -0.01588878343878462]","[-0.18024292578529835, 0.1810112443504745]","[-0.0006106179682588226, 0.18288428266980844, -0.193604629934812, 0.012533447963154656, -0.01588878343878462, -0.18024292578529835, 0.1810112443504745, 0.005091248515000764]",True,2.5983108760137004,2.350429466312361,innovations_mle_gls,1,"[{""method"": ""innovations_mle_gls"", ""converged"": true, ""message"": ""CONVERGENCE: RELATIVE REDUCTION OF F <= FACTR*EPSMCH"", ""iterations"": 1, ""gls_iterations"": 2, ""gradient_per_observation"": 6.024957377156343e-07, ""warning"": """"}]",eligible,50.26004777267372,False,5min
5,1,26568,8,annual_trading_time,c,32444.395476247184,-64872.79095249437,-64807.29125038991,-0.0006106189706344,0.005091190791365,0.0713525808318456,"[0.9006016779716611, -0.014575242782544125, 0.020977047021889843, -0.021170568512838293, 0.008839691854938351]",[-0.8979563819444231],"[-0.0006106189706344182, 0.9006016779716611, -0.014575242782544125, 0.020977047021889843, -0.021170568512838293, 0.008839691854938351, -0.8979563819444231, 0.005091190791365071]",True,1.11762854122232,1.113639838312205,innovations_mle_gls,1,"[{""method"": ""innovations_mle_gls"", ""converged"": true, ""message"": ""CONVERGENCE: RELATIVE REDUCTION OF F <= FACTR*EPSMCH"", ""iterations"": 1, ""gls_iterations"": 2, ""gradient_per_observation"": 8.21585096457389e-08, ""warning"": """"}]",eligible,49.96577638191957,False,5min
2,5,26568,9,annual_trading_time,c,32446.511138165108,-64875.022276330215,-64801.33511146271,-0.0006106329601043,0.0050903810534941,0.0713469064045117,"[1.2211952706565876, -0.9228710071761239]","[-1.218601238527876, 0.9074737555617219, 0.02756739497233327, -0.030640402649757096, 0.013090234503722643]","[-0.0006106329601043952, 1.2211952706565876, -0.9228710071761239, -1.218601238527876, 0.9074737555617219, 0.02756739497233327, -0.030640402649757096, 0.013090234503722643, 0.005090381053494152]",True,1.0409491113614018,1.0447082917266302,innovations_mle_gls,1,"[{""method"": ""innovations_mle_gls"", ""converged"": true, ""message"": ""CONVERGENCE: RELATIVE REDUCTION OF F <= FACTR*EPSMCH"", ""iterations"": 1, ""gls_iterations"": 2, ""gradient_per_observation"": 1.506239343505213e-06, ""warning"": """"}]",eligible,55.921915309125325,False,5min
3,4,26568,9,annual_trading_time,c,32445.658723810324,-64873.31744762065,-64799.63028275314,-0.0006106611795106,0.005090703259656,0.0713491643935374,"[-0.21658132382159256, 0.00441803116663908, 0.860132947688527]","[0.21926511245763505, -0.011691888223251547, -0.8607668222596243, -0.006424149886913566]","[-0.0006106611795106148, -0.21658132382159256, 0.00441803116663908, 0.860132947688527, 0.21926511245763505, -0.011691888223251547, -0.8607668222596243, -0.006424149886913566, 0.005090703259656037]",True,1.014616173649136,1.0168442542518166,innovations_mle_gls,1,"[{""method"": ""innovations_mle_gls"", ""converged"": true, ""message"": ""CONVERGENCE: RELATIVE REDUCTION OF F <= FACTR*EPSMCH"", ""iterations"": 1, ""gls_iterations"": 2, ""gradient_per_observation"": 3.8888361036680804e-06, ""warning"": """"}]",eligible,57.62674401869299,False,5min
4,3,26568,9,annual_trading_time,c,32445.54255599722,-64873.08511199444,-64799.39794712693,-0.0006106361253425,0.0050907571528968,0.0713495420650813,"[-0.1481728388989781, 0.03921949643929969, 0.7854437441105301, -0.0067163002836287565]","[0.15081215305123047, -0.04953039091933234, -0.7817421318188823]","[-0.0006106361253425853, -0.1481728388989781, 0.03921949643929969, 0.7854437441105301, -0.0067163002836287565, 0.15081215305123047, -0.04953039091933234, -0.7817421318188823, 0.005090757152896809]",True,1.0620504558889403,1.067319521123809,innovations_mle_gls,1,"[{""method"": ""innovations_mle_gls"", ""converged"": true, ""message"": ""CONVERGENCE: RELATIVE REDUCTION OF F <= FACTR*EPSMCH"", ""iterations"": 4, ""gls_iterations"": 2, ""gradient_per_observation"": 1.2871499779746464e-06, ""warning"": """"}]",eligible,57.85907964489888,False,5min
5,2,26568,9,annual_trading_time,c,32446.467069100792,-64874.93413820159,-64801.24697333408,-0.0006106326472794,0.0050903960913051,0.0713470117895985,"[1.2171103373226153, -0.9318513145666296, 0.02706657905544098, -0.030374967790359197, 0.013026355351590467]","[-1.2146618377478617, 0.9168711686620492]","[-0.0006106326472794833, 1.2171103373226153, -0.9318513145666296, 0.02706657905544098, -0.030374967790359197, 0.013026355351590467, -1.2146618377478617, 0.9168711686620492, 0.005090396091305112]",True,1.0406072991746789,1.044349448660075,innovations_mle_gls,1,"[{""method"": ""innovations_mle_gls"", ""converged"": true, ""message"": ""CONVERGENCE: RELATIVE REDUCTION OF F <= FACTR*EPSMCH"", ""iterations"": 1, ""gls_iterations"": 2, ""gradient_per_observation"": 1.1502191292539395e-06, ""warning"": """"}]",eligible,56.01005343775614,False,5min
3,5,26568,10,annual_trading_time,c,32446.05743456364,-64872.11486912728,-64790.24024149672,-0.0006106432290847,0.0050905531763105,0.0713481126331351,"[-0.19974888979197647, 0.01938581289270591, 0.8885084820443705]","[0.20251935337900587, -0.030979306282929966, -0.889506854162751, -0.005248537610355275, 0.006211939337728375]","[-0.0006106432290847227, -0.19974888979197647, 0.01938581289270591, 0.8885084820443705, 0.20251935337900587, -0.030979306282929966, -0.889506854162751, -0.005248537610355275, 0.006211939337728375, 0.005090553176310544]",True,1.0094837794763805,1.0112698983470685,innovations_mle_gls,1,"[{""method"": ""innovations_mle_gls"", ""converged"": true, ""message"": ""CONVERGENCE: RELATIVE REDUCTION OF F <= FACTR*EPSMCH"", ""iterations"": 1, ""gls_iterations"": 3, ""gradient_per_observation"": 3.4232712180176766e-06, ""warning"": """"}]",eligible,67.01678527511831,False,5min
4,4,26568,10,annual_trading_time,c,32449.32738851809,-64878.65477703618,-64796.78014940561,-0.0006105149665669,0.0050892864772783,0.0713392351884878,"[0.057855879154919604, -0.2832116769024807, 0.1263093608069498, 0.6782342055168429]","[-0.05385988293425073, 0.27045296384670514, -0.11634252969212189, -0.6929994275566854]","[-0.0006105149665669722, 0.057855879154919604, -0.2832116769024807, 0.1263093608069498, 0.6782342055168429, -0.05385988293425073, 0.27045296384670514, -0.11634252969212189, -0.6929994275566854, 0.005089286477278386]",True,1.0103243965340107,1.0098410900708656,innovations_mle_gls,1,"[{""method"": ""innovations_mle_gls"", ""converged"": true, ""message"": ""CONVERGENCE: RELATIVE REDUCTION OF F <= FACTR*EPSMCH"", ""iterations"": 1, ""gls_iterations"": 3, ""gradient_per_observation"": 1.089969561300136e-05, ""warning"": """"}]",eligible,60.47687736622174,False,5min
5,3,26568,10,annual_trading_time,c,32446.02873277099,-64872.05746554198,-64790.18283791141,-0.0006106433375215,0.0050905609143079,0.0713481668601792,"[-0.1947791290374596, 0.012948952910469396, 0.8854037844674556, -0.005215067197960916, 0.005952155872870228]","[0.19743094413889495, -0.024363708457268318, -0.8863418224281143]","[-0.0006106433375215601, -0.1947791290374596, 0.012948952910469396, 0.8854037844674556, -0.005215067197960916, 0.005952155872870228, 0.19743094413889495, -0.024363708457268318, -0.8863418224281143, 0.005090560914307979]",True,1.0097520334192138,1.0115627463536394,innovations_mle_gls,1,"[{""method"": ""innovations_mle_gls"", ""converged"": true, ""message"": ""CONVERGENCE: RELATIVE REDUCTION OF F <= FACTR*EPSMCH"", ""iterations"": 1, ""gls_iterations"": 3, ""gradient_per_observation"": 6.572680771659112e-07, ""warning"": """"}]",eligible,67.07418886042433,False,5min
4,5,26568,11,annual_trading_time,c,32448.14514591529,-64874.29029183058,-64784.22820143696,-0.0006105207093673,0.0050897472930466,0.0713424648652304,"[-0.3924548739717568, 0.42660642771062074, -0.7873913300286375, -0.6073842017147806]","[0.3951138323995505, -0.43925090336136235, 0.7893655745255483, 0.6077940175942625, -0.016435535259557175]","[-0.0006105207093673104, -0.3924548739717568, 0.42660642771062074, -0.7873913300286375, -0.6073842017147806, 0.3951138323995505, -0.43925090336136235, 0.7893655745255483, 0.6077940175942625, -0.016435535259557175, 0.005089747293046638]",True,1.0007910568558935,1.0004426246873095,innovations_mle_gls,1,"[{""method"": ""innovations_mle_gls"", ""converged"": true, ""message"": ""CONVERGENCE: RELATIVE REDUCTION OF F <= FACTR*EPSMCH"", ""iterations"": 1, ""gls_iterations"": 14, ""gradient_per_observation"": 3.642360575970808e-06, ""warning"": """"}]",eligible,73.02882533487718,False,5min
5,4,26568,11,annual_trading_time,c,32447.581455960903,-64873.16291192181,-64783.10082152819,-0.0006105789389944,0.0050899769740713,0.0713440745547331,"[-0.43918533419695316, 0.3721214801456557, -0.6976707442401965, -0.6936466384021334, -0.011986705618206129]","[0.4417979721282046, -0.38181595729506984, 0.7007979931569903, 0.6902609454232901]","[-0.0006105789389944835, -0.43918533419695316, 0.3721214801456557, -0.6976707442401965, -0.6936466384021334, -0.011986705618206129, 0.4417979721282046, -0.38181595729506984, 0.7007979931569903, 0.6902609454232901, 0.005089976974071318]",True,1.022644717654574,1.0247210869395296,innovations_mle_gls,1,"[{""method"": ""innovations_mle_gls"", ""converged"": true, ""message"": ""CONVERGENCE: RELATIVE REDUCTION OF F <= FACTR*EPSMCH"", ""iterations"": 1, ""gls_iterations"": 2, ""gradient_per_observation"": 4.21747016400944e-06, ""warning"": """"}]",eligible,74.15620524364203,False,5min
5,5,26568,12,annual_trading_time,c,32450.146398366716,-64876.29279673343,-64778.04324357674,-0.0006106875240775,0.0050889862178177,0.0713371307091741,"[-0.7024408767007597, -0.4441002337270139, -0.33911890566355307, -0.8307573256748036, -0.814430928340764]","[0.712036104601868, 0.4424279347292528, 0.3449880829764, 0.8268214260994304, 0.8161403953163598]","[-0.0006106875240775163, -0.7024408767007597, -0.4441002337270139, -0.33911890566355307, -0.8307573256748036, -0.814430928340764, 0.712036104601868, 0.4424279347292528, 0.3449880829764, 0.8268214260994304, 0.8161403953163598, 0.005088986217817792]",True,1.010930553487308,1.0128242205525246,innovations_mle_gls,1,"[{""method"": ""innovations_mle_gls"", ""converged"": true, ""message"": ""CONVERGENCE: RELATIVE REDUCTION OF F <= FACTR*EPSMCH"", ""iterations"": 1, ""gls_iterations"": 4, ""gradient_per_observation"": 1.8622595529392333e-06, ""warning"": """"}]",eligible,79.21378319508949,False,5min
0,0,8856,2,annual_trading_time,c,6090.573179495677,-12177.146358991356,-12162.968658042577,-0.0018319231969689,0.014796786293419,0.1216420416361836,[],[],"[-0.001831923196968992, 0.014796786293419038]",True,inf,inf,closed_form_gaussian_ml,1,"[{""method"": ""closed_form_gaussian_ml"", ""converged"": true, ""message"": ""mu=sample_mean; sigma2=sample_variance_ddof0"", ""iterations"": 0}]",eligible,0.0,True,15min
0,1,8856,3,annual_trading_time,c,6090.816001887612,-12175.632003775225,-12154.365452352058,-0.0018321076375079,0.0147959748603908,0.1216387062591134,[],[0.007362631505115569],"[-0.0018321076375079942, 0.007362631505115569, 0.014795974860390873]",True,inf,135.82100357802756,innovations_mle_gls,1,"[{""method"": ""innovations_mle_gls"", ""converged"": true, ""message"": ""CONVERGENCE: RELATIVE REDUCTION OF F <= FACTR*EPSMCH"", ""iterations"": 1, ""gls_iterations"": 2, ""gradient_per_observation"": 2.0539627411434724e-08, ""warning"": """"}]",eligible,8.603205690518735,False,15min
1,0,8856,3,annual_trading_time,c,6090.818793385228,-12175.637586770456,-12154.37103534729,-0.0018321096997944,0.014795964931303,0.1216386654452565,[0.007447918231362609],[],"[-0.0018321096997944498, 0.007447918231362609, 0.014795964931303054]",True,134.26570605851674,inf,innovations_mle_gls,1,"[{""method"": ""innovations_mle_gls"", ""converged"": true, ""message"": ""CONVERGENCE: RELATIVE REDUCTION OF F <= FACTR*EPSMCH"", ""iterations"": 1, ""gls_iterations"": 2, ""gradient_per_observation"": 2.0539627308106058e-08, ""warning"": """"}]",eligible,8.59762269528619,False,15min
0,2,8856,4,annual_trading_time,c,6090.97530623746,-12173.95061247492,-12145.595210577369,-0.0018321022026819,0.0147954423036625,0.1216365171470416,[],"[0.007547301410298715, 0.00613805298824327]","[-0.001832102202681972, 0.007547301410298715, 0.00613805298824327, 0.014795442303662556]",True,inf,12.763937923527129,innovations_mle_gls,1,"[{""method"": ""innovations_mle_gls"", ""converged"": true, ""message"": ""CONVERGENCE: RELATIVE REDUCTION OF F <= FACTR*EPSMCH"", ""iterations"": 1, ""gls_iterations"": 2, ""gradient_per_observation"": 2.0539627411434724e-08, ""warning"": """"}]",eligible,17.37344746521012,False,15min
1,1,8856,4,annual_trading_time,c,6090.846870924946,-12173.693741849893,-12145.33833995234,-0.0018321163038284,0.0147958715776968,0.1216382817113791,[0.14449804380088824],[-0.13671842733876116],"[-0.0018321163038284563, 0.14449804380088824, -0.13671842733876116, 0.014795871577696846]",True,6.920508912757011,7.314302976307636,innovations_mle_gls,1,"[{""method"": ""innovations_mle_gls"", ""converged"": true, ""message"": ""CONVERGENCE: RELATIVE REDUCTION OF F <= FACTR*EPSMCH"", ""iterations"": 1, ""gls_iterations"": 2, ""gradient_per_observation"": 2.0539627422123896e-08, ""warning"": """"}]",eligible,17.63031809023778,False,15min
2,0,8856,4,annual_trading_time,c,6090.959326497685,-12173.91865299537,-12145.563251097816,-0.0018320992986468,0.014795495822658,0.1216367371424359,"[0.007404915798062447, 0.005634383044388411]",[],"[-0.0018320992986468286, 0.007404915798062447, 0.005634383044388411, 0.014795495822658046]",True,12.6813043180244,inf,innovations_mle_gls,1,"[{""method"": ""innovations_mle_gls"", ""converged"": true, ""message"": ""CONVERGENCE: RELATIVE REDUCTION OF F <= FACTR*EPSMCH"", ""iterations"": 1, ""gls_iterations"": 2, ""gradient_per_observation"": 2.0539627411434724e-08, ""warning"": """"}]",eligible,17.405406944761125,False,15min
0,3,8856,5,annual_trading_time,c,6091.585419075016,-12173.170838150032,-12137.72658577809,-0.0018320835985067,0.0147934029020774,0.1216281336783453,[],"[0.00695323390710621, 0.006066523212157693, -0.011821686659532248]","[-0.001832083598506777, 0.00695323390710621, 0.006066523212157693, -0.011821686659532248, 0.014793402902077443]",True,inf,4.281739310837129,innovations_mle_gls,1,"[{""method"": ""innovations_mle_gls"", ""converged"": true, ""message"": ""CONVERGENCE: RELATIVE REDUCTION OF F <= FACTR*EPSMCH"", ""iterations"": 1, ""gls_iterations"": 2, ""gradient_per_observation"": 2.0539627411434724e-08, ""warning"": """"}]",eligible,25.242072264487437,False,15min
1,2,8856,5,annual_trading_time,c,6091.053177797256,-12172.106355594511,-12136.662103222568,-0.0018320990247969,0.0147951822807861,0.1216354482903161,[-0.21757389185771317],"[0.22507299021626836, 0.008930741055087154]","[-0.0018320990247969076, -0.21757389185771317, 0.22507299021626836, 0.008930741055087154, 0.014795182280786166]",True,4.5961396905745024,5.759019070414162,innovations_mle_gls,1,"[{""method"": ""innovations_mle_gls"", ""converged"": true, ""message"": ""CONVERGENCE: RELATIVE REDUCTION OF F <= FACTR*EPSMCH"", ""iterations"": 1, ""gls_iterations"": 2, ""gradient_per_observation"": 6.161888192431819e-08, ""warning"": """"}]",eligible,26.306554820008387,False,15min
2,1,8856,5,annual_trading_time,c,6091.0372810019,-12172.0745620038,-12136.630309631855,-0.0018320975701778,0.0147952347105101,0.1216356638100445,"[-0.21877968653768842, 0.008527715583129303]",[0.2261864866205886],"[-0.0018320975701778927, -0.21877968653768842, 0.008527715583129303, 0.2261864866205886, 0.01479523471051018]",True,3.9596654631123336,4.421130611915943,innovations_mle_gls,1,"[{""method"": ""innovations_mle_gls"", ""converged"": true, ""message"": ""CONVERGENCE: RELATIVE REDUCTION OF F <= FACTR*EPSMCH"", ""iterations"": 1, ""gls_iterations"": 2, ""gradient_per_observation"": 4.107925482286945e-08, ""warning"": """"}]",eligible,26.33834841071985,False,15min
3,0,8856,5,annual_trading_time,c,6091.603537803176,-12173.207075606351,-12137.762823234409,-0.0018320999406794,0.014793342357906,0.1216278847876014,"[0.00747264216831734, 0.005725552340861514, -0.012062499418077657]",[],"[-0.0018320999406794413, 0.00747264216831734, 0.005725552340861514, -0.012062499418077657, 0.014793342357906056]",True,4.253387588127123,inf,innovations_mle_gls,1,"[{""method"": ""innovations_mle_gls"", ""converged"": true, ""message"": ""CONVERGENCE: NORM OF PROJECTED GRADIENT <= PGTOL"", ""iterations"": 1, ""gls_iterations"": 2, ""gradient_per_observation"": 0.0, ""warning"": """"}]",eligible,25.20583480816822,False,15min
0,4,8856,6,annual_trading_time,c,6093.7431907915725,-12175.486381583143,-12132.953278736812,-0.0018321183939203,0.0147861927150776,0.1215984897730133,[],"[0.007268349143428157, 0.005718503319692447, -0.012065628220875656, -0.022034207912527307]","[-0.0018321183939203826, 0.007268349143428157, 0.005718503319692447, -0.012065628220875656, -0.022034207912527307, 0.01478619271507763]",True,inf,2.502977178250137,innovations_mle_gls,1,"[{""method"": ""innovations_mle_gls"", ""converged"": true, ""message"": ""CONVERGENCE: NORM OF PROJECTED GRADIENT <= PGTOL"", ""iterations"": 1, ""gls_iterations"": 2, ""gradient_per_observation"": 0.0, ""warning"": """"}]",eligible,30.015379305763418,False,15min
1,3,8856,6,annual_trading_time,c,6092.725111254224,-12173.450222508449,-12130.917119662116,-0.0018321069578589,0.0147895992110683,0.1216124961139615,[0.5384134268036306],"[-0.5314859258247705, 0.0023433382583777276, -0.019917599615633275]","[-0.001832106957858964, 0.5384134268036306, -0.5314859258247705, 0.0023433382583777276, -0.019917599615633275, 0.014789599211068311]",True,1.8573088080968652,1.70773488675819,innovations_mle_gls,1,"[{""method"": ""innovations_mle_gls"", ""converged"": true, ""message"": ""CONVERGENCE: RELATIVE REDUCTION OF F <= FACTR*EPSMCH"", ""iterations"": 1, ""gls_iterations"": 2, ""gradient_per_observation"": 3.080944096215909e-07, ""warning"": """"}]",eligible,32.05153838046135,False,15min
2,2,8856,6,annual_trading_time,c,6092.714889654997,-12173.429779309994,-12130.896676463664,-0.0018324278411474,0.0147896215350259,0.1216125878970839,"[0.38878133353764815, -0.8663889652559784]","[-0.378248273756704, 0.8672657345804872]","[-0.0018324278411474802, 0.38878133353764815, -0.8663889652559784, -0.378248273756704, 0.8672657345804872, 0.014789621535025973]",True,1.0743444481007265,1.0738012521646572,innovations_mle_gls,1,"[{""method"": ""innovations_mle_gls"", ""converged"": true, ""message"": ""CONVERGENCE: RELATIVE REDUCTION OF F <= FACTR*EPSMCH"", ""iterations"": 1, ""gls_iterations"": 2, ""gradient_per_observation"": 2.875547823134848e-07, ""warning"": """"}]",eligible,32.07198157891435,False,15min
3,1,8856,6,annual_trading_time,c,6092.775513066657,-12173.551026133317,-12131.017923286983,-0.001832117538512,0.0147894333141137,0.1216118140400586,"[0.5538261094803612, 0.001718029657148467, -0.020039033150358192]",[-0.5465499584263699],"[-0.0018321175385120425, 0.5538261094803612, 0.001718029657148467, -0.020039033150358192, -0.5465499584263699, 0.014789433314113797]",True,2.1517226921984656,1.8296589078136725,innovations_mle_gls,1,"[{""method"": ""innovations_mle_gls"", ""converged"": true, ""message"": ""CONVERGENCE: RELATIVE REDUCTION OF F <= FACTR*EPSMCH"", ""iterations"": 1, ""gls_iterations"": 2, ""gradient_per_observation"": 4.929510553945455e-07, ""warning"": """"}]",eligible,31.950734755593658,False,15min
4,0,8856,6,annual_trading_time,c,6093.739285860493,-12175.478571720983,-12132.945468874654,-0.0018321193813172,0.0147862059895167,0.1215985443560765,"[0.0072080099516577765, 0.005851748988788772, -0.011894632787517689, -0.021960509874541866]",[],"[-0.0018321193813172197, 0.0072080099516577765, 0.005851748988788772, -0.011894632787517689, -0.021960509874541866, 0.01478620598951672]",True,2.496631940930617,inf,innovations_mle_gls,1,"[{""method"": ""innovations_mle_gls"", ""converged"": true, ""message"": ""CONVERGENCE: RELATIVE REDUCTION OF F <= FACTR*EPSMCH"", ""iterations"": 1, ""gls_iterations"": 2, ""gradient_per_observation"": 4.107925481574333e-08, ""warning"": """"}]",eligible,30.023189167923192,False,15min
0,5,8856,7,annual_trading_time,c,6093.75086009123,-12173.50172018246,-12123.87976686174,-0.0018321084032386,0.0147861668793849,0.1215983835393586,[],"[0.007250506341196111, 0.005707694669534328, -0.012064400195539815, -0.022051691696774026, 0.0012832309780126552]","[-0.0018321084032386446, 0.007250506341196111, 0.005707694669534328, -0.012064400195539815, -0.022051691696774026, 0.0012832309780126552, 0.014786166879384973]",True,inf,2.5344619180511345,innovations_mle_gls,1,"[{""method"": ""innovations_mle_gls"", ""converged"": true, ""message"": ""CONVERGENCE: RELATIVE REDUCTION OF F <= FACTR*EPSMCH"", ""iterations"": 1, ""gls_iterations"": 2, ""gradient_per_observation"": 6.161888223430418e-08, ""warning"": """"}]",eligible,39.08889118083607,False,15min
1,4,8856,7,annual_trading_time,c,6093.755458493062,-12173.510916986124,-12123.888963665406,-0.0018321008487539,0.0147861525948665,0.1215983248028792,[-0.09066158240338898],"[0.09790035890311205, 0.006363132560810279, -0.011541102900704881, -0.023113698835920803]","[-0.0018321008487539208, -0.09066158240338898, 0.09790035890311205, 0.006363132560810279, -0.011541102900704881, -0.023113698835920803, 0.01478615259486652]",True,11.030030289462712,2.541692230504781,innovations_mle_gls,1,"[{""method"": ""innovations_mle_gls"", ""converged"": true, ""message"": ""CONVERGENCE: RELATIVE REDUCTION OF F <= FACTR*EPSMCH"", ""iterations"": 1, ""gls_iterations"": 2, ""gradient_per_observation"": 1.2323776453274338e-07, ""warning"": """"}]",eligible,39.07969437717111,False,15min
2,3,8856,7,annual_trading_time,c,6095.9621752837775,-12177.924350567557,-12128.302397246836,-0.0018321551404496,0.0147787622990311,0.121567932856618,"[1.5211402724139655, -0.9294464995937087]","[-1.5145933076054467, 0.9216822130544305, -0.003308942158172514]","[-0.001832155140449699, 1.5211402724139655, -0.9294464995937087, -1.5145933076054467, 0.9216822130544305, -0.003308942158172514, 0.01477876229903119]",True,1.037260409519509,1.0447174705047122,innovations_mle_gls,1,"[{""method"": ""innovations_mle_gls"", ""converged"": true, ""message"": ""CONVERGENCE: RELATIVE REDUCTION OF F <= FACTR*EPSMCH"", ""iterations"": 1, ""gls_iterations"": 2, ""gradient_per_observation"": 4.7241143333125986e-07, ""warning"": """"}]",eligible,34.66626079574053,False,15min
3,2,8856,7,annual_trading_time,c,6095.962555654854,-12177.925111309709,-12128.30315798899,-0.0018321543380493,0.0147787543231793,0.1215679000525193,"[1.5174792871573162, -0.9238831543721125, -0.0033830848582365996]","[-1.5109563017517813, 0.9161936629612596]","[-0.0018321543380493573, 1.5174792871573162, -0.9238831543721125, -0.0033830848582365996, -1.5109563017517813, 0.9161936629612596, 0.01477875432317934]",True,1.0372751843171004,1.0447355143888528,innovations_mle_gls,1,"[{""method"": ""innovations_mle_gls"", ""converged"": true, ""message"": ""CONVERGENCE: RELATIVE REDUCTION OF F <= FACTR*EPSMCH"", ""iterations"": 1, ""gls_iterations"": 2, ""gradient_per_observation"": 4.7241142808643937e-07, ""warning"": """"}]",eligible,34.665500053586584,False,15min
4,1,8856,7,annual_trading_time,c,6093.751403808708,-12173.502807617417,-12123.880854296698,-0.0018321020319493,0.0147861652020469,0.1215983766423177,"[-0.0943674099842871, 0.0066104991104051075, -0.01131350211189672, -0.023133903297957475]",[0.10162524189414808],"[-0.0018321020319493559, -0.0943674099842871, 0.0066104991104051075, -0.01131350211189672, -0.023133903297957475, 0.10162524189414808, 0.014786165202046977]",True,2.5413074352036498,9.840074979025298,innovations_mle_gls,1,"[{""method"": ""innovations_mle_gls"", ""converged"": true, ""message"": ""CONVERGENCE: RELATIVE REDUCTION OF F <= FACTR*EPSMCH"", ""iterations"": 1, ""gls_iterations"": 2, ""gradient_per_observation"": 4.107925484424779e-08, ""warning"": """"}]",eligible,39.08780374587877,False,15min
5,0,8856,7,annual_trading_time,c,6093.745325802138,-12173.490651604276,-12123.868698283555,-0.001832111675213,0.0147861855243646,0.1215984602055662,"[0.007233587773725582, 0.005865560926889134, -0.011901539428184041, -0.021969053598189927, 0.0011679767639202437]",[],"[-0.001832111675213035, 0.007233587773725582, 0.005865560926889134, -0.011901539428184041, -0.021969053598189927, 0.0011679767639202437, 0.014786185524364684]",True,2.541039028431811,inf,innovations_mle_gls,1,"[{""method"": ""innovations_mle_gls"", ""converged"": true, ""message"": ""CONVERGENCE: RELATIVE REDUCTION OF F <= FACTR*EPSMCH"", ""iterations"": 1, ""gls_iterations"": 2, ""gradient_per_observation"": 2.0539627411434724e-08, ""warning"": """"}]",eligible,39.09995975901984,False,15min
1,5,8856,8,annual_trading_time,c,6094.037459991274,-12172.074919982548,-12115.36411618744,-0.0018336061189209,0.0147852106485116,0.1215944515531514,[0.9470107593953722],"[-0.9398723584875028, -0.0012379723253698087, -0.017495857832228616, -0.010594818032158877, 0.02362080147164777]","[-0.0018336061189209664, 0.9470107593953722, -0.9398723584875028, -0.0012379723253698087, -0.017495857832228616, -0.010594818032158877, 0.02362080147164777, 0.014785210648511684]",True,1.0559542117963467,1.0597128263135478,innovations_mle_gls,1,"[{""method"": ""innovations_mle_gls"", ""converged"": true, ""message"": ""CONVERGENCE: RELATIVE REDUCTION OF F <= FACTR*EPSMCH"", ""iterations"": 1, ""gls_iterations"": 3, ""gradient_per_observation"": 1.437773911567424e-07, ""warning"": """"}]",eligible,47.60454185513663,False,15min
2,4,8856,8,annual_trading_time,c,6093.808196502681,-12171.616393005364,-12114.905589210255,-0.0018320837471112,0.0147859748514102,0.1215975939375869,"[-0.1023150081163659, 0.11667991643431022]","[0.10955976561192782, -0.11014388201994986, -0.012223651897461423, -0.023979752271202276]","[-0.0018320837471112353, -0.1023150081163659, 0.11667991643431022, 0.10955976561192782, -0.11014388201994986, -0.012223651897461423, -0.023979752271202276, 0.01478597485141027]",True,2.521740608946556,2.0453874932295952,innovations_mle_gls,1,"[{""method"": ""innovations_mle_gls"", ""converged"": true, ""message"": ""CONVERGENCE: RELATIVE REDUCTION OF F <= FACTR*EPSMCH"", ""iterations"": 1, ""gls_iterations"": 2, ""gradient_per_observation"": 2.4647552906548677e-07, ""warning"": """"}]",eligible,48.06306883232173,False,15min
3,3,8856,8,annual_trading_time,c,6095.995669799842,-12175.991339599685,-12119.280535804575,-0.0018321372373913,0.0147786505705487,0.1215674733246882,"[1.1824786259222977, -0.41341280801655556, -0.31484845708854614]","[-1.1766296918874062, 0.409967937488276, 0.3064684326672232]","[-0.0018321372373913865, 1.1824786259222977, -0.41341280801655556, -0.31484845708854614, -1.1766296918874062, 0.409967937488276, 0.3064684326672232, 0.014778650570548798]",True,1.0375000774244731,1.0449908513482362,innovations_mle_gls,1,"[{""method"": ""innovations_mle_gls"", ""converged"": true, ""message"": ""CONVERGENCE: RELATIVE REDUCTION OF F <= FACTR*EPSMCH"", ""iterations"": 1, ""gls_iterations"": 2, ""gradient_per_observation"": 7.805058463733859e-07, ""warning"": """"}]",eligible,43.68812223799978,False,15min
4,2,8856,8,annual_trading_time,c,6093.836592449416,-12171.673184898831,-12114.962381103724,-0.0018320799700451,0.0147858762763183,0.1215971886036775,"[-0.09092537807895198, 0.15131080548552253, -0.012338702162000042, -0.024229801244587113]","[0.09814354133268521, -0.14481777535269977]","[-0.0018320799700451975, -0.09092537807895198, 0.15131080548552253, -0.012338702162000042, -0.024229801244587113, 0.09814354133268521, -0.14481777535269977, 0.01478587627631832]",True,2.5238018834246967,2.310685895713045,innovations_mle_gls,1,"[{""method"": ""innovations_mle_gls"", ""converged"": true, ""message"": ""CONVERGENCE: RELATIVE REDUCTION OF F <= FACTR*EPSMCH"", ""iterations"": 1, ""gls_iterations"": 2, ""gradient_per_observation"": 3.080944096215909e-07, ""warning"": """"}]",eligible,48.00627693885326,False,15min
5,1,8856,8,annual_trading_time,c,6093.770847846912,-12171.541695693824,-12114.830891898717,-0.0018320919412401,0.0147860982285532,0.1215981012538982,"[-0.40627640899688483, 0.00886172414273773, -0.009489024935472715, -0.026897237669191623, -0.006650652738253847]",[0.4135405267885001],"[-0.0018320919412401172, -0.40627640899688483, 0.00886172414273773, -0.009489024935472715, -0.026897237669191623, -0.006650652738253847, 0.4135405267885001, 0.014786098228553278]",True,2.5752456453187187,2.4181426854723647,innovations_mle_gls,1,"[{""method"": ""innovations_mle_gls"", ""converged"": true, ""message"": ""CONVERGENCE: RELATIVE REDUCTION OF F <= FACTR*EPSMCH"", ""iterations"": 1, ""gls_iterations"": 2, ""gradient_per_observation"": 1.2323776384863638e-07, ""warning"": """"}]",eligible,48.13776614386006,False,15min
2,5,8856,9,annual_trading_time,c,6093.8114168462125,-12169.622833692423,-12105.823179422929,-0.0018320809612426,0.014785963781348,0.1215975484183295,"[-0.008407944512874176, 0.12405119237427988]","[0.01565080908271729, -0.11819183925581458, -0.012834927998822299, -0.022875373548707622, 0.0024449332916748967]","[-0.0018320809612426615, -0.008407944512874176, 0.12405119237427988, 0.01565080908271729, -0.11819183925581458, -0.012834927998822299, -0.022875373548707622, 0.0024449332916748967, 0.014785963781348006]",True,2.80553638822145,2.1139179285521634,innovations_mle_gls,1,"[{""method"": ""innovations_mle_gls"", ""converged"": true, ""message"": ""CONVERGENCE: RELATIVE REDUCTION OF F <= FACTR*EPSMCH"", ""iterations"": 2, ""gls_iterations"": 2, ""gradient_per_observation"": 1.0269813705717362e-07, ""warning"": """"}]",eligible,57.1454786196482,False,15min
3,4,8856,9,annual_trading_time,c,6093.8183944977045,-12169.636788995407,-12105.837134725913,-0.0018320750788977,0.0147859448985283,0.1215974707735666,"[-0.12362741075260462, 0.10305720236934451, 0.03861771011494428]","[0.13086553386009928, -0.09637070940783184, -0.050647472124413284, -0.02435851264506873]","[-0.0018320750788977983, -0.12362741075260462, 0.10305720236934451, 0.03861771011494428, 0.13086553386009928, -0.09637070940783184, -0.050647472124413284, -0.02435851264506873, 0.014785944898528398]",True,2.554136490826059,2.0481303626070244,innovations_mle_gls,1,"[{""method"": ""innovations_mle_gls"", ""converged"": true, ""message"": ""CONVERGENCE: RELATIVE REDUCTION OF F <= FACTR*EPSMCH"", ""iterations"": 1, ""gls_iterations"": 2, ""gradient_per_observation"": 2.4647552769727275e-07, ""warning"": """"}]",eligible,57.13152331666424,False,15min
4,3,8856,9,annual_trading_time,c,6093.8544298108245,-12169.708859621647,-12105.909205352153,-0.001832067582782,0.0147858237778447,0.1215969727330608,"[-0.12913943368465935, 0.13062823666753443, 0.041202490711926124, -0.02486530373764634]","[0.13638785015830926, -0.12386475653665481, -0.05337977672292744]","[-0.0018320675827820329, -0.12913943368465935, 0.13062823666753443, 0.041202490711926124, -0.02486530373764634, 0.13638785015830926, -0.12386475653665481, -0.05337977672292744, 0.01478582377784475]",True,2.18183906395934,2.30699062071074,innovations_mle_gls,1,"[{""method"": ""innovations_mle_gls"", ""converged"": true, ""message"": ""CONVERGENCE: RELATIVE REDUCTION OF F <= FACTR*EPSMCH"", ""iterations"": 1, ""gls_iterations"": 2, ""gradient_per_observation"": 2.0539627422123895e-07, ""warning"": """"}]",eligible,57.05945269042422,False,15min
5,2,8856,9,annual_trading_time,c,6095.42552417001,-12172.85104834002,-12109.051394070524,-0.0018315870226129,0.0147805733813658,0.1215753814773611,"[1.6689813465957177, -0.8364255102159143, -0.015347356868103087, 0.009208003174403923, 0.006271430125678186]","[-1.6623408634076733, 0.830734060911802]","[-0.0018315870226129154, 1.6689813465957177, -0.8364255102159143, -0.015347356868103087, 0.009208003174403923, 0.006271430125678186, -1.6623408634076733, 0.830734060911802, 0.014780573381365878]",True,1.1030987750731251,1.097157538168122,innovations_mle_gls,1,"[{""method"": ""innovations_mle_gls"", ""converged"": true, ""message"": ""CONVERGENCE: RELATIVE REDUCTION OF F <= FACTR*EPSMCH"", ""iterations"": 1, ""gls_iterations"": 2, ""gradient_per_observation"": 4.929510553945455e-07, ""warning"": """"}]",eligible,53.91726397205275,False,15min
3,5,8856,10,annual_trading_time,c,6096.120946907742,-12172.241893815484,-12101.3533890716,-0.0018321805906215,0.0147782376585381,0.1215657750295624,"[0.8599727501008603, 0.09319777446229416, -0.6205424762653305]","[-0.8532783530086123, -0.0934427971641235, 0.6108567897927017, -0.0068067311478832975, 0.006565300676049484]","[-0.00183218059062159, 0.8599727501008603, 0.09319777446229416, -0.6205424762653305, -0.8532783530086123, -0.0934427971641235, 0.6108567897927017, -0.0068067311478832975, 0.006565300676049484, 0.014778237658538184]",True,1.0378521293757244,1.0450791755772986,innovations_mle_gls,1,"[{""method"": ""innovations_mle_gls"", ""converged"": true, ""message"": ""CONVERGENCE: RELATIVE REDUCTION OF F <= FACTR*EPSMCH"", ""iterations"": 1, ""gls_iterations"": 2, ""gradient_per_observation"": 3.69713293405825e-07, ""warning"": """"}]",eligible,61.61526897097792,False,15min
4,4,8856,10,annual_trading_time,c,6095.072807784174,-12170.145615568348,-12099.257110824465,-0.001908949048615,0.0147813859291998,0.1215787231763841,"[0.36116069372928655, -0.006217858003679466, -0.34732194598664645, 0.9809586664934365]","[-0.3599033798817597, 0.011402843884988356, 0.34381926084391223, -0.9805262514756309]","[-0.0019089490486150868, 0.36116069372928655, -0.006217858003679466, -0.34732194598664645, 0.9809586664934365, -0.3599033798817597, 0.011402843884988356, 0.34381926084391223, -0.9805262514756309, 0.014781385929199841]",True,1.0035165259468375,1.0025316698563342,innovations_mle_gls,1,"[{""method"": ""innovations_mle_gls"", ""converged"": true, ""message"": ""CONVERGENCE: RELATIVE REDUCTION OF F <= FACTR*EPSMCH"", ""iterations"": 1, ""gls_iterations"": 4, ""gradient_per_observation"": 1.81364910137354e-05, ""warning"": """"}]",eligible,63.71154721811399,False,15min
5,3,8856,10,annual_trading_time,c,6094.237173079258,-12168.474346158517,-12097.585841414631,-0.0015774074134457,0.0147829887344792,0.1215853146333029,"[-0.8218281691650204, 0.847135386782927, 0.9944891951494464, -0.012798217561877157, -0.008087710003286496]","[0.829655162823868, -0.8356171133379703, -0.9940348927628889]","[-0.001577407413445774, -0.8218281691650204, 0.847135386782927, 0.9944891951494464, -0.012798217561877157, -0.008087710003286496, 0.829655162823868, -0.8356171133379703, -0.9940348927628889, 0.014782988734479263]",True,1.0002893535057602,1.0000008255704764,innovations_mle_gls,1,"[{""method"": ""innovations_mle_gls"", ""converged"": true, ""message"": ""CONVERGENCE: RELATIVE REDUCTION OF F <= FACTR*EPSMCH"", ""iterations"": 1, ""gls_iterations"": 11, ""gradient_per_observation"": 4.436559547806614e-06, ""warning"": """"}]",eligible,65.38281662794543,False,15min
4,5,8856,11,annual_trading_time,c,6096.142666530799,-12170.285333061598,-12092.307977843326,-0.0018315171214743,0.0147781702798076,0.121565497900546,"[0.7889182310925028, 0.30587856481009673, -0.1858518329583319, -0.30651924738289665]","[-0.7821514273274698, -0.3059066205087474, 0.16742894628522015, 0.2934763629984762, 0.024998279693765935]","[-0.0018315171214743529, 0.7889182310925028, 0.30587856481009673, -0.1858518329583319, -0.30651924738289665, -0.7821514273274698, -0.3059066205087474, 0.16742894628522015, 0.2934763629984762, 0.024998279693765935, 0.014778170279807669]",True,1.0734640394893942,1.0695803794177947,innovations_mle_gls,1,"[{""method"": ""innovations_mle_gls"", ""converged"": true, ""message"": ""CONVERGENCE: RELATIVE REDUCTION OF F <= FACTR*EPSMCH"", ""iterations"": 1, ""gls_iterations"": 2, ""gradient_per_observation"": 1.2323776453274338e-07, ""warning"": """"}]",eligible,70.66068019925115,False,15min
5,4,8856,11,annual_trading_time,c,6095.946284070549,-12169.892568141098,-12091.915212922826,-0.0018316224384643,0.0147788266541162,0.121568197544079,"[1.3439686517075495, -0.7570851078286169, 0.5296870479789356, -0.4532625497106625, 0.014333256353847922]","[-1.3372515150604822, 0.7539994443450199, -0.5464412484777689, 0.45177781218114416]","[-0.0018316224384643171, 1.3439686517075495, -0.7570851078286169, 0.5296870479789356, -0.4532625497106625, 0.014333256353847922, -1.3372515150604822, 0.7539994443450199, -0.5464412484777689, 0.45177781218114416, 0.014778826654116218]",True,1.068179323446317,1.0647147916622568,innovations_mle_gls,1,"[{""method"": ""innovations_mle_gls"", ""converged"": true, ""message"": ""CONVERGENCE: RELATIVE REDUCTION OF F <= FACTR*EPSMCH"", ""iterations"": 1, ""gls_iterations"": 2, ""gradient_per_observation"": 6.983473323522124e-07, ""warning"": """"}]",eligible,71.0534451197509,False,15min
5,5,8856,12,annual_trading_time,c,6099.988524501978,-12175.977049003955,-12090.910843311294,-0.0018322424584282,0.0147652313398045,0.1215122682686999,"[0.20865129563142884, 0.16073288542749647, 0.21811428235903096, -0.9223707559812417, 0.04099871227769539]","[-0.20157797457977475, -0.15480763073899642, -0.2319119450176921, 0.9111327149769904, -0.03895624785119566]","[-0.0018322424584282888, 0.20865129563142884, 0.16073288542749647, 0.21811428235903096, -0.9223707559812417, 0.04099871227769539, -0.20157797457977475, -0.15480763073899642, -0.2319119450176921, 0.9111327149769904, -0.03895624785119566, 0.014765231339804502]",True,1.0104685329353136,1.0099466821366907,innovations_mle_gls,1,"[{""method"": ""innovations_mle_gls"", ""converged"": true, ""message"": ""CONVERGENCE: RELATIVE REDUCTION OF F <= FACTR*EPSMCH"", ""iterations"": 1, ""gls_iterations"": 2, ""gradient_per_observation"": 2.362057152314993e-06, ""warning"": """"}]",eligible,72.05781473128263,False,15min
0,0,4428,2,annual_trading_time,c,1534.1381138534252,-3064.2762277068505,-3051.4848211191934,-0.0036638463939379,0.0292813921837663,0.1711180650421408,[],[],"[-0.0036638463939379843, 0.029281392183766332]",True,inf,inf,closed_form_gaussian_ml,1,"[{""method"": ""closed_form_gaussian_ml"", ""converged"": true, ""message"": ""mu=sample_mean; sigma2=sample_variance_ddof0"", ""iterations"": 0}]",eligible,0.0,True,30min
0,1,4428,3,annual_trading_time,c,1534.2335312366513,-3062.4670624733026,-3043.279952591817,-0.0036638219692132,0.0292801301532584,0.1711143774007855,[],[0.0067118444229766865],"[-0.003663821969213281, 0.0067118444229766865, 0.02928013015325847]",True,inf,148.99034259147837,innovations_mle_gls,1,"[{""method"": ""innovations_mle_gls"", ""converged"": true, ""message"": ""CONVERGENCE: RELATIVE REDUCTION OF F <= FACTR*EPSMCH"", ""iterations"": 1, ""gls_iterations"": 2, ""gradient_per_observation"": 4.107925482286945e-08, ""warning"": """"}]",eligible,8.20486852737622,False,30min
1,0,4428,3,annual_trading_time,c,1534.2293861145035,-3062.458772229007,-3043.2716623475217,-0.003663822908066,0.0292801836685972,0.171114533773719,[0.006420445611276824],[],"[-0.0036638229080660075, 0.006420445611276824, 0.02928018366859723]",True,155.7524291216808,inf,innovations_mle_gls,1,"[{""method"": ""innovations_mle_gls"", ""converged"": true, ""message"": ""CONVERGENCE: RELATIVE REDUCTION OF F <= FACTR*EPSMCH"", ""iterations"": 1, ""gls_iterations"": 2, ""gradient_per_observation"": 4.107925482286945e-08, ""warning"": """"}]",eligible,8.213158771671715,False,30min
0,2,4428,4,annual_trading_time,c,1535.2663092935918,-3062.532618587184,-3036.9498054118694,-0.0036638876936064,0.0292664683371153,0.1710744526138119,[],"[0.006470223189732579, -0.021516256795793644]","[-0.0036638876936064646, 0.006470223189732579, -0.021516256795793644, 0.02926646833711537]",True,inf,6.668667707980213,innovations_mle_gls,1,"[{""method"": ""innovations_mle_gls"", ""converged"": true, ""message"": ""CONVERGENCE: NORM OF PROJECTED GRADIENT <= PGTOL"", ""iterations"": 0, ""gls_iterations"": 2, ""gradient_per_observation"": 0.0, ""warning"": """"}]",eligible,14.535015707323964,False,30min
1,1,4428,4,annual_trading_time,c,1536.2240805819447,-3064.4481611638894,-3038.865347988575,-0.0036640895463041,0.0292537360201225,0.1710372357708184,[-0.9465445037323519],[0.9564601169445696],"[-0.003664089546304139, -0.9465445037323519, 0.9564601169445696, 0.029253736020122514]",True,1.0564743612760583,1.045521901315153,innovations_mle_gls,1,"[{""method"": ""innovations_mle_gls"", ""converged"": true, ""message"": ""CONVERGENCE: RELATIVE REDUCTION OF F <= FACTR*EPSMCH"", ""iterations"": 1, ""gls_iterations"": 2, ""gradient_per_observation"": 2.670151550053788e-07, ""warning"": """"}]",eligible,12.61947313061819,False,30min
2,0,4428,4,annual_trading_time,c,1535.278146921728,-3062.556293843456,-3036.9734806681417,-0.0036638825221727,0.029266313284982,0.1710739994417095,"[0.00656037686862045, -0.021758812871307938]",[],"[-0.003663882522172714, 0.00656037686862045, -0.021758812871307938, 0.029266313284982023]",True,6.779261732519597,inf,innovations_mle_gls,1,"[{""method"": ""innovations_mle_gls"", ""converged"": true, ""message"": ""CONVERGENCE: RELATIVE REDUCTION OF F <= FACTR*EPSMCH"", ""iterations"": 1, ""gls_iterations"": 2, ""gradient_per_observation"": 4.107925481574333e-08, ""warning"": """"}]",eligible,14.511340451051638,False,30min
0,3,4428,5,annual_trading_time,c,1535.273711167557,-3060.547422335114,-3028.5689058659714,-0.0036638482641068,0.0292663707397343,0.1710741673653108,[],"[0.006524470799220602, -0.021394253772700943, -0.0018488343429380791]","[-0.0036638482641068197, 0.006524470799220602, -0.021394253772700943, -0.0018488343429380791, 0.029266370739734374]",True,inf,5.699279107020481,innovations_mle_gls,1,"[{""method"": ""innovations_mle_gls"", ""converged"": true, ""message"": ""CONVERGENCE: RELATIVE REDUCTION OF F <= FACTR*EPSMCH"", ""iterations"": 1, ""gls_iterations"": 2, ""gradient_per_observation"": 2.0539627411434724e-08, ""warning"": """"}]",eligible,22.91591525322201,False,30min
1,2,4428,5,annual_trading_time,c,1535.2710240627057,-3060.5420481254114,-3028.563531656269,-0.0036638639494604,0.0292664078380388,0.1710742757928229,[0.05203372654040225],"[-0.04552646173897543, -0.02180193353963466]","[-0.003663863949460431, 0.05203372654040225, -0.04552646173897543, -0.02180193353963466, 0.029266407838038844]",True,19.21830448225801,5.8084707391115815,innovations_mle_gls,1,"[{""method"": ""innovations_mle_gls"", ""converged"": true, ""message"": ""CONVERGENCE: RELATIVE REDUCTION OF F <= FACTR*EPSMCH"", ""iterations"": 1, ""gls_iterations"": 2, ""gradient_per_observation"": 8.215850963148665e-08, ""warning"": """"}]",eligible,22.921289462924506,False,30min
2,1,4428,5,annual_trading_time,c,1535.2904434215598,-3060.5808868431195,-3028.602370373977,-0.0036638443660073,0.0292661520734743,0.1710735282662817,"[0.08413632134150043, -0.022318100898613732]",[-0.07761238157069336],"[-0.0036638443660073363, 0.08413632134150043, -0.022318100898613732, -0.07761238157069336, 0.029266152073474314]",True,6.693779184307205,12.88454212797411,innovations_mle_gls,1,"[{""method"": ""innovations_mle_gls"", ""converged"": true, ""message"": ""CONVERGENCE: RELATIVE REDUCTION OF F <= FACTR*EPSMCH"", ""iterations"": 1, ""gls_iterations"": 2, ""gradient_per_observation"": 8.215850923242423e-08, ""warning"": """"}]",eligible,22.88245074521637,False,30min
3,0,4428,5,annual_trading_time,c,1535.2988456284563,-3060.597691256913,-3028.6191747877706,-0.003663813171688,0.0292660379559612,0.1710731947324339,"[0.006494483406848758, -0.021738792891047576, -0.0030573461614899007]",[],"[-0.0036638131716880892, 0.006494483406848758, -0.021738792891047576, -0.0030573461614899007, 0.029266037955961256]",True,5.618377149792932,inf,innovations_mle_gls,1,"[{""method"": ""innovations_mle_gls"", ""converged"": true, ""message"": ""CONVERGENCE: RELATIVE REDUCTION OF F <= FACTR*EPSMCH"", ""iterations"": 1, ""gls_iterations"": 2, ""gradient_per_observation"": 2.0539627411434724e-08, ""warning"": """"}]",eligible,22.865646331422795,False,30min
0,4,4428,6,annual_trading_time,c,1535.3093089825088,-3058.6186179650176,-3020.2443982020463,-0.0036638546247664,0.029265899868736,0.1710727911408943,[],"[0.006221454010416082, -0.021421931436799962, -0.0017024972223979183, 0.004029803916590765]","[-0.0036638546247664376, 0.006221454010416082, -0.021421931436799962, -0.0017024972223979183, 0.004029803916590765, 0.02926589986873607]",True,inf,3.884824878322756,innovations_mle_gls,1,"[{""method"": ""innovations_mle_gls"", ""converged"": true, ""message"": ""CONVERGENCE: NORM OF PROJECTED GRADIENT <= PGTOL"", ""iterations"": 0, ""gls_iterations"": 2, ""gradient_per_observation"": 0.0, ""warning"": """"}]",eligible,31.240422917147043,False,30min
1,3,4428,6,annual_trading_time,c,1535.2745890245214,-3058.549178049043,-3020.174958286072,-0.0036638464364378,0.0292663471587772,0.1710740984450226,[-0.051992003162461164],"[0.05851224069271126, -0.021049076403733533, -0.0030602710528463413]","[-0.003663846436437887, -0.051992003162461164, 0.05851224069271126, -0.021049076403733533, -0.0030602710528463413, 0.029266347158777288]",True,19.23372709597794,5.868423977151951,innovations_mle_gls,1,"[{""method"": ""innovations_mle_gls"", ""converged"": true, ""message"": ""CONVERGENCE: RELATIVE REDUCTION OF F <= FACTR*EPSMCH"", ""iterations"": 26, ""gls_iterations"": 1, ""gradient_per_observation"": 6.367284497544764e-07, ""warning"": """"}]",eligible,31.30986283312177,False,30min
2,2,4428,6,annual_trading_time,c,1538.2740729348634,-3064.548145869727,-3026.1739261067555,-0.0036641253227708,0.0292266471419348,0.1709580274275965,"[0.4200453612254472, -0.8751944256058817]","[-0.4159828014908198, 0.8542608454029155]","[-0.0036641253227708104, 0.4200453612254472, -0.8751944256058817, -0.4159828014908198, 0.8542608454029155, 0.029226647141934854]",True,1.0689262161732975,1.081943916741089,innovations_mle_gls,1,"[{""method"": ""innovations_mle_gls"", ""converged"": true, ""message"": ""CONVERGENCE: RELATIVE REDUCTION OF F <= FACTR*EPSMCH"", ""iterations"": 1, ""gls_iterations"": 2, ""gradient_per_observation"": 4.724114307088496e-07, ""warning"": """"}]",eligible,25.310895012437868,False,30min
3,1,4428,6,annual_trading_time,c,1536.233963742926,-3060.467927485852,-3022.0937077228805,-0.0038145623524276,0.0292535270167549,0.1710366247818136,"[0.9956605984751554, -0.02826745295064766, 0.024568696502537107]",[-0.9894662301401506],"[-0.0038145623524276544, 0.9956605984751554, -0.02826745295064766, 0.024568696502537107, -0.9894662301401506, 0.02925352701675491]",True,1.0079334850376105,1.0106459114409163,innovations_mle_gls,1,"[{""method"": ""innovations_mle_gls"", ""converged"": true, ""message"": ""CONVERGENCE: RELATIVE REDUCTION OF F <= FACTR*EPSMCH"", ""iterations"": 1, ""gls_iterations"": 4, ""gradient_per_observation"": 3.9025291885401513e-07, ""warning"": """"}]",eligible,29.391113396312903,False,30min
4,0,4428,6,annual_trading_time,c,1535.3429376117083,-3058.6858752234166,-3020.3116554604453,-0.0036638228852933,0.029265454330481,0.1710714889468174,"[0.006508790766490448, -0.0216427553422856, -0.0030873552338669566, 0.004462093967406507]",[],"[-0.0036638228852933457, 0.006508790766490448, -0.0216427553422856, -0.0030873552338669566, 0.004462093967406507, 0.029265454330481087]",True,3.562325866189297,inf,innovations_mle_gls,1,"[{""method"": ""innovations_mle_gls"", ""converged"": true, ""message"": ""CONVERGENCE: RELATIVE REDUCTION OF F <= FACTR*EPSMCH"", ""iterations"": 1, ""gls_iterations"": 2, ""gradient_per_observation"": 4.107925482286945e-08, ""warning"": """"}]",eligible,31.17316565874808,False,30min
0,5,4428,7,annual_trading_time,c,1538.2824085394222,-3062.5648170788445,-3017.794894022045,-0.003662358494021,0.0292265828863919,0.1709578394996612,[],"[0.0069897737912518985, -0.020410892622711754, -0.0023044949386844165, 0.004041010146387871, 0.03654226676480804]","[-0.0036623584940210594, 0.0069897737912518985, -0.020410892622711754, -0.0023044949386844165, 0.004041010146387871, 0.03654226676480804, 0.029226582886391923]",True,inf,1.9182028132602285,innovations_mle_gls,1,"[{""method"": ""innovations_mle_gls"", ""converged"": true, ""message"": ""CONVERGENCE: RELATIVE REDUCTION OF F <= FACTR*EPSMCH"", ""iterations"": 1, ""gls_iterations"": 2, ""gradient_per_observation"": 2.0539627407871663e-08, ""warning"": """"}]",eligible,33.689927097148484,False,30min
1,4,4428,7,annual_trading_time,c,1535.844583335186,-3057.6891666703723,-3012.9192436135727,-0.0036635289548542,0.0292588146227184,0.1710520816088435,[0.5540128936146559],"[-0.5480982183869085, -0.024476025879862296, 0.01021552829416342, 0.014122987373596553]","[-0.003663528954854223, 0.5540128936146559, -0.5480982183869085, -0.024476025879862296, 0.01021552829416342, 0.014122987373596553, 0.029258814622718485]",True,1.8050121423627927,2.1928189088568857,innovations_mle_gls,1,"[{""method"": ""innovations_mle_gls"", ""converged"": true, ""message"": ""CONVERGENCE: RELATIVE REDUCTION OF F <= FACTR*EPSMCH"", ""iterations"": 1, ""gls_iterations"": 2, ""gradient_per_observation"": 1.2323776384863638e-07, ""warning"": """"}]",eligible,38.565577505620695,False,30min
2,3,4428,7,annual_trading_time,c,1538.2915238817395,-3062.583047763479,-3017.8131247066794,-0.003664256353645,0.0292264190292956,0.1709573602665167,"[0.43030725735440345, -0.8770160295023279]","[-0.42417942626813776, 0.854876861508088, 0.0032776439702099807]","[-0.003664256353645083, 0.43030725735440345, -0.8770160295023279, -0.42417942626813776, 0.854876861508088, 0.0032776439702099807, 0.0292264190292956]",True,1.0678155339096522,1.0805194376548175,innovations_mle_gls,1,"[{""method"": ""innovations_mle_gls"", ""converged"": true, ""message"": ""CONVERGENCE: RELATIVE REDUCTION OF F <= FACTR*EPSMCH"", ""iterations"": 1, ""gls_iterations"": 2, ""gradient_per_observation"": 2.6701515648761063e-07, ""warning"": """"}]",eligible,33.67169641251394,False,30min
3,2,4428,7,annual_trading_time,c,1538.2914705624407,-3062.582941124881,-3017.813018068082,-0.0036642559532511,0.0292264186220273,0.1709573590753768,"[0.4341006356635504, -0.8786317927085657, 0.003347662089958094]","[-0.42797901913302544, 0.8564818820361427]","[-0.003664255953251162, 0.4341006356635504, -0.8786317927085657, 0.003347662089958094, -0.42797901913302544, 0.8564818820361427, 0.029226418622027323]",True,1.0678318030891365,1.080540152667216,innovations_mle_gls,1,"[{""method"": ""innovations_mle_gls"", ""converged"": true, ""message"": ""CONVERGENCE: RELATIVE REDUCTION OF F <= FACTR*EPSMCH"", ""iterations"": 1, ""gls_iterations"": 2, ""gradient_per_observation"": 4.929510581309735e-07, ""warning"": """"}]",eligible,33.67180305111151,False,30min
4,1,4428,7,annual_trading_time,c,1535.9182414817142,-3057.8364829634284,-3013.0665599066288,-0.0036635412260011,0.029257844213527,0.1710492449954897,"[0.5672052402301556, -0.02508199423527321, 0.009038440165280708, 0.015559656207818847]",[-0.5608240949458205],"[-0.0036635412260011112, 0.5672052402301556, -0.02508199423527321, 0.009038440165280708, 0.015559656207818847, -0.5608240949458205, 0.029257844213527073]",True,1.6216527055248156,1.7830902933951276,innovations_mle_gls,1,"[{""method"": ""innovations_mle_gls"", ""converged"": true, ""message"": ""CONVERGENCE: RELATIVE REDUCTION OF F <= FACTR*EPSMCH"", ""iterations"": 1, ""gls_iterations"": 2, ""gradient_per_observation"": 4.107925482286945e-08, ""warning"": """"}]",eligible,38.41826121256463,False,30min
5,0,4428,7,annual_trading_time,c,1538.385674504976,-3062.771349009952,-3018.0014259531526,-0.0036623308474044,0.0292252164536488,0.1709538430502481,"[0.006343154463888596, -0.021522841870728813, -0.0022958278358426194, 0.004214303372135753, 0.03705297441054394]",[],"[-0.003662330847404426, 0.006343154463888596, -0.021522841870728813, -0.0022958278358426194, 0.004214303372135753, 0.03705297441054394, 0.029225216453648867]",True,1.894089474567612,inf,innovations_mle_gls,1,"[{""method"": ""innovations_mle_gls"", ""converged"": true, ""message"": ""CONVERGENCE: RELATIVE REDUCTION OF F <= FACTR*EPSMCH"", ""iterations"": 1, ""gls_iterations"": 2, ""gradient_per_observation"": 2.0539627411434724e-08, ""warning"": """"}]",eligible,33.48339516604074,False,30min
1,5,4428,8,annual_trading_time,c,1538.3692511885438,-3060.738502377088,-3009.572876026459,-0.0036626450856139,0.0292254359309593,0.170954484968834,[-0.12776377857866436],"[0.13445041663739446, -0.01958951274122324, -0.0048877099286647315, 0.0038844191183171287, 0.03723494051960163]","[-0.003662645085613913, -0.12776377857866436, 0.13445041663739446, -0.01958951274122324, -0.0048877099286647315, 0.0038844191183171287, 0.03723494051960163, 0.029225435930959314]",True,7.826944468336136,1.8289161732070136,innovations_mle_gls,1,"[{""method"": ""innovations_mle_gls"", ""converged"": true, ""message"": ""CONVERGENCE: RELATIVE REDUCTION OF F <= FACTR*EPSMCH"", ""iterations"": 1, ""gls_iterations"": 2, ""gradient_per_observation"": 4.107925484424779e-08, ""warning"": """"}]",eligible,41.911945092734186,False,30min
2,4,4428,8,annual_trading_time,c,1537.1222385841593,-3058.2444771683186,-3007.07885081769,-0.0036623209572281,0.0292419083007717,0.1710026558295857,"[1.1624321496669812, -0.7737510297230157]","[-1.1564445585386678, 0.7454709449667769, 0.030480700931921626, -0.0032160876469871113]","[-0.0036623209572281016, 1.1624321496669812, -0.7737510297230157, -1.1564445585386678, 0.7454709449667769, 0.030480700931921626, -0.0032160876469871113, 0.02924190830077176]",True,1.1368400891411323,1.1263637013918657,innovations_mle_gls,1,"[{""method"": ""innovations_mle_gls"", ""converged"": true, ""message"": ""CONVERGENCE: RELATIVE REDUCTION OF F <= FACTR*EPSMCH"", ""iterations"": 1, ""gls_iterations"": 2, ""gradient_per_observation"": 2.875547823134848e-07, ""warning"": """"}]",eligible,44.4059703015032,False,30min
3,3,4428,8,annual_trading_time,c,1539.957260517439,-3063.914521034878,-3012.748894684249,-0.0036645601146738,0.0292043757913278,0.1708928781176321,"[-0.5160444606490429, -0.47179112372622906, -0.8411977329175048]","[0.5266156654063592, 0.4508064338057067, 0.8305713451450895]","[-0.003664560114673887, -0.5160444606490429, -0.47179112372622906, -0.8411977329175048, 0.5266156654063592, 0.4508064338057067, 0.8305713451450895, 0.02920437579132789]",True,1.0519515132090764,1.0424602586632057,innovations_mle_gls,1,"[{""method"": ""innovations_mle_gls"", ""converged"": true, ""message"": ""CONVERGENCE: RELATIVE REDUCTION OF F <= FACTR*EPSMCH"", ""iterations"": 1, ""gls_iterations"": 2, ""gradient_per_observation"": 1.4377739185510167e-07, ""warning"": """"}]",eligible,38.73592643494385,False,30min
4,2,4428,8,annual_trading_time,c,1537.12575278225,-3058.2515055645,-3007.0858792138715,-0.0036623400430693,0.0292418739348489,0.1710025553459625,"[1.198906051293463, -0.8183177772194641, 0.031671836265851155, -0.004385986854527199]","[-1.1928913285584652, 0.7896733999424843]","[-0.003662340043069338, 1.198906051293463, -0.8183177772194641, 0.031671836265851155, -0.004385986854527199, -1.1928913285584652, 0.7896733999424843, 0.029241873934848974]",True,1.1359831094260957,1.1253205387401792,innovations_mle_gls,1,"[{""method"": ""innovations_mle_gls"", ""converged"": true, ""message"": ""CONVERGENCE: RELATIVE REDUCTION OF F <= FACTR*EPSMCH"", ""iterations"": 1, ""gls_iterations"": 2, ""gradient_per_observation"": 1.1091398746377272e-06, ""warning"": """"}]",eligible,44.39894190532186,False,30min
5,1,4428,8,annual_trading_time,c,1538.491417454583,-3060.982834909166,-3009.817208558537,-0.0036626356807291,0.0292238202853775,0.1709497595358869,"[-0.13474024971716325, -0.020603724870819823, -0.005342954464248436, 0.0037764565890802786, 0.03794237840099288]",[0.1412828711390875],"[-0.0036626356807291094, -0.13474024971716325, -0.020603724870819823, -0.005342954464248436, 0.0037764565890802786, 0.03794237840099288, 0.1412828711390875, 0.029223820285377573]",True,1.8712760245782067,7.077998853913004,innovations_mle_gls,1,"[{""method"": ""innovations_mle_gls"", ""converged"": true, ""message"": ""CONVERGENCE: RELATIVE REDUCTION OF F <= FACTR*EPSMCH"", ""iterations"": 1, ""gls_iterations"": 2, ""gradient_per_observation"": 4.107925484424779e-08, ""warning"": """"}]",eligible,41.667612560655925,False,30min
2,5,4428,9,annual_trading_time,c,1538.905879646356,-3059.811759292712,-3002.2504296482552,-0.0036621307091212,0.0292183433423425,0.1709337396254542,"[0.022507522124494708, -0.46659904803305513]","[-0.01587655353233404, 0.44549452421570424, 0.001372421871353547, -0.0039402321712898565, 0.03443471861874284]","[-0.0036621307091212188, 0.022507522124494708, -0.46659904803305513, -0.01587655353233404, 0.44549452421570424, 0.001372421871353547, -0.0039402321712898565, 0.03443471861874284, 0.029218343342342582]",True,1.4639561747467238,1.432520566276487,innovations_mle_gls,1,"[{""method"": ""innovations_mle_gls"", ""converged"": true, ""message"": ""CONVERGENCE: RELATIVE REDUCTION OF F <= FACTR*EPSMCH"", ""iterations"": 1, ""gls_iterations"": 2, ""gradient_per_observation"": 2.464755289372167e-07, ""warning"": """"}]",eligible,49.234391470938135,False,30min
3,4,4428,9,annual_trading_time,c,1538.6203844711015,-3059.2407689422034,-3001.6794392977467,-0.0036625275216233,0.0292220636054173,0.1709446214579953,"[0.213180965238499, 0.3211937139884863, -0.7464598899727851]","[-0.20654068330882183, -0.3475992623832127, 0.75747787584016, 0.017494737023872574]","[-0.003662527521623383, 0.213180965238499, 0.3211937139884863, -0.7464598899727851, -0.20654068330882183, -0.3475992623832127, 0.75747787584016, 0.017494737023872574, 0.02922206360541732]",True,1.0519089106206705,1.0424967151151652,innovations_mle_gls,1,"[{""method"": ""innovations_mle_gls"", ""converged"": true, ""message"": ""CONVERGENCE: RELATIVE REDUCTION OF F <= FACTR*EPSMCH"", ""iterations"": 1, ""gls_iterations"": 2, ""gradient_per_observation"": 3.697132935982301e-07, ""warning"": """"}]",eligible,49.805381821446645,False,30min
4,3,4428,9,annual_trading_time,c,1538.6271444999502,-3059.2542889999004,-3001.692959355444,-0.0036625066114567,0.0292219699417006,0.1709443474985373,"[0.2330982868282842, 0.3158847098195185, -0.7510462742477486, 0.01743378603404831]","[-0.22632292160181125, -0.3423218523092694, 0.7624277262938923]","[-0.003662506611456752, 0.2330982868282842, 0.3158847098195185, -0.7510462742477486, 0.01743378603404831, -0.22632292160181125, -0.3423218523092694, 0.7624277262938923, 0.029221969941700694]",True,1.051956139961785,1.042525870820803,innovations_mle_gls,1,"[{""method"": ""innovations_mle_gls"", ""converged"": true, ""message"": ""CONVERGENCE: RELATIVE REDUCTION OF F <= FACTR*EPSMCH"", ""iterations"": 1, ""gls_iterations"": 2, ""gradient_per_observation"": 2.0539627422123895e-07, ""warning"": """"}]",eligible,49.791861763749694,False,30min
5,2,4428,9,annual_trading_time,c,1538.9330878398978,-3059.866175679796,-3002.304846035339,-0.0036622266338829,0.0292179814651835,0.1709326810916613,"[-0.018984309630146114, -0.4382111922742449, -0.00017114725812992886, -0.0034626289437853165, 0.03515110591077319]","[0.02537972949401848, 0.41756675129843956]","[-0.00366222663388292, -0.018984309630146114, -0.4382111922742449, -0.00017114725812992886, -0.0034626289437853165, 0.03515110591077319, 0.02537972949401848, 0.41756675129843956, 0.029217981465183597]",True,1.454369565774367,1.5475227584516658,innovations_mle_gls,1,"[{""method"": ""innovations_mle_gls"", ""converged"": true, ""message"": ""CONVERGENCE: RELATIVE REDUCTION OF F <= FACTR*EPSMCH"", ""iterations"": 1, ""gls_iterations"": 2, ""gradient_per_observation"": 1.0269813703935833e-07, ""warning"": """"}]",eligible,49.17997508385452,False,30min
3,5,4428,10,annual_trading_time,c,1540.1460084505206,-3060.2920169010413,-2996.334983962756,-0.0036642816687648,0.0292018747178051,0.1708855602963724,"[-0.5273458031562108, -0.46646225328718977, -0.8133685261503318]","[0.5342513693823749, 0.4490676886626461, 0.8021264848287357, -0.001521840818334885, 0.008793712763761296]","[-0.003664281668764815, -0.5273458031562108, -0.46646225328718977, -0.8133685261503318, 0.5342513693823749, 0.4490676886626461, 0.8021264848287357, -0.001521840818334885, 0.008793712763761296, 0.029201874717805144]",True,1.0584168563969203,1.046735044680692,innovations_mle_gls,1,"[{""method"": ""innovations_mle_gls"", ""converged"": true, ""message"": ""CONVERGENCE: RELATIVE REDUCTION OF F <= FACTR*EPSMCH"", ""iterations"": 1, ""gls_iterations"": 2, ""gradient_per_observation"": 4.518718032867257e-07, ""warning"": """"}]",eligible,55.14983715643757,False,30min
4,4,4428,10,annual_trading_time,c,1540.80043497343,-3061.6008699468603,-2997.643837008575,-0.0038167551893393,0.0291931331567634,0.170859981144689,"[0.47986254153612806, 0.04491109619714451, -0.37756249142125564, 0.8316021368185733]","[-0.4677521773364233, -0.075510397477773, 0.3892909542713391, -0.8183036483158957]","[-0.00381675518933938, 0.47986254153612806, 0.04491109619714451, -0.37756249142125564, 0.8316021368185733, -0.4677521773364233, -0.075510397477773, 0.3892909542713391, -0.8183036483158957, 0.029193133156763498]",True,1.0075851816848544,1.010035319334466,innovations_mle_gls,1,"[{""method"": ""innovations_mle_gls"", ""converged"": true, ""message"": ""CONVERGENCE: RELATIVE REDUCTION OF F <= FACTR*EPSMCH"", ""iterations"": 1, ""gls_iterations"": 3, ""gradient_per_observation"": 3.0809441133185846e-06, ""warning"": """"}]",eligible,53.84098411061859,False,30min
5,3,4428,10,annual_trading_time,c,1540.1440483715478,-3060.288096743096,-2996.33106380481,-0.0036642892071797,0.0292018951306369,0.170885620022976,"[-0.5346994417910922, -0.4602618756525235, -0.812167324540737, -0.001398010144470982, 0.00875562237247535]","[0.541641787903311, 0.44288384427509303, 0.800661526704726]","[-0.0036642892071797844, -0.5346994417910922, -0.4602618756525235, -0.812167324540737, -0.001398010144470982, 0.00875562237247535, 0.541641787903311, 0.44288384427509303, 0.800661526704726, 0.029201895130636934]",True,1.0584524338525805,1.0467553829388478,innovations_mle_gls,1,"[{""method"": ""innovations_mle_gls"", ""converged"": true, ""message"": ""CONVERGENCE: RELATIVE REDUCTION OF F <= FACTR*EPSMCH"", ""iterations"": 1, ""gls_iterations"": 2, ""gradient_per_observation"": 7.805058416345195e-07, ""warning"": """"}]",eligible,55.153757314383256,False,30min
4,5,4428,11,annual_trading_time,c,1543.6242887137005,-3065.248577427401,-2994.895841195287,-0.0036676839078144,0.0291551310356889,0.1707487365566403,"[-1.279581654614727, -1.1161559408591635, -1.0614172166120381, -0.861492841048231]","[1.2878438980274878, 1.107056374964007, 1.0375129995938344, 0.8465257816520168, 0.009904951967972739]","[-0.0036676839078144054, -1.279581654614727, -1.1161559408591635, -1.0614172166120381, -0.861492841048231, 1.2878438980274878, 1.107056374964007, 1.0375129995938344, 0.8465257816520168, 0.009904951967972739, 0.029155131035688963]",True,1.0050238960287885,1.0085082674846113,innovations_mle_gls,1,"[{""method"": ""innovations_mle_gls"", ""converged"": true, ""message"": ""CONVERGENCE: RELATIVE REDUCTION OF F <= FACTR*EPSMCH"", ""iterations"": 1, ""gls_iterations"": 2, ""gradient_per_observation"": 2.0334231260780318e-06, ""warning"": """"}]",eligible,56.58897992390621,False,30min
5,4,4428,11,annual_trading_time,c,1543.6230928018967,-3065.246185603793,-2994.89344937168,-0.0036676787459937,0.0291550900871672,0.1707486166478874,"[-1.2680345948715317, -1.101140935497448, -1.0479647800497014, -0.848697134186133, 0.010149769683353595]","[1.276249778365178, 1.0919627499208846, 1.0241793636895993, 0.8340227899924311]","[-0.003667678745993704, -1.2680345948715317, -1.101140935497448, -1.0479647800497014, -0.848697134186133, 0.010149769683353595, 1.276249778365178, 1.0919627499208846, 1.0241793636895993, 0.8340227899924311, 0.029155090087167233]",True,1.0050163554181573,1.0084954987068755,innovations_mle_gls,1,"[{""method"": ""innovations_mle_gls"", ""converged"": true, ""message"": ""CONVERGENCE: RELATIVE REDUCTION OF F <= FACTR*EPSMCH"", ""iterations"": 2, ""gls_iterations"": 2, ""gradient_per_observation"": 1.6431701846484847e-06, ""warning"": """"}]",eligible,56.59137174751368,False,30min
5,5,4428,12,annual_trading_time,c,1544.4106797517088,-3064.8213595034176,-2988.072919977475,-0.0038207899923768,0.0291445365827693,0.1707177102200277,"[-0.3140809358508522, 0.14801303691330836, 0.07320336406527861, 0.20830982540314186, 0.8431131850955066]","[0.3182536509233175, -0.16458852296571247, -0.08801156654560027, -0.19888330110391525, -0.812332310648136]","[-0.0038207899923768922, -0.3140809358508522, 0.14801303691330836, 0.07320336406527861, 0.20830982540314186, 0.8431131850955066, 0.3182536509233175, -0.16458852296571247, -0.08801156654560027, -0.19888330110391525, -0.812332310648136, 0.029144536582769366]",True,1.0047183117885212,1.0079791200303168,innovations_mle_gls,1,"[{""method"": ""innovations_mle_gls"", ""converged"": true, ""message"": ""CONVERGENCE: RELATIVE REDUCTION OF F <= FACTR*EPSMCH"", ""iterations"": 2, ""gls_iterations"": 3, ""gradient_per_observation"": 2.1155816127349242e-06, ""warning"": """"}]",eligible,63.41190114171832,False,30min
0,0,2214,2,annual_trading_time,c,-23.572861022089,51.145722044178,62.55083427071517,-0.0073276927878759,0.059809982390937,0.2445607948771368,[],[],"[-0.007327692787875977, 0.05980998239093701]",True,inf,inf,closed_form_gaussian_ml,1,"[{""method"": ""closed_form_gaussian_ml"", ""converged"": true, ""message"": ""mu=sample_mean; sigma2=sample_variance_ddof0"", ""iterations"": 0}]",eligible,0.0,True,60min
0,1,2214,3,annual_trading_time,c,-21.83376919156035,49.6675383831207,66.77520672292644,-0.007327897104426,0.059716054692261,0.2443686859895536,[],[-0.03842836843873012],"[-0.007327897104426046, -0.03842836843873012, 0.059716054692261086]",True,inf,26.022442290111584,innovations_mle_gls,1,"[{""method"": ""innovations_mle_gls"", ""converged"": true, ""message"": ""CONVERGENCE: NORM OF PROJECTED GRADIENT <= PGTOL"", ""iterations"": 1, ""gls_iterations"": 2, ""gradient_per_observation"": 0.0, ""warning"": """"}]",eligible,4.224372452211277,False,60min
1,0,2214,3,annual_trading_time,c,-21.725781621505572,49.45156324301115,66.55923158281689,-0.0073279110873729,0.0597593459472609,0.2444572476881406,[-0.040843777553134675],[],"[-0.007327911087372981, -0.040843777553134675, 0.05975934594726093]",True,24.48353359821029,inf,innovations_mle_gls,1,"[{""method"": ""innovations_mle_gls"", ""converged"": true, ""message"": ""CONVERGENCE: RELATIVE REDUCTION OF F <= FACTR*EPSMCH"", ""iterations"": 1, ""gls_iterations"": 2, ""gradient_per_observation"": 0.00082269423219888, ""warning"": """"}]",eligible,4.008397312101728,False,60min
0,2,2214,4,annual_trading_time,c,-20.686929092327773,49.373858184655546,72.18408263772987,-0.0073277221216532,0.0596541652211769,0.2442420218168382,[],"[-0.04000910100290236, 0.03218718101426519]","[-0.007327722121653208, -0.04000910100290236, 0.03218718101426519, 0.0596541652211769]",True,inf,5.573891733693803,innovations_mle_gls,1,"[{""method"": ""innovations_mle_gls"", ""converged"": true, ""message"": ""CONVERGENCE: RELATIVE REDUCTION OF F <= FACTR*EPSMCH"", ""iterations"": 1, ""gls_iterations"": 2, ""gradient_per_observation"": 4.107925481574333e-08, ""warning"": """"}]",eligible,9.633248367014708,False,60min
1,1,2214,4,annual_trading_time,c,-21.09770247487449,50.19540494974899,73.00562940282332,-0.0073287788747268,0.0596763288503276,0.2442873898716992,[-0.42492271925396274],[0.382100810694524],"[-0.0073287788747268415, -0.42492271925396274, 0.382100810694524, 0.0596763288503276]",True,2.3533691061652364,2.6171103855612188,innovations_mle_gls,1,"[{""method"": ""innovations_mle_gls"", ""converged"": true, ""message"": ""CONVERGENCE: RELATIVE REDUCTION OF F <= FACTR*EPSMCH"", ""iterations"": 1, ""gls_iterations"": 2, ""gradient_per_observation"": 4.107925484424779e-08, ""warning"": """"}]",eligible,10.454795132108153,False,60min
2,0,2214,4,annual_trading_time,c,-20.722378409853263,49.44475681970653,72.25498127278085,-0.0073280580693519,0.0596560799063118,0.2442459414326303,"[-0.03960143711302256, 0.03008333134166708]",[],"[-0.007328058069351935, -0.03960143711302256, 0.03008333134166708, 0.059656079906311894]",True,5.144753660019784,inf,innovations_mle_gls,1,"[{""method"": ""innovations_mle_gls"", ""converged"": true, ""message"": ""CONVERGENCE: RELATIVE REDUCTION OF F <= FACTR*EPSMCH"", ""iterations"": 5, ""gls_iterations"": 2, ""gradient_per_observation"": 4.1079254616212117e-08, ""warning"": """"}]",eligible,9.704147002065689,False,60min
0,3,2214,5,annual_trading_time,c,-20.65433001561269,51.30866003122537,79.82144059756828,-0.0073271288795738,0.0596524071982941,0.2442384228541736,[],"[-0.03983456636659994, 0.03201765634356293, 0.00539802586416724]","[-0.007327128879573898, -0.03983456636659994, 0.03201765634356293, 0.00539802586416724, 0.05965240719829413]",True,inf,4.530876750899288,innovations_mle_gls,1,"[{""method"": ""innovations_mle_gls"", ""converged"": true, ""message"": ""CONVERGENCE: NORM OF PROJECTED GRADIENT <= PGTOL"", ""iterations"": 1, ""gls_iterations"": 2, ""gradient_per_observation"": 0.0, ""warning"": """"}]",eligible,17.27060632685312,False,60min
1,2,2214,5,annual_trading_time,c,-20.65581562775424,51.31163125550847,79.82441182185138,-0.0073272396922317,0.0596524845390605,0.2442385811845878,[0.15471043394741993],"[-0.19455112299635277, 0.03823695040112695]","[-0.007327239692231703, 0.15471043394741993, -0.19455112299635277, 0.03823695040112695, 0.05965248453906052]",True,6.463688159131278,5.113972356771064,innovations_mle_gls,1,"[{""method"": ""innovations_mle_gls"", ""converged"": true, ""message"": ""CONVERGENCE: RELATIVE REDUCTION OF F <= FACTR*EPSMCH"", ""iterations"": 1, ""gls_iterations"": 2, ""gradient_per_observation"": 4.107925484424779e-08, ""warning"": """"}]",eligible,17.27357755113622,False,60min
2,1,2214,5,annual_trading_time,c,-20.660494496577485,51.32098899315497,79.83376955949788,-0.0073274985600927,0.0596527357004016,0.2442390953561727,"[0.1908309687962792, 0.039570165260937235]",[-0.23065157044698434],"[-0.0073274985600927005, 0.1908309687962792, 0.039570165260937235, -0.23065157044698434, 0.059652735700401624]",True,3.1641767880459133,4.33554385977984,innovations_mle_gls,1,"[{""method"": ""innovations_mle_gls"", ""converged"": true, ""message"": ""CONVERGENCE: RELATIVE REDUCTION OF F <= FACTR*EPSMCH"", ""iterations"": 1, ""gls_iterations"": 2, ""gradient_per_observation"": 1.4377739185510167e-07, ""warning"": """"}]",eligible,17.282935288782717,False,60min
3,0,2214,5,annual_trading_time,c,-20.656834152026025,51.31366830405205,79.82644887039496,-0.0073272293701818,0.0596525403316397,0.2442386954019361,"[-0.0398330477507805, 0.030387459511829393, 0.007690979660360909]",[],"[-0.007327229370181842, -0.0398330477507805, 0.030387459511829393, 0.007690979660360909, 0.05965254033163973]",True,4.296806039064126,inf,innovations_mle_gls,1,"[{""method"": ""innovations_mle_gls"", ""converged"": true, ""message"": ""CONVERGENCE: RELATIVE REDUCTION OF F <= FACTR*EPSMCH"", ""iterations"": 1, ""gls_iterations"": 2, ""gradient_per_observation"": 2.0539627411434724e-08, ""warning"": """"}]",eligible,17.27561459967979,False,60min
0,4,2214,6,annual_trading_time,c,-20.654329677676287,53.308659355352574,87.52399603496407,-0.007327127626171,0.0596524057408675,0.2442384198705591,[],"[-0.03983477660903388, 0.032017192286859356, 0.005399725219718307, -1.7874612397161304e-05]","[-0.007327127626171071, -0.03983477660903388, 0.032017192286859356, 0.005399725219718307, -1.7874612397161304e-05, 0.05965240574086753]",True,inf,4.5284583755299685,innovations_mle_gls,1,"[{""method"": ""innovations_mle_gls"", ""converged"": true, ""message"": ""CONVERGENCE: RELATIVE REDUCTION OF F <= FACTR*EPSMCH"", ""iterations"": 1, ""gls_iterations"": 2, ""gradient_per_observation"": 4.107925482286945e-08, ""warning"": """"}]",eligible,24.973161764248907,False,60min
1,3,2214,6,annual_trading_time,c,-20.65432987366557,53.30865974733115,87.52399642694265,-0.0073271283667309,0.0596524081934398,0.2442384248914159,[-0.0014190475693657077],"[-0.038415772687721984, 0.031960774637370785, 0.005443992900224104]","[-0.007327128366730922, -0.0014190475693657077, -0.038415772687721984, 0.031960774637370785, 0.005443992900224104, 0.059652408193439845]",True,704.6980112491821,4.529942092698974,innovations_mle_gls,1,"[{""method"": ""innovations_mle_gls"", ""converged"": true, ""message"": ""CONVERGENCE: RELATIVE REDUCTION OF F <= FACTR*EPSMCH"", ""iterations"": 1, ""gls_iterations"": 2, ""gradient_per_observation"": 2.0539627411434723e-07, ""warning"": """"}]",eligible,24.97316215622748,False,60min
2,2,2214,6,annual_trading_time,c,-20.64857020758336,53.29714041516672,87.51247709477822,-0.0073267981133979,0.05965209484069,0.2442377834011152,"[0.07552095507947906, -0.1219730146881213]","[-0.11523553926711581, 0.1566261504256392]","[-0.007326798113397965, 0.07552095507947906, -0.1219730146881213, -0.11523553926711581, 0.1566261504256392, 0.05965209484069009]",True,2.863308358217832,2.5267825153779504,innovations_mle_gls,1,"[{""method"": ""innovations_mle_gls"", ""converged"": true, ""message"": ""CONVERGENCE: RELATIVE REDUCTION OF F <= FACTR*EPSMCH"", ""iterations"": 1, ""gls_iterations"": 2, ""gradient_per_observation"": 4.107925484424779e-07, ""warning"": """"}]",eligible,24.961642824063052,False,60min
3,1,2214,6,annual_trading_time,c,-20.656792759304157,53.31358551860831,87.5289221982198,-0.007327240450735,0.059652549315181,0.2442387137928405,"[-0.02007846746590964, 0.031169818711389036, 0.007097575359860607]",[-0.019755806710370638],"[-0.007327240450735097, -0.02007846746590964, 0.031169818711389036, 0.007097575359860607, -0.019755806710370638, 0.05965254931518109]",True,4.213971351960444,50.61802915266724,innovations_mle_gls,1,"[{""method"": ""innovations_mle_gls"", ""converged"": true, ""message"": ""CONVERGENCE: RELATIVE REDUCTION OF F <= FACTR*EPSMCH"", ""iterations"": 1, ""gls_iterations"": 2, ""gradient_per_observation"": 1.437773911567424e-07, ""warning"": """"}]",eligible,24.97808792750464,False,60min
4,0,2214,6,annual_trading_time,c,-20.656767076756296,53.31353415351259,87.52887083312409,-0.0073272469363761,0.0596525375977062,0.2442386898050884,"[-0.03983502478037154, 0.030380015648607418, 0.007700695012960626, 0.0002461499897308765]",[],"[-0.007327246936376149, -0.03983502478037154, 0.030380015648607418, 0.007700695012960626, 0.0002461499897308765, 0.05965253759770623]",True,4.177294816569797,inf,innovations_mle_gls,1,"[{""method"": ""innovations_mle_gls"", ""converged"": true, ""message"": ""CONVERGENCE: RELATIVE REDUCTION OF F <= FACTR*EPSMCH"", ""iterations"": 1, ""gls_iterations"": 2, ""gradient_per_observation"": 2.053962741132338e-08, ""warning"": """"}]",eligible,24.978036562408924,False,60min
0,5,2214,7,annual_trading_time,c,-20.640429572058565,55.28085914411713,95.1987519369972,-0.0073268760512016,0.0596516556092341,0.2442368842112798,[],"[-0.03981470449470187, 0.03220600681308496, 0.00513248452157772, 0.00019905265000541743, -0.003537997445887886]","[-0.007326876051201609, -0.03981470449470187, 0.03220600681308496, 0.00513248452157772, 0.00019905265000541743, -0.003537997445887886, 0.059651655609234126]",True,inf,2.847324173242205,innovations_mle_gls,1,"[{""method"": ""innovations_mle_gls"", ""converged"": true, ""message"": ""CONVERGENCE: RELATIVE REDUCTION OF F <= FACTR*EPSMCH"", ""iterations"": 1, ""gls_iterations"": 2, ""gradient_per_observation"": 4.107925482286945e-08, ""warning"": """"}]",eligible,32.64791766628205,False,60min
1,4,2214,7,annual_trading_time,c,-20.65432651946867,55.30865303893734,95.22654583181742,-0.0073271328327185,0.0596524198858729,0.244238448827929,[-0.020019971832761368],"[-0.019813866477410787, 0.031221554649893974, 0.006033481745166659, 0.000165435514659133]","[-0.007327132832718534, -0.020019971832761368, -0.019813866477410787, 0.031221554649893974, 0.006033481745166659, 0.000165435514659133, 0.05965241988587292]",True,49.95012022762019,4.5332387685807065,innovations_mle_gls,1,"[{""method"": ""innovations_mle_gls"", ""converged"": true, ""message"": ""CONVERGENCE: RELATIVE REDUCTION OF F <= FACTR*EPSMCH"", ""iterations"": 1, ""gls_iterations"": 2, ""gradient_per_observation"": 2.4647552769727275e-07, ""warning"": """"}]",eligible,32.675711561102254,False,60min
2,3,2214,7,annual_trading_time,c,-14.367361735927716,42.73472347185543,82.65261626473551,-0.007332040593211,0.0592137381420005,0.2433387312821379,"[0.27261329274477897, -0.9827210522522968]","[-0.31257301322616154, 1.0097767522142862, -0.03725926901551854]","[-0.007332040593211036, 0.27261329274477897, -0.9827210522522968, -0.31257301322616154, 1.0097767522142862, -0.03725926901551854, 0.05921373814200056]",True,1.0087530715330593,1.0002428609764584,innovations_mle_gls,1,"[{""method"": ""innovations_mle_gls"", ""converged"": true, ""message"": ""CONVERGENCE: RELATIVE REDUCTION OF F <= FACTR*EPSMCH"", ""iterations"": 1, ""gls_iterations"": 3, ""gradient_per_observation"": 3.861449976794646e-06, ""warning"": """"}]",eligible,20.10178199402035,False,60min
3,2,2214,7,annual_trading_time,c,-20.657335855873956,55.31467171174791,95.232564504628,-0.0073272611258099,0.0596525769987225,0.2442387704659572,"[-0.12549915691831992, 0.05213528214654373, 0.011247061753811153]","[0.08566705623901057, -0.02516265098187552]","[-0.007327261125809936, -0.12549915691831992, 0.05213528214654373, 0.011247061753811153, 0.08566705623901057, -0.02516265098187552, 0.05965257699872255]",True,3.9365806825523455,4.82759992931895,innovations_mle_gls,1,"[{""method"": ""innovations_mle_gls"", ""converged"": true, ""message"": ""CONVERGENCE: RELATIVE REDUCTION OF F <= FACTR*EPSMCH"", ""iterations"": 1, ""gls_iterations"": 2, ""gradient_per_observation"": 1.8485664679911506e-07, ""warning"": """"}]",eligible,32.68173023391282,False,60min
4,1,2214,7,annual_trading_time,c,-20.656790389542493,55.31358077908499,95.23147357196508,-0.0073272439819346,0.0596525460509309,0.2442387071103409,"[-0.020006482026226454, 0.03117121109791919, 0.0070962228461825955, 4.596617078314802e-05]",[-0.019828002747309774],"[-0.007327243981934667, -0.020006482026226454, 0.03117121109791919, 0.0070962228461825955, 4.596617078314802e-05, -0.019828002747309774, 0.05965254605093092]",True,4.190662066868836,50.433723090727234,innovations_mle_gls,1,"[{""method"": ""innovations_mle_gls"", ""converged"": true, ""message"": ""CONVERGENCE: RELATIVE REDUCTION OF F <= FACTR*EPSMCH"", ""iterations"": 1, ""gls_iterations"": 2, ""gradient_per_observation"": 3.0809441116964187e-07, ""warning"": """"}]",eligible,32.680639301249904,False,60min
5,0,2214,7,annual_trading_time,c,-20.65050549013813,55.30101098027626,95.21890377315634,-0.0073269922016583,0.0596521985786871,0.2442379957719255,"[-0.039834694633204396, 0.03039914698838913, 0.007772836468863753, 0.00015271707851808518, -0.0023776377219608363]",[],"[-0.007326992201658377, -0.039834694633204396, 0.03039914698838913, 0.007772836468863753, 0.00015271707851808518, -0.0023776377219608363, 0.05965219857868712]",True,3.2016824155258,inf,innovations_mle_gls,1,"[{""method"": ""innovations_mle_gls"", ""converged"": true, ""message"": ""CONVERGENCE: RELATIVE REDUCTION OF F <= FACTR*EPSMCH"", ""iterations"": 1, ""gls_iterations"": 2, ""gradient_per_observation"": 2.053962741132338e-08, ""warning"": """"}]",eligible,32.66806950244118,False,60min
1,5,2214,8,annual_trading_time,c,-20.63992515101927,57.27985030203854,102.9002992081872,-0.0073269102752998,0.0596516622087101,0.2442368977216795,[-0.04383720055848583],"[0.004012600161149759, 0.03047030524201232, 0.006538371293298345, 0.00043109828276579893, -0.0035931706367202153]","[-0.007326910275299866, -0.04383720055848583, 0.004012600161149759, 0.03047030524201232, 0.006538371293298345, 0.00043109828276579893, -0.0035931706367202153, 0.059651662208710175]",True,22.8116756375864,2.8607700134785445,innovations_mle_gls,1,"[{""method"": ""innovations_mle_gls"", ""converged"": true, ""message"": ""CONVERGENCE: RELATIVE REDUCTION OF F <= FACTR*EPSMCH"", ""iterations"": 1, ""gls_iterations"": 2, ""gradient_per_observation"": 5.751095646269696e-07, ""warning"": """"}]",eligible,40.34946493747203,False,60min
2,4,2214,8,annual_trading_time,c,-20.493165235716788,56.986330471433575,102.60677937758224,-0.0073288296665396,0.0596357955347845,0.244204413422003,"[0.004795020458350258, -0.9992255724757682]","[-0.04479668667694812, 1.0317618516850622, -0.03960968205402083, 0.032044749870733844]","[-0.00732882966653969, 0.004795020458350258, -0.9992255724757682, -0.04479668667694812, 1.0317618516850622, -0.03960968205402083, 0.032044749870733844, 0.05963579553478456]",True,1.0003874388091027,1.0002550359531728,innovations_mle_gls,1,"[{""method"": ""innovations_mle_gls"", ""converged"": true, ""message"": ""CONVERGENCE: RELATIVE REDUCTION OF F <= FACTR*EPSMCH"", ""iterations"": 1, ""gls_iterations"": 2, ""gradient_per_observation"": 3.625244238118228e-05, ""warning"": """"}]",eligible,40.05594510686706,False,60min
3,3,2214,8,annual_trading_time,c,-14.551229393019184,45.10245878603837,90.72290769218702,-0.007333331088895,0.0592098156568427,0.2433306714264412,"[-0.7014285482602451, -0.718957036247141, -0.9559391817282911]","[0.6893431503374897, 0.7343539033802661, 0.9643113729322333]","[-0.007333331088895017, -0.7014285482602451, -0.718957036247141, -0.9559391817282911, 0.6893431503374897, 0.7343539033802661, 0.9643113729322333, 0.0592098156568427]",True,1.0087161594064482,1.0001118626210057,innovations_mle_gls,1,"[{""method"": ""innovations_mle_gls"", ""converged"": true, ""message"": ""CONVERGENCE: RELATIVE REDUCTION OF F <= FACTR*EPSMCH"", ""iterations"": 1, ""gls_iterations"": 4, ""gradient_per_observation"": 1.2529172797046457e-06, ""warning"": """"}]",eligible,28.172073421471858,False,60min
4,2,2214,8,annual_trading_time,c,-19.83999953977218,55.67999907954436,101.300447985693,-0.0076310502984136,0.0596080145057103,0.2441475261101581,"[0.21093188429251758, 0.7543155053513297, 0.031631571285198445, -0.023226323284770856]","[-0.2514994987195728, -0.71438672956876]","[-0.007631050298413679, 0.21093188429251758, 0.7543155053513297, 0.031631571285198445, -0.023226323284770856, -0.2514994987195728, -0.71438672956876, 0.05960801450571036]",True,1.0152091672014036,1.0201302314137517,innovations_mle_gls,1,"[{""method"": ""innovations_mle_gls"", ""converged"": true, ""message"": ""CONVERGENCE: RELATIVE REDUCTION OF F <= FACTR*EPSMCH"", ""iterations"": 1, ""gls_iterations"": 4, ""gradient_per_observation"": 1.4377739275299212e-07, ""warning"": """"}]",eligible,38.74961371497785,False,60min
5,1,2214,8,annual_trading_time,c,-20.65047048534325,57.3009409706865,102.92138987683516,-0.0073269825830955,0.0596521872039224,0.2442379724856937,"[-0.0254360468483883, 0.03097252781578289, 0.007335746908334656, 4.167565767744293e-05, -0.0023874736338355745]",[-0.014398708460906129],"[-0.0073269825830955156, -0.0254360468483883, 0.03097252781578289, 0.007335746908334656, 4.167565767744293e-05, -0.0023874736338355745, -0.014398708460906129, 0.05965218720392249]",True,3.228467619299738,69.45067349027141,innovations_mle_gls,1,"[{""method"": ""innovations_mle_gls"", ""converged"": true, ""message"": ""CONVERGENCE: RELATIVE REDUCTION OF F <= FACTR*EPSMCH"", ""iterations"": 1, ""gls_iterations"": 2, ""gradient_per_observation"": 2.4647552889446e-07, ""warning"": """"}]",eligible,40.37055560611999,False,60min
2,5,2214,9,annual_trading_time,c,-20.139933480502805,58.27986696100561,109.60287198042283,-0.0073309223947981,0.0596245676610953,0.2441814236609643,"[-0.32165216952711945, -0.7923879882809909]","[0.2819097997298195, 0.8121800336664392, -0.016368176770730207, 0.02749813091257765, -0.009126807061520638]","[-0.007330922394798164, -0.32165216952711945, -0.7923879882809909, 0.2819097997298195, 0.8121800336664392, -0.016368176770730207, 0.02749813091257765, -0.009126807061520638, 0.059624567661095335]",True,1.1233913053087237,1.1331255789671082,innovations_mle_gls,1,"[{""method"": ""innovations_mle_gls"", ""converged"": true, ""message"": ""CONVERGENCE: RELATIVE REDUCTION OF F <= FACTR*EPSMCH"", ""iterations"": 1, ""gls_iterations"": 2, ""gradient_per_observation"": 2.4236760358106196e-06, ""warning"": """"}]",eligible,47.05203770970768,False,60min
3,4,2214,9,annual_trading_time,c,-20.15120488980301,58.30240977960602,109.62541479902326,-0.0073305697418655,0.0596251825857785,0.2441826828130499,"[-0.5121196628739773, -0.8934621285332834, -0.1741334126029057]","[0.47237874170087896, 0.9058070177464714, 0.16131086722039933, 0.026016057764486754]","[-0.007330569741865513, -0.5121196628739773, -0.8934621285332834, -0.1741334126029057, 0.47237874170087896, 0.9058070177464714, 0.16131086722039933, 0.026016057764486754, 0.059625182585778536]",True,1.0976185453999685,1.1037051965688829,innovations_mle_gls,1,"[{""method"": ""innovations_mle_gls"", ""converged"": true, ""message"": ""CONVERGENCE: RELATIVE REDUCTION OF F <= FACTR*EPSMCH"", ""iterations"": 1, ""gls_iterations"": 2, ""gradient_per_observation"": 2.6701515648761063e-07, ""warning"": """"}]",eligible,47.0745805283081,False,60min
4,3,2214,9,annual_trading_time,c,-12.674035511671264,43.34807102334253,94.67107604275976,-0.0073360528379017,0.0590924026617392,0.243089289483801,"[-0.7613783530782048, -0.7362807310013872, -1.0067715087492906, -0.034650716050656595]","[0.7213362512804454, 0.7255178435581107, 0.9966973059612089]","[-0.007336052837901701, -0.7613783530782048, -0.7362807310013872, -1.0067715087492906, -0.034650716050656595, 0.7213362512804454, 0.7255178435581107, 0.9966973059612089, 0.05909240266173923]",True,1.0012799564884023,1.0000067321201127,innovations_mle_gls,1,"[{""method"": ""innovations_mle_gls"", ""converged"": true, ""message"": ""CONVERGENCE: RELATIVE REDUCTION OF F <= FACTR*EPSMCH"", ""iterations"": 1, ""gls_iterations"": 3, ""gradient_per_observation"": 1.8259728778268143e-05, ""warning"": """"}]",eligible,32.1202417720446,False,60min
5,2,2214,9,annual_trading_time,c,-20.15511656144963,58.31023312289926,109.6332381423165,-0.007330598355982,0.0596253639382731,0.2441830541587051,"[-0.323670248898622, -0.7969910494627852, -0.015803552220423723, 0.02746122370729301, -0.005692033357389994]","[0.28390238223469144, 0.8165149846708576]","[-0.007330598355982062, -0.323670248898622, -0.7969910494627852, -0.015803552220423723, 0.02746122370729301, -0.005692033357389994, 0.28390238223469144, 0.8165149846708576, 0.059625363938273106]",True,1.100547340841664,1.1066694476667842,innovations_mle_gls,1,"[{""method"": ""innovations_mle_gls"", ""converged"": true, ""message"": ""CONVERGENCE: RELATIVE REDUCTION OF F <= FACTR*EPSMCH"", ""iterations"": 1, ""gls_iterations"": 2, ""gradient_per_observation"": 6.161888192431818e-07, ""warning"": """"}]",eligible,47.082403871601336,False,60min
3,5,2214,10,annual_trading_time,c,-15.811291484893443,51.62258296978689,108.64814410247271,-0.0076417183831134,0.059292656750805,0.2435008352158263,"[0.35125609298927685, -0.3692027196252961, 0.978442862779438]","[-0.3901797629096216, 0.4188306467814784, -1.0089353535683907, 0.06060575242656763, -0.028992708825819113]","[-0.007641718383113405, 0.35125609298927685, -0.3692027196252961, 0.978442862779438, -0.3901797629096216, 0.4188306467814784, -1.0089353535683907, 0.06060575242656763, -0.028992708825819113, 0.059292656750805015]",True,1.0033263132955614,1.0000423218556789,innovations_mle_gls,1,"[{""method"": ""innovations_mle_gls"", ""converged"": true, ""message"": ""CONVERGENCE: RELATIVE REDUCTION OF F <= FACTR*EPSMCH"", ""iterations"": 1, ""gls_iterations"": 2, ""gradient_per_observation"": 4.220893435246461e-05, ""warning"": """"}]",eligible,46.09730983175755,False,60min
4,4,2214,10,annual_trading_time,c,-17.80297230294582,55.60594460589164,112.63150573857746,-0.0076821532923078,0.0594540810185674,0.2438320754506417,"[0.30530875658672574, -0.4382357727569254, 0.6937330787992938, 0.3931359526892821]","[-0.34742419588470574, 0.477363998711284, -0.7207377219831945, -0.3484247897720775]","[-0.007682153292307867, 0.30530875658672574, -0.4382357727569254, 0.6937330787992938, 0.3931359526892821, -0.34742419588470574, 0.477363998711284, -0.7207377219831945, -0.3484247897720775, 0.05945408101856743]",True,1.0017117795359085,1.0004055840789792,innovations_mle_gls,1,"[{""method"": ""innovations_mle_gls"", ""converged"": true, ""message"": ""CONVERGENCE: RELATIVE REDUCTION OF F <= FACTR*EPSMCH"", ""iterations"": 1, ""gls_iterations"": 3, ""gradient_per_observation"": 2.9761920134657522e-05, ""warning"": """"}]",eligible,50.080671467862295,False,60min
5,3,2214,10,annual_trading_time,c,-17.636203509171082,55.272407018342165,112.297968151028,-0.0076368309464457,0.0594128478606844,0.2437475084194388,"[0.6625998839534573, -0.6672063626408427, 0.9342734482225922, 0.0589667284303795, -0.02369893408947173]","[-0.702678527077449, 0.7281574058780447, -0.979966031123529]","[-0.007636830946445773, 0.6625998839534573, -0.6672063626408427, 0.9342734482225922, 0.0589667284303795, -0.02369893408947173, -0.702678527077449, 0.7281574058780447, -0.979966031123529, 0.059412847860684424]",True,1.0015564690291718,1.0000246986533627,innovations_mle_gls,1,"[{""method"": ""innovations_mle_gls"", ""converged"": true, ""message"": ""CONVERGENCE: RELATIVE REDUCTION OF F <= FACTR*EPSMCH"", ""iterations"": 1, ""gls_iterations"": 3, ""gradient_per_observation"": 1.2529172727495575e-05, ""warning"": """"}]",eligible,49.74713388031282,False,60min
4,5,2214,11,annual_trading_time,c,-11.659284789730007,45.31856957946002,108.04668682541444,-0.0076017319103202,0.0590474468088138,0.2429968041123459,"[0.25632525224886515, 0.002477080557704431, -0.28368125466866095, 0.9643954055824923]","[-0.2959330076414737, 0.03155655674445941, 0.2874368333451821, -0.9847544854776001, 0.03981236510496272]","[-0.0076017319103202745, 0.25632525224886515, 0.002477080557704431, -0.28368125466866095, 0.9643954055824923, -0.2959330076414737, 0.03155655674445941, 0.2874368333451821, -0.9847544854776001, 0.03981236510496272, 0.0590474468088138]",True,1.0012923679172223,1.0000806240659763,innovations_mle_gls,1,"[{""method"": ""innovations_mle_gls"", ""converged"": true, ""message"": ""CONVERGENCE: RELATIVE REDUCTION OF F <= FACTR*EPSMCH"", ""iterations"": 1, ""gls_iterations"": 4, ""gradient_per_observation"": 1.7109509737606066e-05, ""warning"": """"}]",eligible,45.49585255469926,False,60min
5,4,2214,11,annual_trading_time,c,-16.31336225036739,54.62672450073478,117.3548417466892,-0.0075863926420177,0.059344206336466,0.2436066631610597,"[0.3040640536941839, 0.0076433254543036705, -0.3785818704639557, 0.9586532944635489, 0.04652654526829349]","[-0.3445476263557094, 0.019510669836517835, 0.3766266536286704, -0.972105224930065]","[-0.007586392642017795, 0.3040640536941839, 0.0076433254543036705, -0.3785818704639557, 0.9586532944635489, 0.04652654526829349, -0.3445476263557094, 0.019510669836517835, 0.3766266536286704, -0.972105224930065, 0.05934420633646604]",True,1.0012815477655186,1.0001714027018904,innovations_mle_gls,1,"[{""method"": ""innovations_mle_gls"", ""converged"": true, ""message"": ""CONVERGENCE: RELATIVE REDUCTION OF F <= FACTR*EPSMCH"", ""iterations"": 1, ""gls_iterations"": 3, ""gradient_per_observation"": 8.380168034745826e-06, ""warning"": """"}]",eligible,54.804007475974025,False,60min
5,5,2214,12,annual_trading_time,c,-11.462789125407651,46.925578250815306,115.3562516100383,-0.0063433864395001,0.0589849623490586,0.2428681995425887,"[-0.33631052395797645, -0.21207461745646927, 0.23611081046698473, 0.3249437804411862, 0.9803346148791106]","[0.32797951633173605, 0.22753084981288788, -0.2266047853837468, -0.3321493276113613, -0.996706861183399]","[-0.006343386439500101, -0.33631052395797645, -0.21207461745646927, 0.23611081046698473, 0.3249437804411862, 0.9803346148791106, 0.32797951633173605, 0.22753084981288788, -0.2266047853837468, -0.3321493276113613, -0.996706861183399, 0.05898496234905868]",True,1.000676435578394,1.0000002704528932,innovations_mle_gls,1,"[{""method"": ""innovations_mle_gls"", ""converged"": true, ""message"": ""CONVERGENCE: RELATIVE REDUCTION OF F <= FACTR*EPSMCH"", ""iterations"": 1, ""gls_iterations"": 4, ""gradient_per_observation"": 8.400707609819512e-06, ""warning"": """"}]",eligible,52.805417339323135,False,60min
0,0,246,2,annual_trading_time,c,-288.99271677722925,581.9854335544585,588.9960966263233,-0.0654831548846579,0.6136424903635349,0.7833533623873296,[],[],"[-0.06548315488465799, 0.6136424903635349]",True,inf,inf,closed_form_gaussian_ml,1,"[{""method"": ""closed_form_gaussian_ml"", ""converged"": true, ""message"": ""mu=sample_mean; sigma2=sample_variance_ddof0"", ""iterations"": 0}]",eligible,0.0,True,1d
0,1,246,3,annual_trading_time,c,-288.7515845129828,583.5031690259655,594.0191636337626,-0.0653936577944763,0.6124358406830942,0.782582801167451,[],[-0.043913489927096094],"[-0.06539365779447633, -0.043913489927096094, 0.6124358406830942]",True,inf,22.77204571215294,innovations_mle_gls,1,"[{""method"": ""innovations_mle_gls"", ""converged"": true, ""message"": ""CONVERGENCE: RELATIVE REDUCTION OF F <= FACTR*EPSMCH"", ""iterations"": 1, ""gls_iterations"": 2, ""gradient_per_observation"": 4.621416144323863e-08, ""warning"": """"}]",eligible,5.023067007439295,False,1d
1,0,246,3,annual_trading_time,c,-288.749129172665,583.49825834533,594.0142529531271,-0.0653980788296593,0.6124234763350229,0.7825749014215975,[-0.04441988864990192],[],"[-0.06539807882965938, -0.04441988864990192, 0.6124234763350229]",True,22.512438243183396,inf,innovations_mle_gls,1,"[{""method"": ""innovations_mle_gls"", ""converged"": true, ""message"": ""CONVERGENCE: RELATIVE REDUCTION OF F <= FACTR*EPSMCH"", ""iterations"": 1, ""gls_iterations"": 2, ""gradient_per_observation"": 9.242832288647726e-08, ""warning"": """"}]",eligible,5.018156326803819,False,1d
0,2,246,4,annual_trading_time,c,-288.74634861198115,585.4926972239623,599.5140233676917,-0.0654094292776631,0.6124095260263395,0.7825659882887446,[],"[-0.044592203929778425, 0.005738104330286984]","[-0.06540942927766315, -0.044592203929778425, 0.005738104330286984, 0.6124095260263395]",True,inf,13.201272013681406,innovations_mle_gls,1,"[{""method"": ""innovations_mle_gls"", ""converged"": true, ""message"": ""CONVERGENCE: RELATIVE REDUCTION OF F <= FACTR*EPSMCH"", ""iterations"": 1, ""gls_iterations"": 3, ""gradient_per_observation"": 4.621416166771124e-08, ""warning"": """"}]",eligible,10.517926741368456,False,1d
1,1,246,4,annual_trading_time,c,-288.44018649555494,584.8803729911099,598.9016991348393,-0.0653693216174648,0.6108664674945243,0.781579469724304,[-0.790524590069149],[0.7491808644799111],"[-0.06536932161746489, -0.790524590069149, 0.7491808644799111, 0.6108664674945243]",True,1.264982788090789,1.3347911664751475,innovations_mle_gls,1,"[{""method"": ""innovations_mle_gls"", ""converged"": true, ""message"": ""CONVERGENCE: RELATIVE REDUCTION OF F <= FACTR*EPSMCH"", ""iterations"": 1, ""gls_iterations"": 2, ""gradient_per_observation"": 9.24283239126378e-08, ""warning"": """"}]",eligible,9.90560250851604,False,1d
2,0,246,4,annual_trading_time,c,-288.7479711252935,585.495942250587,599.5172683943164,-0.0654061882027887,0.6124177088320715,0.7825712164602474,"[-0.04428690130598886, 0.003065806659531777]",[],"[-0.06540618820278872, -0.04428690130598886, 0.003065806659531777, 0.6124177088320715]",True,12.228403678522223,inf,innovations_mle_gls,1,"[{""method"": ""innovations_mle_gls"", ""converged"": true, ""message"": ""CONVERGENCE: NORM OF PROJECTED GRADIENT <= PGTOL"", ""iterations"": 1, ""gls_iterations"": 3, ""gradient_per_observation"": 0.0, ""warning"": """"}]",eligible,10.52117176799311,False,1d
0,3,246,5,annual_trading_time,c,-288.62861831380826,587.2572366276165,604.7838943072784,-0.0655586801236263,0.6118141992197876,0.7821855273653353,[],"[-0.0533579670412613, 0.006316751377094305, 0.030910070308558007]","[-0.06555868012362633, -0.0533579670412613, 0.006316751377094305, 0.030910070308558007, 0.6118141992197876]",True,inf,3.066684349130324,innovations_mle_gls,1,"[{""method"": ""innovations_mle_gls"", ""converged"": true, ""message"": ""CONVERGENCE: RELATIVE REDUCTION OF F <= FACTR*EPSMCH"", ""iterations"": 1, ""gls_iterations"": 3, ""gradient_per_observation"": 6.932124251359219e-08, ""warning"": """"}]",eligible,15.787797680955125,False,1d
1,2,246,5,annual_trading_time,c,-287.8059503873203,585.6119007746406,603.1385584543025,-0.0679043311108013,0.6076653595852706,0.7795289344118476,[0.8456414803664729],"[-0.9054438842059621, 0.09694384353016194]","[-0.06790433111080132, 0.8456414803664729, -0.9054438842059621, 0.09694384353016194, 0.6076653595852706]",True,1.182534233735357,1.2797940345423022,innovations_mle_gls,1,"[{""method"": ""innovations_mle_gls"", ""converged"": true, ""message"": ""CONVERGENCE: RELATIVE REDUCTION OF F <= FACTR*EPSMCH"", ""iterations"": 1, ""gls_iterations"": 4, ""gradient_per_observation"": 9.242832288647726e-08, ""warning"": """"}]",eligible,14.142461827979218,False,1d
2,1,246,5,annual_trading_time,c,-288.4401803778088,586.8803607556176,604.4070184352795,-0.0653697482185728,0.6108663750401043,0.7815794105784161,"[-0.7900493222537226, 0.00023997637356785857]",[0.7488693877644734],"[-0.06536974821857283, -0.7900493222537226, 0.00023997637356785857, 0.7488693877644734, 0.6108663750401043]",True,1.2652574963344705,1.3353463452220984,innovations_mle_gls,1,"[{""method"": ""innovations_mle_gls"", ""converged"": true, ""message"": ""CONVERGENCE: RELATIVE REDUCTION OF F <= FACTR*EPSMCH"", ""iterations"": 1, ""gls_iterations"": 2, ""gradient_per_observation"": 9.24283239126378e-08, ""warning"": """"}]",eligible,15.410921808956232,False,1d
3,0,246,5,annual_trading_time,c,-288.7110856628699,587.4221713257398,604.9488290054016,-0.0654934401191738,0.6122318505090192,0.7824524589449631,"[-0.04428406902588447, 0.0036928393844651713, 0.01737912209849241]",[],"[-0.06549344011917388, -0.04428406902588447, 0.0036928393844651713, 0.01737912209849241, 0.6122318505090192]",True,3.7894287660711776,inf,innovations_mle_gls,1,"[{""method"": ""innovations_mle_gls"", ""converged"": true, ""message"": ""CONVERGENCE: RELATIVE REDUCTION OF F <= FACTR*EPSMCH"", ""iterations"": 1, ""gls_iterations"": 3, ""gradient_per_observation"": 4.621416167572813e-08, ""warning"": """"}]",eligible,15.952732379078384,False,1d
0,4,246,6,annual_trading_time,c,-285.7379784043975,583.475956808795,604.5079460243892,-0.065902220535483,0.5973573900938728,0.7728889895022912,[],"[-0.03468483098226639, -0.001795108019014037, -0.009423106808283578, 0.16166791359216792]","[-0.06590222053548303, -0.03468483098226639, -0.001795108019014037, -0.009423106808283578, 0.16166791359216792, 0.5973573900938728]",True,inf,1.5721131331417637,innovations_mle_gls,1,"[{""method"": ""innovations_mle_gls"", ""converged"": true, ""message"": ""CONVERGENCE: RELATIVE REDUCTION OF F <= FACTR*EPSMCH"", ""iterations"": 1, ""gls_iterations"": 3, ""gradient_per_observation"": 4.6214161699778765e-08, ""warning"": """"}]",eligible,15.51184939806592,False,1d
1,3,246,6,annual_trading_time,c,-287.3134338969579,586.6268677939158,607.65885700951,-0.0672734203452674,0.6051887963748283,0.7779388127448252,[0.7955488159808562],"[-0.85583290404431, 0.05038254339560891, 0.06189506079996154]","[-0.06727342034526747, 0.7955488159808562, -0.85583290404431, 0.05038254339560891, 0.06189506079996154, 0.6051887963748283]",True,1.2569938888879744,1.6673331630406492,innovations_mle_gls,1,"[{""method"": ""innovations_mle_gls"", ""converged"": true, ""message"": ""CONVERGENCE: RELATIVE REDUCTION OF F <= FACTR*EPSMCH"", ""iterations"": 1, ""gls_iterations"": 3, ""gradient_per_observation"": 4.62141619563189e-08, ""warning"": """"}]",eligible,18.662760383186765,False,1d
2,2,246,6,annual_trading_time,c,-286.3617954255368,584.7235908510736,605.7555800666678,-0.0665421969337804,0.5984677549373995,0.7736069770480353,"[0.14054560679228462, -0.9452545416023236]","[-0.18451161901410887, 0.9775418247197657]","[-0.06654219693378044, 0.14054560679228462, -0.9452545416023236, -0.18451161901410887, 0.9775418247197657, 0.5984677549373995]",True,1.02855048585249,1.011421837005685,innovations_mle_gls,1,"[{""method"": ""innovations_mle_gls"", ""converged"": true, ""message"": ""CONVERGENCE: RELATIVE REDUCTION OF F <= FACTR*EPSMCH"", ""iterations"": 1, ""gls_iterations"": 3, ""gradient_per_observation"": 2.2644939232891594e-06, ""warning"": """"}]",eligible,16.759483440344525,False,1d
3,1,246,6,annual_trading_time,c,-287.48061122264755,586.9612224452951,607.9932116608893,-0.0677620062676962,0.6060342912432005,0.778482042980569,"[0.6856604734507036, 0.038539257064218235, 0.06634822945169126]",[-0.7377519049658082],"[-0.06776200626769628, 0.6856604734507036, 0.038539257064218235, 0.06634822945169126, -0.7377519049658082, 0.6060342912432005]",True,1.2066201386228883,1.355469221114849,innovations_mle_gls,1,"[{""method"": ""innovations_mle_gls"", ""converged"": true, ""message"": ""CONVERGENCE: RELATIVE REDUCTION OF F <= FACTR*EPSMCH"", ""iterations"": 1, ""gls_iterations"": 4, ""gradient_per_observation"": 1.3864248432971593e-07, ""warning"": """"}]",eligible,18.99711503456604,False,1d
4,0,246,6,annual_trading_time,c,-285.6517097218888,583.3034194437776,604.3354086593718,-0.0663690741465888,0.5969476339278049,0.7726238631622796,"[-0.04736054502491425, 0.004558013498615835, 0.02143081835047178, 0.15768618075114682]",[],"[-0.0663690741465888, -0.04736054502491425, 0.004558013498615835, 0.02143081835047178, 0.15768618075114682, 0.5969476339278049]",True,1.5785523077207766,inf,innovations_mle_gls,1,"[{""method"": ""innovations_mle_gls"", ""converged"": true, ""message"": ""CONVERGENCE: RELATIVE REDUCTION OF F <= FACTR*EPSMCH"", ""iterations"": 1, ""gls_iterations"": 3, ""gradient_per_observation"": 4.621416167572813e-08, ""warning"": """"}]",eligible,15.339312033048486,False,1d
0,5,246,7,annual_trading_time,c,-285.5431861934012,585.0863723868024,609.6236931383289,-0.0661144391400063,0.5963808386959774,0.7722569771105842,[],"[-0.03868607692143802, 0.005518747278534275, -0.012002436638298234, 0.1666577791032132, -0.040208163735362186]","[-0.06611443914000638, -0.03868607692143802, 0.005518747278534275, -0.012002436638298234, 0.1666577791032132, -0.040208163735362186, 0.5963808386959774]",True,inf,1.478103465964059,innovations_mle_gls,1,"[{""method"": ""innovations_mle_gls"", ""converged"": true, ""message"": ""CONVERGENCE: RELATIVE REDUCTION OF F <= FACTR*EPSMCH"", ""iterations"": 1, ""gls_iterations"": 3, ""gradient_per_observation"": 2.3107080721619315e-07, ""warning"": """"}]",eligible,20.627596512005653,False,1d
1,4,246,7,annual_trading_time,c,-285.5436420966247,585.0872841932494,609.6246049447759,-0.0660704282260677,0.5963859415581462,0.7722602809662984,[-0.21156242685214457],"[0.17180868022710774, -0.002395006268928265, -0.01106773599826628, 0.16426693457589206]","[-0.06607042822606773, -0.21156242685214457, 0.17180868022710774, -0.002395006268928265, -0.01106773599826628, 0.16426693457589206, 0.5963859415581462]",True,4.726737232499577,1.486753077598694,innovations_mle_gls,1,"[{""method"": ""innovations_mle_gls"", ""converged"": true, ""message"": ""CONVERGENCE: RELATIVE REDUCTION OF F <= FACTR*EPSMCH"", ""iterations"": 1, ""gls_iterations"": 3, ""gradient_per_observation"": 2.772849701986726e-07, ""warning"": """"}]",eligible,20.62850831845265,False,1d
2,3,246,7,annual_trading_time,c,-283.8630479375536,581.7260958751071,606.2634166266337,-0.0654637657020791,0.5796253282722607,0.7613312868076949,"[1.8237160499720635, -0.9189592574141635]","[-1.919966174385734, 1.0643229483831549, -0.03493973070170221]","[-0.06546376570207912, 1.8237160499720635, -0.9189592574141635, -1.919966174385734, 1.0643229483831549, -0.03493973070170221, 0.5796253282722607]",True,1.0431622717043323,1.0008239852241143,innovations_mle_gls,1,"[{""method"": ""innovations_mle_gls"", ""converged"": true, ""message"": ""CONVERGENCE: RELATIVE REDUCTION OF F <= FACTR*EPSMCH"", ""iterations"": 5, ""gls_iterations"": 6, ""gradient_per_observation"": 7.671550884748937e-06, ""warning"": """"}]",eligible,17.267320000310406,False,1d
3,2,246,7,annual_trading_time,c,-283.8616071331792,581.7232142663584,606.2605350178849,-0.0654682120249716,0.579256548482947,0.7610890542393492,"[1.7888455969914858, -0.8556708747576027, -0.03178777216393238]","[-1.8855848103909483, 0.9990345134595552]","[-0.06546821202497163, 1.7888455969914858, -0.8556708747576027, -0.03178777216393238, -1.8855848103909483, 0.9990345134595552, 0.579256548482947]",True,1.0432756945727943,1.000483093113305,innovations_mle_gls,1,"[{""method"": ""innovations_mle_gls"", ""converged"": true, ""message"": ""CONVERGENCE: RELATIVE REDUCTION OF F <= FACTR*EPSMCH"", ""iterations"": 1, ""gls_iterations"": 12, ""gradient_per_observation"": 4.297917061937658e-06, ""warning"": """"}]",eligible,17.26443839156161,False,1d
4,1,246,7,annual_trading_time,c,-285.55244831877906,585.1048966375581,609.6422173890846,-0.0664219001448998,0.5964547343703389,0.772304819595436,"[-0.21148729807336927, -0.0027061720382019782, 0.02219221833553711, 0.1607685748706033]",[0.16855752730348972],"[-0.06642190014489988, -0.21148729807336927, -0.0027061720382019782, 0.02219221833553711, 0.1607685748706033, 0.16855752730348972, 0.5964547343703389]",True,1.4769690656356094,5.932692630210983,innovations_mle_gls,1,"[{""method"": ""innovations_mle_gls"", ""converged"": true, ""message"": ""CONVERGENCE: RELATIVE REDUCTION OF F <= FACTR*EPSMCH"", ""iterations"": 1, ""gls_iterations"": 4, ""gradient_per_observation"": 1.1553540360809657e-07, ""warning"": """"}]",eligible,20.64612076276137,False,1d
5,0,246,7,annual_trading_time,c,-285.5615707953866,585.1231415907732,609.6604623422998,-0.0664300350116946,0.5964998190205564,0.7723340074220197,"[-0.04294086246720585, 0.00530064311464809, 0.02139809556936217, 0.1568626974478447, -0.027338421216194862]",[],"[-0.06643003501169469, -0.04294086246720585, 0.00530064311464809, 0.02139809556936217, 0.1568626974478447, -0.027338421216194862, 0.5964998190205564]",True,1.497851988623177,inf,innovations_mle_gls,1,"[{""method"": ""innovations_mle_gls"", ""converged"": true, ""message"": ""CONVERGENCE: NORM OF PROJECTED GRADIENT <= PGTOL"", ""iterations"": 1, ""gls_iterations"": 3, ""gradient_per_observation"": 2.3107080849889383e-08, ""warning"": """"}]",eligible,20.664365715976487,False,1d
1,5,246,8,annual_trading_time,c,-285.5279692877891,587.0559385755782,615.0985908630371,-0.0661151416083802,0.5963048688576601,0.7722077886538442,[-0.11211703484230058],"[0.07224031966861101, 0.002301872627431743, -0.011693579578685243, 0.1653665363226811, -0.023311236361637094]","[-0.06611514160838027, -0.11211703484230058, 0.07224031966861101, 0.002301872627431743, -0.011693579578685243, 0.1653665363226811, -0.023311236361637094, 0.5963048688576601]",True,8.9192512217841,1.471450409890074,innovations_mle_gls,1,"[{""method"": ""innovations_mle_gls"", ""converged"": true, ""message"": ""CONVERGENCE: RELATIVE REDUCTION OF F <= FACTR*EPSMCH"", ""iterations"": 1, ""gls_iterations"": 3, ""gradient_per_observation"": 1.3864248432971593e-07, ""warning"": """"}]",eligible,26.102494236713824,False,1d
2,4,246,8,annual_trading_time,c,-285.16341469965107,586.3268293993021,614.369481686761,-0.0665675646657726,0.5944543722932917,0.7710086719961661,"[-0.6181323315592474, -0.3905203777565147]","[0.5802495822617254, 0.3757901483370267, -0.02053806392290973, 0.1502940034203657]","[-0.06656756466577264, -0.6181323315592474, -0.3905203777565147, 0.5802495822617254, 0.3757901483370267, -0.02053806392290973, 0.1502940034203657, 0.5944543722932917]",True,1.6002143094049577,1.2847520301688724,innovations_mle_gls,1,"[{""method"": ""innovations_mle_gls"", ""converged"": true, ""message"": ""CONVERGENCE: RELATIVE REDUCTION OF F <= FACTR*EPSMCH"", ""iterations"": 1, ""gls_iterations"": 4, ""gradient_per_observation"": 1.8485664577295452e-07, ""warning"": """"}]",eligible,25.373385060437727,False,1d
3,3,246,8,annual_trading_time,c,-283.8331378178475,583.666275635695,611.7089279231539,-0.0657767246214744,0.5772100377899775,0.7597434025972042,"[0.8226798315249286, 0.8904338551750259, -0.9050526559916297]","[-0.8863545069563171, -0.8850569846253741, 0.9995482250567734]","[-0.06577672462147449, 0.8226798315249286, 0.8904338551750259, -0.9050526559916297, -0.8863545069563171, -0.8850569846253741, 0.9995482250567734, 0.5772100377899775]",True,1.0073497547117771,1.0000008053517078,innovations_mle_gls,1,"[{""method"": ""innovations_mle_gls"", ""converged"": true, ""message"": ""CONVERGENCE: RELATIVE REDUCTION OF F <= FACTR*EPSMCH"", ""iterations"": 1, ""gls_iterations"": 3, ""gradient_per_observation"": 8.318548413301879e-07, ""warning"": """"}]",eligible,22.712831296830583,False,1d
4,2,246,8,annual_trading_time,c,-285.1810139320587,586.3620278641174,614.4046801515763,-0.0669168718958753,0.5945696706449306,0.7710834394829983,"[-0.5929664039290558, -0.4917746750458522, -0.005870312999211397, 0.14546107328845215]","[0.5590351123255881, 0.487149033771885]","[-0.06691687189587531, -0.5929664039290558, -0.4917746750458522, -0.005870312999211397, 0.14546107328845215, 0.5590351123255881, 0.487149033771885, 0.5945696706449306]",True,1.242896405959267,1.4327455797178426,innovations_mle_gls,1,"[{""method"": ""innovations_mle_gls"", ""converged"": true, ""message"": ""CONVERGENCE: RELATIVE REDUCTION OF F <= FACTR*EPSMCH"", ""iterations"": 1, ""gls_iterations"": 3, ""gradient_per_observation"": 5.083557786975664e-07, ""warning"": """"}]",eligible,25.408583525252997,False,1d
5,1,246,8,annual_trading_time,c,-285.5503090675513,587.1006181351026,615.1432704225615,-0.0664292217913526,0.596443996871604,0.7722978679703861,"[-0.16400211904402523, -0.00041050288422956206, 0.0219609779382988, 0.15940896383363695, -0.009658491498665616]",[0.12140075993787385],"[-0.06642922179135263, -0.16400211904402523, -0.00041050288422956206, 0.0219609779382988, 0.15940896383363695, -0.009658491498665616, 0.12140075993787385, 0.596443996871604]",True,1.4782557272112302,8.237180726971927,innovations_mle_gls,1,"[{""method"": ""innovations_mle_gls"", ""converged"": true, ""message"": ""CONVERGENCE: RELATIVE REDUCTION OF F <= FACTR*EPSMCH"", ""iterations"": 1, ""gls_iterations"": 4, ""gradient_per_observation"": 1.6174956594922569e-07, ""warning"": """"}]",eligible,26.147173796238235,False,1d
2,5,246,9,annual_trading_time,c,-283.77562641972554,585.5512528394511,617.0992366628424,-0.0662817484634263,0.5869777152116508,0.7661447090541387,"[-1.3769132294166964, -0.7609010543309299]","[1.3450592657548828, 0.7234955331372086, -0.021770511745377794, 0.13706698666511521, 0.11171002894674335]","[-0.06628174846342634, -1.3769132294166964, -0.7609010543309299, 1.3450592657548828, 0.7234955331372086, -0.021770511745377794, 0.13706698666511521, 0.11171002894674335, 0.5869777152116508]",True,1.1463992864237234,1.055543775680926,innovations_mle_gls,1,"[{""method"": ""innovations_mle_gls"", ""converged"": true, ""message"": ""CONVERGENCE: RELATIVE REDUCTION OF F <= FACTR*EPSMCH"", ""iterations"": 2, ""gls_iterations"": 4, ""gradient_per_observation"": 3.0039205271607285e-07, ""warning"": """"}]",eligible,28.103140036519108,False,1d
3,4,246,9,annual_trading_time,c,-283.6077430310464,585.2154860620929,616.7634698854841,-0.0681165217437672,0.5863284005935053,0.765720837246516,"[-0.43876453196613896, 0.28491801402358147, 0.5993473494333417]","[0.39857134079253237, -0.27553853880954865, -0.5927769158134633, 0.17890182935441096]","[-0.06811652174376724, -0.43876453196613896, 0.28491801402358147, 0.5993473494333417, 0.39857134079253237, -0.27553853880954865, -0.5927769158134633, 0.17890182935441096, 0.5863284005935053]",True,1.165747643308669,1.0626818487103982,innovations_mle_gls,1,"[{""method"": ""innovations_mle_gls"", ""converged"": true, ""message"": ""CONVERGENCE: RELATIVE REDUCTION OF F <= FACTR*EPSMCH"", ""iterations"": 1, ""gls_iterations"": 4, ""gradient_per_observation"": 2.0796372764900446e-07, ""warning"": """"}]",eligible,27.76737325916088,False,1d
4,3,246,9,annual_trading_time,c,-284.08445468973,586.16890937946,617.7168932028513,-0.0685990415693347,0.5886842508833465,0.767257617025303,"[-0.6106669637722674, 0.22836675087136285, 0.7070429552871659, 0.13830159313736504]","[0.5867035349707839, -0.20347843645957575, -0.7034085798303353]","[-0.06859904156933479, -0.6106669637722674, 0.22836675087136285, 0.7070429552871659, 0.13830159313736504, 0.5867035349707839, -0.20347843645957575, -0.7034085798303353, 0.5886842508833465]",True,1.155011893298908,1.0610423614467857,innovations_mle_gls,1,"[{""method"": ""innovations_mle_gls"", ""converged"": true, ""message"": ""CONVERGENCE: RELATIVE REDUCTION OF F <= FACTR*EPSMCH"", ""iterations"": 1, ""gls_iterations"": 5, ""gradient_per_observation"": 2.3107080849889384e-07, ""warning"": """"}]",eligible,28.720796576528077,False,1d
5,2,246,9,annual_trading_time,c,-285.3722518410125,588.744503682025,620.2924875054163,-0.0675050888911661,0.595561769375604,0.7717264861177203,"[0.40318313353519664, 0.21505290512297273, 0.027803037235581137, 0.15059297038689726, -0.08293546369518723]","[-0.4496928230468552, -0.19414822433270112]","[-0.0675050888911661, 0.40318313353519664, 0.21505290512297273, 0.027803037235581137, 0.15059297038689726, -0.08293546369518723, -0.4496928230468552, -0.19414822433270112, 0.595561769375604]",True,1.2428213278871505,1.3898111881030846,innovations_mle_gls,1,"[{""method"": ""innovations_mle_gls"", ""converged"": true, ""message"": ""CONVERGENCE: RELATIVE REDUCTION OF F <= FACTR*EPSMCH"", ""iterations"": 1, ""gls_iterations"": 5, ""gradient_per_observation"": 4.621416144323863e-08, ""warning"": """"}]",eligible,31.296390879093,False,1d
3,5,246,10,annual_trading_time,c,-282.989740453722,585.979480907444,621.0327962667676,-0.0669842315797787,0.5829648526563269,0.7635213504914757,"[-0.6988781401335655, 0.24452299210956557, 0.6276264423577158]","[0.6692678657767541, -0.26317388083944876, -0.6346197441251051, 0.1714744180111068, 0.10517470392595277]","[-0.06698423157977879, -0.6988781401335655, 0.24452299210956557, 0.6276264423577158, 0.6692678657767541, -0.26317388083944876, -0.6346197441251051, 0.1714744180111068, 0.10517470392595277, 0.5829648526563269]",True,1.0919849531597106,1.0363430490405183,innovations_mle_gls,1,"[{""method"": ""innovations_mle_gls"", ""converged"": true, ""message"": ""CONVERGENCE: RELATIVE REDUCTION OF F <= FACTR*EPSMCH"", ""iterations"": 1, ""gls_iterations"": 3, ""gradient_per_observation"": 4.159274576068701e-07, ""warning"": """"}]",eligible,32.03669964044434,False,1d
4,4,246,10,annual_trading_time,c,-283.2653353203998,586.5306706407996,621.5839860001232,-0.0667348186129445,0.5843378837864462,0.7644199655859639,"[-0.1215354043835839, 0.5755326077805574, 0.46793611793594414, -0.36156962331211673]","[0.08667974210904056, -0.5607883444727166, -0.4804650708588146, 0.5173486121615566]","[-0.06673481861294454, -0.1215354043835839, 0.5755326077805574, 0.46793611793594414, -0.36156962331211673, 0.08667974210904056, -0.5607883444727166, -0.4804650708588146, 0.5173486121615566, 0.5843378837864462]",True,1.0947737758069611,1.0345702976598126,innovations_mle_gls,1,"[{""method"": ""innovations_mle_gls"", ""converged"": true, ""message"": ""CONVERGENCE: RELATIVE REDUCTION OF F <= FACTR*EPSMCH"", ""iterations"": 1, ""gls_iterations"": 3, ""gradient_per_observation"": 2.495564731788053e-06, ""warning"": """"}]",eligible,32.58788937379995,False,1d
5,3,246,10,annual_trading_time,c,-282.87067126976547,585.7413425395309,620.7946578988546,-0.0676787388732779,0.5824286069423066,0.76317010354331,"[-0.8465574833893121, 0.017373926377033097, 0.6029721678204889, 0.18592680201444245, 0.12123781594120227]","[0.8173884260551054, -0.042972162665478875, -0.603401479636945]","[-0.0676787388732779, -0.8465574833893121, 0.017373926377033097, 0.6029721678204889, 0.18592680201444245, 0.12123781594120227, 0.8173884260551054, -0.042972162665478875, -0.603401479636945, 0.5824286069423066]",True,1.0975132882108776,1.041830228285891,innovations_mle_gls,1,"[{""method"": ""innovations_mle_gls"", ""converged"": true, ""message"": ""CONVERGENCE: RELATIVE REDUCTION OF F <= FACTR*EPSMCH"", ""iterations"": 1, ""gls_iterations"": 4, ""gradient_per_observation"": 2.5417788793781246e-07, ""warning"": """"}]",eligible,31.798561272531288,False,1d
4,5,246,11,annual_trading_time,c,-282.9849368780325,587.969873756065,626.528520651321,-0.0670989587839916,0.5829602554981465,0.7635183399880755,"[-0.7479843019297479, 0.21699804684070925, 0.6468931491817786, 0.03907088306050146]","[0.7177797997940886, -0.23723873301276668, -0.6521390926570905, 0.1341170565622363, 0.11084433392056757]","[-0.0670989587839916, -0.7479843019297479, 0.21699804684070925, 0.6468931491817786, 0.03907088306050146, 0.7177797997940886, -0.23723873301276668, -0.6521390926570905, 0.1341170565622363, 0.11084433392056757, 0.5829602554981465]",True,1.0955475858691544,1.0378000571029704,innovations_mle_gls,1,"[{""method"": ""innovations_mle_gls"", ""converged"": true, ""message"": ""CONVERGENCE: RELATIVE REDUCTION OF F <= FACTR*EPSMCH"", ""iterations"": 1, ""gls_iterations"": 7, ""gradient_per_observation"": 4.621416144323863e-07, ""warning"": """"}]",eligible,37.53242402499768,False,1d
5,4,246,11,annual_trading_time,c,-282.8640383463133,587.7280766926267,626.2867235878826,-0.0675211706031602,0.5823801455982991,0.7631383528550371,"[-0.8009401565911808, 0.04395946413807761, 0.5822451004358798, 0.14394864761262768, 0.11675924841924938]","[0.7713419642309908, -0.06885921950643364, -0.5834032316740809, 0.042447111887218156]","[-0.0675211706031602, -0.8009401565911808, 0.04395946413807761, 0.5822451004358798, 0.14394864761262768, 0.11675924841924938, 0.7713419642309908, -0.06885921950643364, -0.5834032316740809, 0.042447111887218156, 0.5823801455982991]",True,1.0941614846957106,1.0400128640704618,innovations_mle_gls,1,"[{""method"": ""innovations_mle_gls"", ""converged"": true, ""message"": ""CONVERGENCE: RELATIVE REDUCTION OF F <= FACTR*EPSMCH"", ""iterations"": 1, ""gls_iterations"": 12, ""gradient_per_observation"": 1.4326390206458856e-06, ""warning"": """"}]",eligible,37.29062696155938,False,1d
5,5,246,12,annual_trading_time,c,-279.9845310504992,583.9690621009984,626.0330405321868,-0.0663046190531916,0.5515806383333457,0.7426847503034822,"[0.30148217537805005, 0.32740421862916214, 0.38506562949603396, 0.4135997377332945, -0.9087630407262658]","[-0.3527824092546511, -0.36008808713043694, -0.35921013297022847, -0.3502121284042695, 0.9981307332292554]","[-0.06630461905319165, 0.30148217537805005, 0.32740421862916214, 0.38506562949603396, 0.4135997377332945, -0.9087630407262658, -0.3527824092546511, -0.36008808713043694, -0.35921013297022847, -0.3502121284042695, 0.9981307332292554, 0.5515806383333457]",True,1.0004582637573922,1.000000596675073,statespace_retry,2,"[{""method"": ""innovations_mle_gls"", ""converged"": false, ""message"": ""CONVERGENCE: RELATIVE REDUCTION OF F <= FACTR*EPSMCH"", ""iterations"": 1, ""gls_iterations"": 20, ""gradient_per_observation"": 2.770538993901737e-05, ""warning"": ""Feasible GLS failed to converge in 20 iterations. Consider increasing the maximum number of iterations using the `max_iter` argument or reducing the required tolerance using the `tolerance` argument.""}, {""method"": ""statespace_retry"", ""converged"": true, ""message"": ""0"", ""iterations"": 2, ""warning"": """"}]",eligible,37.036943905863495,False,1d
